pop	chromosome	window_pos_1	window_pos_2	avg_pi	no_sites	count_diffs	count_comparisons	count_missing
AL	NC_063213.1	1	100000	0.0003198739109192	70072	82843	258986423	964754
AL	NC_063213.1	100001	200000	0.0002328646453028	84714	75060	322333173	1052918
AL	NC_063213.1	200001	300000	0.0004359137861707	79469	131016	300554844	1007228
AL	NC_063213.1	300001	400000	0.0005738313316713	44804	77600	135231375	999794
AL	NC_063213.1	400001	500000	0.0008604428726495	36984	89706	104255614	919972
AL	NC_063213.1	500001	600000	0.0004811482128425	69578	122061	253686903	999930
AL	NC_063213.1	600001	700000	0.0002662271117457	70906	71200	267440831	911522
AL	NC_063213.1	700001	800000	0.0006597765251465	68764	180164	273068218	727460
AL	NC_063213.1	800001	900000	0.0006797597378513	73853	196719	289394898	818216
AL	NC_063213.1	900001	1000000	0.0005200908590165	58445	99222	190778204	1122340
AL	NC_063213.1	1000001	1100000	0.0006707927333566	67436	173201	258203453	821886
AL	NC_063213.1	1100001	1200000	0.0007881696293731	61951	172656	219059443	975382
AL	NC_063213.1	1200001	1300000	0.0006487514758737	64711	160244	247003677	792050
AL	NC_063213.1	1300001	1400000	0.0004864271879856	71408	133473	274394613	851262
AL	NC_063213.1	1400001	1500000	0.0004333811787463	48111	79440	183302838	596496
AL	NC_063213.1	1500001	1600000	0.0008840541048433	51644	175319	198312523	627722
AL	NC_063213.1	1600001	1700000	0.0004647284345669	71962	119489	257115750	1085548
AL	NC_063213.1	1700001	1800000	0.0007063668967263	72020	177095	250712485	1165174
AL	NC_063213.1	1800001	1900000	0.0010140866265771	74049	259413	255809507	1220950
AL	NC_063213.1	1900001	2000000	0.0004590978628685	79310	127956	278711818	1251268
AL	NC_063213.1	2000001	2100000	0.0003749219667419	72630	106994	285376717	796278
AL	NC_063213.1	2100001	2200000	0.0007031393407719	84238	214548	305128710	1222244
AL	NC_063213.1	2200001	2300000	0.0008887148028475	78697	264182	297262968	1001964
AL	NC_063213.1	2300001	2400000	0.0006601144467003	76574	196424	297560523	878306
AL	NC_063213.1	2400001	2500000	0.0007026833162965	81929	200173	284869436	1329076
AL	NC_063213.1	2500001	2600000	0.0006317165157697	81260	179719	284493116	1298800
AL	NC_063213.1	2600001	2700000	0.0007704428619298	77205	222011	288160240	1024348
AL	NC_063213.1	2700001	2800000	0.000250739353044	73970	65886	262766890	1136972
AL	NC_063213.1	2800001	2900000	2.401702136166632e-05	74867	6199	258108610	1242224
AL	NC_063213.1	2900001	3000000	9.218271078580954e-06	80508	2520	273370134	1387732
AL	NC_063213.1	3000001	3100000	0.0002637402407539	75222	63850	242094266	1456580
AL	NC_063213.1	3100001	3200000	0.0005766741900724	78808	144984	251414061	1553798
AL	NC_063213.1	3200001	3300000	0.000481879201754	77301	117956	244783339	1545006
AL	NC_063213.1	3300001	3400000	0.0008467763095964	77488	215720	254754411	1437986
AL	NC_063213.1	3400001	3500000	0.0005776732722137	75138	137879	238679902	1494836
AL	NC_063213.1	3500001	3600000	0.0007344096647552	80741	187974	255952514	1612952
AL	NC_063213.1	3600001	3700000	0.0004901190840947	80912	129541	264305154	1520356
AL	NC_063213.1	3700001	3800000	0.0003056066295154	79994	81592	266983737	1430966
AL	NC_063213.1	3800001	3900000	0.0003317481022689	80886	90263	272082943	1424234
AL	NC_063213.1	3900001	4000000	0.00061367630242	81513	170376	277631708	1394036
AL	NC_063213.1	4000001	4100000	0.0006065799697016	78756	177097	291959855	1065002
AL	NC_063213.1	4100001	4200000	0.0007557732859305	82434	220873	292247694	1271340
AL	NC_063213.1	4200001	4300000	0.0007329454054347	81451	206792	282138340	1337436
AL	NC_063213.1	4300001	4400000	0.0004497141907005	85003	131587	292601396	1414892
AL	NC_063213.1	4400001	4500000	0.0006465997111883	84692	200119	309494416	1197576
AL	NC_063213.1	4500001	4600000	0.0004758684782139	84907	142829	300143856	1322628
AL	NC_063213.1	4600001	4700000	0.0004697276083717	68102	113459	241542115	1051050
AL	NC_063213.1	4700001	4800000	0.0005993956225919	85758	187623	313020304	1216096
AL	NC_063213.1	4800001	4900000	0.0007873942783136	82391	240640	305615632	1111828
AL	NC_063213.1	4900001	5000000	0.000578744002332	83735	177265	306292591	1180590
AL	NC_063213.1	5000001	5100000	0.0006842150512072	80346	188672	275749561	1356206
AL	NC_063213.1	5100001	5200000	0.0005050624309378	80350	127200	251850053	1643086
AL	NC_063213.1	5200001	5300000	0.0004957317094124	84091	136612	275576481	1571202
AL	NC_063213.1	5300001	5400000	0.0003615708164896	85815	101009	279361595	1621294
AL	NC_063213.1	5400001	5500000	0.0007995868206247	79214	222787	278627654	1249972
AL	NC_063213.1	5500001	5600000	0.0001555418003723	81967	46458	298684983	1170334
AL	NC_063213.1	5600001	5700000	0.0004961308378739	82342	140910	284017822	1365108
AL	NC_063213.1	5700001	5800000	0.0008045806803472	82629	229555	285310107	1366542
AL	NC_063213.1	5800001	5900000	0.0004389427692095	86069	125243	285328769	1565066
AL	NC_063213.1	5900001	6000000	0.0004401603349362	84744	117125	266096217	1722446
AL	NC_063213.1	6000001	6100000	0.0004790919971037	80353	140457	293173338	1144224
AL	NC_063213.1	6100001	6200000	0.0002551435649345	86821	74254	291028308	1543596
AL	NC_063213.1	6200001	6300000	3.281014755212341e-05	78059	9018	274853991	1227302
AL	NC_063213.1	6300001	6400000	0.0003975970528601	84682	108915	273933117	1627046
AL	NC_063213.1	6400001	6500000	0.0006444682925666	85162	190511	295609578	1391084
AL	NC_063213.1	6500001	6600000	0.0005810957312434	82843	155858	268213982	1585280
AL	NC_063213.1	6600001	6700000	0.0002319060608006	83122	67549	291277424	1326880
AL	NC_063213.1	6700001	6800000	0.0006018013607994	77351	159973	265823593	1297898
AL	NC_063213.1	6800001	6900000	0.0004450550657445	83288	118064	265279533	1646670
AL	NC_063213.1	6900001	7000000	0.0007645051748277	84026	202052	264291213	1702894
AL	NC_063213.1	7000001	7100000	0.0005600932706813	84517	154091	275116678	1600904
AL	NC_063213.1	7100001	7200000	0.0004978362693604	81280	135575	272328491	1447466
AL	NC_063213.1	7200001	7300000	0.0003694954782173	84217	99907	270387612	1642452
AL	NC_063213.1	7300001	7400000	0.0004018520227848	81472	106580	265222007	1543578
AL	NC_063213.1	7400001	7500000	2.0689951866997872e-05	83719	5523	266941172	1651148
AL	NC_063213.1	7500001	7600000	1.6660881783674222e-05	83900	4456	267452831	1654050
AL	NC_063213.1	7600001	7700000	0.0003752235155484	81105	105156	280248960	1339596
AL	NC_063213.1	7700001	7800000	0.0009555168505328	82068	276348	289213110	1287628
AL	NC_063213.1	7800001	7900000	0.000509223905436	79891	146225	287152662	1189456
AL	NC_063213.1	7900001	8000000	0.0006538683228845	81668	188016	287544133	1286446
AL	NC_063213.1	8000001	8100000	0.0003625463982982	84487	101874	280995758	1531560
AL	NC_063213.1	8100001	8200000	0.0006728487522525	83465	190671	283378693	1443682
AL	NC_063213.1	8200001	8300000	0.0002692978523606	86190	71695	266229379	1806306
AL	NC_063213.1	8300001	8400000	0.0006199867666173	84793	167497	270162218	1677672
AL	NC_063213.1	8400001	8500000	0.0005514620371387	83755	142080	257642395	1768966
AL	NC_063213.1	8500001	8600000	0.0005739357756427	82320	158385	275962933	1466086
AL	NC_063213.1	8600001	8700000	0.0005491982339993	81521	147559	268680762	1508640
AL	NC_063213.1	8700001	8800000	0.0006185769099728	83296	176851	285899776	1402072
AL	NC_063213.1	8800001	8900000	0.0005173114443953	84757	144178	278706380	1570212
AL	NC_063213.1	8900001	9000000	0.0002662541373235	82332	71753	269490648	1545928
AL	NC_063213.1	9000001	9100000	0.000355704232239	81241	91186	256353430	1637488
AL	NC_063213.1	9100001	9200000	0.0005126290954754	80353	127597	248907058	1676832
AL	NC_063213.1	9200001	9300000	0.000238446924783	82199	58257	244318521	1844570
AL	NC_063213.1	9300001	9400000	0.0004186357927693	81855	104994	250800342	1743504
AL	NC_063213.1	9400001	9500000	0.0005262512406749	81358	130706	248371861	1744382
AL	NC_063213.1	9500001	9600000	0.0003720823967699	78114	97839	262949822	1377916
AL	NC_063213.1	9600001	9700000	0.0003915543332627	81672	101535	259312671	1630978
AL	NC_063213.1	9700001	9800000	3.1986583767118285e-05	79012	8277	258764739	1481042
AL	NC_063213.1	9800001	9900000	0.0002266729108778	80304	58841	259585496	1545568
AL	NC_063213.1	9900001	10000000	0.0003731940689787	74731	89748	240486137	1449354
AL	NC_063213.1	10000001	10100000	5.722264338668136e-05	84446	15819	276446509	1582230
AL	NC_063213.1	10100001	10200000	3.748656495165315e-05	86788	10049	268069374	1819476
AL	NC_063213.1	10200001	10300000	0.0002867753310915	82982	79487	277175166	1484460
AL	NC_063213.1	10300001	10400000	0.0006209638156706	83583	179408	288918606	1381032
AL	NC_063213.1	10400001	10500000	0.0001454222768728	82942	40751	280225292	1447840
AL	NC_063213.1	10500001	10600000	1.1039415464836424e-05	78103	3162	286428209	1097402
AL	NC_063213.1	10600001	10700000	2.911354061699222e-05	84769	8662	297524788	1344412
AL	NC_063213.1	10700001	10800000	2.0468869508591624e-05	83328	5677	277347999	1504274
AL	NC_063213.1	10800001	10900000	2.633374428983707e-05	80626	6632	251844171	1655042
AL	NC_063213.1	10900001	11000000	0.0004043808363806	82078	112158	277357357	1433270
AL	NC_063213.1	11000001	11100000	0.0006198158676152	74116	148041	238846741	1435190
AL	NC_063213.1	11100001	11200000	0.0003889179943098	80054	94239	242310722	1743596
AL	NC_063213.1	11200001	11300000	0.0005208937754672	76078	125092	240148771	1535018
AL	NC_063213.1	11300001	11400000	0.0003499531829765	79883	84323	240955088	1750316
AL	NC_063213.1	11400001	11500000	0.0005313066735849	80047	126267	237653706	1801128
AL	NC_063213.1	11500001	11600000	0.0001290942777346	79697	31431	243473224	1706836
AL	NC_063213.1	11600001	11700000	0.0003891183784836	74399	93572	240471808	1433052
AL	NC_063213.1	11700001	11800000	0.0003749822171141	82101	102252	272684931	1492150
AL	NC_063213.1	11800001	11900000	0.0004887496065389	82386	123569	252826802	1748820
AL	NC_063213.1	11900001	12000000	0.0001505857583013	82699	37909	251743594	1782632
AL	NC_063213.1	12000001	12100000	0.0002075594091333	81528	55797	268824238	1503276
AL	NC_063213.1	12100001	12200000	0.0004849924275055	82302	125873	259536011	1663626
AL	NC_063213.1	12200001	12300000	0.0003080367441958	82180	79195	257095952	1688416
AL	NC_063213.1	12300001	12400000	0.0002625618465176	78457	63131	240442398	1671840
AL	NC_063213.1	12400001	12500000	0.0006623831326549	80289	158931	239938175	1787838
AL	NC_063213.1	12500001	12600000	0.0005420695170513	82163	133818	246865016	1813484
AL	NC_063213.1	12600001	12700000	0.0006157806787668	79680	154375	250698025	1620134
AL	NC_063213.1	12700001	12800000	0.0004550913988355	79897	108315	238007135	1789046
AL	NC_063213.1	12800001	12900000	0.0005795501700866	82930	144505	249339932	1825248
AL	NC_063213.1	12900001	13000000	0.0004014250725494	82205	102269	254764854	1715320
AL	NC_063213.1	13000001	13100000	0.0006034328498952	84088	156128	258733014	1778476
AL	NC_063213.1	13100001	13200000	0.0004835519834491	77452	121870	252030814	1472868
AL	NC_063213.1	13200001	13300000	0.0005226312790572	80534	135645	259542445	1558766
AL	NC_063213.1	13300001	13400000	0.000235369813586	79931	63800	271062797	1384562
AL	NC_063213.1	13400001	13500000	0.0005569300123477	81513	151428	271897719	1469638
AL	NC_063213.1	13500001	13600000	0.000462701897111	82443	122515	264781711	1606654
AL	NC_063213.1	13600001	13700000	0.0005728308677349	81408	152979	267057885	1515934
AL	NC_063213.1	13700001	13800000	0.0005866030817739	79441	149840	255436776	1544300
AL	NC_063213.1	13800001	13900000	0.0004151184404836	84305	112077	269988006	1653208
AL	NC_063213.1	13900001	14000000	0.0002956695421921	83507	75006	253681862	1804624
AL	NC_063213.1	14000001	14100000	0.0003089587560661	85835	84061	272078387	1715614
AL	NC_063213.1	14100001	14200000	0.0002981969628689	81760	79152	265435299	1556410
AL	NC_063213.1	14200001	14300000	0.0003304929014086	86344	91727	277546052	1681224
AL	NC_063213.1	14300001	14400000	0.0004649785783263	80327	117259	252181510	1633248
AL	NC_063213.1	14400001	14500000	0.0004356022615919	83423	123305	283067860	1444836
AL	NC_063213.1	14500001	14600000	0.0004332785038859	84223	120721	278622177	1543658
AL	NC_063213.1	14600001	14700000	0.0003415962261432	83738	100788	295050098	1323756
AL	NC_063213.1	14700001	14800000	0.0004840106435387	77392	124936	258126555	1393314
AL	NC_063213.1	14800001	14900000	0.0004395244791398	82433	119823	272619628	1509164
AL	NC_063213.1	14900001	15000000	0.0002644297586765	85157	74710	282532497	1552202
AL	NC_063213.1	15000001	15100000	0.0005602489630207	82313	157643	281380262	1401680
AL	NC_063213.1	15100001	15200000	0.000555580188239	84457	153271	275875568	1588476
AL	NC_063213.1	15200001	15300000	0.0004759432438589	85399	128394	269767460	1718100
AL	NC_063213.1	15300001	15400000	0.0005640439084391	81559	163885	290553621	1245530
AL	NC_063213.1	15400001	15500000	0.000602308572797	85927	188703	313299542	1222968
AL	NC_063213.1	15500001	15600000	0.0003789041870995	83190	112131	295934972	1276848
AL	NC_063213.1	15600001	15700000	0.0001789688091029	84773	52669	294291504	1384212
AL	NC_063213.1	15700001	15800000	0.0001384684021552	83601	38601	278771181	1501546
AL	NC_063213.1	15800001	15900000	0.0001641898378582	81468	48638	296230270	1172660
AL	NC_063213.1	15900001	16000000	0.0001598828834437	84464	45016	281556093	1520838
AL	NC_063213.1	16000001	16100000	0.0002977844555111	76619	77674	260839673	1316522
AL	NC_063213.1	16100001	16200000	0.0003155512162552	82496	81872	259457089	1675902
AL	NC_063213.1	16200001	16300000	0.0001810244678212	83511	49791	275051216	1547580
AL	NC_063213.1	16300001	16400000	0.0003954172375026	85998	110204	278703075	1642418
AL	NC_063213.1	16400001	16500000	0.0004077312667993	66660	93171	228510805	1127734
AL	NC_063213.1	16500001	16600000	0.0005160138457049	82236	147221	285304360	1352752
AL	NC_063213.1	16600001	16700000	0.0003531860492936	84457	98590	279144661	1551042
AL	NC_063213.1	16700001	16800000	0.0003415554473361	77451	88846	260121748	1373292
AL	NC_063213.1	16800001	16900000	0.0003383466768431	84712	93952	277679689	1585182
AL	NC_063213.1	16900001	17000000	0.0005269465900001	83855	143119	271600581	1608378
AL	NC_063213.1	17000001	17100000	0.0007089801881447	81260	189521	267314945	1506902
AL	NC_063213.1	17100001	17200000	0.0003482729954289	85169	98371	282453711	1552854
AL	NC_063213.1	17200001	17300000	0.000337736226674	84565	86656	256578931	1831222
AL	NC_063213.1	17300001	17400000	0.0004078154344299	83123	117286	287595785	1371698
AL	NC_063213.1	17400001	17500000	0.0003529978266799	80023	94085	266531386	1444248
AL	NC_063213.1	17500001	17600000	0.0005395238361473	79000	144315	267485865	1374742
AL	NC_063213.1	17600001	17700000	0.0005295262852342	85110	147421	278401666	1593900
AL	NC_063213.1	17700001	17800000	0.000338577721319	82264	92855	274250177	1480054
AL	NC_063213.1	17800001	17900000	0.0003949256288349	83691	109752	277905489	1519386
AL	NC_063213.1	17900001	18000000	0.0006465121915495	80875	176023	272265554	1424112
AL	NC_063213.1	18000001	18100000	0.0005988481511879	83590	168520	281406897	1471846
AL	NC_063213.1	18100001	18200000	0.0006236872001949	73940	164579	263880676	1130936
AL	NC_063213.1	18200001	18300000	0.0005163027844321	80422	133112	257817707	1577154
AL	NC_063213.1	18300001	18400000	0.0005310436598594	84171	137929	259731940	1771684
AL	NC_063213.1	18400001	18500000	0.0003100205092866	84477	90355	291448460	1405524
AL	NC_063213.1	18500001	18600000	0.0002295440288061	80624	65044	283361760	1280104
AL	NC_063213.1	18600001	18700000	0.0004115691149811	82871	106349	258398884	1712132
AL	NC_063213.1	18700001	18800000	0.0001897045052335	80973	48897	257753499	1604366
AL	NC_063213.1	18800001	18900000	0.0001940725960435	79759	53920	277834177	1301154
AL	NC_063213.1	18900001	19000000	0.0002933362636095	81293	83002	282958537	1323426
AL	NC_063213.1	19000001	19100000	0.0005400314251258	77378	136849	253409327	1449298
AL	NC_063213.1	19100001	19200000	0.0002200581133781	80440	53440	242844943	1759458
AL	NC_063213.1	19200001	19300000	0.0005937303712794	80005	147998	249268030	1653360
AL	NC_063213.1	19300001	19400000	0.0003586018508203	80584	87894	245101914	1739412
AL	NC_063213.1	19400001	19500000	0.0001055674662384	81487	25347	240102381	1856994
AL	NC_063213.1	19500001	19600000	0.0004345031724473	77555	106929	246094866	1549432
AL	NC_063213.1	19600001	19700000	0.0001481171369479	81861	37905	255912319	1685014
AL	NC_063213.1	19700001	19800000	0.0007221214668443	79789	170971	236762107	1797646
AL	NC_063213.1	19800001	19900000	0.0003516324644693	76947	80689	229469711	1719118
AL	NC_063213.1	19900001	20000000	0.0003754824460694	80307	91501	243689155	1742662
AL	NC_063213.1	20000001	20100000	0.000589741534373	73455	139888	237202218	1420168
AL	NC_063213.1	20100001	20200000	0.0005249342665216	78751	127528	242940894	1659024
AL	NC_063213.1	20200001	20300000	0.0006047321870897	79869	144928	239656501	1766146
AL	NC_063213.1	20300001	20400000	0.0004565343072914	74903	106774	233879466	1543168
AL	NC_063213.1	20400001	20500000	0.000371777480424	82141	90024	242144844	1869956
AL	NC_063213.1	20500001	20600000	0.0005620668311307	81578	142736	253948449	1691086
AL	NC_063213.1	20600001	20700000	0.0005266658861697	82367	133562	253599110	1738584
AL	NC_063213.1	20700001	20800000	0.0003462174336409	83379	88338	255151796	1780132
AL	NC_063213.1	20800001	20900000	0.0003943234603897	82246	110066	279126177	1427766
AL	NC_063213.1	20900001	21000000	0.0005993817944674	81100	156235	260660236	1583824
AL	NC_063213.1	21000001	21100000	0.0005544700911523	84107	152756	275499080	1577828
AL	NC_063213.1	21100001	21200000	0.0003419093848425	86290	99324	290498022	1515356
AL	NC_063213.1	21200001	21300000	0.0003224381640758	78694	86476	268194059	1346922
AL	NC_063213.1	21300001	21400000	0.0003134820843995	84419	83630	266777606	1697024
AL	NC_063213.1	21400001	21500000	0.0002303619469576	81275	65207	283063244	1317372
AL	NC_063213.1	21500001	21600000	0.0004882807736936	83669	145662	298316067	1280958
AL	NC_063213.1	21600001	21700000	0.000488349613679	81197	134633	275689785	1401994
AL	NC_063213.1	21700001	21800000	0.0002784123591802	83138	73558	264205225	1654702
AL	NC_063213.1	21800001	21900000	0.0006902365307131	83441	173263	251019748	1833908
AL	NC_063213.1	21900001	22000000	0.0006503061876003	82062	177548	273022160	1487128
AL	NC_063213.1	22000001	22100000	0.0004568241269672	81701	119141	260802775	1612910
AL	NC_063213.1	22100001	22200000	0.0006440532955017	80234	167155	259535975	1547338
AL	NC_063213.1	22200001	22300000	0.0007727930788108	67606	174670	226024281	1209262
AL	NC_063213.1	22300001	22400000	0.0006847202609341	74649	181675	265327332	1148004
AL	NC_063213.1	22400001	22500000	0.0004720434977919	71050	121910	258260098	1027396
AL	NC_063213.1	22500001	22600000	0.0009647548393315	66813	225447	233683202	1072744
AL	NC_063213.1	22600001	22700000	0.0004388386158304	77818	110437	251657434	1496108
AL	NC_063213.1	22700001	22800000	0.0008566563282521	70958	218145	254647042	1061396
AL	NC_063213.1	22800001	22900000	0.0007990249068891	64178	182570	228491000	985680
AL	NC_063213.1	22900001	23000000	0.0004912924840572	73681	116764	237666978	1425088
AL	NC_063213.1	23000001	23100000	0.0003131436534946	74346	77042	246027659	1362722
AL	NC_063213.1	23100001	23200000	0.0002813976824787	78755	72160	256434237	1491074
AL	NC_063213.1	23200001	23300000	0.0005387761508539	79433	138855	257722989	1516834
AL	NC_063213.1	23300001	23400000	0.0002312899167961	73948	62678	270993223	1044850
AL	NC_063213.1	23400001	23500000	0.0007221866205032	67314	172425	238754077	1044902
AL	NC_063213.1	23500001	23600000	0.0004392127261932	71260	102010	232256476	1348888
AL	NC_063213.1	23600001	23700000	0.0006018614685238	73134	139594	231937094	1460932
AL	NC_063213.1	23700001	23800000	0.0006580514600177	74417	158845	241386897	1422098
AL	NC_063213.1	23800001	23900000	0.0005236039014645	76311	125474	239635342	1556216
AL	NC_063213.1	23900001	24000000	0.0008308501551031	75365	205890	247806417	1398674
AL	NC_063213.1	24000001	24100000	0.0004783415932784	77023	121776	254579576	1415980
AL	NC_063213.1	24100001	24200000	0.0008481585004418	76247	212923	251041521	1414482
AL	NC_063213.1	24200001	24300000	0.0005430587558485	81340	140970	259585171	1607330
AL	NC_063213.1	24300001	24400000	0.0005069564323171	73514	127509	251518655	1250682
AL	NC_063213.1	24400001	24500000	0.0008069500176345	71838	200409	248353672	1190760
AL	NC_063213.1	24500001	24600000	0.0007040659398946	71888	177272	251783235	1150442
AL	NC_063213.1	24600001	24700000	0.0007956464748657	62003	182398	229245030	850512
AL	NC_063213.1	24700001	24800000	0.0007434079684627	71783	193034	259660924	1051420
AL	NC_063213.1	24800001	24900000	0.0006110913369983	74934	167240	273674310	1068228
AL	NC_063213.1	24900001	25000000	0.0002001621172184	79324	51402	256801840	1523088
AL	NC_063213.1	25000001	25100000	0.0001517140634252	76269	37793	249106768	1435276
AL	NC_063213.1	25100001	25200000	0.0008979784879965	77906	237958	264992985	1343278
AL	NC_063213.1	25200001	25300000	0.0008516562183653	74613	210457	247114969	1368154
AL	NC_063213.1	25300001	25400000	0.0005213947801806	80469	145935	279893481	1309890
AL	NC_063213.1	25400001	25500000	0.000514786273513	76438	126865	246442080	1480528
AL	NC_063213.1	25500001	25600000	0.0004230661273059	83867	106857	252577536	1840204
AL	NC_063213.1	25600001	25700000	0.0006602277572992	81100	163063	246979922	1745556
AL	NC_063213.1	25700001	25800000	0.000615895854969	81931	161045	261480896	1618708
AL	NC_063213.1	25800001	25900000	0.0002510264983279	78685	65903	262534037	1418466
AL	NC_063213.1	25900001	26000000	0.0004838450086856	80350	125941	260292031	1543186
AL	NC_063213.1	26000001	26100000	0.0005645785013322	73423	134628	238457539	1401862
AL	NC_063213.1	26100001	26200000	0.0006106987134096	76989	157865	258498989	1369218
AL	NC_063213.1	26200001	26300000	0.00051926558281	78303	125672	242018736	1644732
AL	NC_063213.1	26300001	26400000	0.0004554668475244	84531	118534	260247262	1783024
AL	NC_063213.1	26400001	26500000	0.0003615829444111	80376	92036	254536342	1611644
AL	NC_063213.1	26500001	26600000	0.0004496930834825	83075	117209	260642212	1693284
AL	NC_063213.1	26600001	26700000	0.0004322262457965	84350	117979	272956585	1616302
AL	NC_063213.1	26700001	26800000	0.000229148926938	86182	61381	267865099	1785002
AL	NC_063213.1	26800001	26900000	0.0003076886589194	82879	83652	271872224	1545028
AL	NC_063213.1	26900001	27000000	0.0004188501296809	83628	112701	269072377	1622630
AL	NC_063213.1	27000001	27100000	0.000411764472235	83316	113204	274924156	1532896
AL	NC_063213.1	27100001	27200000	0.0005202494926924	79260	139580	268294351	1379522
AL	NC_063213.1	27200001	27300000	0.0006481401846738	85265	179983	277691469	1613890
AL	NC_063213.1	27300001	27400000	0.0005965580842141	85195	161344	270458157	1696026
AL	NC_063213.1	27400001	27500000	0.0005730050540346	83260	159796	278873631	1484434
AL	NC_063213.1	27500001	27600000	0.0004780393380826	77704	126539	264704157	1333470
AL	NC_063213.1	27600001	27700000	0.0004761196533826	82354	129543	272080766	1510444
AL	NC_063213.1	27700001	27800000	0.0005789564991621	80300	157247	271604171	1398626
AL	NC_063213.1	27800001	27900000	0.0005763107293603	85657	159438	276652840	1645140
AL	NC_063213.1	27900001	28000000	0.000283529281506	83731	79671	280997432	1483004
AL	NC_063213.1	28000001	28100000	0.0005349692014806	83711	147827	276328057	1537874
AL	NC_063213.1	28100001	28200000	0.0004311648510003	79321	116003	269045586	1375432
AL	NC_063213.1	28200001	28300000	0.0004871970845281	77913	125081	256735937	1438338
AL	NC_063213.1	28300001	28400000	0.0003583226228972	81005	91051	254103409	1652898
AL	NC_063213.1	28400001	28500000	0.0004240730349239	75646	106043	250058342	1387684
AL	NC_063213.1	28500001	28600000	0.0005483598878053	79901	140179	255633213	1568506
AL	NC_063213.1	28600001	28700000	0.0004858866399803	82275	122558	252235789	1750162
AL	NC_063213.1	28700001	28800000	0.0004616738337881	78862	112261	243160846	1664316
AL	NC_063213.1	28800001	28900000	0.0007201843587358	77515	179792	249647188	1502108
AL	NC_063213.1	28900001	29000000	0.0005645312794393	76821	136288	241417978	1565928
AL	NC_063213.1	29000001	29100000	0.0007110509097588	79994	164095	230778131	1886594
AL	NC_063213.1	29100001	29200000	0.0004396516241914	78314	105769	240574569	1662902
AL	NC_063213.1	29200001	29300000	0.0004722124604595	71677	105976	224424404	1467516
AL	NC_063213.1	29300001	29400000	0.0004049254551199	77640	95901	236836185	1670350
AL	NC_063213.1	29400001	29500000	0.00070501539452	80772	161397	228926916	1958592
AL	NC_063213.1	29500001	29600000	0.0008086833739272	74371	179312	221733259	1665190
AL	NC_063213.1	29600001	29700000	0.0005372520942334	82033	125873	234290385	1965138
AL	NC_063213.1	29700001	29800000	0.0002178225858374	79122	51712	237404215	1749434
AL	NC_063213.1	29800001	29900000	0.000475890206828	83745	121782	255903564	1791068
AL	NC_063213.1	29900001	30000000	0.0005859368116617	84727	157445	268706449	1692538
AL	NC_063213.1	30000001	30100000	0.0004868489242371	82342	129369	265727197	1591382
AL	NC_063213.1	30100001	30200000	0.0008568846748428	75931	233514	272515085	1138194
AL	NC_063213.1	30200001	30300000	0.0004281310298803	81824	113512	265133784	1567688
AL	NC_063213.1	30300001	30400000	0.000399691560911	83402	108467	271376758	1586364
AL	NC_063213.1	30400001	30500000	0.0007892508893875	80761	201944	255867941	1617842
AL	NC_063213.1	30500001	30600000	0.0008673362301548	81727	242214	279261942	1392800
AL	NC_063213.1	30600001	30700000	0.0003387593913748	84035	91077	268854539	1647694
AL	NC_063213.1	30700001	30800000	0.0002427980633109	83890	63877	263086942	1710772
AL	NC_063213.1	30800001	30900000	0.0005527169505482	82129	138101	249858449	1769178
AL	NC_063213.1	30900001	31000000	0.0002499779635426	80429	63724	254918470	1608736
AL	NC_063213.1	31000001	31100000	0.0006039674327581	84164	157650	261024008	1753560
AL	NC_063213.1	31100001	31200000	0.0006624118219343	83055	175880	265514585	1633338
AL	NC_063213.1	31200001	31300000	0.0005666329012001	82001	152202	268607770	1535936
AL	NC_063213.1	31300001	31400000	0.000566452327107	83582	149092	263203085	1690686
AL	NC_063213.1	31400001	31500000	0.0004875812416975	80671	125098	256568525	1601778
AL	NC_063213.1	31500001	31600000	0.000327412035829	85325	86904	265427017	1766194
AL	NC_063213.1	31600001	31700000	0.0006213798303789	74575	161118	259290682	1216312
AL	NC_063213.1	31700001	31800000	0.0004894721764006	81476	131760	269187926	1495636
AL	NC_063213.1	31800001	31900000	0.0004852104699483	83037	134257	276698481	1497618
AL	NC_063213.1	31900001	32000000	0.0007683137030246	83525	204694	266419822	1648272
AL	NC_063213.1	32000001	32100000	0.0005193300911016	83287	138325	266352754	1635560
AL	NC_063213.1	32100001	32200000	0.0004165394882659	79194	103069	247441126	1624868
AL	NC_063213.1	32200001	32300000	0.0004181122535882	80353	103589	247754040	1690444
AL	NC_063213.1	32300001	32400000	0.0001993243811126	85799	54594	273895244	1690204
AL	NC_063213.1	32400001	32500000	0.0004314119828871	85391	120384	279046491	1599798
AL	NC_063213.1	32500001	32600000	0.0007126594937578	84259	209169	293504825	1367834
AL	NC_063213.1	32600001	32700000	0.0004571233445846	85978	135781	297033616	1421328
AL	NC_063213.1	32700001	32800000	0.0004635409224786	81729	123350	266103798	1549288
AL	NC_063213.1	32800001	32900000	1.6137369897275893e-05	84150	4561	282635896	1491480
AL	NC_063213.1	32900001	33000000	0.000374578304422	85961	103649	276708498	1663824
AL	NC_063213.1	33000001	33100000	0.0005091219461625	84465	144474	283770914	1498144
AL	NC_063213.1	33100001	33200000	0.0006258927302755	84369	166909	266673492	1695276
AL	NC_063213.1	33200001	33300000	0.0007384631313671	83721	193312	261776102	1717104
AL	NC_063213.1	33300001	33400000	0.0006398704200881	85621	166942	260899699	1838790
AL	NC_063213.1	33400001	33500000	0.000674497079753	81947	185280	274693554	1462360
AL	NC_063213.1	33500001	33600000	0.0003615359275146	83198	89526	247626842	1863900
AL	NC_063213.1	33600001	33700000	0.0003135141457874	83623	77444	247019157	1896626
AL	NC_063213.1	33700001	33800000	0.0004172032459536	82448	108289	259559342	1672468
AL	NC_063213.1	33800001	33900000	0.0005294367010243	82473	144999	273874100	1499468
AL	NC_063213.1	33900001	34000000	0.0003963316073988	84464	118095	297970179	1329738
AL	NC_063213.1	34000001	34100000	0.0003394508986413	84805	92870	273588906	1641880
AL	NC_063213.1	34100001	34200000	0.000527954993435	85134	147660	279682931	1581634
AL	NC_063213.1	34200001	34300000	0.0005077984255734	84983	148439	292318748	1423492
AL	NC_063213.1	34300001	34400000	0.0003855523399855	82568	109790	284760300	1373896
AL	NC_063213.1	34400001	34500000	0.0005546746710593	86678	161066	290379223	1539922
AL	NC_063213.1	34500001	34600000	0.0001782511504379	86284	50493	283268859	1600842
AL	NC_063213.1	34600001	34700000	0.000149884826669	85432	41964	279974971	1594258
AL	NC_063213.1	34700001	34800000	0.0004541078739311	74959	109538	241215813	1455370
AL	NC_063213.1	34800001	34900000	0.0005011102594091	79613	123623	246698202	1666536
AL	NC_063213.1	34900001	35000000	0.0004090587375425	84544	106610	260622718	1778636
AL	NC_063213.1	35000001	35100000	0.0001449080853076	77727	36333	250731351	1501414
AL	NC_063213.1	35100001	35200000	1.2860396305324183e-05	83819	3491	271453532	1604620
AL	NC_063213.1	35200001	35300000	4.3449342906018674e-05	85326	11729	269946545	1710166
AL	NC_063213.1	35300001	35400000	3.1878091732202145e-05	80755	7993	250736464	1680028
AL	NC_063213.1	35400001	35500000	0.0003308694939361	85551	90512	273558009	1678682
AL	NC_063213.1	35500001	35600000	0.0004021424649293	85694	121379	301830845	1348278
AL	NC_063213.1	35600001	35700000	0.0003684984422992	84468	101617	275759646	1588932
AL	NC_063213.1	35700001	35800000	0.0002699124904272	82814	75402	279357209	1448438
AL	NC_063213.1	35800001	35900000	0.0003225884368056	85230	97094	300984130	1335316
AL	NC_063213.1	35900001	36000000	0.0001791890705816	84009	48633	271406062	1615368
AL	NC_063213.1	36000001	36100000	4.5784648117155885e-05	84943	11922	260392959	1809670
AL	NC_063213.1	36100001	36200000	2.893887878906353e-05	84748	7943	274475043	1624378
AL	NC_063213.1	36200001	36300000	0.0004468165472364	86742	118364	264905140	1860528
AL	NC_063213.1	36300001	36400000	0.0004754812213865	82912	126148	265305956	1631176
AL	NC_063213.1	36400001	36500000	1.911413716155456e-05	83943	4965	259755382	1755464
AL	NC_063213.1	36500001	36600000	6.196788095836257e-05	84842	16116	260070213	1805654
AL	NC_063213.1	36600001	36700000	0.0005298225691917	82330	142625	269193893	1544502
AL	NC_063213.1	36700001	36800000	0.000247805416736	83735	64292	259445499	1749446
AL	NC_063213.1	36800001	36900000	1.4470260329216477e-05	82911	3871	267514192	1603772
AL	NC_063213.1	36900001	37000000	4.84370271728468e-05	76666	11609	239672017	1574766
AL	NC_063213.1	37000001	37100000	0.0006291653248004	83942	176523	280566956	1503088
AL	NC_063213.1	37100001	37200000	0.0005707302741194	85244	166140	291100731	1450738
AL	NC_063213.1	37200001	37300000	0.0003503284717834	82455	98651	281595725	1405082
AL	NC_063213.1	37300001	37400000	0.0001055107269977	82849	30717	291126797	1314770
AL	NC_063213.1	37400001	37500000	9.41295418206822e-05	84528	29127	309435268	1189168
AL	NC_063213.1	37500001	37600000	0.0006392235564715	84786	187484	293299579	1397186
AL	NC_063213.1	37600001	37700000	0.0005128559637866	81293	127017	247666029	1749402
AL	NC_063213.1	37700001	37800000	0.0003969711226447	79725	110928	279435943	1270174
AL	NC_063213.1	37800001	37900000	0.0002318659730811	82935	65028	280455123	1440390
AL	NC_063213.1	37900001	38000000	0.0003338966962547	82603	92349	276579556	1474356
AL	NC_063213.1	38000001	38100000	0.0003251413582559	85448	96543	296926237	1396574
AL	NC_063213.1	38100001	38200000	0.0002634844078253	83545	73493	278927321	1501106
AL	NC_063213.1	38200001	38300000	0.0002670136822584	85044	75161	281487448	1555656
AL	NC_063213.1	38300001	38400000	0.0001052370963303	84394	28973	275311663	1595130
AL	NC_063213.1	38400001	38500000	0.0001751595995274	83504	44529	254219581	1796446
AL	NC_063213.1	38500001	38600000	9.501594316789872e-05	84112	25207	265292320	1699144
AL	NC_063213.1	38600001	38700000	0.0001512975486785	82454	39538	261326111	1651010
AL	NC_063213.1	38700001	38800000	0.0003700277247882	83004	97825	264372082	1643908
AL	NC_063213.1	38800001	38900000	0.0004061377151688	80587	106848	263083176	1520236
AL	NC_063213.1	38900001	39000000	0.0002933484589619	83974	74113	252644927	1845122
AL	NC_063213.1	39000001	39100000	0.000283465459253	84171	72439	255547890	1821472
AL	NC_063213.1	39100001	39200000	0.0003829376553887	83487	97707	255151194	1784872
AL	NC_063213.1	39200001	39300000	0.0004140010358424	83785	112384	271458258	1602384
AL	NC_063213.1	39300001	39400000	0.000257768702295	78397	62838	243776686	1622816
AL	NC_063213.1	39400001	39500000	0.0003603651827631	82391	91854	254891439	1722446
AL	NC_063213.1	39500001	39600000	0.0003654454885869	83117	96214	263278664	1665148
AL	NC_063213.1	39600001	39700000	0.0002325514078083	84882	61459	264281350	1753020
AL	NC_063213.1	39700001	39800000	0.0004997362588997	85051	135714	271571249	1675154
AL	NC_063213.1	39800001	39900000	0.0003806544449288	78949	97009	254847937	1524682
AL	NC_063213.1	39900001	40000000	0.0004998990916307	80786	128400	256851837	1609270
AL	NC_063213.1	40000001	40100000	0.0004643751804993	84530	126205	271773784	1639808
AL	NC_063213.1	40100001	40200000	0.0004598213197332	86480	135609	294916730	1482324
AL	NC_063213.1	40200001	40300000	0.0005331855673957	82176	135915	254911251	1713602
AL	NC_063213.1	40300001	40400000	0.0006249739746226	74857	140437	224708557	1653002
AL	NC_063213.1	40400001	40500000	0.0003113016677038	86723	82594	265318206	1850664
AL	NC_063213.1	40500001	40600000	0.0004643612945779	81380	127095	273698522	1435740
AL	NC_063213.1	40600001	40700000	0.0004046742530176	83170	103915	256786784	1744856
AL	NC_063213.1	40700001	40800000	0.0004882506751984	83105	129655	265550068	1635724
AL	NC_063213.1	40800001	40900000	0.0002356202773616	83226	64545	273936525	1546126
AL	NC_063213.1	40900001	41000000	0.0003038972713877	83701	83813	275793855	1541462
AL	NC_063213.1	41000001	41100000	0.0002919119954545	86295	82645	283116149	1607562
AL	NC_063213.1	41100001	41200000	0.0003326749491181	84402	87638	263434323	1734954
AL	NC_063213.1	41200001	41300000	0.0001626720308093	82468	43306	266216631	1590754
AL	NC_063213.1	41300001	41400000	0.0003407690194763	83433	93215	273543059	1558158
AL	NC_063213.1	41400001	41500000	0.0001408193909727	83668	37223	264331494	1682068
AL	NC_063213.1	41500001	41600000	0.0003256938930478	83967	97103	298141912	1293388
AL	NC_063213.1	41600001	41700000	4.66725154177444e-05	82632	12934	277122411	1467690
AL	NC_063213.1	41700001	41800000	2.7058599256734053e-05	84593	7066	261136947	1775174
AL	NC_063213.1	41800001	41900000	7.901781793414559e-05	82768	20235	256081483	1731498
AL	NC_063213.1	41900001	42000000	0.0004278201940526	81804	112300	262493453	1596398
AL	NC_063213.1	42000001	42100000	0.0004775164194844	83106	120668	252699164	1794808
AL	NC_063213.1	42100001	42200000	0.0008077707452893	79670	203677	252147037	1600774
AL	NC_063213.1	42200001	42300000	0.000399963112787	81223	96302	240777204	1833860
AL	NC_063213.1	42300001	42400000	0.0003509822712421	80988	85270	242946744	1793504
AL	NC_063213.1	42400001	42500000	0.0003118076721925	79351	75320	241559162	1712728
AL	NC_063213.1	42500001	42600000	0.0006043814377857	84070	149602	247529111	1917410
AL	NC_063213.1	42600001	42700000	0.0008125389322449	82844	198298	244047383	1886842
AL	NC_063213.1	42700001	42800000	0.0007366758372752	82780	181203	245973861	1858142
AL	NC_063213.1	42800001	42900000	0.0009724372850473	83073	248198	255232912	1761460
AL	NC_063213.1	42900001	43000000	0.000367910443336	83355	104546	284161545	1431834
AL	NC_063213.1	43000001	43100000	0.0003538097281013	80495	89291	252370110	1642936
AL	NC_063213.1	43100001	43200000	0.0004894725161042	81471	115368	235698627	1911566
AL	NC_063213.1	43200001	43300000	0.000494755029869	74907	119234	240996034	1460896
AL	NC_063213.1	43300001	43400000	0.0005250523652548	76428	122372	233066277	1644214
AL	NC_063213.1	43400001	43500000	0.0003719884475914	83657	96084	258298344	1759308
AL	NC_063213.1	43500001	43600000	0.0002223150513416	81521	59804	269005628	1504676
AL	NC_063213.1	43600001	43700000	0.0002221154960466	85534	61796	278215618	1620908
AL	NC_063213.1	43700001	43800000	0.0001929029954985	84720	50272	260607669	1792766
AL	NC_063213.1	43800001	43900000	0.0001766549185313	81079	44828	253760271	1663342
AL	NC_063213.1	43900001	44000000	0.0001891845821012	84119	48422	255951090	1819336
AL	NC_063213.1	44000001	44100000	0.0001499409514488	83763	38688	258021572	1766028
AL	NC_063213.1	44100001	44200000	0.0002323539837424	82696	60890	262057052	1652320
AL	NC_063213.1	44200001	44300000	0.0002741528466205	82039	67227	245217224	1825444
AL	NC_063213.1	44300001	44400000	0.000343893552255	83221	93544	272014405	1563858
AL	NC_063213.1	44400001	44500000	0.0002632031937033	84247	70683	268549173	1666450
AL	NC_063213.1	44500001	44600000	0.000353748079518	84341	99460	281160537	1519994
AL	NC_063213.1	44600001	44700000	0.0001647485454678	85458	46903	284694471	1539578
AL	NC_063213.1	44700001	44800000	0.000179945600185	82992	46148	256455284	1738392
AL	NC_063213.1	44800001	44900000	0.0003134189781905	84738	87497	279169438	1567148
AL	NC_063213.1	44900001	45000000	0.0005646893372059	82803	157847	279528919	1446638
AL	NC_063213.1	45000001	45100000	0.0005005933145458	83621	140790	281246265	1477594
AL	NC_063213.1	45100001	45200000	0.0003402033617997	85203	91945	270264819	1699014
AL	NC_063213.1	45200001	45300000	0.00048222198872	82981	128986	267482618	1604832
AL	NC_063213.1	45300001	45400000	0.0003491715861927	80549	92899	266055440	1481356
AL	NC_063213.1	45400001	45500000	0.0004682451201249	85811	131847	281576880	1595052
AL	NC_063213.1	45500001	45600000	0.0003779610547834	84607	99430	263069432	1752852
AL	NC_063213.1	45600001	45700000	0.0003674975785139	83786	102703	279465787	1510490
AL	NC_063213.1	45700001	45800000	0.0003622941551302	82859	97226	268362044	1591092
AL	NC_063213.1	45800001	45900000	0.0002824619709854	85417	74345	263203573	1798946
AL	NC_063213.1	45900001	46000000	0.0006352000964109	82904	175464	276234215	1497450
AL	NC_063213.1	46000001	46100000	0.0005069325225162	80630	126865	250260132	1677040
AL	NC_063213.1	46100001	46200000	0.0005077535651081	84330	134178	264258115	1722274
AL	NC_063213.1	46200001	46300000	0.0005507441619393	79946	179889	326628973	741294
AL	NC_063213.1	46300001	46400000	0.000527099809137	82110	156568	297036723	1211226
AL	NC_063213.1	46400001	46500000	0.0005301020932274	79657	140016	264130253	1456522
AL	NC_063213.1	46500001	46600000	0.0001952715648	85046	51980	266193391	1743986
AL	NC_063213.1	46600001	46700000	0.0003158714464274	85865	88458	280044306	1617864
AL	NC_063213.1	46700001	46800000	0.0003950163587931	82912	112948	285932462	1379012
AL	NC_063213.1	46800001	46900000	0.000594438467453	84722	166526	280140013	1553526
AL	NC_063213.1	46900001	47000000	0.0005260620679111	76785	142783	271418543	1197758
AL	NC_063213.1	47000001	47100000	0.0003740635806968	83557	102913	275121678	1544920
AL	NC_063213.1	47100001	47200000	0.000568395389675	85794	156828	275913568	1664136
AL	NC_063213.1	47200001	47300000	0.0006809647206833	74121	160170	235210423	1481622
AL	NC_063213.1	47300001	47400000	0.0006562005348453	76578	165336	251959563	1420298
AL	NC_063213.1	47400001	47500000	0.0005033063035035	84460	134492	267216999	1696042
AL	NC_063213.1	47500001	47600000	0.0004225186140909	84161	116605	275976007	1571126
AL	NC_063213.1	47600001	47700000	0.000572114548388	82856	156025	272716365	1533054
AL	NC_063213.1	47700001	47800000	0.0005666486179177	81652	156724	276580574	1420932
AL	NC_063213.1	47800001	47900000	0.0003970708555948	82443	110852	279174355	1434806
AL	NC_063213.1	47900001	48000000	0.0001440374004001	85500	40381	280350797	1594870
AL	NC_063213.1	48000001	48100000	0.0005276935082537	81742	151952	287955030	1293748
AL	NC_063213.1	48100001	48200000	0.0005500204679185	80364	149179	271224452	1408336
AL	NC_063213.1	48200001	48300000	0.0003781701788116	84923	105762	279667742	1571488
AL	NC_063213.1	48300001	48400000	0.0001204408564509	84067	32835	272623435	1604758
AL	NC_063213.1	48400001	48500000	0.0006661655354596	78839	184106	276366744	1259844
AL	NC_063213.1	48500001	48600000	0.0005178104427097	83121	130858	252714100	1794020
AL	NC_063213.1	48600001	48700000	0.0006820846156076	79390	176607	258922421	1499270
AL	NC_063213.1	48700001	48800000	0.0005137819001815	78916	129694	252430068	1551584
AL	NC_063213.1	48800001	48900000	0.0003621766515598	86000	92360	255013678	1938044
AL	NC_063213.1	48900001	49000000	0.0007163720331594	81120	197966	276345238	1396620
AL	NC_063213.1	49000001	49100000	0.0003776592202022	82462	97457	258055397	1689686
AL	NC_063213.1	49100001	49200000	0.000587518743153	82631	150754	256594367	1718286
AL	NC_063213.1	49200001	49300000	0.0005920984034688	80908	141887	239634154	1826500
AL	NC_063213.1	49300001	49400000	0.0004657558288957	84169	129513	278070594	1550328
AL	NC_063213.1	49400001	49500000	0.0003370207566063	85024	86877	257779375	1844202
AL	NC_063213.1	49500001	49600000	0.0006560017489164	80552	178435	272003848	1417408
AL	NC_063213.1	49600001	49700000	0.0005342575345076	82496	134615	251966498	1770988
AL	NC_063213.1	49700001	49800000	0.0005640083139597	83862	142753	253104425	1832590
AL	NC_063213.1	49800001	49900000	0.000605201446797	84873	155940	257666271	1837054
AL	NC_063213.1	49900001	50000000	0.000531312463945	81173	133438	251147882	1698304
AL	NC_063213.1	50000001	50100000	0.0002931258785124	83500	79234	270307079	1604242
AL	NC_063213.1	50100001	50200000	0.0001985647651208	81787	49251	248034942	1771912
AL	NC_063213.1	50200001	50300000	9.608692676766143e-05	84434	24539	255383337	1838702
AL	NC_063213.1	50300001	50400000	0.0002365438747648	81846	59194	250245330	1753348
AL	NC_063213.1	50400001	50500000	2.754316789060054e-05	83892	7040	255598776	1803168
AL	NC_063213.1	50500001	50600000	0.0004198886252066	84306	114686	273134334	1613476
AL	NC_063213.1	50600001	50700000	0.0004675199520467	82707	125118	267620664	1590420
AL	NC_063213.1	50700001	50800000	0.0002426772106943	83638	63749	262690509	1704766
AL	NC_063213.1	50800001	50900000	0.0002681856052401	81586	68847	256714002	1658108
AL	NC_063213.1	50900001	51000000	0.0002447940193255	82508	63109	257804501	1699646
AL	NC_063213.1	51000001	51100000	0.0003056744659707	82364	79606	260427379	1661954
AL	NC_063213.1	51100001	51200000	0.0002466048874538	79383	62407	253064733	1573458
AL	NC_063213.1	51200001	51300000	0.0001909135084038	79417	44753	234415052	1805596
AL	NC_063213.1	51300001	51400000	0.000563934081997	80097	133766	237201482	1812336
AL	NC_063213.1	51400001	51500000	0.0003770965647669	79612	90004	238676266	1765724
AL	NC_063213.1	51500001	51600000	0.0003487282987687	80052	81632	234084817	1853534
AL	NC_063213.1	51600001	51700000	0.0002405348761709	81204	55531	230864650	1960636
AL	NC_063213.1	51700001	51800000	0.0003641567694412	81713	87331	239817044	1874516
AL	NC_063213.1	51800001	51900000	0.0003025995510933	83015	76215	251867525	1802722
AL	NC_063213.1	51900001	52000000	0.0002175419273622	82565	52996	243612809	1876402
AL	NC_063213.1	52000001	52100000	0.0002327360613534	81863	54825	235567276	1938052
AL	NC_063213.1	52100001	52200000	0.0002405160597864	81606	59335	246698703	1780786
AL	NC_063213.1	52200001	52300000	0.0005927896967045	83973	148908	251198698	1863416
AL	NC_063213.1	52300001	52400000	0.0004546994179386	80929	124174	273090299	1416998
AL	NC_063213.1	52400001	52500000	0.0004117782241741	83626	111879	271697223	1592882
AL	NC_063213.1	52500001	52600000	0.0005208634571067	81168	136372	261819097	1569646
AL	NC_063213.1	52600001	52700000	0.0005126980203113	80135	134942	263199768	1493860
AL	NC_063213.1	52700001	52800000	0.0004036018287494	79045	100115	248053881	1611802
AL	NC_063213.1	52800001	52900000	0.0004588245878663	82756	115557	251854419	1784410
AL	NC_063213.1	52900001	53000000	0.0004925640184263	80401	123091	249898481	1672066
AL	NC_063213.1	53000001	53100000	0.0005958139603718	82119	142597	239331418	1904360
AL	NC_063213.1	53100001	53200000	0.0007087436282211	79385	181830	256552571	1531454
AL	NC_063213.1	53200001	53300000	0.0006089203732227	81820	150736	247546324	1782568
AL	NC_063213.1	53300001	53400000	0.0004758472327179	75514	107532	225980089	1679150
AL	NC_063213.1	53400001	53500000	0.0003764922263681	79055	89010	236419224	1757212
AL	NC_063213.1	53500001	53600000	0.0006131065039979	75150	145301	236991451	1520866
AL	NC_063213.1	53600001	53700000	0.0004983249086176	78177	115412	231599902	1767856
AL	NC_063213.1	53700001	53800000	0.0005376896102619	75931	125432	233279568	1615012
AL	NC_063213.1	53800001	53900000	0.000675704964032	75281	155868	230674641	1604170
AL	NC_063213.1	53900001	54000000	0.0004513441367777	79739	110115	243971265	1705290
AL	NC_063213.1	54000001	54100000	0.0006987526381773	80580	166813	238729689	1819094
AL	NC_063213.1	54100001	54200000	0.0005498133390794	84126	136269	247845933	1916206
AL	NC_063213.1	54200001	54300000	0.0005531606831058	83071	151435	273763130	1538288
AL	NC_063213.1	54300001	54400000	0.0005068700441625	83998	132443	261295773	1740846
AL	NC_063213.1	54400001	54500000	0.0004059003385319	83646	107367	264515670	1679348
AL	NC_063213.1	54500001	54600000	0.0004638408020418	81938	125343	270228491	1512578
AL	NC_063213.1	54600001	54700000	0.000704002536125	82970	196276	278800132	1471920
AL	NC_063213.1	54700001	54800000	0.0006639343081112	75105	171899	258909651	1251070
AL	NC_063213.1	54800001	54900000	0.0006039557315112	74452	152232	252058209	1293022
AL	NC_063213.1	54900001	55000000	0.0004532931151771	81583	130283	287414469	1291738
AL	NC_063213.1	55000001	55100000	0.0002783222745182	86495	80518	289297722	1544008
AL	NC_063213.1	55100001	55200000	0.0004780518077648	85465	133770	279823228	1598804
AL	NC_063213.1	55200001	55300000	0.0005130519379467	83716	132638	258527432	1756648
AL	NC_063213.1	55300001	55400000	0.0002936848183377	85319	81386	277120215	1623022
AL	NC_063213.1	55400001	55500000	0.0003090223088784	85265	85279	275963895	1635566
AL	NC_063213.1	55500001	55600000	0.0004023749183258	86198	121959	303097918	1365260
AL	NC_063213.1	55600001	55700000	0.0006236153842558	82472	159184	255259899	1723130
AL	NC_063213.1	55700001	55800000	0.0004732691187521	83702	136339	288079223	1402946
AL	NC_063213.1	55800001	55900000	0.0002141607488532	83887	58136	271459641	1611610
AL	NC_063213.1	55900001	56000000	0.0006115726566047	72899	142686	233309973	1431738
AL	NC_063213.1	56000001	56100000	0.0005985709155805	80344	154101	257448192	1575488
AL	NC_063213.1	56100001	56200000	0.0004199409240992	81273	115089	274059977	1428490
AL	NC_063213.1	56200001	56300000	0.000173817416113	82696	46549	267804004	1584352
AL	NC_063213.1	56300001	56400000	0.000780076950319	85270	204548	262215157	1802806
AL	NC_063213.1	56400001	56500000	0.0007665344919026	83059	197204	257266962	1731880
AL	NC_063213.1	56500001	56600000	0.0003537999038474	82035	92221	260658635	1638558
AL	NC_063213.1	56600001	56700000	0.0003716975221801	81821	98118	263972704	1583396
AL	NC_063213.1	56700001	56800000	0.000756400718278	83871	204829	270794296	1616364
AL	NC_063213.1	56800001	56900000	0.0005202644417295	82219	142617	274124058	1484472
AL	NC_063213.1	56900001	57000000	0.0002276360798531	80182	61175	268740351	1427850
AL	NC_063213.1	57000001	57100000	0.0002055530912287	81141	54432	264807499	1535686
AL	NC_063213.1	57100001	57200000	0.000378680311891	79662	95722	252777863	1593178
AL	NC_063213.1	57200001	57300000	0.0005117249046265	83139	135372	264540574	1649304
AL	NC_063213.1	57300001	57400000	0.0007885751007923	83823	206313	261627586	1723880
AL	NC_063213.1	57400001	57500000	0.0005401752875417	85227	147511	273079875	1669374
AL	NC_063213.1	57500001	57600000	0.0004710186859974	82618	119902	254558903	1743674
AL	NC_063213.1	57600001	57700000	0.0005224177028428	83041	132687	253986416	1773284
AL	NC_063213.1	57700001	57800000	0.00053141416447	82554	141865	266957506	1584532
AL	NC_063213.1	57800001	57900000	0.0007746786242753	81517	221166	285493872	1309900
AL	NC_063213.1	57900001	58000000	0.0004197037230904	82356	110522	263333380	1623328
AL	NC_063213.1	58000001	58100000	0.000343770330407	80763	89877	261444901	1548986
AL	NC_063213.1	58100001	58200000	0.0004946112319421	71821	113244	228955577	1421450
AL	NC_063213.1	58200001	58300000	0.0005623207098432	76684	135338	240677602	1563556
AL	NC_063213.1	58300001	58400000	0.0009208900213294	74941	218097	236832841	1504594
AL	NC_063213.1	58400001	58500000	0.0007266703603293	80706	190330	261920687	1539738
AL	NC_063213.1	58500001	58600000	0.0005700614492786	73516	141187	247669791	1292458
AL	NC_063213.1	58600001	58700000	0.0005920473992311	82338	159843	269983451	1538626
AL	NC_063213.1	58700001	58800000	0.0006531198644189	84354	179625	275026086	1592156
AL	NC_063213.1	58800001	58900000	0.000629993860514	77589	162394	257770766	1409056
AL	NC_063213.1	58900001	59000000	0.0005808651569907	80144	142342	245051710	1716932
AL	NC_063213.1	59000001	59100000	0.0004763409047666	81505	131186	275403600	1428028
AL	NC_063213.1	59100001	59200000	0.0006349852770965	83548	172749	272051977	1582294
AL	NC_063213.1	59200001	59300000	0.0002371596702987	81412	61690	260120112	1604168
AL	NC_063213.1	59300001	59400000	0.0004600376891055	83760	122370	265999945	1671622
AL	NC_063213.1	59400001	59500000	0.0004973538332292	78583	130211	261807573	1418450
AL	NC_063213.1	59500001	59600000	0.0006927007130242	83826	194318	280522304	1498048
AL	NC_063213.1	59600001	59700000	0.0004111892748924	83966	114077	277431847	1542058
AL	NC_063213.1	59700001	59800000	0.0003755594337453	85885	102607	273211084	1707060
AL	NC_063213.1	59800001	59900000	0.0004839893325651	84616	129477	267520359	1697754
AL	NC_063213.1	59900001	60000000	0.000549806217916	84671	153997	280093231	1550454
AL	NC_063213.1	60000001	60100000	0.0006867188532994	79829	188617	274664077	1338746
AL	NC_063213.1	60100001	60200000	0.000625463466627	80876	156561	250311982	1692892
AL	NC_063213.1	60200001	60300000	0.0007088032411595	83975	185147	261210713	1741618
AL	NC_063213.1	60300001	60400000	0.0004641901037908	76190	112831	243070671	1507490
AL	NC_063213.1	60400001	60500000	0.0003680519714052	82680	97754	265598360	1610968
AL	NC_063213.1	60500001	60600000	0.0004798574080408	81493	129533	269940607	1489214
AL	NC_063213.1	60600001	60700000	0.0005439571050744	82581	138871	255297704	1728988
AL	NC_063213.1	60700001	60800000	0.000622311397742	79534	154388	248088016	1643120
AL	NC_063213.1	60800001	60900000	0.0005995065207973	80422	150270	250656156	1661488
AL	NC_063213.1	60900001	61000000	0.0008311448093419	84827	229964	276683434	1603504
AL	NC_063213.1	61000001	61100000	0.0007461977139869	79866	192438	257891436	1541792
AL	NC_063213.1	61100001	61200000	0.0005838683123103	83893	157644	269999239	1627934
AL	NC_063213.1	61200001	61300000	0.0009089716517387	83660	243500	267885142	1641380
AL	NC_063213.1	61300001	61400000	0.0004620645059898	82033	119605	258849140	1653604
AL	NC_063213.1	61400001	61500000	0.0003795715337536	80360	100738	265399249	1477550
AL	NC_063213.1	61500001	61600000	0.0005822840403101	79863	150373	258246817	1533778
AL	NC_063213.1	61600001	61700000	0.0005335505498421	80436	134455	252000490	1645380
AL	NC_063213.1	61700001	61800000	0.0002886265734615	83875	74184	257024151	1784870
AL	NC_063213.1	61800001	61900000	0.0004033270232294	84037	107880	267475259	1664462
AL	NC_063213.1	61900001	62000000	0.0004510035307417	82162	117258	259993530	1644340
AL	NC_063213.1	62000001	62100000	0.0005285710074288	81441	145393	275068057	1425610
AL	NC_063213.1	62100001	62200000	0.0004345202684927	85428	117725	270930975	1703482
AL	NC_063213.1	62200001	62300000	0.0006089094722896	82471	153342	251830538	1765912
AL	NC_063213.1	62300001	62400000	0.0005133999324268	71717	118442	230701238	1392464
AL	NC_063213.1	62400001	62500000	0.0004254785866866	69977	100237	235586474	1232888
AL	NC_063213.1	62500001	62600000	0.0005255563493272	80258	138863	264220954	1484292
AL	NC_063213.1	62600001	62700000	0.0004948975625513	83634	144567	292114997	1347662
AL	NC_063213.1	62700001	62800000	0.0002082048058797	84256	59486	285709063	1460554
AL	NC_063213.1	62800001	62900000	0.0004072276965307	82873	114179	280381224	1443900
AL	NC_063213.1	62900001	63000000	0.0004574331386681	82650	117079	255947788	1725608
AL	NC_063213.1	63000001	63100000	0.0003837434159246	80597	96137	250524168	1669284
AL	NC_063213.1	63100001	63200000	0.0003102666270537	85134	87076	280648940	1571440
AL	NC_063213.1	63200001	63300000	0.000376585705871	85238	104706	278040293	1605166
AL	NC_063213.1	63300001	63400000	0.0005056001576359	86590	145087	286959958	1573580
AL	NC_063213.1	63400001	63500000	0.0004215546064551	83444	116380	276073368	1531016
AL	NC_063213.1	63500001	63600000	0.0005484800301423	78515	140004	255258154	1493672
AL	NC_063213.1	63600001	63700000	0.0005632372886172	83308	159354	282925160	1440816
AL	NC_063213.1	63700001	63800000	0.0006175181425946	78446	156867	254028164	1504144
AL	NC_063213.1	63800001	63900000	0.000298912245747	83230	82119	274726115	1528634
AL	NC_063213.1	63900001	64000000	0.0005706667648794	85385	169884	297693874	1376664
AL	NC_063213.1	64000001	64100000	0.0005088023370393	85628	144708	284409071	1549034
AL	NC_063213.1	64100001	64200000	0.0004134475700611	78635	113957	275626242	1250352
AL	NC_063213.1	64200001	64300000	0.0004326530120978	83562	123009	284313287	1432762
AL	NC_063213.1	64300001	64400000	0.0002385951140157	83923	64576	270650974	1615824
AL	NC_063213.1	64400001	64500000	0.0004889182470487	82244	129681	265240663	1586762
AL	NC_063213.1	64500001	64600000	0.0007642799386924	84703	201597	263773769	1752394
AL	NC_063213.1	64600001	64700000	0.0009098188925071	82276	251158	276052742	1462036
AL	NC_063213.1	64700001	64800000	0.0003933411316225	86886	120604	306614260	1359608
AL	NC_063213.1	64800001	64900000	0.0001642202689375	86249	47271	287851191	1541710
AL	NC_063213.1	64900001	65000000	0.0003552881129331	84730	100939	284104636	1502704
AL	NC_063213.1	65000001	65100000	0.0005267677617492	87208	152204	288939474	1592172
AL	NC_063213.1	65100001	65200000	0.0004910688708386	84995	137507	280015713	1573042
AL	NC_063213.1	65200001	65300000	0.0002592626286484	83705	73159	282181047	1470166
AL	NC_063213.1	65300001	65400000	0.000550746271353	83418	157001	285069565	1417974
AL	NC_063213.1	65400001	65500000	0.0004010420071544	82967	115846	288862508	1344460
AL	NC_063213.1	65500001	65600000	0.0003561639777797	85794	97319	273242119	1698218
AL	NC_063213.1	65600001	65700000	0.0003625660295833	84541	97230	268171842	1686672
AL	NC_063213.1	65700001	65800000	0.000357365576816	85343	96154	269063408	1726148
AL	NC_063213.1	65800001	65900000	0.0002726904411002	85643	75787	277923200	1628532
AL	NC_063213.1	65900001	66000000	0.0005009186617741	84892	147158	293776238	1398276
AL	NC_063213.1	66000001	66100000	0.00050039397613	82569	140376	280530955	1421494
AL	NC_063213.1	66100001	66200000	0.0005611822991098	83951	156693	279219427	1515750
AL	NC_063213.1	66200001	66300000	0.0005041284217214	85401	140620	278936862	1604208
AL	NC_063213.1	66300001	66400000	0.0002867085832839	85561	84174	293587304	1440212
AL	NC_063213.1	66400001	66500000	0.0004572908190588	82116	126877	277453635	1434266
AL	NC_063213.1	66500001	66600000	0.000500950706826	79806	140829	281123468	1259600
AL	NC_063213.1	66600001	66700000	0.0005982020096937	83931	176441	294952202	1328808
AL	NC_063213.1	66700001	66800000	0.0004658766021789	80987	120122	257840809	1602690
AL	NC_063213.1	66800001	66900000	0.0003960380504924	83188	99653	251624812	1810544
AL	NC_063213.1	66900001	67000000	0.0005865550971028	84345	153490	261680447	1753750
AL	NC_063213.1	67000001	67100000	0.0004236601642662	84153	108807	256826129	1802962
AL	NC_063213.1	67100001	67200000	0.0004886419819929	78095	120015	245609269	1585450
AL	NC_063213.1	67200001	67300000	0.0005239547281917	82197	129124	246441139	1817126
AL	NC_063213.1	67300001	67400000	0.0006425665778374	83714	164147	255455241	1797758
AL	NC_063213.1	67400001	67500000	0.0004804567777702	82174	122339	254630605	1717518
AL	NC_063213.1	67500001	67600000	0.0003817511107369	84071	101893	266909505	1676666
AL	NC_063213.1	67600001	67700000	0.0002936653897539	82895	81763	278422323	1469006
AL	NC_063213.1	67700001	67800000	2.5335478294045327e-05	85524	7231	285410045	1533318
AL	NC_063213.1	67800001	67900000	0.0002731444160977	82888	78945	289022932	1341480
AL	NC_063213.1	67900001	68000000	0.0001431899571994	83254	41378	288972780	1360688
AL	NC_063213.1	68000001	68100000	2.0868813498345693e-05	85515	6285	301167098	1344840
AL	NC_063213.1	68100001	68200000	9.743961668854764e-05	85855	30755	315631373	1191698
AL	NC_063213.1	68200001	68300000	0.0002011194472637	86646	56636	281603797	1643358
AL	NC_063213.1	68300001	68400000	0.0002535724950687	80456	65973	260174117	1544278
AL	NC_063213.1	68400001	68500000	0.0002733894368882	81164	76223	278807407	1361114
AL	NC_063213.1	68500001	68600000	0.0003564386786169	81670	98306	275800596	1427032
AL	NC_063213.1	68600001	68700000	0.0003344201245146	82864	93491	279561525	1454734
AL	NC_063213.1	68700001	68800000	0.0003560615063674	82556	94432	265212606	1607420
AL	NC_063213.1	68800001	68900000	0.000372528779773	81976	100252	269112094	1527852
AL	NC_063213.1	68900001	69000000	0.0004244008449295	79302	105308	248133342	1623564
AL	NC_063213.1	69000001	69100000	0.0002723247027986	77646	69428	254945656	1445752
AL	NC_063213.1	69100001	69200000	0.0003455868342517	83223	88313	255545036	1765412
AL	NC_063213.1	69200001	69300000	0.0004085020431871	84128	111035	271810146	1621836
AL	NC_063213.1	69300001	69400000	0.0003413853975521	83809	93952	275208022	1558192
AL	NC_063213.1	69400001	69500000	0.0004424728521479	84392	125367	283332637	1493614
AL	NC_063213.1	69500001	69600000	0.0003648601231973	85562	103845	284615921	1542366
AL	NC_063213.1	69600001	69700000	0.0005058787526395	77450	140077	276898366	1174396
AL	NC_063213.1	69700001	69800000	0.0004882514161541	82546	134058	274567560	1494272
AL	NC_063213.1	69800001	69900000	0.0001698122170901	84583	47463	279502858	1559512
AL	NC_063213.1	69900001	70000000	0.0002497331912063	81877	65400	261879487	1609886
AL	NC_063213.1	70000001	70100000	0.0001250098922458	85455	33727	269794649	1720586
AL	NC_063213.1	70100001	70200000	0.0001714602836629	86831	45536	265577538	1851768
AL	NC_063213.1	70200001	70300000	0.0001905670642352	84158	56068	294216633	1355142
AL	NC_063213.1	70300001	70400000	0.0003648349505289	83016	103925	284854836	1400264
AL	NC_063213.1	70400001	70500000	0.0002454202346318	83327	63266	257786405	1741778
AL	NC_063213.1	70500001	70600000	0.0001983821090801	82226	50870	256424333	1696918
AL	NC_063213.1	70600001	70700000	9.781582700002454e-05	83488	24698	252494926	1818116
AL	NC_063213.1	70700001	70800000	0.0002235571172133	84781	61370	274515975	1626950
AL	NC_063213.1	70800001	70900000	0.0002875729848673	85030	78323	272358685	1664982
AL	NC_063213.1	70900001	71000000	9.114152426900955e-05	86241	24776	271840966	1743600
AL	NC_063213.1	71000001	71100000	0.0002295656115076	70738	52628	229250364	1354128
AL	NC_063213.1	71100001	71200000	0.0004658165214137	79740	122252	262446681	1474590
AL	NC_063213.1	71200001	71300000	0.0004665338539888	83832	138245	296323619	1307266
AL	NC_063213.1	71300001	71400000	0.0004729011074511	83917	138100	292027229	1362458
AL	NC_063213.1	71400001	71500000	0.0006121997937205	80320	162358	265204271	1479034
AL	NC_063213.1	71500001	71600000	0.0004234942072912	78454	114865	271231573	1294630
AL	NC_063213.1	71600001	71700000	0.0006003712981958	86399	184490	307293171	1325414
AL	NC_063213.1	71700001	71800000	0.0004850562058686	82299	129663	267315413	1573346
AL	NC_063213.1	71800001	71900000	0.0004610894002184	81747	118300	256566297	1663274
AL	NC_063213.1	71900001	72000000	NA	0	NA	NA	NA
AL	NC_063213.1	72000001	72100000	NA	0	NA	NA	NA
AL	NC_063213.1	72100001	72200000	0.0004518548153762	8721	12959	28679566	161272
AL	NC_063213.1	72200001	72300000	0.0001874882782857	86009	53885	287404634	1539264
AL	NC_063213.1	72300001	72400000	0.0004468077977109	86775	126638	283428357	1633442
AL	NC_063213.1	72400001	72500000	0.0006737051424064	81424	180196	267470127	1511522
AL	NC_063213.1	72500001	72600000	0.0004438580679116	81719	117290	264251139	1570342
AL	NC_063213.1	72600001	72700000	0.0006698243859555	81804	169711	253366410	1709540
AL	NC_063213.1	72700001	72800000	0.0008886891223008	81591	222594	250474541	1730234
AL	NC_063213.1	72800001	72900000	0.000516604016034	78544	137549	266256157	1363382
AL	NC_063213.1	72900001	73000000	0.0003216463058403	82288	81634	253800521	1729502
AL	NC_063213.1	73000001	73100000	0.000227806302449	86557	65411	287134286	1579336
AL	NC_063213.1	73100001	73200000	0.0003282569510369	83267	82910	252576525	1803986
AL	NC_063213.1	73200001	73300000	0.0002008211753881	82287	54672	272242207	1507270
AL	NC_063213.1	73300001	73400000	0.0002966882910095	78413	70859	238833153	1688426
AL	NC_063213.1	73400001	73500000	0.0001691717458294	80546	42289	249976731	1679186
AL	NC_063213.1	73500001	73600000	0.000363099876646	77651	87832	241894877	1608762
AL	NC_063213.1	73600001	73700000	0.0002707322514425	76552	65244	240990867	1553690
AL	NC_063213.1	73700001	73800000	0.0003965242009164	76219	97061	244779511	1490190
AL	NC_063213.1	73800001	73900000	0.0003309968531637	73592	77569	234349660	1460784
AL	NC_063213.1	73900001	74000000	0.0002930639248973	77627	68204	232727382	1719072
AL	NC_063213.1	74000001	74100000	0.0005334512895312	76417	134511	252152357	1410618
AL	NC_063213.1	74100001	74200000	0.0003759900115026	78745	98431	261791529	1427954
AL	NC_063213.1	74200001	74300000	0.0005261840903476	65906	114635	217861015	1210178
AL	NC_063213.1	74300001	74400000	7.271096386805445e-05	78339	17399	239289910	1677728
AL	NC_063213.1	74400001	74500000	0.0002547615806421	79065	62471	245213583	1648606
AL	NC_063213.1	74500001	74600000	0.000129791135389	69285	28887	222565277	1350562
AL	NC_063213.1	74600001	74700000	9.676665967407478e-05	73994	21981	227154684	1570912
AL	NC_063213.1	74700001	74800000	0.000181195904001	77675	45321	250121548	1509228
AL	NC_063213.1	74800001	74900000	0.0002319271594609	76299	55713	240217662	1547424
AL	NC_063213.1	74900001	75000000	0.0003540945736931	77064	83144	234807326	1659164
AL	NC_063213.1	75000001	75100000	0.0002084195965549	78152	48656	233452136	1741296
AL	NC_063213.1	75100001	75200000	0.0006582851942319	77593	150982	229356518	1758776
AL	NC_063213.1	75200001	75300000	0.0004239380893028	73883	94184	222164515	1626430
AL	NC_063213.1	75300001	75400000	0.0002996541546753	73201	72030	240377111	1366238
AL	NC_063213.1	75400001	75500000	0.0003612176377146	74512	83768	231904512	1544456
AL	NC_063213.1	75500001	75600000	0.000426933277058	75694	103656	242792037	1480790
AL	NC_063213.1	75600001	75700000	0.0003777475826391	72054	87728	232239739	1394682
AL	NC_063213.1	75700001	75800000	0.0002193214758985	67035	43651	199027477	1507626
AL	NC_063213.1	75800001	75900000	0.0005147228406576	76576	120831	234749637	1635350
AL	NC_063213.1	75900001	76000000	8.866041416510177e-05	77338	20434	230474899	1731186
AL	NC_063213.1	76000001	76100000	4.934234437269753e-06	77004	1211	245428144	1527520
AL	NC_063213.1	76100001	76200000	0.0001893693368248	76420	44467	234816263	1619474
AL	NC_063213.1	76200001	76300000	0.0003664461542882	78010	92973	253715311	1484514
AL	NC_063213.1	76300001	76400000	2.3998657675358505e-05	73731	5759	239971755	1399470
AL	NC_063213.1	76400001	76500000	0.0002463223951967	77604	60919	247314094	1539100
AL	NC_063213.1	76500001	76600000	0.0004242987169207	78375	103838	244728527	1614958
AL	NC_063213.1	76600001	76700000	0.0002450044609686	75504	58386	238305865	1524038
AL	NC_063213.1	76700001	76800000	0.000402814388884	77406	96824	240368772	1611464
AL	NC_063213.1	76800001	76900000	0.0003638932679871	77752	86499	237704315	1662658
AL	NC_063213.1	76900001	77000000	0.0003158645691454	79075	74726	236576075	1757486
AL	NC_063213.1	77000001	77100000	0.0002257610726609	77830	54609	241888468	1617920
AL	NC_063213.1	77100001	77200000	0.0004339040667774	77484	100512	231645674	1722220
AL	NC_063213.1	77200001	77300000	0.0003507322149106	81264	84382	240588108	1836424
AL	NC_063213.1	77300001	77400000	7.633282172371543e-05	73409	16990	222577911	1593070
AL	NC_063213.1	77400001	77500000	5.060503862805069e-05	70032	11863	234423297	1249862
AL	NC_063213.1	77500001	77600000	0.0005798206787834	76477	136490	235400366	1617032
AL	NC_063213.1	77600001	77700000	0.000409054138748	76472	97924	239391295	1566706
AL	NC_063213.1	77700001	77800000	0.0007226080505383	75157	168196	232762422	1570960
AL	NC_063213.1	77800001	77900000	0.0006710848777983	72802	155656	231946815	1444306
AL	NC_063213.1	77900001	78000000	0.0002897585929325	76198	68621	236821277	1582614
AL	NC_063213.1	78000001	78100000	2.335123390581068e-05	70765	5265	225469884	1405324
AL	NC_063213.1	78100001	78200000	1.2515332816961226e-05	77023	2957	236270185	1639402
AL	NC_063213.1	78200001	78300000	5.354136369303047e-05	79059	13038	243512662	1671816
AL	NC_063213.1	78300001	78400000	0.0001664109380455	78872	40122	241101940	1688880
AL	NC_063213.1	78400001	78500000	0.0004368015161723	78285	103297	236484985	1711554
AL	NC_063213.1	78500001	78600000	0.0002852083163951	72709	63466	222525068	1554972
AL	NC_063213.1	78600001	78700000	1.710362021378353e-05	72847	4203	245737449	1278362
AL	NC_063213.1	78700001	78800000	0.0	4007	0	12180551	86518
AL	NC_063213.1	78800001	78900000	0.0	4	0	13799	66
AL	NC_063213.1	78900001	79000000	0.0	16	0	45496	392
AL	NC_063213.1	79000001	79100000	NA	0	NA	NA	NA
AL	NC_063213.1	79100001	79200000	0.0	12	0	50477	94
AL	NC_063213.1	79200001	79300000	0.0	7	0	28980	60
AL	NC_063213.1	79300001	79400000	0.0	3	0	11665	34
AL	NC_063213.1	79400001	79500000	7.275566633471893e-05	54472	11648	160097496	1245968
AL	NC_063213.1	79500001	79600000	0.000121021905436	75379	28770	237725558	1526456
AL	NC_063213.1	79600001	79700000	0.0002171735446184	77330	52448	241502712	1594136
AL	NC_063213.1	79700001	79800000	4.587461530377508e-05	75588	10768	234726764	1573328
AL	NC_063213.1	79800001	79900000	5.923016130070982e-05	76754	14078	237682959	1603298
AL	NC_063213.1	79900001	80000000	0.0001789542506675	78172	44355	247856644	1564752
AL	NC_063213.1	80000001	80100000	0.0001280561842892	81659	32758	255809590	1668728
AL	NC_063213.1	80100001	80200000	0.0001661140937063	85484	44586	268405883	1740994
AL	NC_063213.1	80200001	80300000	0.0002512089674561	84178	72364	288062965	1423206
AL	NC_063213.1	80300001	80400000	0.0004113442818543	85137	112374	273187218	1659976
AL	NC_063213.1	80400001	80500000	0.0005800724611851	80783	156552	269883524	1449876
AL	NC_063213.1	80500001	80600000	0.0003533142675459	82488	96607	273430792	1503040
AL	NC_063213.1	80600001	80700000	0.0004112149314916	83317	107992	262616923	1684446
AL	NC_063213.1	80700001	80800000	0.0001883193166681	80368	49407	262357579	1514778
AL	NC_063213.1	80800001	80900000	0.0002368862383562	81888	62206	262598623	1598170
AL	NC_063213.1	80900001	81000000	8.388343185974569e-05	86602	23250	277170348	1699192
AL	NC_063213.1	81000001	81100000	4.404059495406519e-05	81848	12723	288892555	1284122
AL	NC_063213.1	81100001	81200000	5.574820012789959e-05	84034	14576	261461356	1738880
AL	NC_063213.1	81200001	81300000	0.0001132830357849	85650	31605	278991464	1624040
AL	NC_063213.1	81300001	81400000	6.462290511888597e-05	78700	16691	258283034	1469676
AL	NC_063213.1	81400001	81500000	6.448602014150057e-05	82494	15816	245262461	1851014
AL	NC_063213.1	81500001	81600000	0.0001633646664274	75812	39337	240792583	1512162
AL	NC_063213.1	81600001	81700000	6.514295732638694e-05	45919	9596	147306791	896966
AL	NC_063213.1	81700001	81800000	0.0	351	0	1037009	8082
AL	NC_063213.1	81800001	81900000	1.672649531793419e-05	15498	816	48784876	314272
AL	NC_063213.1	81900001	82000000	3.604600258808902e-05	77004	8773	243383437	1548550
AL	NC_063213.1	82000001	82100000	0.00017102663614	78553	42365	247709953	1590794
AL	NC_063213.1	82100001	82200000	1.4442061865166303e-05	72167	3290	227806807	1456278
AL	NC_063213.1	82200001	82300000	4.465823835599939e-06	76752	1032	231088381	1686878
AL	NC_063213.1	82300001	82400000	9.676875297052797e-06	73327	2182	225486010	1553952
AL	NC_063213.1	82400001	82500000	2.1303345078923216e-05	78267	4972	233390577	1746578
AL	NC_063213.1	82500001	82600000	5.884103606284926e-05	80236	14987	254703197	1599894
AL	NC_063213.1	82600001	82700000	0.000118196070833	80345	29153	246649485	1707418
AL	NC_063213.1	82700001	82800000	0.0001161139665988	75677	27908	240350070	1509072
AL	NC_063213.1	82800001	82900000	4.803562596163004e-05	76127	11845	246587814	1456008
AL	NC_063213.1	82900001	83000000	0.0001509005013809	75139	37454	248203284	1378916
AL	NC_063213.1	83000001	83100000	0.0001067036784003	82102	26400	247414151	1798658
AL	NC_063213.1	83100001	83200000	9.716245646365691e-05	85058	25323	260625358	1809060
AL	NC_063213.1	83200001	83300000	0.0001042478324089	78275	27453	263343605	1380618
AL	NC_063213.1	83300001	83400000	7.437733298424328e-05	81305	19776	265887458	1524032
AL	NC_063213.1	83400001	83500000	5.5856472527637216e-06	76546	1524	272842149	1172286
AL	NC_063213.1	83500001	83600000	5.6346825367338e-07	85430	162	287505106	1506668
AL	NC_063213.1	83600001	83700000	4.088129328910639e-06	82224	1075	262956456	1616344
AL	NC_063213.1	83700001	83800000	0.0	80912	0	250388834	1692468
AL	NC_063213.1	83800001	83900000	9.57917792948924e-07	82162	253	264114522	1599012
AL	NC_063213.1	83900001	84000000	2.695165212953763e-06	80294	660	244882947	1725162
AL	NC_063213.1	84000001	84100000	5.201517208146032e-06	81751	1279	245889795	1797982
AL	NC_063213.1	84100001	84200000	5.294079747307621e-06	77392	1352	255379606	1424316
AL	NC_063213.1	84200001	84300000	4.505757467793373e-06	79398	1116	247683105	1638566
AL	NC_063213.1	84300001	84400000	7.17298069027295e-06	76377	1707	237976383	1580414
AL	NC_063213.1	84400001	84500000	1.4824176602499466e-06	83057	397	267805768	1609396
AL	NC_063213.1	84500001	84600000	3.024787976406512e-07	81914	77	254563297	1699582
AL	NC_063213.1	84600001	84700000	3.191804770250091e-06	80124	848	265680410	1459668
AL	NC_063213.1	84700001	84800000	5.241980911615199e-06	80611	1380	263259257	1517242
AL	NC_063213.1	84800001	84900000	4.315756689695299e-06	78879	1101	255111694	1513224
AL	NC_063213.1	84900001	85000000	2.995544726328532e-07	87119	81	270401571	1813046
AL	NC_063213.1	85000001	85100000	5.553309687859463e-06	81423	1570	282714289	1332594
AL	NC_063213.1	85100001	85200000	5.7135383159686844e-06	80699	1538	269185208	1450996
AL	NC_063213.1	85200001	85300000	5.530543798433561e-06	84000	1570	283878052	1472616
AL	NC_063213.1	85300001	85400000	5.297151401339963e-06	79052	1260	237863694	1737148
AL	NC_063213.1	85400001	85500000	7.47438874579421e-06	79038	1803	241223739	1698954
AL	NC_063213.1	85500001	85600000	4.2515962573522695e-06	79917	1048	246495654	1682256
AL	NC_063213.1	85600001	85700000	6.30890894634089e-06	77060	1526	241880175	1572570
AL	NC_063213.1	85700001	85800000	9.766556430266756e-07	79436	237	242664855	1700226
AL	NC_063213.1	85800001	85900000	1.001646436334882e-06	79399	263	262567699	1454630
AL	NC_063213.1	85900001	86000000	6.5021725503424e-06	81903	1770	272216707	1485550
AL	NC_063213.1	86000001	86100000	0.0001649507583846	83827	46666	282908672	1466668
AL	NC_063213.1	86100001	86200000	0.0001590794960912	83240	42881	269557052	1596400
AL	NC_063213.1	86200001	86300000	0.0002593049543435	85402	72543	279759406	1594028
AL	NC_063213.1	86300001	86400000	1.4214167713557712e-05	86177	3932	276625412	1679268
AL	NC_063213.1	86400001	86500000	1.5328657669728094e-05	83381	3829	249793562	1845752
AL	NC_063213.1	86500001	86600000	2.5268200950006946e-05	80758	6659	263532810	1525044
AL	NC_063213.1	86600001	86700000	2.7818547879943467e-05	81595	6901	248071899	1762374
AL	NC_063213.1	86700001	86800000	2.4123090337450383e-05	76137	6060	251211595	1405102
AL	NC_063213.1	86800001	86900000	1.9671815806811023e-05	74466	4683	238056316	1467928
AL	NC_063213.1	86900001	87000000	1.2429545749408409e-05	77333	2952	237498623	1641206
AL	NC_063213.1	87000001	87100000	1.904208630673412e-05	77064	4385	230279389	1715118
AL	NC_063213.1	87100001	87200000	5.5480121658372216e-05	70878	13843	249512791	1120074
AL	NC_063213.1	87200001	87300000	8.294783753934867e-05	77097	21039	253641332	1429588
AL	NC_063213.1	87300001	87400000	0.0002595884104283	76878	64668	249117439	1471946
AL	NC_063213.1	87400001	87500000	0.0002304326751327	76919	54734	237527078	1618392
AL	NC_063213.1	87500001	87600000	3.2618389045676634e-05	75455	8146	249736429	1383546
AL	NC_063213.1	87600001	87700000	1.6959358270135853e-05	79156	4097	241577537	1702078
AL	NC_063213.1	87700001	87800000	4.24784298669226e-05	81018	10301	242499547	1798730
AL	NC_063213.1	87800001	87900000	5.450443596508687e-05	75656	12796	234769882	1575476
AL	NC_063213.1	87900001	88000000	9.606207191461215e-06	78737	2325	242031007	1667278
AL	NC_063213.1	88000001	88100000	3.530781844240781e-05	79799	8492	240513302	1750040
AL	NC_063213.1	88100001	88200000	6.477271584587426e-05	75704	14519	224153022	1710540
AL	NC_063213.1	88200001	88300000	3.85393707622976e-05	72493	8535	221461841	1552298
AL	NC_063213.1	88300001	88400000	4.109498094625068e-05	71674	9403	228811397	1412902
AL	NC_063213.1	88400001	88500000	1.608184603510637e-05	73880	3752	233306549	1490878
AL	NC_063213.1	88500001	88600000	5.049345474257953e-05	74158	11648	230683364	1536320
AL	NC_063213.1	88600001	88700000	0.0001150955747615	80676	30386	264006675	1514442
AL	NC_063213.1	88700001	88800000	0.0001182154656721	83345	31999	270683703	1585270
AL	NC_063213.1	88800001	88900000	1.29313755878274e-05	84564	3408	263545048	1743096
AL	NC_063213.1	88900001	89000000	0.0	84205	0	265143745	1704202
AL	NC_063213.1	89000001	89100000	8.11776057903801e-06	82640	2149	264728182	1617444
AL	NC_063213.1	89100001	89200000	4.317804858753145e-05	84270	11629	269326669	1661798
AL	NC_063213.1	89200001	89300000	7.15116821150586e-05	79147	18880	264012808	1417380
AL	NC_063213.1	89300001	89400000	0.0003352309884975	83738	92112	274771734	1555340
AL	NC_063213.1	89400001	89500000	0.0002949158915532	82027	76634	259850358	1642328
AL	NC_063213.1	89500001	89600000	0.0003072421525073	82444	85567	278500197	1441950
AL	NC_063213.1	89600001	89700000	0.0003186140560747	81228	81940	257176350	1626260
AL	NC_063213.1	89700001	89800000	0.0003891141667553	82028	100634	258623326	1657252
AL	NC_063213.1	89800001	89900000	0.000233675899627	83032	58680	251117039	1808298
AL	NC_063213.1	89900001	90000000	0.0003098781921754	84457	87482	282310928	1515516
AL	NC_063213.1	90000001	90100000	0.0002706303103059	84785	72530	268003979	1702846
AL	NC_063213.1	90100001	90200000	0.0003143734795852	84758	86116	273928959	1627930
AL	NC_063213.1	90200001	90300000	0.000417764893866	9500	15678	37528285	102206
AL	NC_063213.1	90300001	90400000	0.0	10	0	27316	256
AL	NC_063213.1	90400001	90500000	0.0	14	0	52792	184
AL	NC_063213.1	90500001	90600000	0.0	12	0	27122	388
AL	NC_063213.1	90600001	90700000	NA	0	NA	NA	NA
AL	NC_063213.1	90700001	90800000	0.0	9	0	14675	382
AL	NC_063213.1	90800001	90900000	NA	0	NA	NA	NA
AL	NC_063213.1	90900001	91000000	NA	0	NA	NA	NA
AL	NC_063213.1	91000001	91100000	NA	0	NA	NA	NA
AL	NC_063213.1	91100001	91200000	0.0	18	0	66498	244
AL	NC_063213.1	91200001	91300000	NA	0	NA	NA	NA
AL	NC_063213.1	91300001	91400000	NA	0	NA	NA	NA
AL	NC_063213.1	91400001	91500000	0.0	23	0	95035	198
AL	NC_063213.1	91500001	91600000	0.0	4	0	8197	142
AL	NC_063213.1	91600001	91700000	NA	0	NA	NA	NA
AL	NC_063213.1	91700001	91800000	0.0	382	0	1410268	5232
AL	NC_063213.1	91800001	91900000	0.0006892150395896	39757	107889	156538952	433644
AL	NC_063213.1	91900001	92000000	0.0007349988809754	54561	156862	213418012	612708
AL	NC_063213.1	92000001	92100000	0.0010008129395124	55533	215389	215214044	647140
AL	NC_063213.1	92100001	92200000	0.0006642787600848	41418	105592	158957363	503858
AL	NC_063213.1	92200001	92300000	0.0007551364321726	46737	132688	175713943	608974
AL	NC_063213.1	92300001	92400000	0.0006139281165634	41416	96866	157780687	514826
AL	NC_063213.1	92400001	92500000	0.0006737107722214	25435	61540	91344836	380764
AL	NC_063213.1	92500001	92600000	0.0004840364645297	42299	78980	163169525	502314
AL	NC_063213.1	92600001	92700000	0.0004042275915824	82580	130183	322053721	931942
AL	NC_063213.1	92700001	92800000	0.0004164003619767	78806	126748	304389745	923022
AL	NC_063213.1	92800001	92900000	0.0004984539606458	71256	134726	270287751	901114
AL	NC_063213.1	92900001	93000000	0.000816490530893	67155	188711	231124542	1132016
AL	NC_063213.1	93000001	93100000	0.0006485276021477	66877	154791	238680666	1025336
AL	NC_063213.1	93100001	93200000	0.0005508072919806	77407	161334	292904619	977886
AL	NC_063213.1	93200001	93300000	0.0003993741158147	70831	107134	268254741	893850
AL	NC_063213.1	93300001	93400000	0.0003234943138823	64448	72111	222912728	1076576
AL	NC_063213.1	93400001	93500000	0.0001805592446248	48608	31856	176429626	710044
AL	NC_063213.1	93500001	93600000	0.0008269870414732	66307	190028	229783528	1089748
AL	NC_063213.1	93600001	93700000	0.0004088744852445	52781	72247	176697257	948658
AL	NC_063213.1	93700001	93800000	0.0006542519678539	62182	151371	231364990	833556
AL	NC_063213.1	93800001	93900000	0.0005184437135666	68266	138108	266389574	770060
AL	NC_063213.1	93900001	94000000	0.0006346245049541	66505	168416	265378974	680984
AL	NC_063213.1	94000001	94100000	0.0005239582808849	74764	152243	290563210	854140
AL	NC_063213.1	94100001	94200000	0.0003583567109159	78072	108566	302955119	896162
AL	NC_063213.1	94200001	94300000	0.0005171906750614	75341	145848	282000444	989740
AL	NC_063213.1	94300001	94400000	0.0003404570060372	81115	100106	294034190	1179424
AL	NC_063213.1	94400001	94500000	0.0004727480049847	65581	123137	260470692	690012
AL	NC_063213.1	94500001	94600000	0.000211963721008	2066	1475	6958738	36796
AL	NC_063213.1	94600001	94700000	0.0004747407128725	48785	89503	188530281	572898
AL	NC_063213.1	94700001	94800000	0.0001948567027256	3425	2034	10438440	74140
AL	NC_063213.1	94800001	94900000	0.000306063319052	26190	30322	99071003	333642
AL	NC_063213.1	94900001	95000000	0.0003359654001137	35378	39947	118902125	629486
AL	NC_063213.1	95000001	95100000	0.0006322694764234	72151	163420	258465743	1085678
AL	NC_063213.1	95100001	95200000	0.0005875045752793	83219	169321	288203713	1370962
AL	NC_063213.1	95200001	95300000	0.0005085256750409	82938	150878	296696917	1251126
AL	NC_063213.1	95300001	95400000	0.0006633232861413	83358	209665	316082677	1052190
AL	NC_063213.1	95400001	95500000	0.0004165558273282	67246	98543	236566130	1078164
AL	NC_063213.1	95500001	95600000	0.0001205136617696	77999	35321	293087103	1019478
AL	NC_063213.1	95600001	95700000	0.0004543199064702	70686	109681	241417993	1216006
AL	NC_063213.1	95700001	95800000	0.0004130042314375	81841	129463	313466522	996272
AL	NC_063213.1	95800001	95900000	0.0002283775152739	70798	58315	255344752	1059800
AL	NC_063213.1	95900001	96000000	0.0001842188215846	86126	60890	330530830	1034396
AL	NC_063213.1	96000001	96100000	0.0001648374913718	84187	52239	316912127	1083950
AL	NC_063213.1	96100001	96200000	0.0001990036333968	56981	34593	173830997	1241018
AL	NC_063213.1	96200001	96300000	0.0001696590217801	55723	29679	174933226	1150560
AL	NC_063213.1	96300001	96400000	9.918667671907688e-05	63386	21250	214242484	1118432
AL	NC_063213.1	96400001	96500000	0.000239771393309	57072	47313	197325458	954956
AL	NC_063213.1	96500001	96600000	0.0006218456559799	55814	122353	196757827	886050
AL	NC_063213.1	96600001	96700000	0.0006456567967662	62925	150965	233816171	849006
AL	NC_063213.1	96700001	96800000	0.0006735712228955	45194	103754	154035678	782980
AL	NC_063213.1	96800001	96900000	0.000490173344851	43395	63554	129656173	980218
AL	NC_063213.1	96900001	97000000	0.0005502401547817	49465	96017	174500169	784338
AL	NC_063213.1	97000001	97100000	0.0005520992329243	43551	81045	146794263	778470
AL	NC_063213.1	97100001	97200000	0.0007968435483226	35967	83100	104286469	853058
AL	NC_063213.1	97200001	97300000	0.0008365663457912	44026	136547	163223157	602134
AL	NC_063213.1	97300001	97400000	0.0002529561486045	60632	59319	234503096	715216
AL	NC_063213.1	97400001	97500000	9.323253242007309e-06	64295	2361	253237785	704226
AL	NC_063213.1	97500001	97600000	8.326654946558573e-06	54862	1708	205124388	730672
AL	NC_063213.1	97600001	97700000	5.078607920244263e-07	52615	89	175244873	960714
AL	NC_063213.1	97700001	97800000	2.7966592238970573e-06	59794	589	210608427	946402
AL	NC_063213.1	97800001	97900000	3.927976586024224e-05	26303	2671	67999387	731318
AL	NC_063213.1	97900001	98000000	0.0005115235368095	40096	59199	115730745	957534
AL	NC_063213.1	98000001	98100000	0.0003883514222985	80191	117792	303312910	1016376
AL	NC_063213.1	98100001	98200000	0.0004833730507003	81433	151572	313571474	970208
AL	NC_063213.1	98200001	98300000	0.0001220806016345	81312	38877	318453542	906284
AL	NC_063213.1	98300001	98400000	6.944215662552797e-05	81939	22027	317199250	955232
AL	NC_063213.1	98400001	98500000	0.000140797548747	80238	41945	297910016	1081432
AL	NC_063213.1	98500001	98600000	0.0002385418908743	76435	65546	274777733	1133266
AL	NC_063213.1	98600001	98700000	0.0	3848	0	13939302	56580
AL	NC_063213.1	98700001	98800000	0.000341230014406	31516	30820	90320308	764384
AL	NC_063213.1	98800001	98900000	0.0009174803608456	28433	74760	81484033	689770
AL	NC_063213.1	98900001	99000000	0.0007952539272665	28158	65868	82826375	654018
AL	NC_063213.1	99000001	99100000	0.0011762676748607	15524	54484	46319389	352902
AL	NC_063214.1	1	100000	0.0002368197701671	12230	10670	45055360	170128
AL	NC_063214.1	100001	200000	0.0	139	0	477220	2356
AL	NC_063214.1	200001	300000	9.047124968668292e-05	74827	24143	266858257	1140570
AL	NC_063214.1	300001	400000	0.0001734686903086	69215	42526	245150868	1074340
AL	NC_063214.1	400001	500000	0.0003996074914184	81463	129549	324190619	845550
AL	NC_063214.1	500001	600000	0.0006846332463411	80658	221953	324192553	800934
AL	NC_063214.1	600001	700000	0.0008583769151192	76297	254418	296394271	875222
AL	NC_063214.1	700001	800000	0.0004762419681316	81221	147537	309794201	995170
AL	NC_063214.1	800001	900000	0.0002841083504024	76621	87375	307541119	766574
AL	NC_063214.1	900001	1000000	0.0007139700043634	80402	226477	317208004	870992
AL	NC_063214.1	1000001	1100000	0.0003609559506819	75579	106449	294908561	857434
AL	NC_063214.1	1100001	1200000	0.0003677585993659	75398	105257	286212206	944500
AL	NC_063214.1	1200001	1300000	0.0005376979733391	81781	167926	312305436	1001820
AL	NC_063214.1	1300001	1400000	0.0003343226017421	78405	95640	286070997	1114762
AL	NC_063214.1	1400001	1500000	0.0002346849322215	75558	64490	274793952	1087520
AL	NC_063214.1	1500001	1600000	0.0003846725778523	75302	111442	289706120	899808
AL	NC_063214.1	1600001	1700000	0.0004168441566684	78523	113114	271358008	1294124
AL	NC_063214.1	1700001	1800000	0.0005391178196468	78777	164648	305402630	910024
AL	NC_063214.1	1800001	1900000	0.0002822418382038	75451	80428	284961296	959932
AL	NC_063214.1	1900001	2000000	0.0001778551259709	83448	53426	300390555	1237722
AL	NC_063214.1	2000001	2100000	0.0001477132127556	80363	38813	262759162	1505536
AL	NC_063214.1	2100001	2200000	0.0003462848416238	80005	87735	253360787	1600902
AL	NC_063214.1	2200001	2300000	0.0001625445095959	66363	36673	225618202	1142960
AL	NC_063214.1	2300001	2400000	0.0003605391162287	45023	53713	148979674	823192
AL	NC_063214.1	2400001	2500000	0.0002521889677618	81222	66467	263560300	1547336
AL	NC_063214.1	2500001	2600000	0.0002531306364082	81702	69057	272811703	1464130
AL	NC_063214.1	2600001	2700000	0.0004255212987635	83281	120981	284312443	1422110
AL	NC_063214.1	2700001	2800000	0.0005202335169755	81720	132945	255548702	1673860
AL	NC_063214.1	2800001	2900000	0.0004302792838327	82516	111448	259013167	1682682
AL	NC_063214.1	2900001	3000000	0.0003771677316882	81322	99735	264431423	1544506
AL	NC_063214.1	3000001	3100000	0.0002932985263566	84308	77218	263274422	1731156
AL	NC_063214.1	3100001	3200000	0.0003544807095333	82875	92673	261433126	1668552
AL	NC_063214.1	3200001	3300000	0.000133187940052	84316	35921	269701596	1653776
AL	NC_063214.1	3300001	3400000	1.183651296625788e-06	82453	318	268660205	1561986
AL	NC_063214.1	3400001	3500000	0.0	77067	0	240252845	1589610
AL	NC_063214.1	3500001	3600000	3.154950778914017e-07	81466	79	250400103	1722650
AL	NC_063214.1	3600001	3700000	0.0	83160	0	253585184	1783584
AL	NC_063214.1	3700001	3800000	0.0	82309	0	247491588	1810228
AL	NC_063214.1	3800001	3900000	1.3918227773419289e-06	82776	345	247876386	1833236
AL	NC_063214.1	3900001	4000000	0.0001108234364549	82379	28368	255974737	1710002
AL	NC_063214.1	4000001	4100000	0.0002417265618941	81281	61369	253877768	1672380
AL	NC_063214.1	4100001	4200000	0.0003754221529146	79980	91470	243645718	1721756
AL	NC_063214.1	4200001	4300000	0.0006937502467359	81857	176101	253839189	1707306
AL	NC_063214.1	4300001	4400000	0.00045494013176	84865	116310	255660013	1861082
AL	NC_063214.1	4400001	4500000	0.0001410995030224	83986	38944	276003807	1563370
AL	NC_063214.1	4500001	4600000	0.0001791346843413	81040	48035	268150192	1481888
AL	NC_063214.1	4600001	4700000	0.000252111787811	84539	69645	276246504	1589572
AL	NC_063214.1	4700001	4800000	0.0001184548617531	83620	33927	286412896	1414456
AL	NC_063214.1	4800001	4900000	0.0002811362100694	84685	85135	302824741	1280818
AL	NC_063214.1	4900001	5000000	0.0003756555130174	84291	104300	277647995	1556958
AL	NC_063214.1	5000001	5100000	0.0002817297445961	84265	81441	289074908	1418468
AL	NC_063214.1	5100001	5200000	0.000205612868669	85989	65713	319595755	1157278
AL	NC_063214.1	5200001	5300000	0.0004283591284382	86030	129963	303397293	1347694
AL	NC_063214.1	5300001	5400000	0.0003978202905742	86501	134936	339188330	955144
AL	NC_063214.1	5400001	5500000	0.0001860302505982	84952	60313	324210712	1043464
AL	NC_063214.1	5500001	5600000	0.0002901743375186	85368	96689	333210031	964666
AL	NC_063214.1	5600001	5700000	0.0001349461386875	85630	43683	323706928	1089056
AL	NC_063214.1	5700001	5800000	0.0003424548713918	85378	105456	307941305	1256478
AL	NC_063214.1	5800001	5900000	0.0002923951509364	85321	80322	274703598	1651048
AL	NC_063214.1	5900001	6000000	0.0004729950835342	83686	128264	271174066	1599868
AL	NC_063214.1	6000001	6100000	0.0003111312368408	83571	80094	257428347	1760526
AL	NC_063214.1	6100001	6200000	0.0003618295049946	84895	98887	273297226	1645672
AL	NC_063214.1	6200001	6300000	0.0001515227278804	84187	43129	284637167	1468910
AL	NC_063214.1	6300001	6400000	0.0001911581166806	75907	47462	248286606	1425048
AL	NC_063214.1	6400001	6500000	0.0001593533756859	84877	41422	259938014	1806984
AL	NC_063214.1	6500001	6600000	0.0001395666070764	81922	35155	251886900	1732048
AL	NC_063214.1	6600001	6700000	0.0	82568	0	248586888	1812440
AL	NC_063214.1	6700001	6800000	0.0	80578	0	246236622	1725236
AL	NC_063214.1	6800001	6900000	0.0	80450	0	246268410	1718164
AL	NC_063214.1	6900001	7000000	0.0	81903	0	244821599	1820806
AL	NC_063214.1	7000001	7100000	0.0	79560	0	238971264	1754544
AL	NC_063214.1	7100001	7200000	2.789497591849476e-06	81402	699	250582758	1721052
AL	NC_063214.1	7200001	7300000	7.417322130034827e-06	79420	1739	234451190	1803348
AL	NC_063214.1	7300001	7400000	0.0002709682929302	81365	65099	240245821	1846690
AL	NC_063214.1	7400001	7500000	0.0005285047249741	82200	132225	250186978	1774404
AL	NC_063214.1	7500001	7600000	0.0005929504408773	79936	142338	240050416	1764992
AL	NC_063214.1	7600001	7700000	0.0001282396013545	81469	30677	239216277	1866386
AL	NC_063214.1	7700001	7800000	0.0005272389226217	79318	128026	242823499	1693050
AL	NC_063214.1	7800001	7900000	0.0005669206394292	81114	138412	244147047	1781450
AL	NC_063214.1	7900001	8000000	0.0003831604717977	79359	93045	242835592	1694660
AL	NC_063214.1	8000001	8100000	0.0005322449690308	81137	133271	250394100	1705020
AL	NC_063214.1	8100001	8200000	0.0006900595536142	81203	179071	259500791	1601806
AL	NC_063214.1	8200001	8300000	0.0005538477683287	81197	136671	246766364	1754388
AL	NC_063214.1	8300001	8400000	0.0005016304154145	75896	119421	238065708	1548072
AL	NC_063214.1	8400001	8500000	0.0004885455369275	79914	116265	237981910	1788140
AL	NC_063214.1	8500001	8600000	0.0007218010631794	79284	176973	245182515	1662922
AL	NC_063214.1	8600001	8700000	0.0006580639305639	80281	158972	241575313	1764298
AL	NC_063214.1	8700001	8800000	0.0006477443065054	80597	155159	239537420	1809340
AL	NC_063214.1	8800001	8900000	0.0005828631006924	80557	146974	252158697	1653514
AL	NC_063214.1	8900001	9000000	0.0005858068553224	83430	143713	245324886	1906356
AL	NC_063214.1	9000001	9100000	0.0004086165024874	78692	99957	244623013	1632070
AL	NC_063214.1	9100001	9200000	0.0002765420782017	81788	69909	252796972	1713536
AL	NC_063214.1	9200001	9300000	0.0005445636012241	81251	139990	257068228	1632292
AL	NC_063214.1	9300001	9400000	0.0006417877210394	82638	161330	251375953	1782006
AL	NC_063214.1	9400001	9500000	0.0007596182128748	83537	195548	257429320	1761740
AL	NC_063214.1	9500001	9600000	0.0006962256444389	84414	183771	263953219	1731906
AL	NC_063214.1	9600001	9700000	0.0006696093887307	81587	168391	251476462	1718200
AL	NC_063214.1	9700001	9800000	0.0005794061739592	82092	148429	256174350	1689948
AL	NC_063214.1	9800001	9900000	0.0007469288958963	84161	198886	266271664	1686604
AL	NC_063214.1	9900001	10000000	0.0004501875561263	78121	113797	252776867	1498886
AL	NC_063214.1	10000001	10100000	0.0007197447382119	81854	186205	258709776	1646528
AL	NC_063214.1	10100001	10200000	0.0007494341603074	83840	190889	254710834	1811156
AL	NC_063214.1	10200001	10300000	0.0006857524755817	75303	167132	243720593	1446002
AL	NC_063214.1	10300001	10400000	0.000638895711172	82355	155269	243027144	1870612
AL	NC_063214.1	10400001	10500000	0.0009779754062934	82466	241083	246512334	1832676
AL	NC_063214.1	10500001	10600000	0.0007812254220559	81260	194091	248444296	1736896
AL	NC_063214.1	10600001	10700000	0.0006543176519348	78760	162501	248351851	1590610
AL	NC_063214.1	10700001	10800000	0.0009393828348638	77455	224778	239282635	1625086
AL	NC_063214.1	10800001	10900000	0.0005718877790991	79448	147201	257394904	1519360
AL	NC_063214.1	10900001	11000000	0.0005155197020627	82087	137571	266858860	1561340
AL	NC_063214.1	11000001	11100000	0.0004083142745403	85030	107516	263316780	1774768
AL	NC_063214.1	11100001	11200000	0.0004618699970471	84720	124281	269082211	1684666
AL	NC_063214.1	11200001	11300000	0.0003212125595298	82540	89543	278765563	1443762
AL	NC_063214.1	11300001	11400000	0.0001328228843866	85587	36461	274508419	1670918
AL	NC_063214.1	11400001	11500000	0.0005054016278084	83747	143938	284799241	1441682
AL	NC_063214.1	11500001	11600000	0.0003224949056436	83031	84903	263269275	1660182
AL	NC_063214.1	11600001	11700000	0.0003239677718683	82842	83525	257818855	1713626
AL	NC_063214.1	11700001	11800000	0.0003781197714842	79380	98243	259819791	1487850
AL	NC_063214.1	11800001	11900000	0.0004774744798313	82294	122836	257261917	1688502
AL	NC_063214.1	11900001	12000000	0.0005086694342223	79624	129913	255397693	1555270
AL	NC_063214.1	12000001	12100000	0.0005446489005331	80865	134046	246114515	1740798
AL	NC_063214.1	12100001	12200000	0.0001839446360404	75089	46587	253266423	1318358
AL	NC_063214.1	12200001	12300000	0.000519688753816	80064	135671	261062028	1510544
AL	NC_063214.1	12300001	12400000	0.0005213740158491	76905	131760	252716852	1432420
AL	NC_063214.1	12400001	12500000	0.0005536539245531	82464	144382	260780234	1658836
AL	NC_063214.1	12500001	12600000	0.0001851262243848	40440	24440	132018033	763678
AL	NC_063214.1	12600001	12700000	0.0008617174541864	78686	214706	249160556	1577456
AL	NC_063214.1	12700001	12800000	0.0003470436893549	74799	81726	235491964	1517316
AL	NC_063214.1	12800001	12900000	0.0003363299317044	42801	44669	132813038	890696
AL	NC_063214.1	12900001	13000000	0.0004033608044264	60018	76865	190561401	1195710
AL	NC_063214.1	13000001	13100000	0.0003729297671154	68781	82645	221610092	1334380
AL	NC_063214.1	13100001	13200000	0.0004093138443873	74291	92798	226716006	1593832
AL	NC_063214.1	13200001	13300000	0.0002047280006581	72304	45637	222915282	1524436
AL	NC_063214.1	13300001	13400000	0.0005308590787387	75041	123945	233480042	1554504
AL	NC_063214.1	13400001	13500000	0.0004299365119845	77678	102168	237635086	1657580
AL	NC_063214.1	13500001	13600000	0.0005728050050598	78750	141882	247696858	1598028
AL	NC_063214.1	13600001	13700000	0.0005616461342647	77474	137793	245337752	1552192
AL	NC_063214.1	13700001	13800000	0.0007611491169072	75205	173287	227664982	1636320
AL	NC_063214.1	13800001	13900000	0.0001962014393942	72494	42536	216797594	1614172
AL	NC_063214.1	13900001	14000000	0.0002883607693968	77602	66437	230395418	1745316
AL	NC_063214.1	14000001	14100000	0.0003124402783187	78825	75067	240260316	1694236
AL	NC_063214.1	14100001	14200000	0.0003416857228688	70659	82940	242737681	1188058
AL	NC_063214.1	14200001	14300000	0.0004234563264879	72870	104884	247685519	1255466
AL	NC_063214.1	14300001	14400000	0.000145344624081	72996	32728	225175167	1535586
AL	NC_063214.1	14400001	14500000	0.0002794059272929	73008	65897	235846822	1409684
AL	NC_063214.1	14500001	14600000	0.0004170429859767	70622	97390	233525088	1296240
AL	NC_063214.1	14600001	14700000	0.0003941179500858	71874	92580	234904297	1352006
AL	NC_063214.1	14700001	14800000	0.0005479654387935	62119	117708	214809168	1025588
AL	NC_063214.1	14800001	14900000	0.0004557527079682	70054	104037	228275111	1327690
AL	NC_063214.1	14900001	15000000	0.0003476574692844	72644	82988	238706219	1351154
AL	NC_063214.1	15000001	15100000	0.0002723213352294	67927	66802	245305789	998210
AL	NC_063214.1	15100001	15200000	0.0002681298449472	71773	63171	235598540	1337740
AL	NC_063214.1	15200001	15300000	0.0002933274994379	65868	67670	230697770	1055036
AL	NC_063214.1	15300001	15400000	0.0006538368093272	56219	129555	198145773	886106
AL	NC_063214.1	15400001	15500000	NA	0	NA	NA	NA
AL	NC_063214.1	15500001	15600000	NA	0	NA	NA	NA
AL	NC_063214.1	15600001	15700000	NA	0	NA	NA	NA
AL	NC_063214.1	15700001	15800000	NA	0	NA	NA	NA
AL	NC_063214.1	15800001	15900000	NA	0	NA	NA	NA
AL	NC_063214.1	15900001	16000000	NA	0	NA	NA	NA
AL	NC_063214.1	16000001	16100000	NA	0	NA	NA	NA
AL	NC_063214.1	16100001	16200000	NA	0	NA	NA	NA
AL	NC_063214.1	16200001	16300000	NA	0	NA	NA	NA
AL	NC_063214.1	16300001	16400000	NA	0	NA	NA	NA
AL	NC_063214.1	16400001	16500000	NA	0	NA	NA	NA
AL	NC_063214.1	16500001	16600000	NA	0	NA	NA	NA
AL	NC_063214.1	16600001	16700000	NA	0	NA	NA	NA
AL	NC_063214.1	16700001	16800000	NA	0	NA	NA	NA
AL	NC_063214.1	16800001	16900000	NA	0	NA	NA	NA
AL	NC_063214.1	16900001	17000000	NA	0	NA	NA	NA
AL	NC_063214.1	17000001	17100000	NA	0	NA	NA	NA
AL	NC_063214.1	17100001	17200000	NA	0	NA	NA	NA
AL	NC_063214.1	17200001	17300000	NA	0	NA	NA	NA
AL	NC_063214.1	17300001	17400000	NA	0	NA	NA	NA
AL	NC_063214.1	17400001	17500000	NA	0	NA	NA	NA
AL	NC_063214.1	17500001	17600000	NA	0	NA	NA	NA
AL	NC_063214.1	17600001	17700000	NA	0	NA	NA	NA
AL	NC_063214.1	17700001	17800000	NA	0	NA	NA	NA
AL	NC_063214.1	17800001	17900000	NA	0	NA	NA	NA
AL	NC_063214.1	17900001	18000000	0.0004686858121301	18681	27279	58203170	386048
AL	NC_063214.1	18000001	18100000	0.0002475409170661	74937	62578	252798611	1320446
AL	NC_063214.1	18100001	18200000	0.0001472701922449	74482	37726	256168607	1248954
AL	NC_063214.1	18200001	18300000	0.0003027896341803	78492	83311	275144822	1253540
AL	NC_063214.1	18300001	18400000	0.0003674967250153	73452	95257	259205031	1151938
AL	NC_063214.1	18400001	18500000	0.0004517023530926	70661	112530	249124228	1111796
AL	NC_063214.1	18500001	18600000	0.0004717871243876	66371	110034	233228069	1052906
AL	NC_063214.1	18600001	18700000	0.0003726135867704	70098	91713	246134342	1111908
AL	NC_063214.1	18700001	18800000	0.0004956938505903	67919	117973	237995690	1086272
AL	NC_063214.1	18800001	18900000	0.0004054113128535	70473	101596	250599815	1079190
AL	NC_063214.1	18900001	19000000	0.0005330900968829	73956	135775	254694283	1232818
AL	NC_063214.1	19000001	19100000	0.0003626432839782	75035	94432	260399142	1228944
AL	NC_063214.1	19100001	19200000	0.0003090171461354	55183	64650	209211692	693892
AL	NC_063214.1	19200001	19300000	0.0008728611707754	74525	223780	256375249	1246330
AL	NC_063214.1	19300001	19400000	0.0004558073710169	77680	121719	267040438	1300596
AL	NC_063214.1	19400001	19500000	0.0005310675982622	74062	144067	271278083	1044562
AL	NC_063214.1	19500001	19600000	0.0006165837424827	78061	159907	259343523	1413326
AL	NC_063214.1	19600001	19700000	0.0003988178130525	73184	100207	251260091	1232986
AL	NC_063214.1	19700001	19800000	0.0004213873920589	75916	118066	280183988	1046024
AL	NC_063214.1	19800001	19900000	0.0003082315049022	76801	83472	270809436	1202284
AL	NC_063214.1	19900001	20000000	0.0006892432600046	71969	177560	257615867	1090238
AL	NC_063214.1	20000001	20100000	0.0004254684183005	80341	117863	277019386	1338008
AL	NC_063214.1	20100001	20200000	0.0002387554147589	79893	63985	267993922	1423240
AL	NC_063214.1	20200001	20300000	0.0002073483847914	76440	54943	264979156	1254080
AL	NC_063214.1	20300001	20400000	0.0005761966006944	83018	153793	266910634	1610532
AL	NC_063214.1	20400001	20500000	0.000191593124648	84145	52760	275375226	1573880
AL	NC_063214.1	20500001	20600000	0.0001205189675031	83357	35510	294642418	1301304
AL	NC_063214.1	20600001	20700000	0.0006947305831591	82974	194118	279414790	1455972
AL	NC_063214.1	20700001	20800000	0.0005436369264109	86347	144525	265848387	1825318
AL	NC_063214.1	20800001	20900000	0.0003870552489192	84133	101501	262239048	1735988
AL	NC_063214.1	20900001	21000000	0.0003083252274365	82891	80899	262382033	1662746
AL	NC_063214.1	21000001	21100000	0.0004836857431607	82183	124357	257102885	1685002
AL	NC_063214.1	21100001	21200000	0.0004052592132818	80326	104319	257413025	1570366
AL	NC_063214.1	21200001	21300000	0.0003805415179653	83029	100066	262956853	1663074
AL	NC_063214.1	21300001	21400000	0.0005210144014317	82177	141052	270725722	1520456
AL	NC_063214.1	21400001	21500000	0.0005436010003042	74116	134694	247781001	1326526
AL	NC_063214.1	21500001	21600000	0.000425419309682	87170	126845	298164651	1479466
AL	NC_063214.1	21600001	21700000	0.0003500127764676	84368	99447	284123914	1484860
AL	NC_063214.1	21700001	21800000	0.0005924479654042	86077	169913	286798183	1550374
AL	NC_063214.1	21800001	21900000	0.0004252363877457	78678	119212	280342895	1206178
AL	NC_063214.1	21900001	22000000	0.0004227724510407	83618	113099	267517431	1638962
AL	NC_063214.1	22000001	22100000	0.000491541170987	83714	131711	267955174	1644308
AL	NC_063214.1	22100001	22200000	4.919395031119987e-05	81277	13286	270073859	1473142
AL	NC_063214.1	22200001	22300000	0.0002748973454791	83227	72561	263956714	1662928
AL	NC_063214.1	22300001	22400000	0.0002663216647401	83071	68925	258803579	1715270
AL	NC_063214.1	22400001	22500000	0.0004751620925325	84237	124524	262066360	1744460
AL	NC_063214.1	22500001	22600000	0.0007428351861329	82817	195279	262883347	1651454
AL	NC_063214.1	22600001	22700000	0.0003840584693574	80195	99115	258072684	1555748
AL	NC_063214.1	22700001	22800000	0.000192542303511	83838	53005	275290152	1557760
AL	NC_063214.1	22800001	22900000	0.0004081582465955	80733	105128	257566767	1594118
AL	NC_063214.1	22900001	23000000	0.0004065172102763	83676	108112	265946920	1664968
AL	NC_063214.1	23000001	23100000	0.0003194663030109	79097	83607	261708353	1449202
AL	NC_063214.1	23100001	23200000	0.000126197583574	80331	31355	248459591	1682622
AL	NC_063214.1	23200001	23300000	0.0004154649016496	83206	112021	269628071	1591330
AL	NC_063214.1	23300001	23400000	0.0003270761229988	84521	91972	281194479	1527862
AL	NC_063214.1	23400001	23500000	0.0002009178825974	82656	52121	259414440	1683576
AL	NC_063214.1	23500001	23600000	0.000178823558612	83781	51586	288474295	1396158
AL	NC_063214.1	23600001	23700000	0.0002199936497725	83681	68039	309277109	1147802
AL	NC_063214.1	23700001	23800000	0.0003061715385847	83408	89147	291166842	1352916
AL	NC_063214.1	23800001	23900000	0.0003460744211896	85157	92550	267428028	1733204
AL	NC_063214.1	23900001	24000000	8.314218179889928e-05	81295	20891	251268364	1710212
AL	NC_063214.1	24000001	24100000	0.0001952042511378	82993	53357	273339334	1539368
AL	NC_063214.1	24100001	24200000	0.0002487080775054	82591	73121	294003318	1267416
AL	NC_063214.1	24200001	24300000	0.0002784640985847	84326	75799	272203851	1629010
AL	NC_063214.1	24300001	24400000	0.0005340858955545	86000	141262	264493036	1816872
AL	NC_063214.1	24400001	24500000	0.000295644402198	76436	76102	257410590	1345116
AL	NC_063214.1	24500001	24600000	0.0001706039601239	79376	50629	296763334	1047740
AL	NC_063214.1	24600001	24700000	0.0001635025311904	85276	44400	271555429	1687046
AL	NC_063214.1	24700001	24800000	0.0002114132808351	83802	52207	246942859	1907890
AL	NC_063214.1	24800001	24900000	0.0001851851103334	81046	50855	274617111	1408434
AL	NC_063214.1	24900001	25000000	0.0004186304629774	85224	121778	290896174	1452516
AL	NC_063214.1	25000001	25100000	0.0004157540831239	87507	128793	309781684	1356036
AL	NC_063214.1	25100001	25200000	0.0003770117776285	85142	109077	289319874	1469308
AL	NC_063214.1	25200001	25300000	0.000534232681644	85014	149525	279887407	1574330
AL	NC_063214.1	25300001	25400000	0.0003322157897829	87146	101073	304239001	1405814
AL	NC_063214.1	25400001	25500000	0.000586482677369	87200	176038	300158908	1451816
AL	NC_063214.1	25500001	25600000	0.0004806642003847	86544	140492	292287214	1513892
AL	NC_063214.1	25600001	25700000	0.0005315017243409	85328	164409	309329194	1241164
AL	NC_063214.1	25700001	25800000	0.0005818394307626	87254	181060	311185510	1325244
AL	NC_063214.1	25800001	25900000	0.0006538569250818	84306	198453	303511353	1248470
AL	NC_063214.1	25900001	26000000	0.0004279113769834	87675	128086	299328335	1491998
AL	NC_063214.1	26000001	26100000	0.0005361228481296	87299	159516	297536284	1490628
AL	NC_063214.1	26100001	26200000	0.0008891287670773	86996	275760	310146303	1320346
AL	NC_063214.1	26200001	26300000	0.0004646473371286	86318	135302	291192888	1510936
AL	NC_063214.1	26300001	26400000	0.0007178434843193	84716	195479	272314236	1643016
AL	NC_063214.1	26400001	26500000	0.0006693215142646	84926	184086	275033741	1622286
AL	NC_063214.1	26500001	26600000	0.0004628785061106	86387	132581	286427212	1570300
AL	NC_063214.1	26600001	26700000	0.0003504782995944	84905	101732	290266188	1438156
AL	NC_063214.1	26700001	26800000	0.0002157792419792	86650	62885	291432111	1524682
AL	NC_063214.1	26800001	26900000	0.0004555602709424	83797	129104	283396091	1456494
AL	NC_063214.1	26900001	27000000	4.477646496090469e-05	85493	11983	267618268	1747276
AL	NC_063214.1	27000001	27100000	9.270168709904418e-05	87359	26131	281882680	1682988
AL	NC_063214.1	27100001	27200000	0.000680358225199	80981	185881	273210484	1417044
AL	NC_063214.1	27200001	27300000	0.0002313778596019	85697	65803	284396269	1555346
AL	NC_063214.1	27300001	27400000	0.0003931396078448	85481	115533	293872705	1427218
AL	NC_063214.1	27400001	27500000	4.6196661829216223e-05	84425	12950	280323285	1527650
AL	NC_063214.1	27500001	27600000	4.293310958646099e-05	86345	13041	303751583	1362654
AL	NC_063214.1	27600001	27700000	0.000234840737684	82189	66112	281518448	1387044
AL	NC_063214.1	27700001	27800000	0.0006034063713526	83476	172606	286052664	1410928
AL	NC_063214.1	27800001	27900000	0.0005552167010949	84380	144919	261013402	1766172
AL	NC_063214.1	27900001	28000000	0.0003925919607341	80503	100103	254979750	1612904
AL	NC_063214.1	28000001	28100000	0.0003905038531024	83541	108141	276926845	1524130
AL	NC_063214.1	28100001	28200000	0.0003354082298409	86428	90209	268952852	1786080
AL	NC_063214.1	28200001	28300000	0.0003359153337584	85113	100748	299920813	1339066
AL	NC_063214.1	28300001	28400000	0.000529879244196	83013	153754	290167999	1332798
AL	NC_063214.1	28400001	28500000	0.000453971866742	85198	137332	302512138	1310660
AL	NC_063214.1	28500001	28600000	0.0007011071610949	85729	215212	306960208	1295900
AL	NC_063214.1	28600001	28700000	0.000652802926436	86538	214131	328017831	1087122
AL	NC_063214.1	28700001	28800000	0.0005681958605077	81755	150725	265269444	1560580
AL	NC_063214.1	28800001	28900000	0.0006124616157246	84892	166587	271995821	1661838
AL	NC_063214.1	28900001	29000000	0.0004369484938867	85941	126848	290304239	1502942
AL	NC_063214.1	29000001	29100000	0.000583513532121	86289	176551	302565391	1376598
AL	NC_063214.1	29100001	29200000	0.0005537999603069	86885	151433	273443501	1756450
AL	NC_063214.1	29200001	29300000	0.0005180106025589	77940	126654	244500787	1586682
AL	NC_063214.1	29300001	29400000	0.0007141231013574	85095	199389	279208164	1581820
AL	NC_063214.1	29400001	29500000	0.0007204049146347	83346	222491	308841591	1137842
AL	NC_063214.1	29500001	29600000	0.0004547435234727	85170	126784	278803311	1594650
AL	NC_063214.1	29600001	29700000	0.0003509118437743	83977	92885	264696110	1697856
AL	NC_063214.1	29700001	29800000	0.0005251821399126	86192	138517	263750401	1838470
AL	NC_063214.1	29800001	29900000	0.0003891556444089	83770	111413	286294190	1425860
AL	NC_063214.1	29900001	30000000	0.0002151194356311	86937	65878	306239182	1368200
AL	NC_063214.1	30000001	30100000	0.0005538534978921	84842	166698	300978509	1315126
AL	NC_063214.1	30100001	30200000	0.0006176608475622	84553	158864	257202639	1823558
AL	NC_063214.1	30200001	30300000	0.0006873756867441	83588	191025	277904796	1514456
AL	NC_063214.1	30300001	30400000	0.000601112867348	86261	166719	277350576	1672540
AL	NC_063214.1	30400001	30500000	0.0006123911813363	83967	175275	286214115	1441486
AL	NC_063214.1	30500001	30600000	0.000493226252478	84990	136613	276978363	1607130
AL	NC_063214.1	30600001	30700000	0.0004419963925213	84478	121051	273873276	1612424
AL	NC_063214.1	30700001	30800000	0.0005438256248582	82998	141821	260783960	1684992
AL	NC_063214.1	30800001	30900000	0.0004515877669074	82757	125964	278935811	1455694
AL	NC_063214.1	30900001	31000000	0.0004001253872625	87483	119335	298244010	1497208
AL	NC_063214.1	31000001	31100000	0.0003405407281171	84834	100332	294625552	1389504
AL	NC_063214.1	31100001	31200000	0.000637720332863	82790	197967	310429180	1084336
AL	NC_063214.1	31200001	31300000	0.0001867565317079	84729	60326	323019492	1046916
AL	NC_063214.1	31300001	31400000	0.0006016338292987	84562	197707	328616827	971002
AL	NC_063214.1	31400001	31500000	0.0001464630564043	84732	48447	330779660	955944
AL	NC_063214.1	31500001	31600000	0.000576456255818	82809	180119	312459095	1060462
AL	NC_063214.1	31600001	31700000	0.0005655681784805	83984	173267	306359174	1197044
AL	NC_063214.1	31700001	31800000	0.0005720153331832	86152	175625	307028483	1315970
AL	NC_063214.1	31800001	31900000	0.0004955323522201	84660	141849	286255780	1474664
AL	NC_063214.1	31900001	32000000	0.0007821770043997	82398	212362	271501206	1523860
AL	NC_063214.1	32000001	32100000	0.000593578690051	85115	157425	265213362	1754872
AL	NC_063214.1	32100001	32200000	0.0004208650394164	82127	116911	277787388	1432076
AL	NC_063214.1	32200001	32300000	0.0004859112298462	39593	61482	126529284	779708
AL	NC_063214.1	32300001	32400000	0.0005842983329838	36760	65895	112776293	783134
AL	NC_063214.1	32400001	32500000	0.0003626352924108	84524	94825	261488614	1769108
AL	NC_063214.1	32500001	32600000	0.0005516086604716	83201	153966	279121796	1481228
AL	NC_063214.1	32600001	32700000	0.0003799911710612	84656	98875	260203414	1791316
AL	NC_063214.1	32700001	32800000	0.0004346284321616	84882	119913	275897735	1610890
AL	NC_063214.1	32800001	32900000	0.0003413928911297	84584	100731	295058868	1366288
AL	NC_063214.1	32900001	33000000	0.0004266776536322	72073	111190	260594852	1058020
AL	NC_063214.1	33000001	33100000	0.0005919592457978	86245	184167	311114323	1270070
AL	NC_063214.1	33100001	33200000	0.0005543215896664	85268	169941	306574745	1269398
AL	NC_063214.1	33200001	33300000	0.0005570309646546	86204	163866	294177542	1472500
AL	NC_063214.1	33300001	33400000	0.0004067019830731	88217	128088	314943141	1335762
AL	NC_063214.1	33400001	33500000	0.0005911631328664	79168	160187	270969198	1340524
AL	NC_063214.1	33500001	33600000	0.0007409691206853	84185	204074	275414986	1578528
AL	NC_063214.1	33600001	33700000	0.0007497934891775	82404	198300	264472822	1605492
AL	NC_063214.1	33700001	33800000	0.0008646683618263	84204	245626	284069605	1470294
AL	NC_063214.1	33800001	33900000	0.0007334127567977	82435	201837	275202467	1481670
AL	NC_063214.1	33900001	34000000	0.0008054434209461	83854	231959	287989192	1403840
AL	NC_063214.1	34000001	34100000	0.0005784588158296	84533	170972	295564689	1357282
AL	NC_063214.1	34100001	34200000	0.0005214540070893	84125	145832	279664166	1522824
AL	NC_063214.1	34200001	34300000	0.000475376525705	81541	128246	269777730	1491624
AL	NC_063214.1	34300001	34400000	0.0004105320924477	74094	108879	265214345	1118142
AL	NC_063214.1	34400001	34500000	0.0003962434077601	86539	120924	305176055	1352638
AL	NC_063214.1	34500001	34600000	0.0006301912616708	85815	185107	293731461	1453178
AL	NC_063214.1	34600001	34700000	0.0004910104462722	83759	137360	279749649	1496210
AL	NC_063214.1	34700001	34800000	0.0003270233726544	85936	88760	271417909	1726526
AL	NC_063214.1	34800001	34900000	0.0005992129762869	84665	158083	263817718	1747544
AL	NC_063214.1	34900001	35000000	0.0003114050108428	82557	81522	261787695	1647870
AL	NC_063214.1	35000001	35100000	0.0006139234224769	81898	154117	251036195	1740170
AL	NC_063214.1	35100001	35200000	0.0006907228739674	83657	177137	256451620	1781812
AL	NC_063214.1	35200001	35300000	0.0003798656868608	81926	96682	254516276	1700080
AL	NC_063214.1	35300001	35400000	0.0005882412382242	81424	145125	246710007	1767834
AL	NC_063214.1	35400001	35500000	0.0005740313550726	79220	137920	240265621	1716438
AL	NC_063214.1	35500001	35600000	0.0005236151875941	80494	125917	240476218	1790748
AL	NC_063214.1	35600001	35700000	0.0007303383177515	80001	172684	236443845	1812210
AL	NC_063214.1	35700001	35800000	0.0006102162858092	79420	141945	232614244	1826792
AL	NC_063214.1	35800001	35900000	0.0009865509937652	79279	232962	236137819	1773174
AL	NC_063214.1	35900001	36000000	0.000788269630907	80488	187331	237648379	1826842
AL	NC_063214.1	36000001	36100000	0.0006953308915337	79359	162941	234335914	1801696
AL	NC_063214.1	36100001	36200000	0.0007056423676079	81615	168407	238657722	1881936
AL	NC_063214.1	36200001	36300000	0.0008290314622035	78630	198339	239241825	1695694
AL	NC_063214.1	36300001	36400000	0.0004002337801928	81014	102952	257229662	1615428
AL	NC_063214.1	36400001	36500000	0.000639468386762	79858	161791	253008598	1598772
AL	NC_063214.1	36500001	36600000	0.0008317802366467	83531	209026	251299551	1836382
AL	NC_063214.1	36600001	36700000	0.0006798499212664	84693	197651	290727400	1428572
AL	NC_063214.1	36700001	36800000	0.0007253238537583	79477	180334	248625492	1630628
AL	NC_063214.1	36800001	36900000	0.0005091649570529	75402	125472	246427014	1418556
AL	NC_063214.1	36900001	37000000	0.0006295979423084	82465	165689	263166362	1629288
AL	NC_063214.1	37000001	37100000	0.0005932541860253	79726	150334	253405713	1584062
AL	NC_063214.1	37100001	37200000	0.0003664555419254	84468	93085	254014442	1857004
AL	NC_063214.1	37200001	37300000	0.000478133761355	82171	123699	258712122	1663000
AL	NC_063214.1	37300001	37400000	0.0004933415226478	80692	121130	245529708	1737864
AL	NC_063214.1	37400001	37500000	0.0004518302541552	80463	112949	249981047	1673166
AL	NC_063214.1	37500001	37600000	0.0002472128088645	81055	60883	246277692	1751652
AL	NC_063214.1	37600001	37700000	0.0002121730403636	82780	52766	248693236	1823856
AL	NC_063214.1	37700001	37800000	0.0004780332769341	81271	119269	249499367	1723174
AL	NC_063214.1	37800001	37900000	0.000383713617477	85033	97586	254319877	1887458
AL	NC_063214.1	37900001	38000000	0.0002911754536655	75788	72172	247864300	1424888
AL	NC_063214.1	38000001	38100000	0.000255607321071	84673	75997	297319340	1343468
AL	NC_063214.1	38100001	38200000	0.000420554555434	78016	114982	273405670	1244692
AL	NC_063214.1	38200001	38300000	0.0004894300511235	84828	135560	276975228	1597144
AL	NC_063214.1	38300001	38400000	0.0002602859376531	84038	70956	272607889	1605550
AL	NC_063214.1	38400001	38500000	0.0006380191189308	82244	182597	286193618	1337244
AL	NC_063214.1	38500001	38600000	0.0004979881813921	83966	126992	255010068	1814520
AL	NC_063214.1	38600001	38700000	0.0004683983392942	80874	121766	259962493	1571838
AL	NC_063214.1	38700001	38800000	0.000743801221664	82482	187737	252402113	1759046
AL	NC_063214.1	38800001	38900000	0.0003876944997742	81383	96920	249990650	1725032
AL	NC_063214.1	38900001	39000000	0.0004656007244706	80352	121176	260257327	1538226
AL	NC_063214.1	39000001	39100000	0.0005825728288647	83642	143213	245828492	1913024
AL	NC_063214.1	39100001	39200000	0.0004210929965216	83689	103074	244777284	1929108
AL	NC_063214.1	39200001	39300000	0.0004845065240909	84302	125270	258551730	1794764
AL	NC_063214.1	39300001	39400000	0.0006749644012153	85135	172802	256016465	1871570
AL	NC_063214.1	39400001	39500000	0.0005582024954772	83098	141833	254088796	1778432
AL	NC_063214.1	39500001	39600000	0.0008145100024008	81055	216543	265856772	1515292
AL	NC_063214.1	39600001	39700000	0.0006528692943083	82990	170412	261020087	1683434
AL	NC_063214.1	39700001	39800000	0.0008924850894054	80987	222376	249164947	1710350
AL	NC_063214.1	39800001	39900000	0.0005935723368512	81914	146785	247290837	1789510
AL	NC_063214.1	39900001	40000000	0.0007529930152376	80821	184258	244700809	1757138
AL	NC_063214.1	40000001	40100000	0.0006630641220766	81874	168417	253998059	1703826
AL	NC_063214.1	40100001	40200000	0.000535395700559	81862	136144	254286689	1699966
AL	NC_063214.1	40200001	40300000	0.0006464915858684	82366	175611	271636946	1518676
AL	NC_063214.1	40300001	40400000	0.0006497956473531	78433	170039	261680731	1406502
AL	NC_063214.1	40400001	40500000	0.0004759447118789	83768	131097	275445859	1547642
AL	NC_063214.1	40500001	40600000	0.0004513087975549	85945	121553	269334435	1753966
AL	NC_063214.1	40600001	40700000	0.0005062684876285	85110	138312	273198912	1656808
AL	NC_063214.1	40700001	40800000	0.0005436958248582	81371	139915	257340582	1632600
AL	NC_063214.1	40800001	40900000	0.0006312277686751	81312	173219	274416001	1427894
AL	NC_063214.1	40900001	41000000	0.0008781246745642	48885	135438	154235502	986392
AL	NC_063214.1	41000001	41100000	0.0008112403251499	19060	47147	58117180	409288
AL	NC_063214.1	41100001	41200000	0.000520097902407	80783	138529	266351776	1493188
AL	NC_063214.1	41200001	41300000	0.0005996606622318	83418	162652	271240070	1586252
AL	NC_063214.1	41300001	41400000	0.0004838967060139	82675	135289	279582395	1442470
AL	NC_063214.1	41400001	41500000	0.000592635156261	83821	172639	291307389	1365322
AL	NC_063214.1	41500001	41600000	0.0005540081148349	83888	159425	287766543	1413938
AL	NC_063214.1	41600001	41700000	0.0006315293921607	82155	191103	302603493	1135042
AL	NC_063214.1	41700001	41800000	0.0006051604337905	83869	175269	289624024	1389428
AL	NC_063214.1	41800001	41900000	0.0004603826477315	88271	137637	298962180	1527260
AL	NC_063214.1	41900001	42000000	0.0005197426645294	83288	143060	275251600	1525424
AL	NC_063214.1	42000001	42100000	0.0003664227672763	86812	106890	291712223	1533114
AL	NC_063214.1	42100001	42200000	0.0001403769872594	86546	40234	286613930	1574556
AL	NC_063214.1	42200001	42300000	0.0002513205126554	84794	74526	296537673	1360806
AL	NC_063214.1	42300001	42400000	0.0003585879676238	82247	94920	264704922	1595104
AL	NC_063214.1	42400001	42500000	0.0004272611889267	75428	100852	236042970	1544756
AL	NC_063214.1	42500001	42600000	0.0004817651507523	82463	121411	252012832	1763140
AL	NC_063214.1	42600001	42700000	0.0002096610852785	74082	47637	227209546	1575540
AL	NC_063214.1	42700001	42800000	0.0001047124834408	79565	25254	241174683	1728902
AL	NC_063214.1	42800001	42900000	0.0002324395286697	80005	55706	239658032	1772516
AL	NC_063214.1	42900001	43000000	0.0003044725957454	77456	73688	242018497	1593278
AL	NC_063214.1	43000001	43100000	0.000335858590829	78478	82245	244879846	1619564
AL	NC_063214.1	43100001	43200000	0.0005731837354628	79087	141106	246179351	1640262
AL	NC_063214.1	43200001	43300000	0.0003093290528446	80773	74027	239314734	1824184
AL	NC_063214.1	43300001	43400000	0.0002980804563357	79372	70612	236889063	1772258
AL	NC_063214.1	43400001	43500000	0.0004492979760631	77298	102832	228872609	1749302
AL	NC_063214.1	43500001	43600000	0.0001941402130847	78649	45601	234886937	1754970
AL	NC_063214.1	43600001	43700000	5.412796712397848e-05	80144	12536	231599313	1885206
AL	NC_063214.1	43700001	43800000	4.237423190330506e-05	82507	10221	241207912	1903828
AL	NC_063214.1	43800001	43900000	3.4016799705373056e-05	82607	8664	254697681	1742642
AL	NC_063214.1	43900001	44000000	3.307744027285538e-05	81118	8323	251621647	1691626
AL	NC_063214.1	44000001	44100000	0.0002804580588382	81825	71132	253627941	1708434
AL	NC_063214.1	44100001	44200000	0.0004500986576419	84901	115423	256439334	1853160
AL	NC_063214.1	44200001	44300000	0.0003054784031395	81783	77580	253962307	1702526
AL	NC_063214.1	44300001	44400000	0.0002967677453944	81534	79675	268475942	1511692
AL	NC_063214.1	44400001	44500000	0.0006641203337729	82629	168411	253585068	1753596
AL	NC_063214.1	44500001	44600000	0.0003437580882602	83750	96299	280135954	1497204
AL	NC_063214.1	44600001	44700000	0.0001539409670447	85696	40998	266322869	1777382
AL	NC_063214.1	44700001	44800000	0.0001414769008359	82229	37045	261844865	1631234
AL	NC_063214.1	44800001	44900000	0.000458616868129	79876	108279	236099035	1809962
AL	NC_063214.1	44900001	45000000	0.0004344074329963	81339	111050	255635589	1650642
AL	NC_063214.1	45000001	45100000	0.000274971062159	79868	70559	256605184	1555472
AL	NC_063214.1	45100001	45200000	0.000471202875513	85147	126793	269083672	1708084
AL	NC_063214.1	45200001	45300000	0.000189055452359	78089	48115	254502049	1479130
AL	NC_063214.1	45300001	45400000	0.0005441830951469	81209	131113	240935452	1828364
AL	NC_063214.1	45400001	45500000	0.000569345992499	78594	135579	238131122	1706372
AL	NC_063214.1	45500001	45600000	0.0005974182020881	79864	145348	243293558	1719564
AL	NC_063214.1	45600001	45700000	0.0005829327318008	80116	147160	252447653	1621902
AL	NC_063214.1	45700001	45800000	0.0008243197524173	81394	209907	254642691	1666770
AL	NC_063214.1	45800001	45900000	0.0004598136936206	85645	119514	259918314	1853552
AL	NC_063214.1	45900001	46000000	0.0003893361151605	82165	105173	270134200	1526420
AL	NC_063214.1	46000001	46100000	0.0006384715764188	85054	166556	260866742	1806004
AL	NC_063214.1	46100001	46200000	0.0004266347387509	84222	114582	268571660	1664912
AL	NC_063214.1	46200001	46300000	0.0005523032975807	82925	147134	266400727	1615510
AL	NC_063214.1	46300001	46400000	0.0007198981127079	83629	191157	265533409	1663274
AL	NC_063214.1	46400001	46500000	0.0005973630170761	81171	157383	263462912	1547708
AL	NC_063214.1	46500001	46600000	0.0004537599458275	81919	126391	278541553	1408922
AL	NC_063214.1	46600001	46700000	0.0004626588014612	80822	133817	289234744	1218584
AL	NC_063214.1	46700001	46800000	0.0006065427209589	83376	165591	273007975	1565202
AL	NC_063214.1	46800001	46900000	0.0004079355995798	84415	115083	282110706	1518064
AL	NC_063214.1	46900001	47000000	0.0008575159240374	81626	223674	260839471	1606338
AL	NC_063214.1	47000001	47100000	0.0006098646543162	78474	153880	252318279	1523514
AL	NC_063214.1	47100001	47200000	0.000509101563174	83497	140466	275909583	1531910
AL	NC_063214.1	47200001	47300000	0.0007130623705222	82202	186997	262244942	1620836
AL	NC_063214.1	47300001	47400000	0.0002996240637317	80632	80926	270091791	1433666
AL	NC_063214.1	47400001	47500000	0.0004887879428274	84321	137042	280371073	1528594
AL	NC_063214.1	47500001	47600000	0.0002794345715626	82031	82834	296434330	1204416
AL	NC_063214.1	47600001	47700000	0.00048996623283	85011	144727	295381580	1383652
AL	NC_063214.1	47700001	47800000	0.0003928170552631	82531	104457	265917680	1598932
AL	NC_063214.1	47800001	47900000	0.0003013447770904	82890	81350	269956562	1571092
AL	NC_063214.1	47900001	48000000	0.0002543216846106	81974	66680	262187631	1613482
AL	NC_063214.1	48000001	48100000	0.0002500445579034	83604	68050	272151494	1583732
AL	NC_063214.1	48100001	48200000	0.0004480834865544	81108	128962	287807973	1253870
AL	NC_063214.1	48200001	48300000	0.0005225013095109	81385	137935	263989769	1558738
AL	NC_063214.1	48300001	48400000	0.000340193392004	81798	90840	267024587	1547946
AL	NC_063214.1	48400001	48500000	0.0002783908922227	83662	80672	289779595	1375426
AL	NC_063214.1	48500001	48600000	0.0002554079407069	83437	73647	288350471	1382006
AL	NC_063214.1	48600001	48700000	0.0002156762910609	83289	55483	257251271	1746510
AL	NC_063214.1	48700001	48800000	0.0005039990306135	82817	141521	280796175	1436462
AL	NC_063214.1	48800001	48900000	0.0006253134073991	86188	171906	274911745	1698422
AL	NC_063214.1	48900001	49000000	0.0003383704964102	86127	90404	267174594	1790872
AL	NC_063214.1	49000001	49100000	0.0001450965859382	85499	38844	267711330	1748024
AL	NC_063214.1	49100001	49200000	0.0003682868293989	83271	98762	268165984	1610940
AL	NC_063214.1	49200001	49300000	0.000793736071969	81137	200623	252757821	1675234
AL	NC_063214.1	49300001	49400000	0.0003376296364644	80502	86246	255445585	1610486
AL	NC_063214.1	49400001	49500000	0.0004769897134464	83079	123195	258276010	1723832
AL	NC_063214.1	49500001	49600000	0.0007459495855502	79911	197214	264379797	1465282
AL	NC_063214.1	49600001	49700000	0.000492085371007	84100	128176	260475128	1756336
AL	NC_063214.1	49700001	49800000	0.0004650545478878	87096	136676	293892406	1526004
AL	NC_063214.1	49800001	49900000	0.0002533880275573	86826	70015	276315344	1721752
AL	NC_063214.1	49900001	50000000	0.000219034476979	85516	63250	288767325	1496814
AL	NC_063214.1	50000001	50100000	0.0004080959403565	35123	44878	109969239	719646
AL	NC_063214.1	50100001	50200000	0.0	29	0	72349	842
AL	NC_063214.1	50200001	50300000	0.0	47	0	105065	1554
AL	NC_063214.1	50300001	50400000	0.0	10	0	30054	220
AL	NC_063214.1	50400001	50500000	0.0	16	0	51445	310
AL	NC_063214.1	50500001	50600000	0.0	3	0	9641	58
AL	NC_063214.1	50600001	50700000	0.0	114	0	404212	1840
AL	NC_063214.1	50700001	50800000	0.0001939771708811	82153	52314	269691530	1531080
AL	NC_063214.1	50800001	50900000	0.0001531392952528	85780	41142	268657368	1753176
AL	NC_063214.1	50900001	51000000	0.0001426490850033	86076	37200	260779801	1868958
AL	NC_063214.1	51000001	51100000	0.0001134495249347	84524	33119	291927181	1406414
AL	NC_063214.1	51100001	51200000	0.0006758657251973	83597	192288	284506216	1437956
AL	NC_063214.1	51200001	51300000	0.0003917759351645	83183	104391	266455876	1628132
AL	NC_063214.1	51300001	51400000	0.0006614927092881	84493	194045	293344125	1380410
AL	NC_063214.1	51400001	51500000	1.487909254546034e-05	84838	4335	291348413	1427126
AL	NC_063214.1	51500001	51600000	2.4695260986173323e-05	83415	7310	296008210	1286824
AL	NC_063214.1	51600001	51700000	2.1934013671195188e-05	86175	6464	294702105	1460026
AL	NC_063214.1	51700001	51800000	0.0004505816207552	84812	143008	317385338	1119356
AL	NC_063214.1	51800001	51900000	0.0002074141151396	83932	55746	268766665	1651550
AL	NC_063214.1	51900001	52000000	0.000256553910016	87309	76224	297107146	1495960
AL	NC_063214.1	52000001	52100000	1.7892589096748654e-05	83449	5312	296882691	1282278
AL	NC_063214.1	52100001	52200000	0.0003353352621833	85247	92026	274429833	1652578
AL	NC_063214.1	52200001	52300000	0.0005094695461073	85432	141593	277922402	1619604
AL	NC_063214.1	52300001	52400000	0.000234142712902	85203	66789	285249108	1515076
AL	NC_063214.1	52400001	52500000	0.0003518919376959	78318	96281	273609565	1259654
AL	NC_063214.1	52500001	52600000	0.0005897196208857	83760	175908	298290906	1277132
AL	NC_063214.1	52600001	52700000	0.0003068473665291	86855	93015	303131166	1398464
AL	NC_063214.1	52700001	52800000	0.0002060734498364	82010	60298	292604409	1248086
AL	NC_063214.1	52800001	52900000	0.0003068450099125	83689	87222	284254256	1441028
AL	NC_063214.1	52900001	53000000	0.0002109470960097	82502	55454	262881078	1634540
AL	NC_063214.1	53000001	53100000	0.0002177160394466	84569	57924	266052975	1715278
AL	NC_063214.1	53100001	53200000	0.0001904988280526	84110	49736	261082971	1751490
AL	NC_063214.1	53200001	53300000	0.0001144206736402	83772	29906	261368851	1730178
AL	NC_063214.1	53300001	53400000	0.0001581018837226	83091	43846	277327499	1497966
AL	NC_063214.1	53400001	53500000	0.0002046091599934	81405	49904	243899149	1801578
AL	NC_063214.1	53500001	53600000	0.0003474866395427	82455	94463	271846423	1522214
AL	NC_063214.1	53600001	53700000	0.0002296645167656	85336	63548	276699252	1628992
AL	NC_063214.1	53700001	53800000	0.0003028278242089	84197	82768	273317025	1602554
AL	NC_063214.1	53800001	53900000	0.0002031730726766	84455	55207	271724000	1641500
AL	NC_063214.1	53900001	54000000	0.0001436331683354	81344	38264	266400863	1520186
AL	NC_063214.1	54000001	54100000	0.0001893759359317	83033	49861	263291108	1657332
AL	NC_063214.1	54100001	54200000	0.0002082774276481	84027	54370	261046051	1742806
AL	NC_063214.1	54200001	54300000	0.000245406339771	76443	58927	240120121	1554090
AL	NC_063214.1	54300001	54400000	0.0001531978754469	80941	40240	262666828	1546044
AL	NC_063214.1	54400001	54500000	3.320248681682213e-05	79091	7723	232603059	1807286
AL	NC_063214.1	54500001	54600000	0.0001009195836212	80727	23158	229469833	1948674
AL	NC_063214.1	54600001	54700000	0.0001761431934859	80966	41593	236131747	1884562
AL	NC_063214.1	54700001	54800000	0.0002817202528173	81169	70126	248920691	1735718
AL	NC_063214.1	54800001	54900000	0.0001409393858917	80611	35483	251760711	1659758
AL	NC_063214.1	54900001	55000000	7.304732722088294e-05	84356	18823	257682255	1806242
AL	NC_063214.1	55000001	55100000	0.0001045568367693	80483	26819	256501639	1594070
AL	NC_063214.1	55100001	55200000	0.0001378946833408	84354	36412	264056591	1730810
AL	NC_063214.1	55200001	55300000	0.0002469442598806	84086	69300	280630131	1512410
AL	NC_063214.1	55300001	55400000	0.0001225187737492	83707	32835	267999744	1642428
AL	NC_063214.1	55400001	55500000	0.0002708701567163	84515	76728	283264871	1506302
AL	NC_063214.1	55500001	55600000	0.0003644378323693	82459	99314	272512871	1515942
AL	NC_063214.1	55600001	55700000	0.0004691508863823	81365	119168	254007833	1675290
AL	NC_063214.1	55700001	55800000	0.000187793062169	81573	45114	240232517	1858946
AL	NC_063214.1	55800001	55900000	0.0004297083985409	82411	106931	248845497	1799722
AL	NC_063214.1	55900001	56000000	0.0005385355403974	82318	138002	256254211	1705354
AL	NC_063214.1	56000001	56100000	0.0005946419121819	80120	142248	239216236	1784056
AL	NC_063214.1	56100001	56200000	0.0004034932261905	80326	99674	247027691	1701050
AL	NC_063214.1	56200001	56300000	0.0003256711925075	84868	84731	260173457	1806094
AL	NC_063214.1	56300001	56400000	0.000411057125309	84243	103371	251475996	1875908
AL	NC_063214.1	56400001	56500000	0.0003057300553549	84421	81154	265443317	1711410
AL	NC_063214.1	56500001	56600000	0.0004036628153776	72333	100257	248368183	1216286
AL	NC_063214.1	56600001	56700000	0.0007084632485665	84396	195209	275538640	1587176
AL	NC_063214.1	56700001	56800000	0.000538538493316	85844	155182	288153961	1522078
AL	NC_063214.1	56800001	56900000	0.0005725316380497	82877	156224	272865270	1535192
AL	NC_063214.1	56900001	57000000	0.0007158922127084	85000	198841	277752707	1594802
AL	NC_063214.1	57000001	57100000	0.0005113113128898	82723	143573	280793709	1425498
AL	NC_063214.1	57100001	57200000	0.0005210401408917	81968	147087	282294949	1366798
AL	NC_063214.1	57200001	57300000	0.0007286171014123	84598	213898	293567087	1386498
AL	NC_063214.1	57300001	57400000	0.0005648235613388	82654	160543	284235664	1387792
AL	NC_063214.1	57400001	57500000	0.0005897964225089	83838	165577	280735850	1492468
AL	NC_063214.1	57500001	57600000	0.0001623231624889	67164	36723	226233887	1180498
AL	NC_063214.1	57600001	57700000	0.0001707894056991	84644	46235	270713513	1665838
AL	NC_063214.1	57700001	57800000	0.0001813826864917	86152	52541	289669323	1519090
AL	NC_063214.1	57800001	57900000	0.0002426600128449	81695	66978	276015810	1429432
AL	NC_063214.1	57900001	58000000	0.0003561993502343	81836	98995	277920215	1410386
AL	NC_063214.1	58000001	58100000	0.0002397557048992	81495	63399	264431664	1551980
AL	NC_063214.1	58100001	58200000	0.0002337066939008	85038	64629	276538934	1611044
AL	NC_063214.1	58200001	58300000	0.0002353366499368	83620	67249	285756596	1426400
AL	NC_063214.1	58300001	58400000	0.0003401674958537	81139	89596	263387893	1551002
AL	NC_063214.1	58400001	58500000	0.0004161530617275	82369	117048	281261898	1404792
AL	NC_063214.1	58500001	58600000	0.0002540360316445	80977	75319	296489437	1143650
AL	NC_063214.1	58600001	58700000	0.000498921239121	83580	146356	293344898	1329140
AL	NC_063214.1	58700001	58800000	0.0003179037748073	83904	83978	264161695	1699962
AL	NC_063214.1	58800001	58900000	6.743292003123567e-05	80717	18517	274598816	1385108
AL	NC_063214.1	58900001	59000000	0.000215029761689	84858	60071	279361329	1567862
AL	NC_063214.1	59000001	59100000	0.0004155159670644	83072	113731	273710300	1536328
AL	NC_063214.1	59100001	59200000	0.0003005093800262	81683	85668	285075960	1321196
AL	NC_063214.1	59200001	59300000	0.0004472148887587	80608	114662	256391285	1601086
AL	NC_063214.1	59300001	59400000	0.0005389327379319	85020	139064	258035911	1839546
AL	NC_063214.1	59400001	59500000	0.0005783389936209	84684	158731	274460138	1619572
AL	NC_063214.1	59500001	59600000	0.0003867276506048	82564	97831	252971309	1758086
AL	NC_063214.1	59600001	59700000	0.0005107507732786	84899	149904	293497353	1402890
AL	NC_063214.1	59700001	59800000	0.0005145174682099	81501	145666	283111865	1330946
AL	NC_063214.1	59800001	59900000	0.0002715187822608	84074	75950	279722822	1516060
AL	NC_063214.1	59900001	60000000	0.0005447306542245	84221	151905	278862588	1533116
AL	NC_063214.1	60000001	60100000	0.0002307894699212	81709	66303	287287804	1294812
AL	NC_063214.1	60100001	60200000	0.0004401695481639	75400	109554	248890457	1387470
AL	NC_063214.1	60200001	60300000	0.0002359777470929	86640	68428	289976495	1539986
AL	NC_063214.1	60300001	60400000	0.0003283740246002	85471	92287	281042327	1588662
AL	NC_063214.1	60400001	60500000	0.0004892689616369	85086	149234	305014239	1275898
AL	NC_063214.1	60500001	60600000	7.859032701368031e-05	87290	22391	284907836	1638888
AL	NC_063214.1	60600001	60700000	0.0001321621048632	84498	37422	283152270	1508132
AL	NC_063214.1	60700001	60800000	0.0005723317365422	83915	148963	260273877	1746850
AL	NC_063214.1	60800001	60900000	0.0004642454451139	82540	122192	263205598	1629924
AL	NC_063214.1	60900001	61000000	0.0001008215264425	83048	26548	263316783	1659530
AL	NC_063214.1	61000001	61100000	0.00040100256466	85542	107396	267818736	1750384
AL	NC_063214.1	61100001	61200000	0.0003387622666075	84559	88920	262484960	1755908
AL	NC_063214.1	61200001	61300000	0.0003537864859473	86301	95997	271341625	1751826
AL	NC_063214.1	61300001	61400000	0.0004031178176067	84045	105006	260484641	1750426
AL	NC_063214.1	61400001	61500000	0.0005837493349814	81756	145761	249697929	1753902
AL	NC_063214.1	61500001	61600000	0.0003838820789866	81527	100076	260694639	1604806
AL	NC_063214.1	61600001	61700000	0.0005040113121671	80358	125261	248528152	1686408
AL	NC_063214.1	61700001	61800000	0.000373087790277	82513	91682	245738409	1846018
AL	NC_063214.1	61800001	61900000	0.0004411641419269	85317	121638	275720505	1640858
AL	NC_063214.1	61900001	62000000	0.000385678637581	83896	111876	290075698	1391444
AL	NC_063214.1	62000001	62100000	0.0002344335997314	83002	65921	281192628	1439880
AL	NC_063214.1	62100001	62200000	0.0002810369145963	83809	83013	295381125	1319186
AL	NC_063214.1	62200001	62300000	0.0002844544214812	87082	77721	273228307	1771842
AL	NC_063214.1	62300001	62400000	0.0005106137552841	80500	134237	262893427	1516554
AL	NC_063214.1	62400001	62500000	0.0002957500533283	82513	74077	250471637	1786258
AL	NC_063214.1	62500001	62600000	0.000592346605432	79194	150430	253956043	1549506
AL	NC_063214.1	62600001	62700000	0.0004983430477209	79647	119536	239866896	1747788
AL	NC_063214.1	62700001	62800000	0.0008295778967982	78874	200412	241583100	1681808
AL	NC_063214.1	62800001	62900000	0.0005452760878943	78991	127823	234418862	1777280
AL	NC_063214.1	62900001	63000000	0.0005463299752328	78304	131165	240083843	1667074
AL	NC_063214.1	63000001	63100000	0.0005393790902912	79106	126458	234451061	1784806
AL	NC_063214.1	63100001	63200000	0.0006207638863715	77830	141895	228581274	1782596
AL	NC_063214.1	63200001	63300000	0.0003995550518939	79633	95885	239979446	1750600
AL	NC_063214.1	63300001	63400000	0.0004006145899313	78399	97659	243772949	1627858
AL	NC_063214.1	63400001	63500000	0.0004608135707037	76269	107336	232927168	1636492
AL	NC_063214.1	63500001	63600000	0.0004651227535754	75778	100675	216448237	1815958
AL	NC_063214.1	63600001	63700000	0.000535719811879	78467	127185	237409551	1711502
AL	NC_063214.1	63700001	63800000	0.000589594198229	74766	134847	228711545	1599830
AL	NC_063214.1	63800001	63900000	0.0007544846677181	77026	172263	228318755	1738266
AL	NC_063214.1	63900001	64000000	0.0007729105161885	76525	180847	233981808	1638268
AL	NC_063214.1	64000001	64100000	0.0005025614899682	78099	121582	241924625	1634578
AL	NC_063214.1	64100001	64200000	0.0005063088586337	79940	124425	245749206	1699044
AL	NC_063214.1	64200001	64300000	0.0006486970881939	80218	150687	232291778	1879812
AL	NC_063214.1	64300001	64400000	0.0006337300331461	78738	149824	236416127	1738978
AL	NC_063214.1	64400001	64500000	0.0006823952365955	78484	160152	234690970	1744500
AL	NC_063214.1	64500001	64600000	0.0006797983764657	80738	160030	235408035	1871514
AL	NC_063214.1	64600001	64700000	0.0005279368136753	78860	131745	249546909	1585150
AL	NC_063214.1	64700001	64800000	0.000163058374084	81174	39068	239595177	1843534
AL	NC_063214.1	64800001	64900000	0.0003997726205128	75222	96151	240514220	1483040
AL	NC_063214.1	64900001	65000000	0.0004195269228506	78802	102034	243212043	1657306
AL	NC_063214.1	65000001	65100000	0.0005441328053205	81267	137964	253548396	1672628
AL	NC_063214.1	65100001	65200000	0.0003688662164482	79718	88835	240832573	1741758
AL	NC_063214.1	65200001	65300000	0.0002797683037725	81203	73888	264104257	1544706
AL	NC_063214.1	65300001	65400000	0.0002426501666363	79790	62559	257815607	1537402
AL	NC_063214.1	65400001	65500000	0.0001158125625092	80533	28257	243989075	1748142
AL	NC_063214.1	65500001	65600000	1.3862184259199069e-05	80215	3295	237697028	1809572
AL	NC_063214.1	65600001	65700000	4.268346487693073e-05	81495	10623	248878577	1747122
AL	NC_063214.1	65700001	65800000	0.0019259895013417	33894	214867	111561875	629730
AL	NC_063214.1	65800001	65900000	0.0001968799424675	79579	46349	235417582	1800040
AL	NC_063214.1	65900001	66000000	0.0002171024662861	75536	50615	233138761	1588086
AL	NC_063214.1	66000001	66100000	0.0003185416812532	73386	73521	230804960	1491568
AL	NC_063214.1	66100001	66200000	0.0004128368062126	77493	96737	234322615	1692078
AL	NC_063214.1	66200001	66300000	0.0004036211236446	75275	89352	221375926	1723712
AL	NC_063214.1	66300001	66400000	0.00055704311507	66407	114687	205885320	1387460
AL	NC_063214.1	66400001	66500000	0.0010680980800303	75028	242681	227208535	1632850
AL	NC_063214.1	66500001	66600000	0.0011364735733067	77455	258837	227754526	1770736
AL	NC_063214.1	66600001	66700000	0.0008040294522251	74855	176049	218958397	1726746
AL	NC_063214.1	66700001	66800000	0.0008007850419872	74640	179221	223806628	1653024
AL	NC_063214.1	66800001	66900000	0.0008905449861353	73207	200108	224702854	1556672
AL	NC_063214.1	66900001	67000000	0.000824474033472	73240	181123	219683086	1622492
AL	NC_063214.1	67000001	67100000	0.0007162649996094	75346	159175	222229203	1717458
AL	NC_063214.1	67100001	67200000	0.0010166447952225	75736	224287	220614910	1759404
AL	NC_063214.1	67200001	67300000	0.0004442714662244	77370	99454	223858626	1815988
AL	NC_063214.1	67300001	67400000	0.0007565619131228	74914	178469	235894772	1518184
AL	NC_063214.1	67400001	67500000	0.0005999611763655	77161	138893	231503313	1705642
AL	NC_063214.1	67500001	67600000	0.000709128527091	78477	161934	228356347	1826606
AL	NC_063214.1	67600001	67700000	0.0005057736518969	78226	120524	238296320	1686600
AL	NC_063214.1	67700001	67800000	0.0002670766182554	77811	63779	238804132	1654596
AL	NC_063214.1	67800001	67900000	0.0004858004768155	80975	114830	236372761	1874202
AL	NC_063214.1	67900001	68000000	7.603363086188512e-05	80627	18865	248113891	1706622
AL	NC_063214.1	68000001	68100000	0.0002065642905647	79220	48614	235345615	1781226
AL	NC_063214.1	68100001	68200000	0.0003738262979336	79913	91256	244113377	1714874
AL	NC_063214.1	68200001	68300000	0.0003576066816875	79714	86927	243079910	1713668
AL	NC_063214.1	68300001	68400000	0.0004473873552293	82754	119905	268011598	1592340
AL	NC_063214.1	68400001	68500000	0.0004443342466568	75018	108757	244763938	1415532
AL	NC_063214.1	68500001	68600000	0.0005996594685771	78945	142025	236842754	1746552
AL	NC_063214.1	68600001	68700000	0.0004183298324961	78171	96914	231668871	1766022
AL	NC_063214.1	68700001	68800000	0.0003377627894067	69082	73936	218899187	1384914
AL	NC_063214.1	68800001	68900000	0.0003148613691552	76260	71274	226366290	1718572
AL	NC_063214.1	68900001	69000000	0.0004579981016295	76040	106782	233149438	1618244
AL	NC_063214.1	69000001	69100000	0.0011038702274016	70233	235656	213481616	1518588
AL	NC_063214.1	69100001	69200000	0.0001891425457493	76858	43112	227933910	1734972
AL	NC_063214.1	69200001	69300000	0.0006303439535698	77143	148567	235691957	1654034
AL	NC_063214.1	69300001	69400000	0.0007394281721389	75866	164898	223007462	1735660
AL	NC_063214.1	69400001	69500000	0.0005486041902755	74400	120945	220459490	1683388
AL	NC_063214.1	69500001	69600000	0.00052678859409	77588	122715	232949235	1714234
AL	NC_063214.1	69600001	69700000	0.0005092447395784	76193	116685	229133442	1680720
AL	NC_063214.1	69700001	69800000	0.000173687901886	75727	40144	231127209	1626674
AL	NC_063214.1	69800001	69900000	3.853724938879949e-05	77148	8746	226949254	1763716
AL	NC_063214.1	69900001	70000000	0.0001199506873683	76817	26735	222883258	1795952
AL	NC_063214.1	70000001	70100000	0.0001210988316162	77306	27715	228862654	1751004
AL	NC_063214.1	70100001	70200000	0.0001737651973793	77460	40277	231789798	1722188
AL	NC_063214.1	70200001	70300000	0.0002062331188682	81520	48740	236334495	1908058
AL	NC_063214.1	70300001	70400000	0.0001114215444003	78708	26093	234182717	1767254
AL	NC_063214.1	70400001	70500000	0.0002435228570451	80380	55769	229009304	1933120
AL	NC_063214.1	70500001	70600000	0.0004925829126263	80895	122982	249667613	1708818
AL	NC_063214.1	70600001	70700000	0.0003128740695168	80791	78348	250413849	1691146
AL	NC_063214.1	70700001	70800000	0.0004271376895568	82016	102643	240304245	1885054
AL	NC_063214.1	70800001	70900000	0.0003647958064477	82104	87714	240446843	1888858
AL	NC_063214.1	70900001	71000000	0.0001417170639455	82396	37529	264816381	1607550
AL	NC_063214.1	71000001	71100000	0.0001909408329564	82856	48847	255822703	1746010
AL	NC_063214.1	71100001	71200000	0.0004300132271993	83139	116779	271570716	1565940
AL	NC_063214.1	71200001	71300000	0.0005063463319496	85698	132626	261927443	1831154
AL	NC_063214.1	71300001	71400000	0.0003326486433427	85174	88328	265529416	1754672
AL	NC_063214.1	71400001	71500000	0.0003802942902852	83462	100075	263151466	1681964
AL	NC_063214.1	71500001	71600000	0.0002541939903293	79654	66413	261268962	1485788
AL	NC_063214.1	71600001	71700000	0.000558156905527	83947	148926	266817446	1670896
AL	NC_063214.1	71700001	71800000	0.0009493262917896	73442	221540	233365495	1461234
AL	NC_063214.1	71800001	71900000	0.0007320778733918	82020	191515	261604683	1618066
AL	NC_063214.1	71900001	72000000	0.0003386178009545	86666	92937	274459877	1734174
AL	NC_063214.1	72000001	72100000	0.0004437507379051	82273	118905	267954484	1560500
AL	NC_063214.1	72100001	72200000	0.000289544972788	81998	76844	265395732	1572352
AL	NC_063214.1	72200001	72300000	0.0004413458508748	79022	108907	246761128	1624848
AL	NC_063214.1	72300001	72400000	0.0002562579029977	80122	65597	255980398	1581932
AL	NC_063214.1	72400001	72500000	0.0004318435116692	83255	110625	256169184	1758900
AL	NC_063214.1	72500001	72600000	0.0003690741274283	78780	102962	278973768	1224272
AL	NC_063214.1	72600001	72700000	0.000431061603096	83005	116358	269933576	1580476
AL	NC_063214.1	72700001	72800000	0.0004875572502288	81537	123736	253787632	1688684
AL	NC_063214.1	72800001	72900000	0.0005453960998931	81645	136107	249556240	1748508
AL	NC_063214.1	72900001	73000000	0.0005290030365214	83993	135655	256435201	1803330
AL	NC_063214.1	73000001	73100000	0.0004113062798437	82402	107875	262274138	1634012
AL	NC_063214.1	73100001	73200000	0.0003239171884565	83283	79261	244695258	1905504
AL	NC_063214.1	73200001	73300000	0.0004067549928384	79865	98476	242101515	1732206
AL	NC_063214.1	73300001	73400000	0.0003020705809023	83948	75257	249137138	1888540
AL	NC_063214.1	73400001	73500000	0.0002894754428976	82174	81662	282103377	1391734
AL	NC_063214.1	73500001	73600000	0.0004339368076281	83140	108408	249824394	1830740
AL	NC_063214.1	73600001	73700000	0.0003290242387455	83035	83662	254273060	1773132
AL	NC_063214.1	73700001	73800000	0.0004703391895314	80721	116732	248186846	1709648
AL	NC_063214.1	73800001	73900000	0.0003008856277249	80573	79607	264575615	1500782
AL	NC_063214.1	73900001	74000000	4.079112617771573e-05	83778	10673	261650045	1720958
AL	NC_063214.1	74000001	74100000	0.0003275518338869	83622	83277	254240677	1805630
AL	NC_063214.1	74100001	74200000	0.000303417969587	82755	74195	244530672	1876116
AL	NC_063214.1	74200001	74300000	0.0004478818348304	82956	121133	270457497	1572662
AL	NC_063214.1	74300001	74400000	0.0005149060399597	81976	124707	242193702	1858372
AL	NC_063214.1	74400001	74500000	0.0007284664131008	76680	169145	232193272	1668528
AL	NC_063214.1	74500001	74600000	0.0005945718216874	78735	142016	238854239	1705654
AL	NC_063214.1	74600001	74700000	0.000779881297454	9277	22961	29441660	184884
AL	NC_063214.1	74700001	74800000	0.0	37	0	120874	696
AL	NC_063214.1	74800001	74900000	0.0	243	0	811065	4354
AL	NC_063214.1	74900001	75000000	0.0007519779223181	22284	54765	72827936	419720
AL	NC_063214.1	75000001	75100000	0.0005846734189967	69712	125723	215031154	1471156
AL	NC_063214.1	75100001	75200000	0.0004882842486024	77005	114813	235135580	1649756
AL	NC_063214.1	75200001	75300000	0.00041465228683	73539	92921	224093784	1582620
AL	NC_063214.1	75300001	75400000	0.0006298928576235	74106	141280	224292113	1612262
AL	NC_063214.1	75400001	75500000	0.000256096178827	76456	57340	223900256	1761648
AL	NC_063214.1	75500001	75600000	8.067223058447166e-05	74217	18199	225591878	1605352
AL	NC_063214.1	75600001	75700000	0.0001426242594458	77089	31885	223559443	1803766
AL	NC_063214.1	75700001	75800000	0.0005387784233387	73880	121652	225792264	1584472
AL	NC_063214.1	75800001	75900000	0.0006536927089895	74394	155932	238540216	1456944
AL	NC_063214.1	75900001	76000000	0.0005113810796058	74736	120419	235478012	1515832
AL	NC_063214.1	76000001	76100000	0.0007504641141639	76136	170423	227090139	1699954
AL	NC_063214.1	76100001	76200000	0.0004889422367909	75272	116965	239220487	1504818
AL	NC_063214.1	76200001	76300000	0.0009618366545213	78100	221493	230281305	1777094
AL	NC_063214.1	76300001	76400000	0.0008027429708266	63249	156363	194785885	1337874
AL	NC_063214.1	76400001	76500000	0.0006187378344019	74422	137280	221871029	1664358
AL	NC_063214.1	76500001	76600000	0.0007440668258787	76206	169515	227822279	1695698
AL	NC_063214.1	76600001	76700000	0.0005124543808366	75817	120116	234393547	1593046
AL	NC_063214.1	76700001	76800000	0.0004210574279872	74490	92702	220164742	1690620
AL	NC_063214.1	76800001	76900000	0.0004252525435656	73354	91032	214065739	1698786
AL	NC_063214.1	76900001	77000000	0.0002008880377295	72432	42032	209230975	1704458
AL	NC_063214.1	77000001	77100000	0.0005205624670297	76145	118887	228381813	1685762
AL	NC_063214.1	77100001	77200000	0.0007787727418172	74448	171820	220629191	1681970
AL	NC_063214.1	77200001	77300000	0.0003962912222279	72393	88358	222962294	1529144
AL	NC_063214.1	77300001	77400000	0.000243115485626	75387	57004	234472929	1563050
AL	NC_063214.1	77400001	77500000	0.0001246322878896	75919	27527	220865720	1766548
AL	NC_063214.1	77500001	77600000	0.0001241681696228	75930	27737	223382531	1739850
AL	NC_063214.1	77600001	77700000	0.0005802017608226	74924	127948	220523288	1714024
AL	NC_063214.1	77700001	77800000	0.0005676555951103	76195	127205	224088340	1741748
AL	NC_063214.1	77800001	77900000	0.0002708069031541	74860	61522	227180324	1622728
AL	NC_063214.1	77900001	78000000	0.0001433958635935	75845	32823	228897816	1659812
AL	NC_063214.1	78000001	78100000	0.0001958774828711	76554	46765	238746176	1584840
AL	NC_063214.1	78100001	78200000	0.0005593778141175	77828	127681	228255388	1786624
AL	NC_063214.1	78200001	78300000	0.0006469071334197	77570	154516	238853449	1640614
AL	NC_063214.1	78300001	78400000	0.0005450577897336	66590	116638	213991988	1299528
AL	NC_063214.1	78400001	78500000	0.0006924640279709	75571	164041	236894616	1544100
AL	NC_063214.1	78500001	78600000	0.0003463076455559	72257	80190	231557117	1416338
AL	NC_063214.1	78600001	78700000	0.0007692771613759	74756	170961	222235897	1679310
AL	NC_063214.1	78700001	78800000	0.0007047941425881	72154	151613	215116714	1612596
AL	NC_063214.1	78800001	78900000	0.0011480583733632	68525	240899	209831665	1462674
AL	NC_063214.1	78900001	79000000	0.0006005090428401	73421	134611	224161487	1574182
AL	NC_063214.1	79000001	79100000	0.0003163059019075	75185	69030	218238103	1756286
AL	NC_063214.1	79100001	79200000	0.0006151173818898	75118	136214	221443913	1711814
AL	NC_063214.1	79200001	79300000	0.0006088297215317	77749	135482	222528558	1857256
AL	NC_063214.1	79300001	79400000	0.0007216244319098	79263	167668	232348009	1821258
AL	NC_063214.1	79400001	79500000	0.0005802400144783	76849	139283	240043769	1580746
AL	NC_063214.1	79500001	79600000	0.0005407490191075	80941	142870	264207599	1532254
AL	NC_063214.1	79600001	79700000	0.000604531341816	81483	149735	247687737	1759714
AL	NC_063214.1	79700001	79800000	0.0006441430332578	79180	147960	229700536	1850312
AL	NC_063214.1	79800001	79900000	0.0005336205384745	78072	121260	227240129	1814670
AL	NC_063214.1	79900001	80000000	0.0003378644325781	78200	77929	230651683	1780370
AL	NC_063214.1	80000001	80100000	0.0003569962091196	79780	82474	231022061	1870702
AL	NC_063214.1	80100001	80200000	0.0006785000017048	79073	162774	239902726	1716616
AL	NC_063214.1	80200001	80300000	0.000537735682087	80109	132438	246288287	1697278
AL	NC_063214.1	80300001	80400000	0.0002998072078859	80375	75104	250507653	1663130
AL	NC_063214.1	80400001	80500000	2.154672253866344e-05	81051	5291	245559388	1762788
AL	NC_063214.1	80500001	80600000	4.931364317160948e-05	82015	12051	244374563	1832798
AL	NC_063214.1	80600001	80700000	0.0006611601087455	78860	164777	249224050	1587444
AL	NC_063214.1	80700001	80800000	0.0005531862067178	81465	139631	252412295	1699886
AL	NC_063214.1	80800001	80900000	0.0004025525479903	81480	99591	247398757	1762006
AL	NC_063214.1	80900001	81000000	0.0003267574517028	80040	81263	248695170	1660844
AL	NC_063214.1	81000001	81100000	0.0003324226419698	83898	91592	275528765	1559246
AL	NC_063214.1	81100001	81200000	0.0002465651956107	81718	70734	286877472	1304880
AL	NC_063214.1	81200001	81300000	0.0004305036862925	85410	119726	278106794	1614044
AL	NC_063214.1	81300001	81400000	0.0004580943541756	83898	121179	264528473	1692262
AL	NC_063214.1	81400001	81500000	0.0002187134540632	82703	60036	274496145	1502818
AL	NC_063214.1	81500001	81600000	0.0005923100218092	79149	157339	265636228	1409292
AL	NC_063214.1	81600001	81700000	0.0002980504039966	81455	73626	247025332	1768364
AL	NC_063214.1	81700001	81800000	0.0006513630865949	80909	174642	268117742	1478680
AL	NC_063214.1	81800001	81900000	0.0007108889909616	82759	187250	263402588	1639252
AL	NC_063214.1	81900001	82000000	0.0004898173554646	82143	125653	256530314	1688632
AL	NC_063214.1	82000001	82100000	0.000614509968314	81194	165630	269531836	1470960
AL	NC_063214.1	82100001	82200000	0.0006198642138546	79857	164439	265282293	1447362
AL	NC_063214.1	82200001	82300000	0.0006940678747594	84473	195893	282238967	1510174
AL	NC_063214.1	82300001	82400000	0.0007397463458393	84513	205749	278134527	1560174
AL	NC_063214.1	82400001	82500000	0.000725521793434	82514	193549	266772138	1586556
AL	NC_063214.1	82500001	82600000	0.0003169336212428	84581	87762	276909719	1584398
AL	NC_063214.1	82600001	82700000	0.0003317987423097	84478	87987	265181837	1716854
AL	NC_063214.1	82700001	82800000	0.0004313281460282	83432	114871	266319277	1645758
AL	NC_063214.1	82800001	82900000	0.0005484795405327	81166	139122	253650300	1674840
AL	NC_063214.1	82900001	83000000	0.0005672553029466	81298	153855	271227081	1463006
AL	NC_063214.1	83000001	83100000	0.0004952870237323	84041	138369	279371341	1528290
AL	NC_063214.1	83100001	83200000	0.0007588436512253	81963	217761	286964251	1317606
AL	NC_063214.1	83200001	83300000	0.0005722897877229	82279	155716	272092921	1504762
AL	NC_063214.1	83300001	83400000	0.0004867282342368	78538	139608	286829467	1121970
AL	NC_063214.1	83400001	83500000	0.0006306010529253	84400	165162	261912027	1759082
AL	NC_063214.1	83500001	83600000	0.0007921467391791	82248	199546	251905348	1753680
AL	NC_063214.1	83600001	83700000	0.0003712868646015	84735	102825	276942197	1597898
AL	NC_063214.1	83700001	83800000	0.0004291857167022	76055	105564	245963451	1461798
AL	NC_063214.1	83800001	83900000	0.000546276402948	83184	139955	256198143	1753218
AL	NC_063214.1	83900001	84000000	0.0004594654394934	80043	115416	251196260	1633540
AL	NC_063214.1	84000001	84100000	0.0004686012407849	77659	111185	237269965	1662418
AL	NC_063214.1	84100001	84200000	0.0003979486115819	82217	102377	257261860	1690452
AL	NC_063214.1	84200001	84300000	0.0008255433799068	76908	195443	236744676	1624040
AL	NC_063214.1	84300001	84400000	0.0007042995034755	81848	170244	241721028	1856544
AL	NC_063214.1	84400001	84500000	0.0006614055907296	80283	161547	244248011	1734726
AL	NC_063214.1	84500001	84600000	0.0007685763161664	79860	188160	244816287	1698002
AL	NC_063214.1	84600001	84700000	0.000209057035478	82751	52455	250912388	1793860
AL	NC_063214.1	84700001	84800000	0.0001870932192744	75418	47433	253526024	1335048
AL	NC_063214.1	84800001	84900000	0.0004749592856707	81873	125782	264826910	1572064
AL	NC_063214.1	84900001	85000000	0.0004258262015268	81976	115241	270629190	1512148
AL	NC_063214.1	85000001	85100000	0.0003090890133104	84856	78962	255466861	1862430
AL	NC_063214.1	85100001	85200000	0.0005353905293135	79609	128239	239524222	1751496
AL	NC_063214.1	85200001	85300000	0.0004887819984844	80076	114979	235235750	1834916
AL	NC_063214.1	85300001	85400000	0.0003227983401488	77726	73093	226435489	1805942
AL	NC_063214.1	85400001	85500000	0.0002518841552391	77771	57100	226691512	1804292
AL	NC_063214.1	85500001	85600000	0.0003742549706952	73943	84071	224635627	1601670
AL	NC_063214.1	85600001	85700000	0.0001982383476703	73258	44127	222595681	1586278
AL	NC_063214.1	85700001	85800000	0.000652358836213	78381	154740	237200742	1709376
AL	NC_063214.1	85800001	85900000	0.0006974006394425	74439	153248	219741697	1692570
AL	NC_063214.1	85900001	86000000	0.0006077108694844	75705	131468	216333139	1813166
AL	NC_063214.1	86000001	86100000	0.0002935677812975	78254	64476	219629006	1926452
AL	NC_063214.1	86100001	86200000	0.0001191033567578	75607	26483	222353095	1729422
AL	NC_063214.1	86200001	86300000	5.851425036471102e-05	75372	13082	223569471	1700834
AL	NC_063214.1	86300001	86400000	0.0004056412721246	81326	97038	239221220	1858360
AL	NC_063214.1	86400001	86500000	0.0002506422295893	82398	60948	243167323	1871674
AL	NC_063214.1	86500001	86600000	0.0002674111909652	83505	71444	267169073	1642338
AL	NC_063214.1	86600001	86700000	0.0004561263409751	82457	116583	255593658	1721640
AL	NC_063214.1	86700001	86800000	0.0004434043490967	82174	108770	245306570	1830540
AL	NC_063214.1	86800001	86900000	0.000589089216722	74112	136566	231825666	1520684
AL	NC_063214.1	86900001	87000000	0.0004904874299392	78394	114087	232599233	1767158
AL	NC_063214.1	87000001	87100000	0.0006680526784092	73161	151629	226971622	1527576
AL	NC_063214.1	87100001	87200000	0.0004561697712075	79128	112140	245829529	1647062
AL	NC_063214.1	87200001	87300000	0.0004389578903057	80276	109931	250436323	1659274
AL	NC_063214.1	87300001	87400000	0.0005090292694873	74841	117903	231623223	1564086
AL	NC_063214.1	87400001	87500000	0.0004451545380277	75295	109135	245162052	1427308
AL	NC_063214.1	87500001	87600000	0.0006454576421565	82388	176877	274033474	1490500
AL	NC_063214.1	87600001	87700000	0.0004112838019068	84399	113129	275063106	1597272
AL	NC_063214.1	87700001	87800000	0.0003779309557294	82620	102227	270491206	1546396
AL	NC_063214.1	87800001	87900000	0.0006349725660016	83370	172330	271397552	1579200
AL	NC_063214.1	87900001	88000000	0.0005268355591919	77630	128233	243402325	1583614
AL	NC_063214.1	88000001	88100000	0.0006837092458001	81672	177421	259497734	1623148
AL	NC_063214.1	88100001	88200000	0.0004129586325467	83230	114041	276155990	1516044
AL	NC_063214.1	88200001	88300000	0.0006732429303316	81169	173340	257470212	1622292
AL	NC_063214.1	88300001	88400000	0.0006949156172768	79792	172177	247766773	1657982
AL	NC_063214.1	88400001	88500000	0.0005301728642292	78286	132907	250686161	1536894
AL	NC_063214.1	88500001	88600000	0.0004259666768091	82100	109482	257020105	1682750
AL	NC_063214.1	88600001	88700000	0.0004614222577429	82699	117113	253808736	1754980
AL	NC_063214.1	88700001	88800000	0.000442538091444	82729	115624	261274684	1670092
AL	NC_063214.1	88800001	88900000	0.0004013610096141	82350	111051	276686069	1459038
AL	NC_063214.1	88900001	89000000	0.0005584204249908	84603	144430	258640253	1807154
AL	NC_063214.1	89000001	89100000	0.0004961191316961	81886	127425	256843552	1673240
AL	NC_063214.1	89100001	89200000	9.331621234685469e-05	82128	26100	279694164	1407368
AL	NC_063214.1	89200001	89300000	0.0002882208333302	83670	81830	283914244	1448128
AL	NC_063214.1	89300001	89400000	0.0008129860983371	82197	220654	271411775	1511966
AL	NC_063214.1	89400001	89500000	0.0002973283113558	81470	82163	276337627	1412314
AL	NC_063214.1	89500001	89600000	0.0004956627142391	81581	132275	266864939	1530694
AL	NC_063214.1	89600001	89700000	0.0004016365418579	84505	111671	278039940	1567420
AL	NC_063214.1	89700001	89800000	9.834470629273108e-05	83564	25700	261325708	1712936
AL	NC_063214.1	89800001	89900000	0.0006164512066916	82203	152209	246911675	1812662
AL	NC_063214.1	89900001	90000000	0.0003579939815141	77532	87964	245713628	1551072
AL	NC_063214.1	90000001	90100000	0.0001264199647876	81409	31181	246646169	1766914
AL	NC_063214.1	90100001	90200000	4.5580848960415775e-05	82620	11326	248481550	1817812
AL	NC_063214.1	90200001	90300000	3.4388050032018164e-05	81785	8469	246277413	1794378
AL	NC_063214.1	90300001	90400000	7.575921801829243e-06	82247	1840	242874735	1865966
AL	NC_063214.1	90400001	90500000	2.6482716353416915e-05	83637	7370	278294715	1515174
AL	NC_063214.1	90500001	90600000	0.0001699051760529	81986	43598	256601953	1678790
AL	NC_063214.1	90600001	90700000	0.0005221639365658	79576	134198	257003578	1531276
AL	NC_063214.1	90700001	90800000	0.0001958792869067	82642	52034	265643197	1604622
AL	NC_063214.1	90800001	90900000	0.0006090687739892	83819	164554	270173102	1620864
AL	NC_063214.1	90900001	91000000	0.0003482912872808	84195	92208	264743918	1709288
AL	NC_063214.1	91000001	91100000	0.0003115288331578	84014	84950	272687440	1599688
AL	NC_063214.1	91100001	91200000	0.0001399361370125	84015	38069	272045526	1612584
AL	NC_063214.1	91200001	91300000	0.0002116307380452	83630	59079	279160771	1502282
AL	NC_063214.1	91300001	91400000	0.0001953664137504	83140	51893	265618839	1638290
AL	NC_063214.1	91400001	91500000	4.04973188868701e-05	84896	10835	267548576	1716024
AL	NC_063214.1	91500001	91600000	0.0004329398977216	82639	117040	270337755	1553006
AL	NC_063214.1	91600001	91700000	0.0002843526907133	83787	78664	276642362	1542112
AL	NC_063214.1	91700001	91800000	0.0002560322951514	83842	72280	282308136	1479248
AL	NC_063214.1	91800001	91900000	0.0002131609676368	84738	59488	279075483	1570914
AL	NC_063214.1	91900001	92000000	0.0003939159230693	83363	111598	283304110	1433224
AL	NC_063214.1	92000001	92100000	0.0004215844486619	83999	113903	270178372	1631588
AL	NC_063214.1	92100001	92200000	0.0004910282793626	84395	137393	279806695	1537478
AL	NC_063214.1	92200001	92300000	0.0005518403163547	84004	153366	277917353	1536878
AL	NC_063214.1	92300001	92400000	0.0005136554962277	83930	149173	290414492	1382520
AL	NC_063214.1	92400001	92500000	0.0007049926850004	78966	188474	267341781	1370174
AL	NC_063214.1	92500001	92600000	0.0006488129245131	85687	188470	290484349	1481306
AL	NC_063214.1	92600001	92700000	0.0004370494574747	82754	123372	282283842	1415420
AL	NC_063214.1	92700001	92800000	0.0006167598459116	82824	177923	288480194	1343132
AL	NC_063214.1	92800001	92900000	0.000477756221254	83785	136099	284871225	1438450
AL	NC_063214.1	92900001	93000000	0.0004633058759334	78517	119901	258794473	1446026
AL	NC_063214.1	93000001	93100000	0.0004690935636755	80490	125730	268027553	1455006
AL	NC_063214.1	93100001	93200000	0.0003405492361785	79821	87106	255780929	1564450
AL	NC_063214.1	93200001	93300000	0.0002797658493768	84470	76998	275223013	1601414
AL	NC_063214.1	93300001	93400000	0.0001931725922375	84244	52186	270152196	1649984
AL	NC_063214.1	93400001	93500000	0.000252649733504	81929	63823	252614555	1727182
AL	NC_063214.1	93500001	93600000	0.0003162949565752	80977	79799	252292989	1675082
AL	NC_063214.1	93600001	93700000	0.00052291882959	83019	127606	244026401	1898338
AL	NC_063214.1	93700001	93800000	0.000558731812345	81350	134622	240942071	1837466
AL	NC_063214.1	93800001	93900000	0.0004664425346008	81775	115899	248474338	1766584
AL	NC_063214.1	93900001	94000000	0.0003355245196979	82347	84205	250965265	1771802
AL	NC_063214.1	94000001	94100000	0.0004947909828015	83670	124619	251861906	1836884
AL	NC_063214.1	94100001	94200000	0.0003400051432383	82272	88150	259260784	1662104
AL	NC_063214.1	94200001	94300000	0.0006016238444002	80660	175146	291122105	1192046
AL	NC_063214.1	94300001	94400000	0.0006550684771393	81733	178761	272889028	1468964
AL	NC_063214.1	94400001	94500000	0.0006280496167666	84670	171307	272760297	1641710
AL	NC_063214.1	94500001	94600000	0.0002311769386083	84939	64415	278639385	1581762
AL	NC_063214.1	94600001	94700000	0.0002460827809719	83831	65286	265300968	1677172
AL	NC_063214.1	94700001	94800000	0.0003429716426493	82729	92675	270211844	1559988
AL	NC_063214.1	94800001	94900000	0.000722949909306	84689	195903	270977280	1665556
AL	NC_063214.1	94900001	95000000	0.0008710281060925	83079	224442	257674808	1727812
AL	NC_063214.1	95000001	95100000	0.0006991765741962	83911	188058	268970682	1640456
AL	NC_063214.1	95100001	95200000	0.0009195417673763	80888	235657	256276559	1618250
AL	NC_063214.1	95200001	95300000	0.0005584622151353	84021	144196	258201891	1777758
AL	NC_063214.1	95300001	95400000	0.0006524834067866	73924	161944	248196350	1313724
AL	NC_063214.1	95400001	95500000	0.0004596887082486	77007	114276	248594316	1482492
AL	NC_063214.1	95500001	95600000	0.0004449233835586	82460	129968	292113215	1283410
AL	NC_063214.1	95600001	95700000	0.0003347821658005	83791	90267	269629058	1629184
AL	NC_063214.1	95700001	95800000	0.0002958406471542	85560	85422	288743284	1497472
AL	NC_063214.1	95800001	95900000	0.0003509099393373	83645	96632	275375500	1542804
AL	NC_063214.1	95900001	96000000	0.0004952271151444	85672	140372	283449746	1565604
AL	NC_063214.1	96000001	96100000	0.0003882841140519	80112	110198	283807645	1244942
AL	NC_063214.1	96100001	96200000	0.000472027782857	82684	131044	277619252	1465488
AL	NC_063214.1	96200001	96300000	0.0005587798417406	84132	153923	275462693	1577294
AL	NC_063214.1	96300001	96400000	0.0006108740936291	86734	165866	271522400	1772736
AL	NC_063214.1	96400001	96500000	0.000386892432903	84198	108254	279803870	1523900
AL	NC_063214.1	96500001	96600000	0.0003431914730037	82613	95111	277136839	1466102
AL	NC_063214.1	96600001	96700000	0.0005392910702925	82483	148138	274690252	1493860
AL	NC_063214.1	96700001	96800000	0.0004300792085675	84597	123014	286026382	1474264
AL	NC_063214.1	96800001	96900000	0.0003388471648458	77556	88268	260495023	1373986
AL	NC_063214.1	96900001	97000000	0.0003292294571943	80741	85334	259193089	1574522
AL	NC_063214.1	97000001	97100000	0.0005624433043714	83084	148868	264680900	1645272
AL	NC_063214.1	97100001	97200000	0.0001695582087111	82863	42125	248439756	1832612
AL	NC_063214.1	97200001	97300000	0.0002217240838044	82908	62374	281313599	1438250
AL	NC_063214.1	97300001	97400000	0.0003154602877592	79881	85995	272601666	1361512
AL	NC_063214.1	97400001	97500000	0.0005165394145273	81040	144610	279959275	1348274
AL	NC_063214.1	97500001	97600000	0.0003187037925524	83587	84223	264267329	1680922
AL	NC_063214.1	97600001	97700000	0.0004133018219926	83751	105096	254283902	1811920
AL	NC_063214.1	97700001	97800000	0.0003665076212399	80351	92606	252671417	1631546
AL	NC_063214.1	97800001	97900000	0.0004473327270473	82976	124048	277305890	1486724
AL	NC_063214.1	97900001	98000000	0.0003369216027639	83433	91728	272253246	1575640
AL	NC_063214.1	98000001	98100000	0.0003884686618192	83057	106892	275162479	1518574
AL	NC_063214.1	98100001	98200000	0.0003432318653618	83342	100360	292397094	1323692
AL	NC_063214.1	98200001	98300000	0.000243110948912	71474	60474	248750623	1165282
AL	NC_063214.1	98300001	98400000	0.0004405573935846	84010	116585	264630674	1698364
AL	NC_063214.1	98400001	98500000	0.0003015109118379	81109	83782	277873857	1371082
AL	NC_063214.1	98500001	98600000	0.000400066876851	84304	108473	271137168	1640616
AL	NC_063214.1	98600001	98700000	0.0003229192680908	83282	87209	270064405	1590342
AL	NC_063214.1	98700001	98800000	0.0002887119326805	81102	79881	276680632	1389968
AL	NC_063214.1	98800001	98900000	0.0003852012577319	82109	98481	255661159	1699166
AL	NC_063214.1	98900001	99000000	0.000305228365584	82092	78360	256725812	1686776
AL	NC_063214.1	99000001	99100000	0.0003608889093095	81557	87217	241672708	1840252
AL	NC_063214.1	99100001	99200000	0.0004051378670519	80250	99163	244763593	1724350
AL	NC_063214.1	99200001	99300000	0.0010742651543014	80203	271139	252394857	1624066
AL	NC_063214.1	99300001	99400000	0.0005991627055829	80760	157081	262167519	1539546
AL	NC_063214.1	99400001	99500000	0.0003422556791537	79550	83332	243478794	1700028
AL	NC_063214.1	99500001	99600000	0.0006194600049402	78507	163548	264017045	1389394
AL	NC_063214.1	99600001	99700000	0.000431593125293	80721	103544	239911143	1811126
AL	NC_063214.1	99700001	99800000	0.0002373706885674	79868	59233	249537971	1644682
AL	NC_063214.1	99800001	99900000	0.0005182482774196	76040	125136	241459558	1517476
AL	NC_063214.1	99900001	100000000	0.0006829888467639	74431	164534	240902909	1428634
AL	NC_063214.1	100000001	100100000	0.0008595990166772	75863	193643	225271314	1708328
AL	NC_063214.1	100100001	100200000	0.0007351920146577	73454	166162	226011704	1553216
AL	NC_063214.1	100200001	100300000	0.0006364701875295	69612	134780	211761686	1505396
AL	NC_063214.1	100300001	100400000	0.0005912787435373	74194	134299	227133144	1583704
AL	NC_063214.1	100400001	100500000	0.0010544104984461	73745	227025	215309882	1706048
AL	NC_063214.1	100500001	100600000	0.0005331574401823	76878	119440	224023883	1784370
AL	NC_063214.1	100600001	100700000	0.0007551558482556	77555	172507	228438938	1768560
AL	NC_063214.1	100700001	100800000	0.0001797021130357	75688	41295	229796964	1639600
AL	NC_063214.1	100800001	100900000	0.0001618590182949	77064	37808	233585996	1675624
AL	NC_063214.1	100900001	101000000	0.0003914281161025	75171	85409	218198429	1755178
AL	NC_063214.1	101000001	101100000	0.0005188364988586	78451	131818	254064624	1509132
AL	NC_063214.1	101100001	101200000	0.0005115558521139	69759	110863	216717294	1451328
AL	NC_063214.1	101200001	101300000	0.0003258925062622	78324	76434	234537458	1737300
AL	NC_063214.1	101300001	101400000	0.0005980357218122	77224	150543	251729110	1461868
AL	NC_063214.1	101400001	101500000	0.0004429045031543	76397	108584	245163459	1492654
AL	NC_063214.1	101500001	101600000	0.0004348232888519	80305	106721	245435336	1722852
AL	NC_063214.1	101600001	101700000	5.900711054348548e-05	77931	14067	238394998	1665768
AL	NC_063214.1	101700001	101800000	0.0002539312779709	78820	61522	242278149	1670406
AL	NC_063214.1	101800001	101900000	0.0005122123302241	80793	130955	255665458	1623016
AL	NC_063214.1	101900001	102000000	0.000282190757567	77342	65524	232197541	1707014
AL	NC_063214.1	102000001	102100000	0.0001008730970348	79101	24906	246904286	1631232
AL	NC_063214.1	102100001	102200000	2.0156987379921536e-05	82444	4893	242744608	1879904
AL	NC_063214.1	102200001	102300000	3.002992819285832e-05	83886	7589	252714557	1840758
AL	NC_063214.1	102300001	102400000	0.0001057262439605	82262	28490	269469518	1543732
AL	NC_063214.1	102400001	102500000	0.000439478583173	77091	109332	248776628	1488532
AL	NC_063214.1	102500001	102600000	0.0001838995933816	81022	49573	269565577	1465662
AL	NC_063214.1	102600001	102700000	0.0001617801063398	81266	43189	266961130	1511116
AL	NC_063214.1	102700001	102800000	0.0001124144216276	85105	30202	268666596	1715364
AL	NC_063214.1	102800001	102900000	0.0001434312740242	79902	38097	265611529	1445958
AL	NC_063214.1	102900001	103000000	0.0003800694132079	82997	106260	279580509	1457866
AL	NC_063214.1	103000001	103100000	0.0001933236120738	80779	51795	267918644	1472268
AL	NC_063214.1	103100001	103200000	0.0003903463888541	79671	102546	262705133	1467658
AL	NC_063214.1	103200001	103300000	0.0005423910101957	84361	141346	260597977	1768818
AL	NC_063214.1	103300001	103400000	0.0001467862677713	82602	37870	257994161	1697478
AL	NC_063214.1	103400001	103500000	2.046759550784475e-05	83817	5491	268277727	1646742
AL	NC_063214.1	103500001	103600000	0.0002924207805443	83419	76632	262060719	1697862
AL	NC_063214.1	103600001	103700000	0.0005568934075187	82019	143637	257925481	1663658
AL	NC_063214.1	103700001	103800000	0.0007273738736927	83694	195802	269190312	1625056
AL	NC_063214.1	103800001	103900000	0.0004683334407814	84685	129504	276520933	1590282
AL	NC_063214.1	103900001	104000000	0.0003996911720419	83800	115682	289428459	1392762
AL	NC_063214.1	104000001	104100000	0.0004563788714315	82642	120344	263693189	1630710
AL	NC_063214.1	104100001	104200000	0.0003699730109416	80156	95967	259389191	1536818
AL	NC_063214.1	104200001	104300000	0.0002099315135679	81580	53268	253739894	1689132
AL	NC_063214.1	104300001	104400000	0.0003676119112901	79770	94082	255927507	1558018
AL	NC_063214.1	104400001	104500000	0.0004265622591388	80716	108188	253627689	1644318
AL	NC_063214.1	104500001	104600000	0.0006334446614981	84075	172337	272063229	1610250
AL	NC_063214.1	104600001	104700000	0.0003833009543026	85397	105215	274497099	1655614
AL	NC_063214.1	104700001	104800000	0.0004581696651871	79718	118909	259530495	1507442
AL	NC_063214.1	104800001	104900000	0.0005041507278525	80830	137987	273701876	1405592
AL	NC_063214.1	104900001	105000000	0.0005173909630086	75445	132544	256177648	1303764
AL	NC_063214.1	105000001	105100000	0.0005868885832251	85052	166218	283219004	1533448
AL	NC_063214.1	105100001	105200000	0.000478160462944	82080	133063	278281059	1421722
AL	NC_063214.1	105200001	105300000	0.000814214888548	79244	203609	250067891	1595762
AL	NC_063214.1	105300001	105400000	0.0005426568601992	78521	136156	250906254	1544968
AL	NC_063214.1	105400001	105500000	0.0002685218777328	83767	69300	258079530	1765480
AL	NC_063214.1	105500001	105600000	0.0006455293119023	83151	171930	266339571	1629446
AL	NC_063214.1	105600001	105700000	0.0004961650125481	82717	137138	276395950	1479920
AL	NC_063214.1	105700001	105800000	0.0005136045243106	82258	139889	272367149	1500174
AL	NC_063214.1	105800001	105900000	0.0009522681712418	84395	253273	265968146	1706600
AL	NC_063214.1	105900001	106000000	0.00079643662205	84781	219071	275063946	1616704
AL	NC_063214.1	106000001	106100000	0.0005122562163709	84412	146812	286598767	1458066
AL	NC_063214.1	106100001	106200000	0.0005483845018526	79084	146922	267917856	1373216
AL	NC_063214.1	106200001	106300000	0.0006484605396022	80535	171871	265044655	1489486
AL	NC_063214.1	106300001	106400000	0.0004407545227685	82032	118292	268385221	1535870
AL	NC_063214.1	106400001	106500000	0.0006138324819684	83324	169585	276272444	1521328
AL	NC_063214.1	106500001	106600000	0.0003702628234237	80951	100095	270334999	1451102
AL	NC_063214.1	106600001	106700000	0.0008615367979843	83521	237751	275961515	1527382
AL	NC_063214.1	106700001	106800000	0.0006786411939209	81749	189096	278639142	1397416
AL	NC_063214.1	106800001	106900000	0.0007800716259954	84601	220138	282202291	1516598
AL	NC_063214.1	106900001	107000000	0.0010210140982861	83177	302477	296251541	1269082
AL	NC_063214.1	107000001	107100000	0.0006112584083485	77563	171977	281349095	1125926
AL	NC_063214.1	107100001	107200000	0.0004084210008535	82194	119365	292259702	1258932
AL	NC_063214.1	107200001	107300000	0.0005179313815117	82852	139258	268873455	1580066
AL	NC_063214.1	107300001	107400000	0.0003571456358092	81778	90890	254490020	1693896
AL	NC_063214.1	107400001	107500000	0.0004019377225731	83867	112847	280757425	1500890
AL	NC_063214.1	107500001	107600000	0.0003652056908976	82306	95157	260557276	1651912
AL	NC_063214.1	107600001	107700000	0.0006798770179619	74887	177212	260653023	1220566
AL	NC_063214.1	107700001	107800000	0.0004839600687305	83580	131971	272689853	1579374
AL	NC_063214.1	107800001	107900000	0.0007257712147627	83029	187472	258307296	1717764
AL	NC_063214.1	107900001	108000000	0.0005322592686995	81995	136381	256230390	1683368
AL	NC_063214.1	108000001	108100000	0.0006261145694777	82215	169586	270854582	1520152
AL	NC_063214.1	108100001	108200000	0.0007032658162957	79014	193039	274489383	1292706
AL	NC_063214.1	108200001	108300000	0.0004180560035347	82101	114346	273518378	1483232
AL	NC_063214.1	108300001	108400000	0.0004086051275997	83441	108269	264972201	1662962
AL	NC_063214.1	108400001	108500000	0.0004490962285432	83477	116146	258621633	1741346
AL	NC_063214.1	108500001	108600000	0.0006676958916098	78370	171641	257064634	1458484
AL	NC_063214.1	108600001	108700000	0.0005869991770333	83849	155223	264434783	1692846
AL	NC_063214.1	108700001	108800000	0.0003975098488095	83536	104253	262265200	1702192
AL	NC_063214.1	108800001	108900000	0.0004736308627239	83011	131924	278537592	1471836
AL	NC_063214.1	108900001	109000000	0.0004468489455641	79475	115608	258718301	1508074
AL	NC_063214.1	109000001	109100000	0.0003380641170902	83709	88972	263180845	1696946
AL	NC_063214.1	109100001	109200000	0.0005333482398371	80642	136344	255637855	1611410
AL	NC_063214.1	109200001	109300000	0.0002530911735592	77183	61901	244579845	1540522
AL	NC_063214.1	109300001	109400000	4.6356469589707e-05	83695	12339	266176439	1660190
AL	NC_063214.1	109400001	109500000	3.0298973355466e-05	80361	8287	273507617	1378354
AL	NC_063214.1	109500001	109600000	0.0003983142432599	79409	112889	283416930	1208576
AL	NC_063214.1	109600001	109700000	0.000537212679832	84656	150420	280000837	1549118
AL	NC_063214.1	109700001	109800000	0.0002587623922587	81685	74377	287433577	1297250
AL	NC_063214.1	109800001	109900000	1.4449307103938374e-05	82304	4269	295446693	1232190
AL	NC_063214.1	109900001	110000000	3.9699183468031e-06	76390	1044	262977701	1277934
AL	NC_063214.1	110000001	110100000	0.0002085576898567	83112	57373	275094148	1522384
AL	NC_063214.1	110100001	110200000	0.0003913086512828	82166	101109	258386825	1669478
AL	NC_063214.1	110200001	110300000	0.0004179875505813	79153	113931	272570319	1323886
AL	NC_063214.1	110300001	110400000	0.0006405295163686	82252	166977	260685879	1644258
AL	NC_063214.1	110400001	110500000	0.0004257838503265	74089	98635	231655099	1520734
AL	NC_063214.1	110500001	110600000	0.0007680172046756	77542	189348	246541352	1541624
AL	NC_063214.1	110600001	110700000	0.0008125375830715	74730	192793	237272717	1488094
AL	NC_063214.1	110700001	110800000	0.0009571050510274	72066	212933	222476101	1514966
AL	NC_063214.1	110800001	110900000	0.0007219392603583	78030	176948	245100952	1587968
AL	NC_063214.1	110900001	111000000	0.0004425953343227	75554	102776	232212118	1601724
AL	NC_063214.1	111000001	111100000	0.0003807575984062	75020	87193	228998713	1610918
AL	NC_063214.1	111100001	111200000	0.0003806371778113	77899	86788	228007155	1795366
AL	NC_063214.1	111200001	111300000	0.0001758416462085	75820	40664	231253522	1630036
AL	NC_063214.1	111300001	111400000	0.0003490529333016	76986	86973	249168512	1479184
AL	NC_063214.1	111400001	111500000	0.0002871303528184	78557	67673	235687378	1740392
AL	NC_063214.1	111500001	111600000	0.0005273390175628	77286	119701	226990600	1771696
AL	NC_063214.1	111600001	111700000	0.0003877288485867	77098	88531	228332249	1742542
AL	NC_063214.1	111700001	111800000	0.0002943279192083	75540	69136	234894468	1570048
AL	NC_063214.1	111800001	111900000	0.0005536673607528	76233	129106	233183332	1630476
AL	NC_063214.1	111900001	112000000	0.0001091012823473	78130	25960	237944041	1683182
AL	NC_063214.1	112000001	112100000	0.000509507433314	80558	125056	245444898	1731964
AL	NC_063214.1	112100001	112200000	0.0001779062608958	78440	45485	255668349	1485774
AL	NC_063214.1	112200001	112300000	3.581666337510826e-05	81583	9492	265016311	1554078
AL	NC_063214.1	112300001	112400000	9.203294730058208e-06	80061	2382	258820354	1538800
AL	NC_063214.1	112400001	112500000	2.5337166217629966e-05	83794	7027	277339618	1529732
AL	NC_063214.1	112500001	112600000	2.2144810623388584e-05	80127	5844	263899299	1485190
AL	NC_063214.1	112600001	112700000	3.801738157954372e-05	78963	9305	244756467	1648902
AL	NC_063214.1	112700001	112800000	3.805863576646735e-05	79635	8817	231668840	1855460
AL	NC_063214.1	112800001	112900000	2.9483840623609457e-05	74220	6599	223817517	1626766
AL	NC_063214.1	112900001	113000000	1.4737794620704964e-05	76810	3509	238095325	1604462
AL	NC_063214.1	113000001	113100000	2.870677786019502e-05	79846	6529	227437577	1922734
AL	NC_063214.1	113100001	113200000	2.2858954097206036e-05	78919	5232	228881863	1847734
AL	NC_063214.1	113200001	113300000	2.6408867344583933e-05	77772	6165	233444317	1720254
AL	NC_063214.1	113300001	113400000	2.5829816585787148e-05	74192	5782	223849828	1623240
AL	NC_063214.1	113400001	113500000	3.015193463446236e-05	80363	7568	250995503	1651222
AL	NC_063214.1	113500001	113600000	0.0001341104296724	80015	34578	257832296	1550052
AL	NC_063214.1	113600001	113700000	0.0002331693868964	77541	59467	255037768	1440212
AL	NC_063214.1	113700001	113800000	0.0002094234874668	79222	52515	250759839	1586666
AL	NC_063214.1	113800001	113900000	0.0002390384709917	69067	55863	233698784	1204148
AL	NC_063214.1	113900001	114000000	0.0001155734767332	81830	30268	261893999	1605066
AL	NC_063214.1	114000001	114100000	0.0004516683675992	80797	115704	256170253	1615394
AL	NC_063214.1	114100001	114200000	9.362122529300303e-05	76380	22944	245072631	1491514
AL	NC_063214.1	114200001	114300000	0.000268998291103	79244	65422	243206006	1683260
AL	NC_063214.1	114300001	114400000	0.0001010998862097	79725	23696	234382064	1823068
AL	NC_063214.1	114400001	114500000	0.0005435151340899	78262	126837	233364247	1749002
AL	NC_063214.1	114500001	114600000	0.0007428193976247	82617	195722	263485311	1634758
AL	NC_063214.1	114600001	114700000	0.0005594309962615	82328	159623	285330990	1353948
AL	NC_063214.1	114700001	114800000	0.00045655836303	82681	126183	276378685	1481378
AL	NC_063214.1	114800001	114900000	0.0004487733671218	81876	121654	271081149	1495958
AL	NC_063214.1	114900001	115000000	0.0006186825403264	82671	163291	263933422	1631064
AL	NC_063214.1	115000001	115100000	0.000605892809287	85584	176738	291698461	1460374
AL	NC_063214.1	115100001	115200000	0.0004039534640031	83678	126298	312654826	1104356
AL	NC_063214.1	115200001	115300000	0.000631718935069	85298	186135	294648442	1407436
AL	NC_063214.1	115300001	115400000	0.0003866980847834	72597	106964	276608559	894678
AL	NC_063214.1	115400001	115500000	0.0006581341458757	86048	209137	317772602	1179348
AL	NC_063214.1	115500001	115600000	0.0001724545938581	81067	52290	303210247	1082046
AL	NC_063214.1	115600001	115700000	0.000477528969714	82354	133493	279549532	1423912
AL	NC_063214.1	115700001	115800000	0.0001241760123072	84101	36397	293108140	1361828
AL	NC_063214.1	115800001	115900000	0.0002638581205863	81937	70415	266866905	1549626
AL	NC_063214.1	115900001	116000000	0.0002657148961918	85514	80208	301857371	1343594
AL	NC_063214.1	116000001	116100000	4.470045444483525e-05	82754	11573	258901171	1698802
AL	NC_063214.1	116100001	116200000	4.707235483746136e-05	81078	12012	255181625	1643958
AL	NC_063214.1	116200001	116300000	0.00034243613576	81846	91331	266709586	1545396
AL	NC_063214.1	116300001	116400000	0.0002236602608083	75635	59179	264593271	1212974
AL	NC_063214.1	116400001	116500000	3.045192524876188e-05	81410	8217	269835156	1484448
AL	NC_063214.1	116500001	116600000	2.326252108560689e-05	81062	6225	267597823	1488906
AL	NC_063214.1	116600001	116700000	0.0005345810348887	81439	148921	278575165	1379178
AL	NC_063214.1	116700001	116800000	0.0004334001524732	81490	122661	283020205	1329806
AL	NC_063214.1	116800001	116900000	0.0004670688828876	71802	111909	239598492	1286720
AL	NC_063214.1	116900001	117000000	0.0002111275259365	79135	57093	270419500	1344900
AL	NC_063214.1	117000001	117100000	0.000532778137257	82712	140224	263193983	1638594
AL	NC_063214.1	117100001	117200000	0.0001251970090655	82057	35238	281460398	1385552
AL	NC_063214.1	117200001	117300000	2.9047747141527908e-05	81475	8057	277370908	1396788
AL	NC_063214.1	117300001	117400000	8.929808957884099e-05	82190	25191	282100100	1383760
AL	NC_063214.1	117400001	117500000	0.0002389210920623	83723	66354	277723492	1521244
AL	NC_063214.1	117500001	117600000	0.0003568945576437	83513	97619	273523364	1560124
AL	NC_063214.1	117600001	117700000	0.0006856054182844	79399	185232	270172894	1362824
AL	NC_063214.1	117700001	117800000	0.0006580991758502	76721	168837	256552517	1368202
AL	NC_063214.1	117800001	117900000	0.0007102831048868	82653	193808	272860214	1517240
AL	NC_063214.1	117900001	118000000	0.0003950288038197	82576	113549	287444862	1341436
AL	NC_063214.1	118000001	118100000	0.0005011425194994	83561	155073	309438920	1134772
AL	NC_063214.1	118100001	118200000	0.0006523018654849	82896	194798	298631677	1220870
AL	NC_063214.1	118200001	118300000	0.0007741903976712	82382	238490	308050837	1084446
AL	NC_063214.1	118300001	118400000	0.0006786075470863	80485	191913	282804105	1274202
AL	NC_063214.1	118400001	118500000	0.0007378272183037	79813	212865	288502504	1168124
AL	NC_063214.1	118500001	118600000	0.0006511131869829	80991	188479	289471944	1226996
AL	NC_063214.1	118600001	118700000	0.0005243625696094	83698	151482	288887897	1385342
AL	NC_063214.1	118700001	118800000	0.000460348481531	74335	117041	254244349	1259962
AL	NC_063214.1	118800001	118900000	0.0006957470862379	81833	196213	282017710	1361264
AL	NC_063214.1	118900001	119000000	0.0007572167792238	80910	223441	295081945	1155446
AL	NC_063214.1	119000001	119100000	0.0007556359504954	81531	213005	281888388	1343372
AL	NC_063214.1	119100001	119200000	0.0007141439343872	76947	194453	272288247	1194478
AL	NC_063214.1	119200001	119300000	0.0005667436603938	77484	147543	260334628	1365816
AL	NC_063214.1	119300001	119400000	0.0003847348702208	79654	104499	271613020	1360968
AL	NC_063214.1	119400001	119500000	0.0003855682044665	73915	96393	250002461	1285562
AL	NC_063214.1	119500001	119600000	0.0006749628708565	78411	177320	262710747	1394790
AL	NC_063214.1	119600001	119700000	0.000803978652575	78058	214509	266809323	1326410
AL	NC_063214.1	119700001	119800000	0.0006031211095996	78072	162793	269917596	1285088
AL	NC_063214.1	119800001	119900000	0.0004830148386416	79019	136125	281823640	1199100
AL	NC_063214.1	119900001	120000000	0.0005134493560759	73488	139022	270760881	1016414
AL	NC_063214.1	120000001	120100000	0.000799513680302	77517	229497	287045745	1053714
AL	NC_063214.1	120100001	120200000	0.0004386036258195	77475	125351	285795631	1063238
AL	NC_063214.1	120200001	120300000	0.000530529666004	76041	149921	282587402	1020576
AL	NC_063214.1	120300001	120400000	0.0005402489830878	76355	149430	276594690	1106560
AL	NC_063214.1	120400001	120500000	0.0004491097242432	73459	120669	268684897	1035906
AL	NC_063214.1	120500001	120600000	0.0006234149922327	76011	168143	269712795	1170622
AL	NC_063214.1	120600001	120700000	0.0005396255915556	73699	141184	261633255	1132342
AL	NC_063214.1	120700001	120800000	0.0005555700547491	73071	153993	277180166	913872
AL	NC_063214.1	120800001	120900000	0.0005831052517084	70450	151019	258990979	981706
AL	NC_063214.1	120900001	121000000	0.0006962677069416	74694	184442	264900983	1151818
AL	NC_063214.1	121000001	121100000	0.0005631021768875	72835	150304	266921362	1022600
AL	NC_063214.1	121100001	121200000	0.0005398739043622	74813	152416	282317776	955412
AL	NC_063214.1	121200001	121300000	0.0007076602585732	69759	186288	263244965	888546
AL	NC_063214.1	121300001	121400000	0.0008039788855128	64235	188396	234329537	911506
AL	NC_063214.1	121400001	121500000	0.0005546960406596	65840	142789	257418459	736122
AL	NC_063214.1	121500001	121600000	0.000753176080807	61263	181829	241416323	663990
AL	NC_063214.1	121600001	121700000	0.0005068499516206	65787	128555	253635222	777200
AL	NC_063214.1	121700001	121800000	0.0006427194222676	67804	174419	271376582	687468
AL	NC_063214.1	121800001	121900000	0.0004891772352953	65779	128536	262759570	671984
AL	NC_063214.1	121900001	122000000	0.0006019630485701	65748	154926	257367957	731318
AL	NC_063214.1	122000001	122100000	0.000645876983001	66031	167978	260077390	717224
AL	NC_063214.1	122100001	122200000	0.0004601977529927	66640	118255	256965618	787492
AL	NC_063214.1	122200001	122300000	0.0005470573601136	75691	164031	299842415	802206
AL	NC_063214.1	122300001	122400000	0.0002573137743066	70650	72936	283451596	712480
AL	NC_063214.1	122400001	122500000	0.0003971385033428	57570	93296	234920561	533606
AL	NC_063214.1	122500001	122600000	0.0005879478988628	63517	149395	254095644	651260
AL	NC_063214.1	122600001	122700000	0.0004005792593781	65772	101428	253203324	785120
AL	NC_063214.1	122700001	122800000	0.0006108410344805	62493	138174	226202878	925536
AL	NC_063214.1	122800001	122900000	0.0005080874535224	67056	137137	269908259	661706
AL	NC_063214.1	122900001	123000000	0.0006667235005357	53689	115520	173265229	1056202
AL	NC_063214.1	123000001	123100000	0.0002811630761916	77934	77311	274968538	1227044
AL	NC_063214.1	123100001	123200000	0.0001093660530074	17961	7883	72079039	180862
AL	NC_063214.1	123200001	123300000	0.0	39	0	129010	712
AL	NC_063214.1	123300001	123400000	0.0001619677440915	17053	9807	60549093	265250
AL	NC_063215.1	1	100000	5.606991354837576e-05	7488	1672	29819914	78308
AL	NC_063215.1	100001	200000	0.0002630266257211	1189	1275	4847418	11024
AL	NC_063215.1	200001	300000	0.0002244537475094	39036	34568	154009458	425876
AL	NC_063215.1	300001	400000	0.0001316214280626	84041	40270	305953222	1204264
AL	NC_063215.1	400001	500000	9.434477246921012e-05	75786	25069	265716895	1216794
AL	NC_063215.1	500001	600000	0.0005962675154479	53417	95581	160298855	1196174
AL	NC_063215.1	600001	700000	0.0005550121899812	46372	73949	133238515	1120810
AL	NC_063215.1	700001	800000	0.0006727047008076	65247	164407	244396984	855532
AL	NC_063215.1	800001	900000	0.0008198313919159	65018	203829	248623073	794126
AL	NC_063215.1	900001	1000000	0.0006762207064168	61743	152100	224926564	890092
AL	NC_063215.1	1000001	1100000	0.0005058188518824	62733	124554	246242305	692442
AL	NC_063215.1	1100001	1200000	0.000991468337267	66709	255043	257237665	785586
AL	NC_063215.1	1200001	1300000	0.0012236096559847	44540	194157	158675603	681610
AL	NC_063215.1	1300001	1400000	0.0009162825469329	30841	92040	100449365	591402
AL	NC_063215.1	1400001	1500000	0.0006727181534507	51786	124000	184326823	793842
AL	NC_063215.1	1500001	1600000	0.0005966122909755	34240	68081	114112634	623740
AL	NC_063215.1	1600001	1700000	0.0012212603324515	25547	114816	94014353	359226
AL	NC_063215.1	1700001	1800000	0.0006492412881248	17590	38943	59982322	305764
AL	NC_063215.1	1800001	1900000	0.0010006323614801	29355	102128	102063459	485862
AL	NC_063215.1	1900001	2000000	0.0009318966279188	68907	256091	274806231	711070
AL	NC_063215.1	2000001	2100000	0.0005118334810807	77765	152984	298894085	928514
AL	NC_063215.1	2100001	2200000	0.000552696171318	80581	160882	291085787	1176830
AL	NC_063215.1	2200001	2300000	0.0004169354139817	79987	117182	281055521	1264970
AL	NC_063215.1	2300001	2400000	0.0007207054039303	80397	195623	271432681	1400746
AL	NC_063215.1	2400001	2500000	0.0006259593334851	78236	168790	269650105	1299782
AL	NC_063215.1	2500001	2600000	0.0006310202970224	75548	174682	276824693	1061070
AL	NC_063215.1	2600001	2700000	0.000202190712546	73037	49435	244496888	1298452
AL	NC_063215.1	2700001	2800000	0.0002673271722412	71878	66482	248691517	1180382
AL	NC_063215.1	2800001	2900000	0.0004819922351803	72526	126780	263033283	1047074
AL	NC_063215.1	2900001	3000000	0.0002267578954879	77117	60427	266482452	1271908
AL	NC_063215.1	3000001	3100000	0.0004260525770487	78796	118542	278233266	1227140
AL	NC_063215.1	3100001	3200000	0.0006320614957005	71732	173132	273916385	874974
AL	NC_063215.1	3200001	3300000	0.0007462895412268	71885	197551	264710932	992108
AL	NC_063215.1	3300001	3400000	0.0008760609488292	69904	235673	269014388	829456
AL	NC_063215.1	3400001	3500000	0.0007090351694251	76949	204280	288109827	1003974
AL	NC_063215.1	3500001	3600000	0.0007133579387575	75938	208036	291629193	911494
AL	NC_063215.1	3600001	3700000	0.0002530452859085	67804	64488	254847664	878520
AL	NC_063215.1	3700001	3800000	0.000209459963737	67838	55791	266356391	748170
AL	NC_063215.1	3800001	3900000	0.0005412407725822	71657	147124	271827267	898638
AL	NC_063215.1	3900001	4000000	0.0009999418262725	77385	250339	250353564	1479716
AL	NC_063215.1	4000001	4100000	0.0006418198950565	72436	152226	237178687	1353218
AL	NC_063215.1	4100001	4200000	0.0007070229879883	76795	175282	247915560	1476772
AL	NC_063215.1	4200001	4300000	0.0003733978541902	75823	92782	248480271	1414806
AL	NC_063215.1	4300001	4400000	0.0002921734310127	78957	71555	244905910	1641904
AL	NC_063215.1	4400001	4500000	0.0002423363103091	77985	57766	238371212	1666196
AL	NC_063215.1	4500001	4600000	0.0001238172426539	79586	33595	271327315	1364330
AL	NC_063215.1	4600001	4700000	0.0003016765520089	78374	77918	258283249	1451854
AL	NC_063215.1	4700001	4800000	0.0003748235236978	77842	92995	248103425	1539934
AL	NC_063215.1	4800001	4900000	0.0004772270434879	77583	115974	243016404	1585684
AL	NC_063215.1	4900001	5000000	0.0005664468130565	78873	139811	246821055	1613990
AL	NC_063215.1	5000001	5100000	0.0006378545569174	77427	164522	257930273	1397114
AL	NC_063215.1	5100001	5200000	0.0006395345926683	74047	166715	260681755	1167406
AL	NC_063215.1	5200001	5300000	0.0002044504622316	75447	51304	250936092	1364892
AL	NC_063215.1	5300001	5400000	0.00048651497598	80342	125551	258061943	1562458
AL	NC_063215.1	5400001	5500000	0.0003955395003502	79884	97151	245616430	1688204
AL	NC_063215.1	5500001	5600000	0.000416239696513	80440	100212	240755509	1783838
AL	NC_063215.1	5600001	5700000	0.0003916956702302	81180	107173	273612930	1424436
AL	NC_063215.1	5700001	5800000	0.0003165843836997	83593	89965	284173840	1434436
AL	NC_063215.1	5800001	5900000	7.822357231565178e-05	83190	20372	260433005	1699694
AL	NC_063215.1	5900001	6000000	0.0003630721994866	82152	99304	273510338	1482164
AL	NC_063215.1	6000001	6100000	0.0004906116557088	81728	133611	272335560	1473576
AL	NC_063215.1	6100001	6200000	0.0003045826358502	84295	92964	305217662	1232432
AL	NC_063215.1	6200001	6300000	0.0002444725490162	81137	66593	272394591	1436078
AL	NC_063215.1	6300001	6400000	0.0003627135427992	80180	108741	299798566	1059436
AL	NC_063215.1	6400001	6500000	0.0003361329275208	80138	90240	268465219	1426874
AL	NC_063215.1	6500001	6600000	0.00048877682723	80322	123173	252002536	1634168
AL	NC_063215.1	6600001	6700000	0.000571776294606	82991	148145	259096086	1706728
AL	NC_063215.1	6700001	6800000	5.7154752090222296e-05	81906	14419	252279985	1725862
AL	NC_063215.1	6800001	6900000	3.46845542440496e-05	78526	8988	259135520	1445936
AL	NC_063215.1	6900001	7000000	2.7572170443801403e-05	80514	6949	252029488	1645672
AL	NC_063215.1	7000001	7100000	0.0001334638505683	84057	36673	274778525	1574786
AL	NC_063215.1	7100001	7200000	0.0002630331005295	85326	73804	280588260	1580136
AL	NC_063215.1	7200001	7300000	0.0006128766133371	84256	178298	290919895	1396594
AL	NC_063215.1	7300001	7400000	0.0005895338276691	80080	157657	267426554	1436508
AL	NC_063215.1	7400001	7500000	0.0003681364218419	82820	101806	276544221	1486470
AL	NC_063215.1	7500001	7600000	0.0004941713671607	82590	141822	286989513	1349062
AL	NC_063215.1	7600001	7700000	0.0002991434312481	83512	83011	277495647	1514378
AL	NC_063215.1	7700001	7800000	0.000413630960752	83387	113859	275267112	1529652
AL	NC_063215.1	7800001	7900000	0.000573096719376	82420	156491	273062111	1503322
AL	NC_063215.1	7900001	8000000	0.0002793558602683	74936	71801	257023425	1259798
AL	NC_063215.1	8000001	8100000	0.0003236295968687	82187	89146	275456883	1460166
AL	NC_063215.1	8100001	8200000	0.0005870111362501	81801	151447	257996809	1651122
AL	NC_063215.1	8200001	8300000	0.000319195646622	82418	80564	252396926	1756876
AL	NC_063215.1	8300001	8400000	0.0002099907158154	76902	50886	242324999	1554138
AL	NC_063215.1	8400001	8500000	8.375407919454811e-05	81330	20764	247916283	1748298
AL	NC_063215.1	8500001	8600000	0.0001007034236446	71102	23083	229217629	1376230
AL	NC_063215.1	8600001	8700000	0.0006551007414502	79144	161397	246369741	1637790
AL	NC_063215.1	8700001	8800000	0.0004676344986765	81989	113433	242567647	1855430
AL	NC_063215.1	8800001	8900000	0.0004232033971918	76936	100503	237481553	1618822
AL	NC_063215.1	8900001	9000000	0.0004095839114134	77042	101665	248215316	1494504
AL	NC_063215.1	9000001	9100000	0.0005384029327916	76385	130272	241960049	1529362
AL	NC_063215.1	9100001	9200000	0.0005760399448679	76245	140553	243998704	1497044
AL	NC_063215.1	9200001	9300000	0.0003816515375231	75774	90225	236406751	1561554
AL	NC_063215.1	9300001	9400000	0.0003557953971307	78879	88117	247662001	1609658
AL	NC_063215.1	9400001	9500000	0.0003496751336659	83789	86306	246817665	1909010
AL	NC_063215.1	9500001	9600000	0.0001671272920145	80977	42775	255942638	1627200
AL	NC_063215.1	9600001	9700000	0.000266143456684	82256	69553	261336502	1639124
AL	NC_063215.1	9700001	9800000	0.0006190564235008	81529	178257	287949520	1277652
AL	NC_063215.1	9800001	9900000	0.00037204716692	79693	101295	272263866	1352136
AL	NC_063215.1	9900001	10000000	0.0005124437163977	85267	144640	282255388	1553652
AL	NC_063215.1	10000001	10100000	0.0004159790089643	80668	118640	285206699	1256682
AL	NC_063215.1	10100001	10200000	0.0005840918602032	84635	170795	292411197	1399954
AL	NC_063215.1	10200001	10300000	0.0004553526307673	84607	133114	292331681	1396738
AL	NC_063215.1	10300001	10400000	0.000380947364567	82890	111611	292982733	1294382
AL	NC_063215.1	10400001	10500000	0.0001841021803384	83394	51552	280018411	1475338
AL	NC_063215.1	10500001	10600000	0.0003171833443203	84669	84104	265158942	1730576
AL	NC_063215.1	10600001	10700000	0.0005760407403326	81129	144755	251292990	1694016
AL	NC_063215.1	10700001	10800000	0.0002070376348677	80756	55337	267279908	1482696
AL	NC_063215.1	10800001	10900000	0.0003889416429818	83379	97336	250258623	1840150
AL	NC_063215.1	10900001	11000000	0.0002904581597118	80945	70123	241422035	1806998
AL	NC_063215.1	11000001	11100000	0.0001439996282327	82463	37327	259215947	1682286
AL	NC_063215.1	11100001	11200000	0.0002269363448767	82133	60705	267497919	1555790
AL	NC_063215.1	11200001	11300000	0.0006011111414752	83425	152787	254174294	1793192
AL	NC_063215.1	11300001	11400000	0.0003083099817895	82922	76674	248691267	1832610
AL	NC_063215.1	11400001	11500000	0.0003737473359531	80385	97436	260700186	1536896
AL	NC_063215.1	11500001	11600000	0.0004877654428504	80737	132708	272073395	1421134
AL	NC_063215.1	11600001	11700000	0.0003909655488841	81803	100284	256503419	1670030
AL	NC_063215.1	11700001	11800000	0.0005459179114322	78297	142376	260801115	1414102
AL	NC_063215.1	11800001	11900000	0.0005347774092581	76646	129372	241917474	1547252
AL	NC_063215.1	11900001	12000000	0.0006523178642885	74002	151667	232504747	1504826
AL	NC_063215.1	12000001	12100000	0.0007813101359902	78328	192399	246251765	1591222
AL	NC_063215.1	12100001	12200000	0.0004297587362273	77298	112714	262272737	1337054
AL	NC_063215.1	12200001	12300000	0.0003831947249484	82727	97071	253320293	1762906
AL	NC_063215.1	12300001	12400000	0.0002120561765827	81032	54995	259341656	1588424
AL	NC_063215.1	12400001	12500000	0.0002723815915581	81559	67735	248676864	1751788
AL	NC_063215.1	12500001	12600000	0.0003240356512047	80932	84712	261428024	1562136
AL	NC_063215.1	12600001	12700000	0.0002121573973858	83566	53522	252274965	1825350
AL	NC_063215.1	12700001	12800000	0.0002318191441864	81105	60417	260621271	1578534
AL	NC_063215.1	12800001	12900000	0.0004043825029306	81145	106379	263065289	1554146
AL	NC_063215.1	12900001	13000000	0.0003838050470063	74224	92635	241359515	1410530
AL	NC_063215.1	13000001	13100000	0.0003230531164312	75354	79285	245424037	1424894
AL	NC_063215.1	13100001	13200000	0.0005080457140146	80031	121936	240009898	1769456
AL	NC_063215.1	13200001	13300000	0.0001146166884099	77114	28431	248052883	1498674
AL	NC_063215.1	13300001	13400000	0.0001531855396213	78384	37168	242633868	1641752
AL	NC_063215.1	13400001	13500000	0.0002163152191175	74783	50666	234223002	1530144
AL	NC_063215.1	13500001	13600000	0.0001054538894693	74132	24283	230271260	1541352
AL	NC_063215.1	13600001	13700000	0.0002001693357369	67875	44606	222841325	1264386
AL	NC_063215.1	13700001	13800000	0.0003365716675449	77130	80931	240456960	1593248
AL	NC_063215.1	13800001	13900000	0.0002926723316539	76522	72909	249114768	1449728
AL	NC_063215.1	13900001	14000000	0.0004166774421711	77620	105389	252927059	1468298
AL	NC_063215.1	14000001	14100000	0.0003527886689395	84436	94826	268789812	1673832
AL	NC_063215.1	14100001	14200000	0.0004123898763756	83232	107484	260636854	1702964
AL	NC_063215.1	14200001	14300000	0.0003419181758011	83863	86431	252782701	1837618
AL	NC_063215.1	14300001	14400000	0.0004270252479563	82693	110912	259731715	1680838
AL	NC_063215.1	14400001	14500000	0.0004613252882732	83475	124950	270850099	1594470
AL	NC_063215.1	14500001	14600000	0.0003726219030632	80423	97763	262365146	1519176
AL	NC_063215.1	14600001	14700000	0.0002953046326071	75769	72164	244371378	1464832
AL	NC_063215.1	14700001	14800000	0.0002641247357666	81612	70851	268248257	1516014
AL	NC_063215.1	14800001	14900000	0.0001255778102625	81840	34767	276856237	1423038
AL	NC_063215.1	14900001	15000000	0.0002194375696009	75983	54527	248485253	1423770
AL	NC_063215.1	15000001	15100000	0.0002714972084378	78897	75368	277601381	1244762
AL	NC_063215.1	15100001	15200000	0.0002972638966148	83084	82290	276824737	1502694
AL	NC_063215.1	15200001	15300000	0.0005555518870193	84103	164898	296818360	1315924
AL	NC_063215.1	15300001	15400000	0.0005478837342945	84059	158893	290012260	1393668
AL	NC_063215.1	15400001	15500000	0.0006746661763783	83415	186513	276452276	1518068
AL	NC_063215.1	15500001	15600000	0.000530896011772	84101	157968	297549796	1306220
AL	NC_063215.1	15600001	15700000	0.0006783413606463	83032	212396	313110791	1063810
AL	NC_063215.1	15700001	15800000	0.0003821270304121	80395	106189	277889266	1329000
AL	NC_063215.1	15800001	15900000	0.000341478676109	82564	97736	286214065	1352014
AL	NC_063215.1	15900001	16000000	0.0003689466908991	82085	108708	294644193	1229378
AL	NC_063215.1	16000001	16100000	0.0004443091235328	80073	116856	263006078	1488928
AL	NC_063215.1	16100001	16200000	0.0003050367441498	81880	83255	272934332	1477776
AL	NC_063215.1	16200001	16300000	0.0003522228386727	81405	94738	268971769	1495154
AL	NC_063215.1	16300001	16400000	0.0003571347017953	82409	96873	271250594	1530776
AL	NC_063215.1	16400001	16500000	0.0003455573035411	86210	97190	281255812	1622680
AL	NC_063215.1	16500001	16600000	0.0002924394220489	83960	75299	257485805	1782902
AL	NC_063215.1	16600001	16700000	0.0002365620529932	80104	59818	252863886	1613732
AL	NC_063215.1	16700001	16800000	0.000148681236482	68828	33011	222025326	1328716
AL	NC_063215.1	16800001	16900000	0.0003700284561197	80864	95781	258847660	1587168
AL	NC_063215.1	16900001	17000000	0.0004010811987907	81143	101713	253597028	1666300
AL	NC_063215.1	17000001	17100000	0.0003238219734473	80313	79407	245218072	1719628
AL	NC_063215.1	17100001	17200000	0.0006178526379019	75629	158179	256014121	1315522
AL	NC_063215.1	17200001	17300000	0.0009244080179799	66990	212449	229821676	1131152
AL	NC_063215.1	17300001	17400000	0.000945324623096	81045	238470	252262550	1676232
AL	NC_063215.1	17400001	17500000	0.0012541427607988	79368	324952	259102879	1495682
AL	NC_063215.1	17500001	17600000	0.000350786755315	81545	91411	260588516	1607196
AL	NC_063215.1	17600001	17700000	0.0001762211041647	83024	46824	265711648	1627992
AL	NC_063215.1	17700001	17800000	0.0003191750617062	82099	84856	265860370	1573728
AL	NC_063215.1	17800001	17900000	0.000429598945874	80419	115376	268566767	1443830
AL	NC_063215.1	17900001	18000000	0.0005210123847859	79512	126836	243441430	1696380
AL	NC_063215.1	18000001	18100000	0.0004372200171313	80614	102899	235348328	1863992
AL	NC_063215.1	18100001	18200000	0.0005228203190097	80029	128629	246029076	1694980
AL	NC_063215.1	18200001	18300000	0.0005595287940524	73873	131427	234888716	1468460
AL	NC_063215.1	18300001	18400000	0.0005790109384453	81036	141066	243632703	1784554
AL	NC_063215.1	18400001	18500000	0.000254615014643	79565	62298	244675280	1684284
AL	NC_063215.1	18500001	18600000	0.000325806992031	78997	83985	257775315	1491830
AL	NC_063215.1	18600001	18700000	0.0003376022579514	83420	92508	274014755	1555882
AL	NC_063215.1	18700001	18800000	0.0001751227874295	81780	45024	257099608	1660480
AL	NC_063215.1	18800001	18900000	0.0001153074781184	79579	29993	260113225	1494162
AL	NC_063215.1	18900001	19000000	0.000335347034306	78163	86939	259250839	1423398
AL	NC_063215.1	19000001	19100000	0.0002849118162061	77186	73398	257616553	1390334
AL	NC_063215.1	19100001	19200000	0.0005514021356017	81065	144091	261317450	1570624
AL	NC_063215.1	19200001	19300000	0.0003096191666998	79135	77174	249254595	1603838
AL	NC_063215.1	19300001	19400000	0.0003228464893377	82230	83965	260077166	1653316
AL	NC_063215.1	19400001	19500000	0.0003163541898202	77792	76540	241944006	1615332
AL	NC_063215.1	19500001	19600000	0.0004167308395122	69199	95341	228783164	1271580
AL	NC_063215.1	19600001	19700000	0.0005512187654633	78748	134906	244741305	1635382
AL	NC_063215.1	19700001	19800000	0.0005127547847945	72859	114421	223149551	1554126
AL	NC_063215.1	19800001	19900000	0.0003935902788422	74393	90764	230605289	1552818
AL	NC_063215.1	19900001	20000000	0.0002365327154872	77746	59387	251073091	1499706
AL	NC_063215.1	20000001	20100000	0.0001816263918115	75213	42372	233292087	1565766
AL	NC_063215.1	20100001	20200000	0.0003502379573959	74057	82036	234229324	1487500
AL	NC_063215.1	20200001	20300000	0.0003994832012147	78314	97937	245159245	1604438
AL	NC_063215.1	20300001	20400000	0.0002861339648573	3829	4089	14290509	50578
AL	NC_063215.1	20400001	20500000	0.0	1	0	1770	40
AL	NC_063215.1	20500001	20600000	0.0	42	0	135366	820
AL	NC_063215.1	20600001	20700000	0.0	17	0	42239	518
AL	NC_063215.1	20700001	20800000	0.0003892003967228	70230	89528	230030598	1315172
AL	NC_063215.1	20800001	20900000	0.000166510956091	78556	41801	251040538	1545356
AL	NC_063215.1	20900001	21000000	0.00051888290521	80539	133966	258181564	1578716
AL	NC_063215.1	21000001	21100000	0.0003518478564082	72550	84530	240245886	1325140
AL	NC_063215.1	21100001	21200000	0.0005341533562956	77169	134861	252476182	1446392
AL	NC_063215.1	21200001	21300000	0.0004331349623594	80190	111948	258459856	1550080
AL	NC_063215.1	21300001	21400000	0.000287242038674	79209	80171	279106082	1248368
AL	NC_063215.1	21400001	21500000	0.0004809391009134	73137	122755	255240216	1182052
AL	NC_063215.1	21500001	21600000	0.0004635719901482	81374	122652	264580265	1543558
AL	NC_063215.1	21600001	21700000	0.0004370066532485	81425	107737	246534004	1771868
AL	NC_063215.1	21700001	21800000	0.0006478615929309	82338	161123	248699725	1799150
AL	NC_063215.1	21800001	21900000	0.0005591931971969	81647	148880	266240721	1542946
AL	NC_063215.1	21900001	22000000	0.0006215688923771	81013	174442	280647893	1333530
AL	NC_063215.1	22000001	22100000	0.00057085715038	82012	152285	266765512	1558064
AL	NC_063215.1	22100001	22200000	0.0008020693313059	82729	203464	253673831	1760958
AL	NC_063215.1	22200001	22300000	0.0008007353520058	80731	199767	249479431	1694542
AL	NC_063215.1	22300001	22400000	0.0007879626364193	75790	184812	234544116	1586616
AL	NC_063215.1	22400001	22500000	0.0007158890064801	72484	167020	233304323	1406034
AL	NC_063215.1	22500001	22600000	0.0009205721719005	76425	223005	242246080	1531388
AL	NC_063215.1	22600001	22700000	0.0007859927607512	75566	179798	228752743	1645482
AL	NC_063215.1	22700001	22800000	0.0006991356908333	70256	169618	242610987	1165466
AL	NC_063215.1	22800001	22900000	0.0002704295906131	73236	63756	235758224	1420680
AL	NC_063215.1	22900001	23000000	0.0005074566449818	78099	114480	225595627	1838326
AL	NC_063215.1	23000001	23100000	0.0004390071747641	75478	97261	221547632	1732120
AL	NC_063215.1	23100001	23200000	0.0004974045852	74858	108446	218023724	1741120
AL	NC_063215.1	23200001	23300000	0.0004587064210959	73995	100997	220177864	1660772
AL	NC_063215.1	23300001	23400000	0.0004179596855034	78237	97399	233034437	1751586
AL	NC_063215.1	23400001	23500000	0.0003699783954324	79029	87062	235316443	1770006
AL	NC_063215.1	23500001	23600000	0.0008480944786442	75754	200362	236249622	1561724
AL	NC_063215.1	23600001	23700000	0.0004543781948383	70895	102532	225653434	1408304
AL	NC_063215.1	23700001	23800000	0.0005828023228967	73374	136212	233719041	1455318
AL	NC_063215.1	23800001	23900000	0.0007084774802032	77137	170026	239987868	1601628
AL	NC_063215.1	23900001	24000000	0.0005144061285428	80834	127438	247738106	1724204
AL	NC_063215.1	24000001	24100000	0.0005912330244911	82691	151559	256343935	1727254
AL	NC_063215.1	24100001	24200000	0.0005093926723006	76659	124800	244997635	1508766
AL	NC_063215.1	24200001	24300000	0.0005311776879318	73472	119313	224619751	1570266
AL	NC_063215.1	24300001	24400000	0.0003402669008881	78042	84060	247041366	1564316
AL	NC_063215.1	24400001	24500000	0.0001194577632166	78344	29081	243441692	1627952
AL	NC_063215.1	24500001	24600000	0.0005228823862897	78104	127768	244353230	1605292
AL	NC_063215.1	24600001	24700000	0.0004209657946714	83288	115226	273718201	1553750
AL	NC_063215.1	24700001	24800000	0.0005578972640336	84782	158611	284301448	1505496
AL	NC_063215.1	24800001	24900000	0.0004584693128206	81827	133831	291908305	1247866
AL	NC_063215.1	24900001	25000000	0.0001788287188342	81723	51619	288650505	1277178
AL	NC_063215.1	25000001	25100000	0.0003881320770081	83705	113647	292804967	1340726
AL	NC_063215.1	25100001	25200000	0.0006355911190754	84235	173734	273342397	1608042
AL	NC_063215.1	25200001	25300000	0.0007586814132888	83984	203897	268751806	1646204
AL	NC_063215.1	25300001	25400000	0.0005486318993587	81502	139803	254821129	1670798
AL	NC_063215.1	25400001	25500000	0.000391473858363	78813	97451	248933608	1587420
AL	NC_063215.1	25500001	25600000	0.0002564707367944	82531	65359	254839990	1736128
AL	NC_063215.1	25600001	25700000	0.0002369039000164	80008	58287	246036473	1695470
AL	NC_063215.1	25700001	25800000	0.00036632151954	81935	93153	254293005	1708954
AL	NC_063215.1	25800001	25900000	0.0003092118350221	82010	77740	251413404	1746848
AL	NC_063215.1	25900001	26000000	0.000480379031619	79952	117924	245481156	1697800
AL	NC_063215.1	26000001	26100000	0.0005281837919284	81211	138247	261740330	1575928
AL	NC_063215.1	26100001	26200000	0.0005734646803306	83595	147458	257135278	1766552
AL	NC_063215.1	26200001	26300000	0.0003831220244285	85291	102094	266479068	1758068
AL	NC_063215.1	26300001	26400000	0.0008179009997413	77847	210055	256822036	1435940
AL	NC_063215.1	26400001	26500000	0.0007401088533374	82708	207139	279876398	1443716
AL	NC_063215.1	26500001	26600000	0.000470082176834	76442	122129	259803511	1317778
AL	NC_063215.1	26600001	26700000	0.0006765015178728	77581	172322	254725223	1445838
AL	NC_063215.1	26700001	26800000	0.0007773237890008	80325	196094	252268106	1633152
AL	NC_063215.1	26800001	26900000	0.0007596748862315	79134	187935	247388723	1626122
AL	NC_063215.1	26900001	27000000	0.0006799814879008	82933	169395	249117076	1829164
AL	NC_063215.1	27000001	27100000	0.0005657460322363	80178	143905	254363251	1600802
AL	NC_063215.1	27100001	27200000	0.0007786796908037	81554	192101	246700925	1775134
AL	NC_063215.1	27200001	27300000	0.0006281445362912	78094	165226	263038187	1376298
AL	NC_063215.1	27300001	27400000	0.0006089503530574	73516	142690	234321237	1455454
AL	NC_063215.1	27400001	27500000	0.0010460658976665	80120	256325	245037144	1711600
AL	NC_063215.1	27500001	27600000	0.0007348672073617	79671	178666	243126919	1709726
AL	NC_063215.1	27600001	27700000	0.0003387222499837	80989	85412	252159402	1674904
AL	NC_063215.1	27700001	27800000	0.0001644010968518	82478	43474	264438625	1616814
AL	NC_063215.1	27800001	27900000	0.000277457947591	81126	68455	246722073	1750966
AL	NC_063215.1	27900001	28000000	0.0004319510670186	78761	102485	237260671	1729502
AL	NC_063215.1	28000001	28100000	0.0006098800767621	74016	137483	225426285	1595350
AL	NC_063215.1	28100001	28200000	0.0001996884879814	79001	47388	237309624	1742348
AL	NC_063215.1	28200001	28300000	0.0006319767700969	72735	147406	233245915	1422374
AL	NC_063215.1	28300001	28400000	0.0005556062643197	72740	127519	229513251	1468362
AL	NC_063215.1	28400001	28500000	0.0005547323751427	74805	129067	232665346	1552528
AL	NC_063215.1	28500001	28600000	0.0007393945764041	73583	168439	227806648	1541700
AL	NC_063215.1	28600001	28700000	0.0008592703207409	71205	199916	232657867	1339406
AL	NC_063215.1	28700001	28800000	0.0005056191949448	75960	115660	228749227	1669810
AL	NC_063215.1	28800001	28900000	0.0005537584209674	75991	127384	230035328	1658036
AL	NC_063215.1	28900001	29000000	0.0008321173788674	76896	188362	226364699	1756202
AL	NC_063215.1	29000001	29100000	0.0002197052000436	72252	46768	212867060	1649352
AL	NC_063215.1	29100001	29200000	0.000703948206547	73824	155521	220926765	1640062
AL	NC_063215.1	29200001	29300000	0.0004136895377824	74562	95130	229955054	1569156
AL	NC_063215.1	29300001	29400000	0.0004505283096311	75036	104912	232864390	1560860
AL	NC_063215.1	29400001	29500000	0.0007936916205299	76940	185764	234050600	1661136
AL	NC_063215.1	29500001	29600000	0.0005281421099029	79357	123558	233948397	1808634
AL	NC_063215.1	29600001	29700000	0.0003138998370209	76772	72879	232172787	1674322
AL	NC_063215.1	29700001	29800000	0.0005511729595232	76017	132562	240508896	1528036
AL	NC_063215.1	29800001	29900000	0.0005677389483108	79633	140315	247147039	1661398
AL	NC_063215.1	29900001	30000000	0.0003321279508136	80404	81606	245706511	1728762
AL	NC_063215.1	30000001	30100000	0.00060502854867	80097	140969	232995617	1863682
AL	NC_063215.1	30100001	30200000	0.0004568906307286	81471	114258	250077354	1731528
AL	NC_063215.1	30200001	30300000	0.0004977341592864	81821	123234	247589999	1782142
AL	NC_063215.1	30300001	30400000	0.0003757783821226	79403	95894	255187644	1545308
AL	NC_063215.1	30400001	30500000	0.0006549823415186	81567	176963	270179803	1492486
AL	NC_063215.1	30500001	30600000	0.0005692516942415	80281	142707	250692271	1652686
AL	NC_063215.1	30600001	30700000	0.0003620843538416	83167	98454	271909015	1564534
AL	NC_063215.1	30700001	30800000	0.0005283645920321	82435	143454	271505703	1525966
AL	NC_063215.1	30800001	30900000	0.000176641043844	81871	47629	269637220	1517388
AL	NC_063215.1	30900001	31000000	0.0002629579721946	83426	71716	272727993	1571422
AL	NC_063215.1	31000001	31100000	0.0007766520297087	74528	194382	250281970	1319468
AL	NC_063215.1	31100001	31200000	0.0004225057141301	73319	101966	241336381	1359138
AL	NC_063215.1	31200001	31300000	0.000452526372397	84317	124299	274677914	1596816
AL	NC_063215.1	31300001	31400000	0.0006542388802948	79766	169402	258929888	1521432
AL	NC_063215.1	31400001	31500000	0.0003187253006876	81169	83103	260735498	1582952
AL	NC_063215.1	31500001	31600000	0.0005889741196651	82229	140205	238049509	1927794
AL	NC_063215.1	31600001	31700000	0.0001730137644828	83720	45167	261060154	1729308
AL	NC_063215.1	31700001	31800000	0.0001587185659587	81156	41406	260876853	1580790
AL	NC_063215.1	31800001	31900000	4.9421262656069264e-05	82779	12288	248637921	1824298
AL	NC_063215.1	31900001	32000000	2.008814088234616e-05	83206	5029	250346711	1827978
AL	NC_063215.1	32000001	32100000	0.000108782380364	84676	32253	296491030	1357876
AL	NC_063215.1	32100001	32200000	0.0003953096421403	82404	107704	272454776	1513984
AL	NC_063215.1	32200001	32300000	0.0003573547170227	83852	91905	257181438	1781588
AL	NC_063215.1	32300001	32400000	0.0007296399663313	81498	177468	243226808	1815976
AL	NC_063215.1	32400001	32500000	0.0005148488884838	77220	124225	241284390	1587364
AL	NC_063215.1	32500001	32600000	0.0004679412822794	81049	113829	243254879	1789278
AL	NC_063215.1	32600001	32700000	0.0005486691598948	74862	132676	241814211	1441906
AL	NC_063215.1	32700001	32800000	0.0004619574214232	84327	119353	258363638	1798816
AL	NC_063215.1	32800001	32900000	0.0005512679199678	83521	161621	293180492	1329252
AL	NC_063215.1	32900001	33000000	0.0005578879623041	83181	145707	261176096	1695036
AL	NC_063215.1	33000001	33100000	0.0001329898689267	82337	35725	268629485	1557418
AL	NC_063215.1	33100001	33200000	0.0002631767506684	81300	66363	252161332	1696296
AL	NC_063215.1	33200001	33300000	0.0004538127797096	80435	108875	239911710	1794576
AL	NC_063215.1	33300001	33400000	0.000679375183928	78468	167133	246009869	1602958
AL	NC_063215.1	33400001	33500000	0.0005627593744766	81373	138235	245637845	1778906
AL	NC_063215.1	33500001	33600000	0.000419639350301	82317	110824	264093441	1608826
AL	NC_063215.1	33600001	33700000	9.403656084510776e-05	80530	23503	249934704	1678176
AL	NC_063215.1	33700001	33800000	0.00041814320671	75920	99318	237521496	1558584
AL	NC_063215.1	33800001	33900000	0.0003773712679106	78388	92582	245333993	1604694
AL	NC_063215.1	33900001	34000000	0.0005218205457896	82157	135203	259098652	1656796
AL	NC_063215.1	34000001	34100000	0.0004923672087202	81258	133442	271021298	1464028
AL	NC_063215.1	34100001	34200000	0.0004447757416395	81136	113230	254577733	1655894
AL	NC_063215.1	34200001	34300000	0.0005023257636642	83594	136952	272635827	1580346
AL	NC_063215.1	34300001	34400000	0.0004681577745514	85472	128143	273717552	1673424
AL	NC_063215.1	34400001	34500000	0.0006485103729504	83035	172137	265434459	1637462
AL	NC_063215.1	34500001	34600000	0.0004491690070566	83309	117928	262547055	1684630
AL	NC_063215.1	34600001	34700000	0.0003431485684044	80212	87686	255533632	1588360
AL	NC_063215.1	34700001	34800000	9.8945127418413e-05	77630	25005	252715830	1471580
AL	NC_063215.1	34800001	34900000	0.000444806045101	79071	108143	243123944	1672508
AL	NC_063215.1	34900001	35000000	0.0004929588609216	77703	123387	250298777	1504162
AL	NC_063215.1	35000001	35100000	0.0002735981396251	82212	67469	246598899	1815722
AL	NC_063215.1	35100001	35200000	0.0002437173355211	83484	60911	249924774	1851148
AL	NC_063215.1	35200001	35300000	0.0006552504911622	83434	177122	270311892	1596840
AL	NC_063215.1	35300001	35400000	0.0007493312383188	82522	195202	260501618	1660604
AL	NC_063215.1	35400001	35500000	0.0003818067113655	80097	100426	263028378	1490784
AL	NC_063215.1	35500001	35600000	0.0004313540034471	79852	112535	260887807	1498962
AL	NC_063215.1	35600001	35700000	0.000829673754847	82559	216283	260684394	1661744
AL	NC_063215.1	35700001	35800000	0.0005740681527117	81614	151283	263527944	1577800
AL	NC_063215.1	35800001	35900000	0.0005433641482754	82293	140906	259321489	1665002
AL	NC_063215.1	35900001	36000000	0.0005444686741329	74643	133525	245239086	1390112
AL	NC_063215.1	36000001	36100000	0.000543158532732	86813	149924	276022544	1725404
AL	NC_063215.1	36100001	36200000	0.0006048779572562	82957	165578	273737864	1529804
AL	NC_063215.1	36200001	36300000	0.0005020029347998	82131	137343	273590034	1485896
AL	NC_063215.1	36300001	36400000	3.660962249332824e-05	84737	9810	267962337	1698138
AL	NC_063215.1	36400001	36500000	4.10331850098865e-05	78887	10356	252381091	1549086
AL	NC_063215.1	36500001	36600000	7.479757314676094e-05	83772	21002	280784511	1491434
AL	NC_063215.1	36600001	36700000	0.0004358073466689	81310	120850	277301429	1387678
AL	NC_063215.1	36700001	36800000	0.0002509981057879	83650	69469	276771013	1533238
AL	NC_063215.1	36800001	36900000	6.209218667310537e-05	83692	17055	274672240	1561544
AL	NC_063215.1	36900001	37000000	0.0001389017608567	76467	36081	259759126	1320616
AL	NC_063215.1	37000001	37100000	3.688275029224967e-05	83009	9695	262860007	1658326
AL	NC_063215.1	37100001	37200000	4.77547704419704e-05	86374	13852	290065262	1526460
AL	NC_063215.1	37200001	37300000	0.0003244292423767	78067	86917	267907416	1316508
AL	NC_063215.1	37300001	37400000	0.0003924374128504	79523	111514	284157413	1205482
AL	NC_063215.1	37400001	37500000	0.0002556459798206	84449	70916	277399238	1569208
AL	NC_063215.1	37500001	37600000	0.0003510809288379	83417	98155	279579413	1478074
AL	NC_063215.1	37600001	37700000	0.000238547372891	84666	68096	285461119	1483586
AL	NC_063215.1	37700001	37800000	0.0006747253899602	81552	186955	277083096	1404560
AL	NC_063215.1	37800001	37900000	0.0005443372554823	82180	135115	248219277	1793750
AL	NC_063215.1	37900001	38000000	0.0004150149705987	81433	110492	266236179	1533006
AL	NC_063215.1	38000001	38100000	0.0007084325107388	81332	200790	283428551	1315946
AL	NC_063215.1	38100001	38200000	0.000565009267112	83244	160655	284340469	1419814
AL	NC_063215.1	38200001	38300000	0.0004840264247138	85796	140059	289362301	1505806
AL	NC_063215.1	38300001	38400000	0.0001824410747122	83928	48345	264989669	1690782
AL	NC_063215.1	38400001	38500000	0.000214155468977	84819	62021	289607360	1440764
AL	NC_063215.1	38500001	38600000	0.000456056821916	84494	130781	286764705	1454734
AL	NC_063215.1	38600001	38700000	0.0006280618683247	79435	168273	267924242	1390320
AL	NC_063215.1	38700001	38800000	0.0004156400404514	82057	113860	273938959	1474606
AL	NC_063215.1	38800001	38900000	0.0005910757245556	84164	156196	264257173	1711742
AL	NC_063215.1	38900001	39000000	0.0004943065962462	79946	122381	247581159	1670162
AL	NC_063215.1	39000001	39100000	5.0148351230780125e-05	79785	12125	241782625	1733250
AL	NC_063215.1	39100001	39200000	0.0003160260708632	79373	75225	238034159	1756078
AL	NC_063215.1	39200001	39300000	0.0004587586696969	80217	109169	237966075	1807038
AL	NC_063215.1	39300001	39400000	0.0003258413549201	78991	77681	238401292	1728732
AL	NC_063215.1	39400001	39500000	0.0006430377514362	79142	150830	234558546	1786292
AL	NC_063215.1	39500001	39600000	0.0004243312925666	68408	94489	222677426	1301252
AL	NC_063215.1	39600001	39700000	0.0004897344021352	79588	116082	237030520	1782240
AL	NC_063215.1	39700001	39800000	0.0005185071195384	77349	122849	236928280	1648500
AL	NC_063215.1	39800001	39900000	0.0004801501232771	80226	117674	245077517	1719814
AL	NC_063215.1	39900001	40000000	0.0004262246607609	74390	95752	224651478	1627468
AL	NC_063215.1	40000001	40100000	0.0003222318720564	82367	82682	256591626	1704800
AL	NC_063215.1	40100001	40200000	0.0004684908866558	74347	107975	230474067	1552702
AL	NC_063215.1	40200001	40300000	0.0006956498656339	79713	164051	235824095	1807934
AL	NC_063215.1	40300001	40400000	0.0005629481665566	78273	125387	222732762	1886824
AL	NC_063215.1	40400001	40500000	0.0005320808359397	78703	122591	230399202	1813992
AL	NC_063215.1	40500001	40600000	0.0008292416047518	77370	195440	235685232	1665376
AL	NC_063215.1	40600001	40700000	0.0003538189767992	76882	85212	240835019	1574130
AL	NC_063215.1	40700001	40800000	0.0005253393098455	79043	125633	239146391	1725494
AL	NC_063215.1	40800001	40900000	0.0003771280575699	80836	92895	246322166	1739516
AL	NC_063215.1	40900001	41000000	0.0004436601011331	79829	108173	243819536	1712836
AL	NC_063215.1	41000001	41100000	0.0005214263893518	84807	130946	251130366	1914992
AL	NC_063215.1	41100001	41200000	0.0004939345019674	82113	129838	262864812	1613764
AL	NC_063215.1	41200001	41300000	0.000366599049362	80012	100044	272897598	1369508
AL	NC_063215.1	41300001	41400000	0.0004976393794325	79201	122112	245382510	1652816
AL	NC_063215.1	41400001	41500000	0.0003335564903781	82247	84586	253588230	1730624
AL	NC_063215.1	41500001	41600000	0.0003168917471293	79497	76729	242130004	1715140
AL	NC_063215.1	41600001	41700000	0.0001691058681087	79652	41050	242747342	1714516
AL	NC_063215.1	41700001	41800000	0.0002330880511448	82580	56019	240334070	1919412
AL	NC_063215.1	41800001	41900000	0.0001485555022333	80774	36777	247564038	1719236
AL	NC_063215.1	41900001	42000000	3.448978239266472e-05	79581	8343	241897728	1719236
AL	NC_063215.1	42000001	42100000	0.0001373504409816	83876	35904	261404330	1733164
AL	NC_063215.1	42100001	42200000	0.0004099142175136	84328	114831	280134221	1527222
AL	NC_063215.1	42200001	42300000	0.0003318291597665	79514	91006	274255584	1327344
AL	NC_063215.1	42300001	42400000	0.0005013341096144	84181	141976	283196370	1482600
AL	NC_063215.1	42400001	42500000	0.0004735142781598	84436	136869	289049362	1427740
AL	NC_063215.1	42500001	42600000	0.0005132233536077	83345	146962	286350960	1401700
AL	NC_063215.1	42600001	42700000	0.0002940163836453	79427	81499	277192036	1286868
AL	NC_063215.1	42700001	42800000	0.0004866592927018	81890	123468	253705214	1709516
AL	NC_063215.1	42800001	42900000	0.0004441537492733	80320	109738	247072101	1701206
AL	NC_063215.1	42900001	43000000	0.0006161847380088	81568	154460	250671577	1728086
AL	NC_063215.1	43000001	43100000	0.0004129321525493	84018	118049	285879894	1455500
AL	NC_063215.1	43100001	43200000	0.000193279745537	81766	46224	239155944	1884424
AL	NC_063215.1	43200001	43300000	0.0002092655135364	80384	50888	243174325	1750310
AL	NC_063215.1	43300001	43400000	4.5910886369723576e-05	81112	11634	253403951	1670354
AL	NC_063215.1	43400001	43500000	7.651300617388643e-05	81121	19365	253094225	1680778
AL	NC_063215.1	43500001	43600000	0.0001222632937864	79762	27925	228400521	1904142
AL	NC_063215.1	43600001	43700000	0.0002150100577536	77040	45873	213352810	1934988
AL	NC_063215.1	43700001	43800000	0.0003392367080778	76460	71637	211171133	1928398
AL	NC_063215.1	43800001	43900000	0.0004944957161668	69274	99096	200398096	1628328
AL	NC_063215.1	43900001	44000000	0.0006368945623727	76337	143193	224829993	1743586
AL	NC_063215.1	44000001	44100000	0.0004617312873506	74761	99137	214707131	1778990
AL	NC_063215.1	44100001	44200000	0.0005807965434157	77310	127773	219996144	1863296
AL	NC_063215.1	44200001	44300000	0.0006449915669745	72549	140830	218343940	1597716
AL	NC_063215.1	44300001	44400000	0.0004116755346639	75988	90776	220503752	1777528
AL	NC_063215.1	44400001	44500000	0.0005858501760488	76916	132521	226202885	1760158
AL	NC_063215.1	44500001	44600000	0.0006510066613728	76859	150801	231642791	1688366
AL	NC_063215.1	44600001	44700000	0.0002899600417578	79596	69887	241022865	1732750
AL	NC_063215.1	44700001	44800000	0.0003043546773925	69668	65122	213967469	1478142
AL	NC_063215.1	44800001	44900000	8.568182378129358e-05	77187	20560	239957544	1601948
AL	NC_063215.1	44900001	45000000	0.000216208502925	80300	55134	255003847	1598314
AL	NC_063215.1	45000001	45100000	0.0007660921459469	83941	196577	256597070	1792776
AL	NC_063215.1	45100001	45200000	0.0005224611397157	80113	146846	281065880	1276916
AL	NC_063215.1	45200001	45300000	0.0005833943157311	81953	164646	282220782	1367488
AL	NC_063215.1	45300001	45400000	0.0004619574365818	82247	123852	268102622	1556840
AL	NC_063215.1	45400001	45500000	0.0004092467203469	83142	116449	284544736	1409072
AL	NC_063215.1	45500001	45600000	0.0004002129919611	86167	107552	268736903	1773790
AL	NC_063215.1	45600001	45700000	0.0002545334895071	84107	69939	274773273	1580186
AL	NC_063215.1	45700001	45800000	0.0002864564609046	84016	82302	287310678	1427804
AL	NC_063215.1	45800001	45900000	0.0003028208160809	83084	80455	265685170	1632852
AL	NC_063215.1	45900001	46000000	0.0002529068927533	84164	71024	280830622	1515188
AL	NC_063215.1	46000001	46100000	2.537409107742217e-05	86928	7023	276778387	1723146
AL	NC_063215.1	46100001	46200000	8.359293554101228e-05	82100	23400	279927961	1404398
AL	NC_063215.1	46200001	46300000	8.166235132618253e-05	75811	20522	251303075	1381942
AL	NC_063215.1	46300001	46400000	8.770342198282032e-05	84566	24618	280696003	1542130
AL	NC_063215.1	46400001	46500000	7.263428042469422e-05	85863	21778	299830877	1379530
AL	NC_063215.1	46500001	46600000	9.670812315917934e-05	82474	28010	289634408	1306256
AL	NC_063215.1	46600001	46700000	0.0001045497673828	81982	29415	281349263	1385282
AL	NC_063215.1	46700001	46800000	2.822842094799288e-05	83734	8088	286519746	1421604
AL	NC_063215.1	46800001	46900000	0.0003657558914536	82671	104773	286456083	1360702
AL	NC_063215.1	46900001	47000000	0.0001369347665934	85503	39952	291759361	1452322
AL	NC_063215.1	47000001	47100000	0.0006811055483673	83347	190474	279654160	1482460
AL	NC_063215.1	47100001	47200000	0.0005711114030234	85830	162020	283692462	1576316
AL	NC_063215.1	47200001	47300000	0.0002349818578451	80590	62666	266684418	1473756
AL	NC_063215.1	47300001	47400000	9.520520402599084e-05	81845	26057	273693022	1466624
AL	NC_063215.1	47400001	47500000	0.0005893633830153	83323	164860	279725556	1478036
AL	NC_063215.1	47500001	47600000	0.0002719681046076	79989	71909	264402328	1472580
AL	NC_063215.1	47600001	47700000	0.0003302969893003	85238	96146	291089544	1449936
AL	NC_063215.1	47700001	47800000	0.00038543483668	86060	114796	297835040	1420072
AL	NC_063215.1	47800001	47900000	0.000656822253885	81863	171509	261119350	1614256
AL	NC_063215.1	47900001	48000000	0.0003943658059633	83618	111992	283979996	1444912
AL	NC_063215.1	48000001	48100000	0.000265064709373	77347	69810	263369651	1328094
AL	NC_063215.1	48100001	48200000	2.9708927466336778e-05	82134	7610	256151960	1694984
AL	NC_063215.1	48200001	48300000	0.0001835626269943	84024	52324	285047130	1452924
AL	NC_063215.1	48300001	48400000	0.0003781549331904	83402	103042	272486198	1564852
AL	NC_063215.1	48400001	48500000	0.0006616379100924	82420	187043	282696921	1385638
AL	NC_063215.1	48500001	48600000	0.000451568316761	81114	116658	258339648	1607280
AL	NC_063215.1	48600001	48700000	0.0006847597663449	81880	180671	263845817	1583654
AL	NC_063215.1	48700001	48800000	0.0005241930430517	81179	135395	258292249	1609970
AL	NC_063215.1	48800001	48900000	0.0006592013962269	82640	167314	253813176	1751344
AL	NC_063215.1	48900001	49000000	0.000668646894346	79838	165933	248162373	1657246
AL	NC_063215.1	49000001	49100000	0.0004073725664902	80193	97597	239576761	1784466
AL	NC_063215.1	49100001	49200000	0.000440078447899	80105	111573	253529798	1606712
AL	NC_063215.1	49200001	49300000	0.0004341727176249	82245	107461	247507491	1807454
AL	NC_063215.1	49300001	49400000	0.0003210916733094	84067	81319	253257891	1843950
AL	NC_063215.1	49400001	49500000	0.0006816298536523	82617	181324	266015344	1601396
AL	NC_063215.1	49500001	49600000	0.0005570292384158	83135	145326	260894743	1694166
AL	NC_063215.1	49600001	49700000	0.0010012766849579	83138	246447	246132766	1878052
AL	NC_063215.1	49700001	49800000	0.0006194532746212	79306	153836	248341572	1625304
AL	NC_063215.1	49800001	49900000	0.0007531657277133	75290	177849	236135280	1538416
AL	NC_063215.1	49900001	50000000	0.0004219983367176	77531	103147	244425134	1567968
AL	NC_063215.1	50000001	50100000	0.0004564661969088	75834	104499	228930424	1660088
AL	NC_063215.1	50100001	50200000	0.0005339087686996	80781	131800	246858654	1731072
AL	NC_063215.1	50200001	50300000	0.0004893296769996	80546	122964	251290706	1660420
AL	NC_063215.1	50300001	50400000	0.0003496072470546	83783	92690	265126083	1682206
AL	NC_063215.1	50400001	50500000	0.0003577100729404	83510	92910	259735487	1731282
AL	NC_063215.1	50500001	50600000	0.0005990358658437	79108	161895	270259277	1348598
AL	NC_063215.1	50600001	50700000	0.0006705758562096	82054	187004	278870762	1416564
AL	NC_063215.1	50700001	50800000	0.0005926077593842	83121	167347	282390835	1431614
AL	NC_063215.1	50800001	50900000	0.0005853771101716	83271	157167	268488462	1608992
AL	NC_063215.1	50900001	51000000	0.0004519940731961	85054	126597	280085531	1571794
AL	NC_063215.1	51000001	51100000	0.0004149253420845	82167	117397	282935237	1370794
AL	NC_063215.1	51100001	51200000	0.000243271953389	82814	67501	277471361	1476094
AL	NC_063215.1	51200001	51300000	0.0002726032916543	84162	70318	257949930	1788684
AL	NC_063215.1	51300001	51400000	0.0005514445007754	86422	147257	267038659	1810370
AL	NC_063215.1	51400001	51500000	0.0005026119107695	82308	134618	267836868	1563344
AL	NC_063215.1	51500001	51600000	0.0004041628232932	78362	100690	249132266	1557364
AL	NC_063215.1	51600001	51700000	0.0004941042107599	79760	127523	258089280	1533696
AL	NC_063215.1	51700001	51800000	0.0005900089192984	82680	151203	256272397	1722174
AL	NC_063215.1	51800001	51900000	0.0004615274643488	82160	124683	270152937	1524894
AL	NC_063215.1	51900001	52000000	0.0005141892540014	82340	134634	261837444	1635568
AL	NC_063215.1	52000001	52100000	0.0005822931854395	83171	144748	248582679	1849030
AL	NC_063215.1	52100001	52200000	0.0005965643913792	77678	142318	238562680	1647952
AL	NC_063215.1	52200001	52300000	0.0006720845419494	79811	166666	247983683	1657174
AL	NC_063215.1	52300001	52400000	0.0006161557970841	81328	149352	242393240	1817616
AL	NC_063215.1	52400001	52500000	0.0003339348334262	80752	80805	241978350	1789196
AL	NC_063215.1	52500001	52600000	0.0005560110402183	80712	145448	261591928	1546456
AL	NC_063215.1	52600001	52700000	0.0003803873447695	84189	95272	250460488	1886348
AL	NC_063215.1	52700001	52800000	0.0003532510282887	83850	89384	253032526	1835116
AL	NC_063215.1	52800001	52900000	0.0004436170814077	83413	110733	249613923	1850878
AL	NC_063215.1	52900001	53000000	0.0004720635546384	84668	121695	257793678	1821852
AL	NC_063215.1	53000001	53100000	0.0002224872910482	82981	63358	284771322	1399608
AL	NC_063215.1	53100001	53200000	0.0006864761726458	84328	192517	280442363	1531106
AL	NC_063215.1	53200001	53300000	0.0005772271575307	84765	148655	257532928	1834764
AL	NC_063215.1	53300001	53400000	0.0005434007586279	80205	130481	240119282	1781432
AL	NC_063215.1	53400001	53500000	0.0003379927282829	81802	81284	240490381	1871238
AL	NC_063215.1	53500001	53600000	0.0007229480136125	81668	185551	256658842	1667964
AL	NC_063215.1	53600001	53700000	0.0005677780919798	80660	137952	242968163	1770474
AL	NC_063215.1	53700001	53800000	0.0007185198309833	80951	170880	237822246	1852952
AL	NC_063215.1	53800001	53900000	0.0004948628385291	80577	116901	236229094	1850968
AL	NC_063215.1	53900001	54000000	0.0006697610255043	74596	152693	227981316	1597304
AL	NC_063215.1	54000001	54100000	0.0003345977018151	82358	81569	243782308	1860440
AL	NC_063215.1	54100001	54200000	0.0003596398709736	81958	97491	271079510	1499892
AL	NC_063215.1	54200001	54300000	0.0002650853473123	80791	69911	263730156	1523980
AL	NC_063215.1	54300001	54400000	0.0001960319716089	83159	54843	279765589	1466754
AL	NC_063215.1	54400001	54500000	0.0004175989422507	84157	112612	269665434	1644280
AL	NC_063215.1	54500001	54600000	0.0003913073745606	84670	119801	306155743	1243098
AL	NC_063215.1	54600001	54700000	0.0003665758648403	83391	106980	291835907	1337934
AL	NC_063215.1	54700001	54800000	0.0002048699995068	77704	53180	259579246	1393196
AL	NC_063215.1	54800001	54900000	0.0002452149664205	82723	62446	254658192	1745324
AL	NC_063215.1	54900001	55000000	0.0002888086504266	84605	78386	271411538	1650208
AL	NC_063215.1	55000001	55100000	0.0002240664516213	83088	60815	271415018	1564404
AL	NC_063215.1	55100001	55200000	0.0004306561612137	84109	122837	285232190	1457216
AL	NC_063215.1	55200001	55300000	0.0005653129232827	83924	157391	278413943	1529874
AL	NC_063215.1	55300001	55400000	0.0005908181443022	80782	158421	268138346	1469284
AL	NC_063215.1	55400001	55500000	0.0002593516646735	83890	66265	255502505	1803734
AL	NC_063215.1	55500001	55600000	1.3230809227233427e-05	83572	3314	250475987	1848458
AL	NC_063215.1	55600001	55700000	2.2656510163980245e-05	78617	5719	252421929	1533202
AL	NC_063215.1	55700001	55800000	1.0246970234562822e-05	82520	2532	247097429	1828062
AL	NC_063215.1	55800001	55900000	0.000146371397787	84533	39439	269444718	1674176
AL	NC_063215.1	55900001	56000000	0.0003247014418081	81850	81110	249798706	1758820
AL	NC_063215.1	56000001	56100000	0.0004698240402458	83885	115989	246877533	1914306
AL	NC_063215.1	56100001	56200000	0.0004673115219694	80681	112829	241442795	1790678
AL	NC_063215.1	56200001	56300000	0.0002896755640898	84324	72258	249444582	1908036
AL	NC_063215.1	56300001	56400000	0.0003950204036397	83278	106182	268801305	1608910
AL	NC_063215.1	56400001	56500000	0.0004489669037529	83606	120043	267376056	1646336
AL	NC_063215.1	56500001	56600000	4.788141896690265e-05	85356	12294	256759308	1875664
AL	NC_063215.1	56600001	56700000	0.0003266680732445	82782	84360	258243786	1706764
AL	NC_063215.1	56700001	56800000	0.0007614996008797	84657	195407	256608145	1835586
AL	NC_063215.1	56800001	56900000	0.0005917236972542	82927	152371	257503630	1725976
AL	NC_063215.1	56900001	57000000	0.0005676507576935	82214	155856	274563185	1478766
AL	NC_063215.1	57000001	57100000	0.0006152724085133	83090	170069	276412525	1503094
AL	NC_063215.1	57100001	57200000	0.000262028570112	81750	69192	264062808	1575016
AL	NC_063215.1	57200001	57300000	0.0002855242712211	83394	73700	258121664	1744000
AL	NC_063215.1	57300001	57400000	0.0003571282359819	81981	92459	258895799	1651174
AL	NC_063215.1	57400001	57500000	0.0004336235426986	83145	113914	262702526	1673184
AL	NC_063215.1	57500001	57600000	0.0001311061124577	82602	34486	263038842	1636540
AL	NC_063215.1	57600001	57700000	2.4782060966428995e-05	52908	4416	178193412	931352
AL	NC_063215.1	57700001	57800000	0.0004286803872893	84824	121924	284417024	1511792
AL	NC_063215.1	57800001	57900000	0.0002956748323456	82849	77351	261608333	1666754
AL	NC_063215.1	57900001	58000000	0.0004300620875542	83689	113493	263899105	1691682
AL	NC_063215.1	58000001	58100000	0.000379514788862	84195	102159	269183186	1656304
AL	NC_063215.1	58100001	58200000	0.0003201780121306	84285	82897	258909097	1784794
AL	NC_063215.1	58200001	58300000	0.0003530194449729	84384	106980	303042797	1263006
AL	NC_063215.1	58300001	58400000	0.0004445057943072	77702	120522	271137073	1253934
AL	NC_063215.1	58400001	58500000	0.0003421473230862	84828	93046	271947181	1655838
AL	NC_063215.1	58500001	58600000	0.0002650493269553	81641	70917	267561517	1525242
AL	NC_063215.1	58600001	58700000	0.0004530912596401	86823	125253	276440998	1720160
AL	NC_063215.1	58700001	58800000	0.0002476306876131	81028	68636	277170817	1377486
AL	NC_063215.1	58800001	58900000	0.0003116122889396	83638	80538	258455789	1753750
AL	NC_063215.1	58900001	59000000	0.000274145023209	84274	75257	274515288	1595152
AL	NC_063215.1	59000001	59100000	0.0002051319101961	88855	60544	295146669	1614218
AL	NC_063215.1	59100001	59200000	0.0004281750343766	84998	128401	299879698	1336100
AL	NC_063215.1	59200001	59300000	0.0002665393631274	85822	77951	292455865	1466214
AL	NC_063215.1	59300001	59400000	0.0003834445702725	86450	105745	275776496	1702432
AL	NC_063215.1	59400001	59500000	0.0002541629237178	84200	74511	293162350	1369796
AL	NC_063215.1	59500001	59600000	0.0002534919139809	81630	71976	283938051	1330538
AL	NC_063215.1	59600001	59700000	0.0002327682957996	85053	64620	277615127	1602366
AL	NC_063215.1	59700001	59800000	0.0001132329960204	86621	32204	284404733	1609842
AL	NC_063215.1	59800001	59900000	0.0001104290195291	83868	29505	267185203	1660082
AL	NC_063215.1	59900001	60000000	0.0001717221723281	82109	46650	271659736	1505148
AL	NC_063215.1	60000001	60100000	0.0	84130	0	263275936	1720752
AL	NC_063215.1	60100001	60200000	1.276521550904862e-05	85148	3858	302227565	1312966
AL	NC_063215.1	60200001	60300000	0.0	75163	0	243978744	1435236
AL	NC_063215.1	60300001	60400000	4.175660135683086e-05	80969	10686	255911632	1627564
AL	NC_063215.1	60400001	60500000	0.0002817188966788	83020	71065	252254999	1792834
AL	NC_063215.1	60500001	60600000	0.0001525397497941	83549	39947	261879281	1707858
AL	NC_063215.1	60600001	60700000	0.0003812233745753	85447	97551	255889346	1898624
AL	NC_063215.1	60700001	60800000	0.0005780305995061	82916	147150	254571298	1762292
AL	NC_063215.1	60800001	60900000	0.0007271221263949	82540	189853	261101943	1659450
AL	NC_063215.1	60900001	61000000	0.0003917847025367	82268	103545	264290564	1605992
AL	NC_063215.1	61000001	61100000	0.0005435338218494	80985	137643	253237231	1664686
AL	NC_063215.1	61100001	61200000	0.0001379021610717	81911	33683	244252880	1829756
AL	NC_063215.1	61200001	61300000	0.0005545878214515	79443	132896	239630217	1738882
AL	NC_063215.1	61300001	61400000	0.0004473424978656	81525	116898	261316554	1596904
AL	NC_063215.1	61400001	61500000	0.0002837138208996	82442	73934	260593579	1658058
AL	NC_063215.1	61500001	61600000	0.0002699443136462	84495	73236	271300399	1646038
AL	NC_063215.1	61600001	61700000	0.000471196335732	78053	125556	266462174	1330744
AL	NC_063215.1	61700001	61800000	0.0006812931183728	83626	181420	266287733	1658526
AL	NC_063215.1	61800001	61900000	0.0002664400302316	85031	76012	285287462	1506280
AL	NC_063215.1	61900001	62000000	0.0004662496658363	84209	120365	258155681	1788562
AL	NC_063215.1	62000001	62100000	0.0005050166676387	85353	139268	275769116	1643316
AL	NC_063215.1	62100001	62200000	0.0003877066600429	82601	97168	250622468	1788460
AL	NC_063215.1	62200001	62300000	0.0002946002347975	85053	79568	270088040	1693908
AL	NC_063215.1	62300001	62400000	0.0003604389471023	83219	95768	265698257	1638738
AL	NC_063215.1	62400001	62500000	0.0004605857622011	85635	127940	277776715	1629950
AL	NC_063215.1	62500001	62600000	0.0002357805143651	82502	66918	283814802	1384196
AL	NC_063215.1	62600001	62700000	0.0004795029650612	83616	133993	279441442	1494076
AL	NC_063215.1	62700001	62800000	0.0004743977140048	83156	134491	283498415	1417522
AL	NC_063215.1	62800001	62900000	0.0003647270809857	84861	102116	279979210	1561280
AL	NC_063215.1	62900001	63000000	0.0004781793286698	82747	135898	284198818	1390968
AL	NC_063215.1	63000001	63100000	0.0005017390366634	83736	125950	251026910	1851836
AL	NC_063215.1	63100001	63200000	0.0006503745321083	82057	175259	269473959	1529862
AL	NC_063215.1	63200001	63300000	0.0004572970402437	85019	122968	268901806	1705976
AL	NC_063215.1	63300001	63400000	0.0003867525969819	80519	102973	266250313	1478762
AL	NC_063215.1	63400001	63500000	0.0005892180669276	85034	165903	281564686	1555844
AL	NC_063215.1	63500001	63600000	0.000464453674233	85026	128099	275805763	1625570
AL	NC_063215.1	63600001	63700000	0.0006054492396351	86615	190437	314538342	1251848
AL	NC_063215.1	63700001	63800000	0.00040417680858	83688	118086	292164215	1350818
AL	NC_063215.1	63800001	63900000	0.0002928633557693	85772	82600	282042797	1590870
AL	NC_063215.1	63900001	64000000	0.0006250518215181	82288	178203	285101161	1353654
AL	NC_063215.1	64000001	64100000	0.0002415687211638	86003	65667	271835690	1724944
AL	NC_063215.1	64100001	64200000	0.0002278821479721	84780	65305	286573567	1478442
AL	NC_063215.1	64200001	64300000	0.0001873296730743	87132	56771	303053964	1418848
AL	NC_063215.1	64300001	64400000	0.0003648211205182	84201	98468	269907619	1644238
AL	NC_063215.1	64400001	64500000	0.0003682744737205	84417	95806	260148359	1780454
AL	NC_063215.1	64500001	64600000	0.0003099994077622	81702	81986	264471473	1575070
AL	NC_063215.1	64600001	64700000	0.0006267478374932	80487	150786	240584795	1789342
AL	NC_063215.1	64700001	64800000	0.0004282779097336	77876	107487	250974887	1508434
AL	NC_063215.1	64800001	64900000	0.0003740287989997	79150	88767	237326645	1752910
AL	NC_063215.1	64900001	65000000	8.979804233286654e-05	77557	21610	240651126	1615776
AL	NC_063215.1	65000001	65100000	0.0003860221962005	82893	94243	244138811	1888942
AL	NC_063215.1	65100001	65200000	0.0003722702086822	83339	93779	251911106	1818944
AL	NC_063215.1	65200001	65300000	0.0004386447071424	84828	111640	254511221	1873270
AL	NC_063215.1	65300001	65400000	0.0002619541319617	84618	66370	253364967	1874714
AL	NC_063215.1	65400001	65500000	0.0006435131270848	84739	169673	263666727	1755966
AL	NC_063215.1	65500001	65600000	0.0005139939750245	83273	146246	284528627	1414806
AL	NC_063215.1	65600001	65700000	0.0003257513291658	85256	89670	275271325	1647638
AL	NC_063215.1	65700001	65800000	0.000345714708916	84696	101450	293450054	1391084
AL	NC_063215.1	65800001	65900000	0.0004819659927627	85190	139836	290136653	1459566
AL	NC_063215.1	65900001	66000000	0.0004938673714863	84363	140232	283946679	1488382
AL	NC_063215.1	66000001	66100000	0.0004975420336361	84651	140955	283302697	1512826
AL	NC_063215.1	66100001	66200000	0.0003124902079549	85156	90981	291148323	1445018
AL	NC_063215.1	66200001	66300000	0.0004659380363758	81683	134207	288036154	1284824
AL	NC_063215.1	66300001	66400000	0.0005313352200288	84626	158778	298828299	1321930
AL	NC_063215.1	66400001	66500000	0.0004094868658531	84043	111665	272694949	1602122
AL	NC_063215.1	66500001	66600000	0.0005947096613103	82121	158871	267140439	1562646
AL	NC_063215.1	66600001	66700000	0.000638325985966	83865	172864	270808339	1620302
AL	NC_063215.1	66700001	66800000	0.0004244410236819	84875	111894	263626732	1762220
AL	NC_063215.1	66800001	66900000	0.0003786418072561	84844	103561	273506512	1642192
AL	NC_063215.1	66900001	67000000	0.0005548981521145	83371	145694	262559894	1689328
AL	NC_063215.1	67000001	67100000	0.0005790426922864	85529	151094	260937582	1836392
AL	NC_063215.1	67100001	67200000	0.0008075942393679	84709	212376	262973644	1765524
AL	NC_063215.1	67200001	67300000	0.0008044641673242	84312	231110	287284393	1444390
AL	NC_063215.1	67300001	67400000	0.0004466260496801	82831	118062	264341948	1631796
AL	NC_063215.1	67400001	67500000	0.0001978649989175	83288	50850	256993406	1750772
AL	NC_063215.1	67500001	67600000	0.0005627865185328	82194	137642	244572312	1840776
AL	NC_063215.1	67600001	67700000	0.0005048287228222	83390	128136	253820740	1796216
AL	NC_063215.1	67700001	67800000	0.0006993296730525	81061	182274	260641021	1577090
AL	NC_063215.1	67800001	67900000	0.000488093300815	77567	130083	266512570	1302392
AL	NC_063215.1	67900001	68000000	0.000476243917112	81603	128484	269786123	1499854
AL	NC_063215.1	68000001	68100000	0.0004324303503748	82173	113659	262837703	1619038
AL	NC_063215.1	68100001	68200000	0.0007647147004777	81023	204860	267890757	1483778
AL	NC_063215.1	68200001	68300000	0.0007379681589181	82168	196640	266461361	1571454
AL	NC_063215.1	68300001	68400000	0.0004788140890747	81651	120556	251780394	1723040
AL	NC_063215.1	68400001	68500000	0.0003527850036018	83225	91731	260019556	1709212
AL	NC_063215.1	68500001	68600000	0.0002688779293246	81753	67581	251344542	1736896
AL	NC_063215.1	68600001	68700000	0.0004522033009466	82955	117473	259779174	1699048
AL	NC_063215.1	68700001	68800000	0.0003627645912777	83589	90074	248298765	1878274
AL	NC_063215.1	68800001	68900000	0.0005497651149064	82961	139665	254044857	1771250
AL	NC_063215.1	68900001	69000000	0.0005052633510251	82138	130203	257693339	1675586
AL	NC_063215.1	69000001	69100000	2.711028098462526e-05	85102	7697	283914431	1528946
AL	NC_063215.1	69100001	69200000	0.0003735496813618	84802	106693	285619304	1491432
AL	NC_063215.1	69200001	69300000	0.0004755752266021	81532	128711	270642777	1480774
AL	NC_063215.1	69300001	69400000	0.0002428800310143	79260	63592	261824736	1458840
AL	NC_063215.1	69400001	69500000	0.0001053804598252	84763	28080	266463062	1720272
AL	NC_063215.1	69500001	69600000	0.0001228156904751	83821	35801	291501842	1367232
AL	NC_063215.1	69600001	69700000	8.456165982740115e-05	83541	21753	257244241	1767290
AL	NC_063215.1	69700001	69800000	0.0002290802272832	85117	63714	278129635	1603542
AL	NC_063215.1	69800001	69900000	0.0002369576297042	79998	58814	248204711	1667634
AL	NC_063215.1	69900001	70000000	0.0003858879163103	81141	95481	247431951	1743270
AL	NC_063215.1	70000001	70100000	0.0003660831234824	84306	98784	269840355	1656298
AL	NC_063215.1	70100001	70200000	0.0004151343057509	81659	102375	246606938	1789408
AL	NC_063215.1	70200001	70300000	0.0007189703523388	81941	175810	244530250	1826856
AL	NC_063215.1	70300001	70400000	0.0004651783244704	81601	115798	248932493	1754346
AL	NC_063215.1	70400001	70500000	0.0003857589992014	81458	94127	244004677	1803598
AL	NC_063215.1	70500001	70600000	0.0004241245472807	79901	106924	252105191	1614118
AL	NC_063215.1	70600001	70700000	0.0004428820642675	80711	112107	253130594	1647728
AL	NC_063215.1	70700001	70800000	0.0004229018496827	79478	103091	243770511	1690074
AL	NC_063215.1	70800001	70900000	0.0004479156954127	82146	110153	245923510	1821884
AL	NC_063215.1	70900001	71000000	0.000331653363519	70400	72266	217896177	1475318
AL	NC_063215.1	71000001	71100000	NA	0	NA	NA	NA
AL	NC_063215.1	71100001	71200000	0.0	28	0	96122	484
AL	NC_063215.1	71200001	71300000	0.0	13	0	46542	200
AL	NC_063215.1	71300001	71400000	0.0	116	0	404422	1892
AL	NC_063215.1	71400001	71500000	0.0	54	0	196060	808
AL	NC_063215.1	71500001	71600000	0.0	84	0	350544	704
AL	NC_063215.1	71600001	71700000	0.000402674345912	44970	56569	140483248	923400
AL	NC_063215.1	71700001	71800000	0.0004724724836575	75403	116026	245571973	1431074
AL	NC_063215.1	71800001	71900000	0.0006305463190726	79821	143217	227131609	1923210
AL	NC_063215.1	71900001	72000000	0.0006105345041061	81291	144568	236789238	1887488
AL	NC_063215.1	72000001	72100000	0.0007091185266036	80039	171327	241605590	1751384
AL	NC_063215.1	72100001	72200000	0.0005775228427951	83455	150926	261333386	1708128
AL	NC_063215.1	72200001	72300000	0.0006169708979334	83704	166167	269327128	1626240
AL	NC_063215.1	72300001	72400000	0.0005752325120646	84905	156788	272564566	1658960
AL	NC_063215.1	72400001	72500000	0.0003025506160444	84885	86994	287535359	1477318
AL	NC_063215.1	72500001	72600000	0.0003163573403642	79423	84375	266707894	1408712
AL	NC_063215.1	72600001	72700000	0.0003729176806478	86065	101028	270912336	1746428
AL	NC_063215.1	72700001	72800000	0.0006047266275254	82912	168050	277894163	1476602
AL	NC_063215.1	72800001	72900000	0.0004983777960302	83491	132689	266241797	1651786
AL	NC_063215.1	72900001	73000000	0.0001970047723078	84515	60733	308281872	1203156
AL	NC_063215.1	73000001	73100000	0.0001676240927442	87567	54494	325096465	1180234
AL	NC_063215.1	73100001	73200000	0.0004617028964219	82392	131233	284236900	1369352
AL	NC_063215.1	73200001	73300000	0.0004284911725621	87201	128704	300365581	1452682
AL	NC_063215.1	73300001	73400000	0.0004696951476665	84167	127206	270826728	1632844
AL	NC_063215.1	73400001	73500000	0.000475615184343	86088	132537	278664358	1648268
AL	NC_063215.1	73500001	73600000	0.0004647335620717	83105	129314	278254059	1489078
AL	NC_063215.1	73600001	73700000	0.0003580386360553	83305	96139	268515714	1613456
AL	NC_063215.1	73700001	73800000	0.0001851042232258	84331	49784	268951184	1664324
AL	NC_063215.1	73800001	73900000	0.0002697550425472	85256	73051	270804947	1697026
AL	NC_063215.1	73900001	74000000	0.0001818460734741	82164	46232	254236999	1723970
AL	NC_063215.1	74000001	74100000	1.830688218717292e-05	86459	4991	272629711	1743518
AL	NC_063215.1	74100001	74200000	0.0003047008114622	86136	84440	277124303	1667426
AL	NC_063215.1	74200001	74300000	9.205238951520963e-06	78032	2301	249966352	1525920
AL	NC_063215.1	74300001	74400000	0.0001683118803812	82952	43585	258953794	1708332
AL	NC_063215.1	74400001	74500000	0.0003820693562161	83988	110059	288060265	1414942
AL	NC_063215.1	74500001	74600000	0.0003102556308193	83835	93544	301506212	1249124
AL	NC_063215.1	74600001	74700000	0.0004827160772854	87085	146729	303965430	1397688
AL	NC_063215.1	74700001	74800000	0.000397816268265	85878	115484	290294815	1492554
AL	NC_063215.1	74800001	74900000	0.0003989816878748	85144	120640	302369767	1315938
AL	NC_063215.1	74900001	75000000	0.0001947983123881	85137	58337	299473847	1345190
AL	NC_063215.1	75000001	75100000	0.000438816152239	84784	121382	276612425	1595798
AL	NC_063215.1	75100001	75200000	0.0002978266838537	78275	75744	254322410	1489936
AL	NC_063215.1	75200001	75300000	0.0004886806886173	84036	134499	275228801	1570254
AL	NC_063215.1	75300001	75400000	0.0003989158674036	84900	117430	294372848	1394584
AL	NC_063215.1	75400001	75500000	0.0004045732361892	83957	109617	270944764	1621924
AL	NC_063215.1	75500001	75600000	0.0003767369368363	83667	109995	291967655	1350358
AL	NC_063215.1	75600001	75700000	0.0003936102043481	84462	112627	286138415	1466874
AL	NC_063215.1	75700001	75800000	0.0003345224992022	83823	100485	300383383	1261942
AL	NC_063215.1	75800001	75900000	0.0004551032496449	85632	137825	302843366	1331324
AL	NC_063215.1	75900001	76000000	0.0007936965711019	85545	218447	275227345	1657594
AL	NC_063215.1	76000001	76100000	0.0007232752865623	82015	206147	285018725	1343226
AL	NC_063215.1	76100001	76200000	0.0008592727323938	81933	218553	254346486	1704776
AL	NC_063215.1	76200001	76300000	0.0007468402572085	83234	194251	260097120	1711216
AL	NC_063215.1	76300001	76400000	0.0004509189364194	81611	110830	245786972	1791252
AL	NC_063215.1	76400001	76500000	0.0008372128682828	81433	207938	248369331	1748022
AL	NC_063215.1	76500001	76600000	0.0002880479595922	82405	72931	253190476	1745404
AL	NC_063215.1	76600001	76700000	0.0004237895881988	85329	111186	262361330	1808464
AL	NC_063215.1	76700001	76800000	0.0007106352085779	81878	191352	269268955	1519018
AL	NC_063215.1	76800001	76900000	0.0007361966141022	86713	202651	275267498	1724832
AL	NC_063215.1	76900001	77000000	0.0007213001622037	87058	222925	309059961	1340702
AL	NC_063215.1	77000001	77100000	0.0006299198824698	83611	173571	275544565	1548666
AL	NC_063215.1	77100001	77200000	0.0006361672518692	84208	164243	258175817	1794190
AL	NC_063215.1	77200001	77300000	0.0006764334339258	87048	191434	283004935	1649346
AL	NC_063215.1	77300001	77400000	0.0007711004449828	84956	208790	270768875	1677706
AL	NC_063215.1	77400001	77500000	0.000812509100785	78796	202429	249140594	1581556
AL	NC_063215.1	77500001	77600000	0.0005545045004408	83570	154647	278892236	1506280
AL	NC_063215.1	77600001	77700000	0.0005787605008264	83561	152702	263843161	1683202
AL	NC_063215.1	77700001	77800000	0.0003653939851921	81985	96126	263074938	1597768
AL	NC_063215.1	77800001	77900000	0.0005540198738233	84730	153783	277576685	1587046
AL	NC_063215.1	77900001	78000000	0.000443841487896	83265	129190	291072384	1338076
AL	NC_063215.1	78000001	78100000	0.0005677193652006	81664	154314	271813874	1475436
AL	NC_063215.1	78100001	78200000	0.0002490624099578	81859	67014	269065091	1520638
AL	NC_063215.1	78200001	78300000	0.0001687594199119	82463	44693	264832624	1607596
AL	NC_063215.1	78300001	78400000	0.0006007830819881	79731	145045	241426572	1734716
AL	NC_063215.1	78400001	78500000	0.0002150670804465	81750	53277	247722710	1774188
AL	NC_063215.1	78500001	78600000	0.0004251676448515	83007	104216	245117429	1883178
AL	NC_063215.1	78600001	78700000	0.0006201476800496	80127	159219	256743684	1570916
AL	NC_063215.1	78700001	78800000	0.0005891674322774	81917	148101	251373365	1738562
AL	NC_063215.1	78800001	78900000	0.000746289301928	82852	201837	270454098	1562876
AL	NC_063215.1	78900001	79000000	0.0007103491078269	79663	187124	263425403	1458510
AL	NC_063215.1	79000001	79100000	0.0004408529020878	83141	119179	270337338	1577416
AL	NC_063215.1	79100001	79200000	0.0005649363188556	84811	154999	274365437	1623882
AL	NC_063215.1	79200001	79300000	0.0002622746360763	82423	65530	249852601	1787970
AL	NC_063215.1	79300001	79400000	0.000402376318046	76446	103371	256901302	1354964
AL	NC_063215.1	79400001	79500000	0.0004002772130119	81479	93925	234649880	1925828
AL	NC_063215.1	79500001	79600000	0.0003505964443119	79437	89328	254788665	1557106
AL	NC_063215.1	79600001	79700000	0.0006783531295684	82037	165677	244234150	1836656
AL	NC_063215.1	79700001	79800000	0.0006303555504839	80281	153751	243911551	1735590
AL	NC_063215.1	79800001	79900000	0.0005419099748163	81427	130578	240958842	1841296
AL	NC_063215.1	79900001	80000000	0.0004776475788776	80767	119125	249399359	1699478
AL	NC_063215.1	80000001	80100000	0.0002382963291292	82496	59138	248170000	1816200
AL	NC_063215.1	80100001	80200000	0.0001869395568803	80767	45453	243142761	1775658
AL	NC_063215.1	80200001	80300000	0.0001397958000088	84145	35418	253355251	1846918
AL	NC_063215.1	80300001	80400000	0.0002238946829522	83604	60199	268871950	1624268
AL	NC_063215.1	80400001	80500000	8.727364231502693e-05	82629	23326	267274281	1587338
AL	NC_063215.1	80500001	80600000	0.0001393282894424	87806	43302	310791155	1366218
AL	NC_063215.1	80600001	80700000	0.000153213760108	86513	50309	328358236	1085580
AL	NC_063215.1	80700001	80800000	0.0001236722088783	84615	35044	283361964	1508660
AL	NC_063215.1	80800001	80900000	0.0003814758288889	86369	100300	262926226	1858584
AL	NC_063215.1	80900001	81000000	0.0004537031137812	83262	113576	250331101	1831638
AL	NC_063215.1	81000001	81100000	0.0004367036017578	85053	119802	274332521	1644866
AL	NC_063215.1	81100001	81200000	0.0007089927051835	76048	166551	234912149	1601054
AL	NC_063215.1	81200001	81300000	0.0007331018772803	81280	196164	267580818	1503156
AL	NC_063215.1	81300001	81400000	0.000344128530109	84307	88710	257781591	1802366
AL	NC_063215.1	81400001	81500000	0.0004970653035924	77314	127707	256921976	1404864
AL	NC_063215.1	81500001	81600000	0.0002918151602053	84751	79185	271353277	1661130
AL	NC_063215.1	81600001	81700000	0.0003132695964035	80900	86897	277387276	1367168
AL	NC_063215.1	81700001	81800000	0.000399250506726	81865	109335	273850623	1464758
AL	NC_063215.1	81800001	81900000	0.0003131734889831	82776	83184	265616353	1616342
AL	NC_063215.1	81900001	82000000	0.0005139049045047	87324	147953	287899568	1607768
AL	NC_063215.1	82000001	82100000	0.0006675451017655	83160	181342	271655053	1564518
AL	NC_063215.1	82100001	82200000	0.0005422035843987	81937	141128	260285996	1633212
AL	NC_063215.1	82200001	82300000	0.0006195896259027	82793	163072	263193561	1648610
AL	NC_063215.1	82300001	82400000	0.0006485036618824	80360	169680	261648484	1521512
AL	NC_063215.1	82400001	82500000	0.0003566674467673	84224	93098	261021859	1754706
AL	NC_063215.1	82500001	82600000	0.0004160391943079	79685	104673	251594084	1604132
AL	NC_063215.1	82600001	82700000	0.0005751918228794	80917	141816	246554270	1739224
AL	NC_063215.1	82700001	82800000	0.0004633272950202	75446	113917	245867233	1426310
AL	NC_063215.1	82800001	82900000	0.0006584184323302	83524	166769	253287259	1809538
AL	NC_063215.1	82900001	83000000	0.0004944205478089	80704	124416	251640027	1665858
AL	NC_063215.1	83000001	83100000	0.0006277625493037	84127	161446	257176858	1797384
AL	NC_063215.1	83100001	83200000	0.000690467156386	82038	174766	253112691	1724298
AL	NC_063215.1	83200001	83300000	0.0010954100830656	85470	282829	258194629	1865942
AL	NC_063215.1	83300001	83400000	0.0007123596747553	82405	192223	269839811	1541870
AL	NC_063215.1	83400001	83500000	0.0004091857691147	83702	113627	277690498	1527676
AL	NC_063215.1	83500001	83600000	0.0005836619267891	82406	170333	291835037	1282822
AL	NC_063215.1	83600001	83700000	0.000700904162501	75750	181180	258494684	1293336
AL	NC_063215.1	83700001	83800000	0.0006107298773907	78894	160741	263194918	1420636
AL	NC_063215.1	83800001	83900000	0.0008547592486528	82223	221206	258793339	1666582
AL	NC_063215.1	83900001	84000000	0.0005723970469675	80976	143362	250459014	1693412
AL	NC_063215.1	84000001	84100000	0.000738599273295	80988	188004	254541274	1643892
AL	NC_063215.1	84100001	84200000	0.0008102505894694	84334	206415	254754520	1842336
AL	NC_063215.1	84200001	84300000	0.0005227584977455	86530	148820	284682125	1600790
AL	NC_063215.1	84300001	84400000	0.0008876220428234	76330	215197	242442154	1519828
AL	NC_063215.1	84400001	84500000	0.0005838929223773	85364	151852	260068232	1834952
AL	NC_063215.1	84500001	84600000	0.0005173906865646	79263	143270	276908734	1277216
AL	NC_063215.1	84600001	84700000	0.0005842922180674	82010	173083	296226776	1207672
AL	NC_063215.1	84700001	84800000	0.0006195459922548	85045	190131	306887628	1256324
AL	NC_063215.1	84800001	84900000	0.0004709124009268	83749	140118	297545785	1290098
AL	NC_063215.1	84900001	85000000	0.000453348220705	82832	117221	258567244	1706728
AL	NC_063215.1	85000001	85100000	0.0003858439003923	82778	101511	263088259	1647570
AL	NC_063215.1	85100001	85200000	0.000538629734403	82026	141299	262330486	1616052
AL	NC_063215.1	85200001	85300000	0.0008044353933662	79613	204987	254820961	1565178
AL	NC_063215.1	85300001	85400000	0.0006583702516223	83872	161403	245155366	1936844
AL	NC_063215.1	85400001	85500000	0.0004597408917209	80434	120851	262867633	1515806
AL	NC_063215.1	85500001	85600000	0.0006780335986791	83908	176615	260481192	1745528
AL	NC_063215.1	85600001	85700000	0.0005736702044795	86379	165748	288925586	1540816
AL	NC_063215.1	85700001	85800000	0.0006490934350551	87059	205694	316894285	1247570
AL	NC_063215.1	85800001	85900000	0.000693950796833	86749	220563	317836655	1219710
AL	NC_063215.1	85900001	86000000	0.0005850421827855	88447	173089	295857299	1573934
AL	NC_063215.1	86000001	86100000	0.000558928303468	89160	173592	310580085	1439334
AL	NC_063215.1	86100001	86200000	0.0006220445946114	85781	206619	332161073	998298
AL	NC_063215.1	86200001	86300000	0.000629171465134	83516	201686	320558085	1004294
AL	NC_063215.1	86300001	86400000	0.0005560002299531	86045	188595	339199500	930748
AL	NC_063215.1	86400001	86500000	0.0005458480423292	87199	164871	302045601	1431538
AL	NC_063215.1	86500001	86600000	0.0006149500884248	85816	186530	303325430	1332572
AL	NC_063215.1	86600001	86700000	0.000554284716345	86388	170196	307055192	1321760
AL	NC_063215.1	86700001	86800000	0.0005663121983973	86215	168782	298037020	1421676
AL	NC_063215.1	86800001	86900000	0.0005215805087003	84738	145509	278977066	1570644
AL	NC_063215.1	86900001	87000000	0.0006122197199476	83244	153531	250777613	1824942
AL	NC_063215.1	87000001	87100000	0.0004205496035315	84288	113778	270545969	1645942
AL	NC_063215.1	87100001	87200000	0.0005124868045132	79779	134049	261565759	1494758
AL	NC_063215.1	87200001	87300000	0.0007727480739766	78793	182620	236325403	1742262
AL	NC_063215.1	87300001	87400000	0.0003870590996147	84440	107934	278856640	1553416
AL	NC_063215.1	87400001	87500000	0.0003898936388357	85016	104349	267634528	1721560
AL	NC_063215.1	87500001	87600000	0.0004687745878148	87887	131369	280239167	1735462
AL	NC_063215.1	87600001	87700000	0.0004024668189762	83581	100622	250013157	1855938
AL	NC_063215.1	87700001	87800000	0.0002698889762956	80564	66598	246760727	1719954
AL	NC_063215.1	87800001	87900000	0.0003974261067764	86345	107231	269813679	1774742
AL	NC_063215.1	87900001	88000000	0.000321371480038	85303	85276	265350242	1765184
AL	NC_063215.1	88000001	88100000	0.0003924908341644	83403	107243	273236954	1561352
AL	NC_063215.1	88100001	88200000	0.0004079640550376	86150	105621	258897809	1897142
AL	NC_063215.1	88200001	88300000	0.0006264978984676	81761	155470	248157257	1768994
AL	NC_063215.1	88300001	88400000	0.000382414054396	82614	99770	260895223	1661802
AL	NC_063215.1	88400001	88500000	0.0005249474991403	83010	135324	257785779	1722746
AL	NC_063215.1	88500001	88600000	0.0004827685174604	75238	114893	237987764	1509552
AL	NC_063215.1	88600001	88700000	0.0002576267908574	81959	65136	252830848	1722636
AL	NC_063215.1	88700001	88800000	0.0001584638446841	82592	41074	259201082	1681572
AL	NC_063215.1	88800001	88900000	0.0005267408962536	566	1048	1989593	9102
AL	NC_063215.1	88900001	89000000	0.0	125	0	396419	2510
AL	NC_063215.1	89000001	89100000	0.0014610555576405	229	1129	772729	4026
AL	NC_063215.1	89100001	89200000	0.0	26	0	78834	564
AL	NC_063215.1	89200001	89300000	0.0	18	0	49193	462
AL	NC_063215.1	89300001	89400000	0.0007237202044111	11162	28123	38858940	181192
AL	NC_063215.1	89400001	89500000	0.0003897422809679	82947	105745	271320319	1553534
AL	NC_063215.1	89500001	89600000	0.0002740714696323	83417	78158	285173791	1416270
AL	NC_063215.1	89600001	89700000	0.0004068349921209	84886	122853	301972550	1297236
AL	NC_063215.1	89700001	89800000	0.0002743797374166	86540	84170	306764635	1344850
AL	NC_063215.1	89800001	89900000	0.0005645485722663	83070	145747	258165563	1725682
AL	NC_063215.1	89900001	90000000	0.0004577359385184	83649	116051	253532638	1815808
AL	NC_063215.1	90000001	90100000	0.0002969836833208	86988	90680	305336640	1385216
AL	NC_063215.1	90100001	90200000	0.0005116746236722	85175	144558	282519385	1551138
AL	NC_063215.1	90200001	90300000	0.0006218456651418	87294	181107	291241075	1571274
AL	NC_063215.1	90300001	90400000	0.0003733245872533	86897	108581	290848778	1546440
AL	NC_063215.1	90400001	90500000	0.0004033023853103	86597	114472	283836655	1612902
AL	NC_063215.1	90500001	90600000	0.0004075364850855	84947	112659	276439053	1608442
AL	NC_063215.1	90600001	90700000	0.0005208066633766	84412	146530	281352007	1522066
AL	NC_063215.1	90700001	90800000	0.0003198159872986	86341	96491	301707869	1393522
AL	NC_063215.1	90800001	90900000	0.0003643939768245	85962	104159	285841717	1550734
AL	NC_063215.1	90900001	91000000	0.0002741945866394	83439	74555	271905441	1577610
AL	NC_063215.1	91000001	91100000	0.0001315090365882	82540	33936	258050708	1694304
AL	NC_063215.1	91100001	91200000	0.0003995743644341	82958	104044	260387075	1692162
AL	NC_063215.1	91200001	91300000	9.903592916455984e-05	84454	27309	275748410	1592580
AL	NC_063215.1	91300001	91400000	0.0002388911606956	83394	60270	252290624	1814976
AL	NC_063215.1	91400001	91500000	0.0001697919391464	85564	45646	268834906	1737108
AL	NC_063215.1	91500001	91600000	0.0005212713351275	83269	142480	273331738	1553624
AL	NC_063215.1	91600001	91700000	0.0007485418067522	82430	226899	303121346	1155244
AL	NC_063215.1	91700001	91800000	0.0005725357742311	85434	155898	272293902	1692244
AL	NC_063215.1	91800001	91900000	0.0002847481132084	82320	69107	242695199	1872826
AL	NC_063215.1	91900001	92000000	0.0005881330469118	80323	143460	243924399	1738638
AL	NC_063215.1	92000001	92100000	0.0006093704525808	84142	168342	276255600	1567856
AL	NC_063215.1	92100001	92200000	0.0003504026445578	80958	93904	267988845	1485182
AL	NC_063215.1	92200001	92300000	0.0004132288561486	83686	106684	258171709	1764870
AL	NC_063215.1	92300001	92400000	0.0004574800724581	83541	122040	266765718	1652496
AL	NC_063215.1	92400001	92500000	0.0009515581983666	81442	255152	268141245	1508150
AL	NC_063215.1	92500001	92600000	0.0007590040210607	83588	209434	275932662	1538948
AL	NC_063215.1	92600001	92700000	0.0005653234695177	84458	160465	283846344	1491744
AL	NC_063215.1	92700001	92800000	0.0002080988085721	85874	56058	269381648	1747360
AL	NC_063215.1	92800001	92900000	0.000292729363046	85891	80217	274031273	1695762
AL	NC_063215.1	92900001	93000000	0.0004708410574437	82538	121890	258877169	1682894
AL	NC_063215.1	93000001	93100000	0.0008402647890069	85527	232787	277040051	1640190
AL	NC_063215.1	93100001	93200000	0.0005549315321863	85114	145753	262650420	1793000
AL	NC_063215.1	93200001	93300000	1.4638352449595882e-05	80936	3549	242445317	1793030
AL	NC_063215.1	93300001	93400000	0.0005777738345573	83297	143124	247716306	1867400
AL	NC_063215.1	93400001	93500000	0.0005061653698138	79317	126941	250789579	1596038
AL	NC_063215.1	93500001	93600000	0.0008129521845199	84278	211741	260459353	1768414
AL	NC_063215.1	93600001	93700000	0.0002607990961566	80421	66567	255242449	1605730
AL	NC_063215.1	93700001	93800000	0.000569757151562	83098	150367	263914195	1653802
AL	NC_063215.1	93800001	93900000	0.0005693913755943	78232	144070	253024556	1500632
AL	NC_063215.1	93900001	94000000	0.0007071333741707	83356	189321	267730257	1623942
AL	NC_063215.1	94000001	94100000	0.0005129116792016	81742	141322	275528918	1438300
AL	NC_063215.1	94100001	94200000	0.0003004660175815	84345	80598	268243313	1674874
AL	NC_063215.1	94200001	94300000	0.0004070226407483	85431	114779	281996598	1572440
AL	NC_063215.1	94300001	94400000	0.0005966831698213	84267	165704	277708520	1555484
AL	NC_063215.1	94400001	94500000	0.0006560980048222	82694	167838	255812392	1727960
AL	NC_063215.1	94500001	94600000	0.0004452547505786	84615	127622	286626925	1468874
AL	NC_063215.1	94600001	94700000	0.0005656370157995	81679	155170	274327874	1452024
AL	NC_063215.1	94700001	94800000	0.0004752560766714	84116	134150	282268879	1487874
AL	NC_063215.1	94800001	94900000	0.0004113741898372	81327	109114	265242698	1538664
AL	NC_063215.1	94900001	95000000	0.0003194064521634	84127	89675	280755130	1516808
AL	NC_063215.1	95000001	95100000	0.0007547918175219	81974	200538	265686505	1569998
AL	NC_063215.1	95100001	95200000	0.0005209221837728	83770	141003	270679584	1610992
AL	NC_063215.1	95200001	95300000	0.0006109500369302	84296	161898	264993846	1708532
AL	NC_063215.1	95300001	95400000	0.0004057128487815	82786	116551	287274609	1358966
AL	NC_063215.1	95400001	95500000	0.0005388717332639	85838	170874	317095868	1176824
AL	NC_063215.1	95500001	95600000	0.0005479584857241	84283	159189	290512884	1405412
AL	NC_063215.1	95600001	95700000	0.0005533256444559	83180	157628	284873838	1407164
AL	NC_063215.1	95700001	95800000	0.0004703198688438	85567	133767	284417072	1549396
AL	NC_063215.1	95800001	95900000	0.0004544910046587	84137	128657	283079310	1487520
AL	NC_063215.1	95900001	96000000	0.0003638729526234	83615	110861	304669526	1199944
AL	NC_063215.1	96000001	96100000	0.0004445003029458	84413	128160	288323763	1437206
AL	NC_063215.1	96100001	96200000	0.0002900756727357	84607	79872	275348840	1602892
AL	NC_063215.1	96200001	96300000	0.0002239855735688	86444	59707	266566275	1817186
AL	NC_063215.1	96300001	96400000	0.0004100696854842	86260	115264	281083933	1626430
AL	NC_063215.1	96400001	96500000	2.3015598059415853e-05	84101	6651	288977935	1411046
AL	NC_063215.1	96500001	96600000	0.0002595761210703	85202	74661	287626611	1493746
AL	NC_063215.1	96600001	96700000	0.0003778491949183	84932	102506	271288126	1670724
AL	NC_063215.1	96700001	96800000	0.0006100253548935	83367	161626	264949643	1662198
AL	NC_063215.1	96800001	96900000	0.0002195062323176	83525	59209	269737216	1611124
AL	NC_063215.1	96900001	97000000	0.0004086363441307	82593	104234	255077654	1731344
AL	NC_063215.1	97000001	97100000	0.0002902581560585	82710	79307	273229187	1519130
AL	NC_063215.1	97100001	97200000	0.0001417799655481	76916	34078	240358360	1581128
AL	NC_063215.1	97200001	97300000	0.0001270447602681	81413	31397	247133372	1764388
AL	NC_063215.1	97300001	97400000	0.0003296890448962	79849	79073	239841151	1761830
AL	NC_063215.1	97400001	97500000	0.0004738602300761	81470	125682	265230108	1548056
AL	NC_063215.1	97500001	97600000	0.0003967545132656	84751	100511	253332972	1883460
AL	NC_063215.1	97600001	97700000	0.0004951536536695	84136	138277	279260789	1531414
AL	NC_063215.1	97700001	97800000	0.0004046028977554	84860	111908	276587243	1600626
AL	NC_063215.1	97800001	97900000	0.0005004249943228	84562	143681	287117953	1461702
AL	NC_063215.1	97900001	98000000	0.0004350125071006	84237	116277	267295763	1678110
AL	NC_063215.1	98000001	98100000	0.0005816530244666	83402	142608	245177097	1906070
AL	NC_063215.1	98100001	98200000	0.0008436565314819	84012	211617	250833120	1875512
AL	NC_063215.1	98200001	98300000	0.00044848360772	85777	118799	264890395	1802966
AL	NC_063215.1	98300001	98400000	0.0004398989599953	81910	118888	270262062	1506932
AL	NC_063215.1	98400001	98500000	0.0004155319758591	85669	118864	286052595	1536382
AL	NC_063215.1	98500001	98600000	0.0003512663906514	82215	98995	281823148	1388916
AL	NC_063215.1	98600001	98700000	0.0002103966602382	84489	55969	266016580	1709508
AL	NC_063215.1	98700001	98800000	0.0003495642006598	82519	90679	259405854	1675880
AL	NC_063215.1	98800001	98900000	0.0002980971406005	83091	78028	261753601	1679226
AL	NC_063215.1	98900001	99000000	0.0006055451753923	83205	168731	278643125	1485210
AL	NC_063215.1	99000001	99100000	0.000718783009039	82947	200508	278954841	1467658
AL	NC_063215.1	99100001	99200000	0.0010100588768883	81165	286683	283828009	1307490
AL	NC_063215.1	99200001	99300000	0.00054207190164	83749	149034	274934007	1560630
AL	NC_063215.1	99300001	99400000	0.0004784366475144	83852	145859	304865860	1209080
AL	NC_063215.1	99400001	99500000	0.0008221544454136	85715	229927	279663999	1613270
AL	NC_063215.1	99500001	99600000	0.0007681581099597	82695	218054	283866039	1386942
AL	NC_063215.1	99600001	99700000	0.0007111268117342	86940	218034	306603543	1362130
AL	NC_063215.1	99700001	99800000	0.0006238127725543	83824	171714	275265284	1554216
AL	NC_063215.1	99800001	99900000	0.0004872072030157	82366	131359	269616293	1539142
AL	NC_063215.1	99900001	100000000	0.0004210720162435	83229	126106	299487962	1234992
AL	NC_063215.1	100000001	100100000	0.0004679496605881	83866	134808	288082269	1409846
AL	NC_063215.1	100100001	100200000	0.0007431458722055	78209	198461	267055241	1333634
AL	NC_063215.1	100200001	100300000	0.0007150994038611	83818	201743	282118820	1472296
AL	NC_063215.1	100300001	100400000	0.0008798024453401	84346	248080	281972392	1505400
AL	NC_063215.1	100400001	100500000	0.0007880752029404	84832	253757	321995920	1062624
AL	NC_063215.1	100500001	100600000	0.0007550708530081	85164	239512	317204669	1140926
AL	NC_063215.1	100600001	100700000	0.0008455873966061	83451	255578	302249065	1218090
AL	NC_063215.1	100700001	100800000	0.0008919934050229	83122	231443	259467165	1709238
AL	NC_063215.1	100800001	100900000	0.0006441994826509	80907	165984	257659319	1602678
AL	NC_063215.1	100900001	101000000	0.0006531003805447	81965	167426	256355692	1678364
AL	NC_063215.1	101000001	101100000	0.0007851994541328	81968	203476	259139253	1645118
AL	NC_063215.1	101100001	101200000	0.0009783480937024	82624	245235	250662317	1789478
AL	NC_063215.1	101200001	101300000	0.0007706629058748	80417	190600	247319546	1701256
AL	NC_063215.1	101300001	101400000	0.0006085955501032	76103	144605	237604432	1565764
AL	NC_063215.1	101400001	101500000	0.0006857761699523	82218	167612	244412109	1845502
AL	NC_063215.1	101500001	101600000	0.0006799904794901	81083	169180	248797601	1727826
AL	NC_063215.1	101600001	101700000	0.0006660822605722	82471	160026	240249605	1913586
AL	NC_063215.1	101700001	101800000	0.0008526529157213	82079	206871	242620410	1859992
AL	NC_063215.1	101800001	101900000	0.0008891806534688	82599	218300	245506916	1854244
AL	NC_063215.1	101900001	102000000	0.0006240510981941	81463	159496	255581635	1661198
AL	NC_063215.1	102000001	102100000	0.0006689262880133	84301	171007	255644012	1826796
AL	NC_063215.1	102100001	102200000	0.0006945512707494	83165	190215	273867471	1538310
AL	NC_063215.1	102200001	102300000	0.0007613531591267	83419	203699	267548637	1627714
AL	NC_063215.1	102300001	102400000	0.0008704549067261	84546	230116	264362919	1732018
AL	NC_063215.1	102400001	102500000	0.0008376080102401	81466	221261	264158171	1554650
AL	NC_063215.1	102500001	102600000	0.0009153433205871	86506	258751	282681912	1621456
AL	NC_063215.1	102600001	102700000	0.0006469618442568	84294	189100	292289262	1383300
AL	NC_063215.1	102700001	102800000	0.0004850620511779	84443	147717	304532172	1245676
AL	NC_063215.1	102800001	102900000	0.0005123053476319	85359	143425	279959990	1594768
AL	NC_063215.1	102900001	103000000	0.0004474512025583	80792	124729	278754419	1340690
AL	NC_063215.1	103000001	103100000	0.000412746418508	84658	116105	281298625	1533870
AL	NC_063215.1	103100001	103200000	0.0006691458111291	78419	187498	280204997	1189194
AL	NC_063215.1	103200001	103300000	0.0005369729551881	75693	141478	263473232	1229284
AL	NC_063215.1	103300001	103400000	0.0006928895901753	85519	182997	264107013	1795434
AL	NC_063215.1	103400001	103500000	0.0008578408350629	83695	226494	264028000	1686260
AL	NC_063215.1	103500001	103600000	0.0008185267249389	83437	225464	275450994	1534248
AL	NC_063215.1	103600001	103700000	0.0007844118805755	84382	234513	298966660	1306656
AL	NC_063215.1	103700001	103800000	0.0006675444813757	84510	213345	319596680	1070512
AL	NC_063215.1	103800001	103900000	0.0006757684483012	85425	190239	281515067	1578558
AL	NC_063215.1	103900001	104000000	0.0007617737704014	84665	225462	295969760	1359348
AL	NC_063215.1	104000001	104100000	0.0009223901677184	86368	280952	304591278	1348500
AL	NC_063215.1	104100001	104200000	0.0007039810063555	85917	225800	320747290	1138016
AL	NC_063215.1	104200001	104300000	0.0005107843081321	87185	150230	294116318	1524336
AL	NC_063215.1	104300001	104400000	0.0006281840612556	84221	172077	273927676	1596756
AL	NC_063215.1	104400001	104500000	0.0005962307389622	84059	154822	259667927	1763830
AL	NC_063215.1	104500001	104600000	0.0007670079894373	85303	221984	289415499	1473574
AL	NC_063215.1	104600001	104700000	0.0005681830742109	86892	182745	321630489	1183334
AL	NC_063215.1	104700001	104800000	0.0007578692399923	84373	236348	311858547	1154766
AL	NC_063215.1	104800001	104900000	0.0006202682194331	84283	178868	288372021	1427042
AL	NC_063215.1	104900001	105000000	0.0008588831628222	76505	245424	285747830	1013024
AL	NC_063215.1	105000001	105100000	0.0005957173551348	82431	176995	297112378	1220352
AL	NC_063215.1	105100001	105200000	0.0005336280398813	85102	150540	282106615	1554218
AL	NC_063215.1	105200001	105300000	0.0002705324023467	84202	76553	282971649	1492646
AL	NC_063215.1	105300001	105400000	0.0002303200137242	81946	64197	278729577	1410118
AL	NC_063215.1	105400001	105500000	0.0003059589428046	84979	86413	282433320	1541492
AL	NC_063215.1	105500001	105600000	0.0003329290835852	83931	96842	290878763	1378334
AL	NC_063215.1	105600001	105700000	0.0001146280823021	84840	34664	302404082	1291516
AL	NC_063215.1	105700001	105800000	0.0002044663239379	83882	57975	283543025	1461990
AL	NC_063215.1	105800001	105900000	0.0001798792640279	7067	4844	26929174	88568
AL	NC_063215.1	105900001	106000000	0.0	1091	0	3609019	20238
AL	NC_063215.1	106000001	106100000	0.0	1477	0	5548225	19690
AL	NC_063215.1	106100001	106200000	0.0	1749	0	6149944	27916
AL	NC_063215.1	106200001	106300000	0.0	986	0	3245720	18392
AL	NC_063215.1	106300001	106400000	0.0	2024	0	6774063	36626
AL	NC_063215.1	106400001	106500000	0.0	4343	0	15681464	64100
AL	NC_063215.1	106500001	106600000	0.0	4998	0	17410114	81588
AL	NC_063215.1	106600001	106700000	0.0	2060	0	7513378	29860
AL	NC_063215.1	106700001	106800000	0.0	554	0	1917360	9248
AL	NC_063215.1	106800001	106900000	0.0	2606	0	9480129	37878
AL	NC_063215.1	106900001	107000000	0.0	910	0	2824832	19488
AL	NC_063215.1	107000001	107100000	0.0	782	0	2874656	10952
AL	NC_063215.1	107100001	107200000	0.0	1278	0	4360734	21900
AL	NC_063215.1	107200001	107300000	0.0	845	0	3050190	12848
AL	NC_063215.1	107300001	107400000	0.0001086792330993	4260	1508	13875696	82392
AL	NC_063215.1	107400001	107500000	0.000162643872979	15933	9726	59799363	209542
AL	NC_063215.1	107500001	107600000	0.0001225391102884	86141	35907	293024814	1479024
AL	NC_063215.1	107600001	107700000	0.000288274507833	86646	90185	312844173	1272398
AL	NC_063215.1	107700001	107800000	0.0005186235970579	84496	167401	322779374	1035156
AL	NC_063215.1	107800001	107900000	0.0004676223478979	86412	148914	318449280	1194424
AL	NC_063215.1	107900001	108000000	0.0003632734775752	80304	106981	294491634	1125276
AL	NC_063215.1	108000001	108100000	0.0002751013489683	82112	88663	322292131	906746
AL	NC_063215.1	108100001	108200000	0.0001731360552658	17310	10765	62176535	260066
AL	NC_063215.1	108200001	108300000	5.100193761825505e-05	10997	1904	37331915	192782
AL	NC_063215.1	108300001	108400000	0.0	2482	0	7512787	54546
AL	NC_063215.1	108400001	108500000	0.0	1260	0	3888658	27140
AL	NC_063215.1	108500001	108600000	9.029457098875564e-05	3877	1080	11960852	82636
AL	NC_063215.1	108600001	108700000	0.0	1932	0	5815866	43012
AL	NC_063215.1	108700001	108800000	6.250365007770771e-05	7837	1615	25838491	146182
AL	NC_063215.1	108800001	108900000	3.837910691628022e-05	8309	1009	26290346	168624
AL	NC_063215.1	108900001	109000000	4.022194942720203e-05	6955	871	21654843	145350
AL	NC_063215.1	109000001	109100000	0.0001282589594016	9408	4048	31561148	169064
AL	NC_063215.1	109100001	109200000	0.0004196722277855	78330	108440	258392128	1447144
AL	NC_063215.1	109200001	109300000	0.0003721822091163	86572	109573	294406872	1490024
AL	NC_063215.1	109300001	109400000	0.000298758260084	83925	93227	312048276	1132148
AL	NC_063215.1	109400001	109500000	0.0003321823844623	84605	105390	317265469	1107042
AL	NC_063215.1	109500001	109600000	0.000198052395086	81887	60427	305106131	1088190
AL	NC_063215.1	109600001	109700000	0.0004445051768661	83783	125501	282338669	1467666
AL	NC_063215.1	109700001	109800000	0.0005928625686723	82899	169630	286120273	1372794
AL	NC_063215.1	109800001	109900000	0.0005636897784149	83035	155581	276004650	1505352
AL	NC_063215.1	109900001	110000000	0.0001432655216256	83455	43330	302445414	1216256
AL	NC_063215.1	110000001	110100000	0.0002907876394889	81490	85437	293812351	1202082
AL	NC_063215.1	110100001	110200000	0.0003546171440503	84286	105150	296516967	1329954
AL	NC_063215.1	110200001	110300000	0.0003979247554139	84684	106986	268859875	1684482
AL	NC_063215.1	110300001	110400000	0.0004045730180425	81069	110984	274323781	1409954
AL	NC_063215.1	110400001	110500000	0.0001644146773345	83726	43064	261923088	1715792
AL	NC_063215.1	110500001	110600000	9.496307571543723e-05	83946	27841	293177109	1353014
AL	NC_063215.1	110600001	110700000	0.0004136790765181	85003	124183	300191639	1333262
AL	NC_063215.1	110700001	110800000	0.0004750133562812	51355	86001	181049646	803680
AL	NC_063215.1	110800001	110900000	0.0003220962385588	84782	94358	292949711	1406554
AL	NC_063215.1	110900001	111000000	4.572345513582838e-05	84526	14231	311240696	1169824
AL	NC_063215.1	111000001	111100000	0.0004055505715782	85335	128264	316271284	1158772
AL	NC_063215.1	111100001	111200000	0.0004994140953284	84030	146786	293916414	1348364
AL	NC_063215.1	111200001	111300000	0.0001045402737534	84801	29649	283613185	1515322
AL	NC_063215.1	111300001	111400000	6.760857202307383e-05	85539	18505	273707896	1679332
AL	NC_063215.1	111400001	111500000	0.0003454373336246	85812	90831	262944943	1824338
AL	NC_063215.1	111500001	111600000	0.0005741230987965	84092	156639	272831733	1601126
AL	NC_063215.1	111600001	111700000	0.0002887031617155	82296	83685	289865201	1297254
AL	NC_063215.1	111700001	111800000	0.0003847030196463	83631	109322	284172451	1441102
AL	NC_063215.1	111800001	111900000	0.0002877670652952	83522	76266	265026854	1663316
AL	NC_063215.1	111900001	112000000	0.0003304695833833	82806	85432	258516984	1703728
AL	NC_063215.1	112000001	112100000	0.0002641400639836	81271	67302	254796637	1659034
AL	NC_063215.1	112100001	112200000	7.576412893004535e-05	83324	20081	265046273	1654038
AL	NC_063215.1	112200001	112300000	0.0001291120211633	85342	33310	257993018	1859092
AL	NC_063215.1	112300001	112400000	0.0005027471379095	76710	130531	259635491	1334570
AL	NC_063215.1	112400001	112500000	0.0003839847444336	78328	101929	265450650	1361252
AL	NC_063215.1	112500001	112600000	0.0004623795861922	79576	121137	261986047	1473626
AL	NC_063215.1	112600001	112700000	0.0003907462805594	74492	104492	267416493	1115926
AL	NC_063215.1	112700001	112800000	0.0004093268928435	68008	94538	230959660	1173816
AL	NC_063215.1	112800001	112900000	0.0004169233124318	80253	110007	263854279	1489310
AL	NC_063215.1	112900001	113000000	0.0006602894441048	69555	165406	250505292	1031188
AL	NC_063215.1	113000001	113100000	0.0002930481301459	70487	75760	258524086	989424
AL	NC_063215.1	113100001	113200000	0.0002617597897168	16995	16221	61969029	246546
AL	NC_063215.1	113200001	113300000	0.0	14	0	48401	230
AL	NC_063215.1	113300001	113400000	NA	0	NA	NA	NA
AL	NC_063215.1	113400001	113500000	0.0006955785398899	24	69	99198	220
AL	NC_063215.1	113500001	113600000	0.0001136277455611	5902	2171	19106249	114934
AL	NC_063215.1	113600001	113700000	0.0003672719367893	49087	66104	179986526	692128
AL	NC_063215.1	113700001	113800000	0.0004456247283827	68658	109699	246169014	1030532
AL	NC_063215.1	113800001	113900000	0.0003116271821058	78285	78715	252593498	1509512
AL	NC_063215.1	113900001	114000000	0.0005107374510088	66262	127764	250155926	846012
AL	NC_063215.1	114000001	114100000	0.0002553489469867	78745	67578	264649613	1392970
AL	NC_063215.1	114100001	114200000	0.0003858614141516	80225	96126	249120530	1667040
AL	NC_063215.1	114200001	114300000	0.0003131280206245	79469	80441	256894927	1529654
AL	NC_063215.1	114300001	114400000	0.0006107015910328	81618	155611	254806934	1677452
AL	NC_063215.1	114400001	114500000	0.0001699013866423	76537	40601	238968032	1573780
AL	NC_063215.1	114500001	114600000	0.0003176706801318	84271	80648	253872973	1847146
AL	NC_063215.1	114600001	114700000	0.0003771369679198	84018	97460	258420702	1774740
AL	NC_063215.1	114700001	114800000	0.0004106913182912	83844	114208	278087203	1524578
AL	NC_063215.1	114800001	114900000	0.0003703709446912	84220	104137	281169464	1512656
AL	NC_063215.1	114900001	115000000	0.0003019914427143	74853	76190	252291917	1316114
AL	NC_063215.1	115000001	115100000	5.594323462360037e-06	74357	1400	250253674	1313944
AL	NC_063215.1	115100001	115200000	0.0003242883419443	85895	97074	299344711	1391342
AL	NC_063215.1	115200001	115300000	0.0001442189342537	85331	41382	286938745	1509266
AL	NC_063215.1	115300001	115400000	0.0002399413939634	81846	63564	264914690	1567356
AL	NC_063215.1	115400001	115500000	0.0005039520595114	76592	139859	277524414	1110540
AL	NC_063215.1	115500001	115600000	5.711546919175056e-05	78754	16441	287855466	1114580
AL	NC_063215.1	115600001	115700000	0.0001932415784896	85220	55342	286387642	1499804
AL	NC_063215.1	115700001	115800000	0.0002959726068211	84051	79264	267808568	1660724
AL	NC_063215.1	115800001	115900000	0.0002535755190486	85980	69701	274872749	1686222
AL	NC_063215.1	115900001	116000000	0.0002088146055231	84236	59249	283739731	1481650
AL	NC_063215.1	116000001	116100000	1.5309665671177663e-05	83620	4145	270743992	1601784
AL	NC_063215.1	116100001	116200000	1.1276198698831098e-05	85840	3369	298770897	1390830
AL	NC_063215.1	116200001	116300000	0.0006251599713793	85469	191277	305964887	1286270
AL	NC_063215.1	116300001	116400000	0.0003712356229397	83553	113946	306937139	1161870
AL	NC_063215.1	116400001	116500000	0.0003318396223383	84249	91135	274635679	1588846
AL	NC_063215.1	116500001	116600000	0.0005642865232384	83249	153865	272671761	1560370
AL	NC_063215.1	116600001	116700000	0.0002920580914127	86306	85270	291962464	1496360
AL	NC_063215.1	116700001	116800000	0.0005349878658748	84811	144212	269561254	1682992
AL	NC_063215.1	116800001	116900000	0.0007162138810202	84177	196361	274165309	1588690
AL	NC_063215.1	116900001	117000000	0.000505657190705	87187	145153	287058115	1612486
AL	NC_063215.1	117000001	117100000	0.0004619127988759	84669	132388	286608209	1474082
AL	NC_063215.1	117100001	117200000	0.0004314759618806	86560	119432	276798734	1696180
AL	NC_063215.1	117200001	117300000	0.0004192298618971	86315	128479	306464333	1328882
AL	NC_063215.1	117300001	117400000	0.0004854784022065	86268	144255	297139892	1431424
AL	NC_063215.1	117400001	117500000	0.0003815462070925	83603	115919	303813792	1201892
AL	NC_063215.1	117500001	117600000	0.0004907910752519	85893	143282	291940924	1474052
AL	NC_063215.1	117600001	117700000	0.0005348978320921	86059	164535	307600798	1304256
AL	NC_063215.1	117700001	117800000	0.0007227461365584	84816	205918	284910551	1499922
AL	NC_063215.1	117800001	117900000	0.0005972552190849	84198	161366	270179305	1641790
AL	NC_063215.1	117900001	118000000	0.0005799489665821	84951	168611	290734202	1443872
AL	NC_063215.1	118000001	118100000	0.0005331402991554	84533	162753	305272365	1245610
AL	NC_063215.1	118100001	118200000	0.0005020535225752	84946	163159	324983279	1041290
AL	NC_063215.1	118200001	118300000	0.0004468542301952	81628	137128	306874123	1054946
AL	NC_063215.1	118300001	118400000	0.0004068624048321	84009	119314	293253932	1350924
AL	NC_063215.1	118400001	118500000	0.0002011480720689	84989	63067	313535195	1167934
AL	NC_063215.1	118500001	118600000	6.610301138175138e-05	83880	20446	309305122	1152588
AL	NC_063215.1	118600001	118700000	6.451595859290154e-05	85187	19195	297523286	1365600
AL	NC_063215.1	118700001	118800000	5.836932624726472e-05	84694	15848	271512471	1651666
AL	NC_063215.1	118800001	118900000	0.0002037656239221	83626	55585	272788898	1573732
AL	NC_063215.1	118900001	119000000	0.0001725461048153	83805	46361	268687607	1634590
AL	NC_063215.1	119000001	119100000	0.0002903466425498	84152	80708	277971184	1546320
AL	NC_063215.1	119100001	119200000	0.0002105020332134	85242	60087	285446174	1516892
AL	NC_063215.1	119200001	119300000	0.0001853785670042	86484	53973	291150163	1518298
AL	NC_063215.1	119300001	119400000	0.0003646920875424	85618	101760	279029909	1613622
AL	NC_063215.1	119400001	119500000	0.0006901084554958	84307	204230	295938991	1333950
AL	NC_063215.1	119500001	119600000	0.0004360662346998	86341	135475	310675281	1278362
AL	NC_063215.1	119600001	119700000	0.0003417212366092	86338	102468	299858449	1407134
AL	NC_063215.1	119700001	119800000	0.0003500059465816	83993	106410	304023406	1226768
AL	NC_063215.1	119800001	119900000	0.0002924251968796	84808	89128	304789057	1264878
AL	NC_063215.1	119900001	120000000	0.0004521378389054	84153	141717	313437602	1124904
AL	NC_063215.1	120000001	120100000	0.0005813112075962	86076	177555	305438804	1327560
AL	NC_063215.1	120100001	120200000	0.0006008555325375	86864	193752	322460208	1171456
AL	NC_063215.1	120200001	120300000	0.0006632013408021	83184	187840	283232238	1425924
AL	NC_063215.1	120300001	120400000	0.0006551951661876	52566	136727	208681332	556320
AL	NC_063215.1	120400001	120500000	0.0003691615139142	27196	37546	101706160	359920
AL	NC_063215.1	120500001	120600000	0.0006946895797657	75567	202441	291412173	897402
AL	NC_063215.1	120600001	120700000	0.0009789136748917	67687	253541	259002409	832210
AL	NC_063215.1	120700001	120800000	0.0007838466462586	63834	187395	239070998	840068
AL	NC_063215.1	120800001	120900000	0.0006958254220475	73857	196350	282182849	912378
AL	NC_063215.1	120900001	121000000	0.0009015176324023	79686	287278	318660434	822468
AL	NC_063215.1	121000001	121100000	0.0006615614519291	83720	223873	338400914	814900
AL	NC_063215.1	121100001	121200000	0.0007314181473217	84209	250192	342064250	799904
AL	NC_063215.1	121200001	121300000	0.0007561016817514	86098	262102	346649143	848426
AL	NC_063215.1	121300001	121400000	0.0004375207619418	66884	104668	239229790	1008660
AL	NC_063215.1	121400001	121500000	8.545724342631191e-05	21210	6911	80870851	263770
AL	NC_063216.1	1	100000	2.9895309030078285e-05	14023	1344	44956886	280968
AL	NC_063216.1	100001	200000	0.0002880234847331	64485	68857	239067311	874774
AL	NC_063216.1	200001	300000	0.0001643809884039	85198	48371	294261523	1410802
AL	NC_063216.1	300001	400000	0.0002081338542961	86324	68674	329951128	1052304
AL	NC_063216.1	400001	500000	0.0002814515596395	85349	92357	328145277	1022994
AL	NC_063216.1	500001	600000	0.0005780296416193	84365	184943	319954180	1063172
AL	NC_063216.1	600001	700000	0.0006099176918379	85557	181032	296813820	1402764
AL	NC_063216.1	700001	800000	0.0006594628000108	85710	209653	317914824	1163608
AL	NC_063216.1	800001	900000	0.0006019943169043	83832	165618	275115554	1561180
AL	NC_063216.1	900001	1000000	0.0006115671512529	84378	161427	263956296	1729200
AL	NC_063216.1	1000001	1100000	0.0006453664612086	83527	190222	294750365	1312882
AL	NC_063216.1	1100001	1200000	0.0007308071506277	83052	226840	310396525	1099126
AL	NC_063216.1	1200001	1300000	0.0006609315981982	86561	210212	318054093	1204466
AL	NC_063216.1	1300001	1400000	0.0007343021870017	85427	222952	303624317	1311122
AL	NC_063216.1	1400001	1500000	0.0007640659110092	84696	222608	291346593	1418918
AL	NC_063216.1	1500001	1600000	0.0008741084317396	83321	235939	269919602	1593960
AL	NC_063216.1	1600001	1700000	0.0007688257834824	84304	209826	272917486	1612324
AL	NC_063216.1	1700001	1800000	0.0006396798046411	85972	175749	274745269	1687870
AL	NC_063216.1	1800001	1900000	0.0006873155712772	83025	210991	306978350	1137128
AL	NC_063216.1	1900001	2000000	0.0005579152471567	85428	180777	324022333	1070438
AL	NC_063216.1	2000001	2100000	0.0006549604650705	86831	206147	314747242	1263120
AL	NC_063216.1	2100001	2200000	0.0006230304865396	84417	184841	296680506	1335464
AL	NC_063216.1	2200001	2300000	0.0007168418150709	86324	207541	289521336	1533400
AL	NC_063216.1	2300001	2400000	0.0006665159060384	86750	213441	320233918	1194884
AL	NC_063216.1	2400001	2500000	0.0006383576035437	85362	189479	296822657	1391998
AL	NC_063216.1	2500001	2600000	0.0006415492588312	85941	175394	273391322	1703744
AL	NC_063216.1	2600001	2700000	0.0001030026278988	84844	28421	275924999	1607770
AL	NC_063216.1	2700001	2800000	0.0006465130748554	83610	170763	264129229	1679134
AL	NC_063216.1	2800001	2900000	0.0006789274526938	84923	187869	276714396	1602060
AL	NC_063216.1	2900001	3000000	0.0005145875832777	82430	146477	284649309	1363566
AL	NC_063216.1	3000001	3100000	0.0003380487267214	84139	94148	278504229	1534946
AL	NC_063216.1	3100001	3200000	0.0005835982284956	82762	159206	272800691	1526290
AL	NC_063216.1	3200001	3300000	0.0004697459037095	83026	131734	280436719	1453578
AL	NC_063216.1	3300001	3400000	0.0003051433594014	83927	82105	269070250	1637504
AL	NC_063216.1	3400001	3500000	0.0004635951376791	83849	124130	267755181	1652434
AL	NC_063216.1	3500001	3600000	0.0004585363532349	83226	123762	269906626	1588980
AL	NC_063216.1	3600001	3700000	0.0003922511116512	85218	103996	265126081	1763750
AL	NC_063216.1	3700001	3800000	0.0004149798102247	81547	102911	247990378	1758008
AL	NC_063216.1	3800001	3900000	0.0003793053281785	83465	98837	260573719	1716750
AL	NC_063216.1	3900001	4000000	0.0006373477733732	81416	163182	256032902	1651124
AL	NC_063216.1	4000001	4100000	0.0006532534692341	79230	167010	255658803	1527922
AL	NC_063216.1	4100001	4200000	0.0006518535050979	81193	164701	252665666	1678640
AL	NC_063216.1	4200001	4300000	0.0005761921839436	77510	138550	240457965	1612358
AL	NC_063216.1	4300001	4400000	0.0004911425906246	83428	126192	256935567	1759394
AL	NC_063216.1	4400001	4500000	0.0004070046914849	82464	105782	259903638	1668540
AL	NC_063216.1	4500001	4600000	0.0003945248147772	83854	105026	266208857	1670454
AL	NC_063216.1	4600001	4700000	0.0003570898369376	82225	95247	266731198	1570336
AL	NC_063216.1	4700001	4800000	0.0003127049518213	85116	81495	260613078	1815428
AL	NC_063216.1	4800001	4900000	0.0003956224414772	82223	99110	250516628	1766948
AL	NC_063216.1	4900001	5000000	0.0001460467887742	81546	39871	273001552	1454808
AL	NC_063216.1	5000001	5100000	0.0003302708623836	83259	86839	262932671	1672638
AL	NC_063216.1	5100001	5200000	0.0002539220777245	84863	68394	269350348	1688700
AL	NC_063216.1	5200001	5300000	0.0004584358292636	80006	113631	247866752	1669088
AL	NC_063216.1	5300001	5400000	0.0014710848100414	58933	321863	218792960	797756
AL	NC_063216.1	5400001	5500000	0.0004178932125827	80485	117731	281725083	1290230
AL	NC_063216.1	5500001	5600000	0.0004926791355253	85356	130784	265454716	1767608
AL	NC_063216.1	5600001	5700000	0.0004102034632507	83501	110422	269188366	1612576
AL	NC_063216.1	5700001	5800000	0.0003434872924071	82704	89038	259217741	1686622
AL	NC_063216.1	5800001	5900000	0.0002412409265867	83936	63410	262849264	1714904
AL	NC_063216.1	5900001	6000000	0.0003487576209205	83719	92992	266637901	1658570
AL	NC_063216.1	6000001	6100000	0.0001899537952571	83899	49932	262863924	1717132
AL	NC_063216.1	6100001	6200000	0.0003430935306657	84089	86819	253047616	1846660
AL	NC_063216.1	6200001	6300000	0.0002031005935094	82221	53048	261190768	1633660
AL	NC_063216.1	6300001	6400000	0.0003280996686794	81698	87850	267754004	1524864
AL	NC_063216.1	6400001	6500000	0.0003580295139929	73912	89859	250982102	1276092
AL	NC_063216.1	6500001	6600000	0.0003342672623794	73179	82592	247083724	1283012
AL	NC_063216.1	6600001	6700000	0.0002522061075607	75996	63606	252198492	1384560
AL	NC_063216.1	6700001	6800000	0.0002783503503545	75713	71223	255875374	1320368
AL	NC_063216.1	6800001	6900000	0.000396425095859	62674	89755	226410994	919660
AL	NC_063216.1	6900001	7000000	0.0003710629175102	19969	26627	71758720	297948
AL	NC_063216.1	7000001	7100000	0.0004090869233215	32553	47087	115102677	517498
AL	NC_063216.1	7100001	7200000	6.566571949420054e-05	11298	2749	41863548	155336
AL	NC_063216.1	7200001	7300000	NA	0	NA	NA	NA
AL	NC_063216.1	7300001	7400000	NA	0	NA	NA	NA
AL	NC_063216.1	7400001	7500000	NA	0	NA	NA	NA
AL	NC_063216.1	7500001	7600000	NA	0	NA	NA	NA
AL	NC_063216.1	7600001	7700000	NA	0	NA	NA	NA
AL	NC_063216.1	7700001	7800000	NA	0	NA	NA	NA
AL	NC_063216.1	7800001	7900000	NA	0	NA	NA	NA
AL	NC_063216.1	7900001	8000000	NA	0	NA	NA	NA
AL	NC_063216.1	8000001	8100000	NA	0	NA	NA	NA
AL	NC_063216.1	8100001	8200000	NA	0	NA	NA	NA
AL	NC_063216.1	8200001	8300000	NA	0	NA	NA	NA
AL	NC_063216.1	8300001	8400000	NA	0	NA	NA	NA
AL	NC_063216.1	8400001	8500000	NA	0	NA	NA	NA
AL	NC_063216.1	8500001	8600000	NA	0	NA	NA	NA
AL	NC_063216.1	8600001	8700000	NA	0	NA	NA	NA
AL	NC_063216.1	8700001	8800000	NA	0	NA	NA	NA
AL	NC_063216.1	8800001	8900000	NA	0	NA	NA	NA
AL	NC_063216.1	8900001	9000000	NA	0	NA	NA	NA
AL	NC_063216.1	9000001	9100000	NA	0	NA	NA	NA
AL	NC_063216.1	9100001	9200000	NA	0	NA	NA	NA
AL	NC_063216.1	9200001	9300000	NA	0	NA	NA	NA
AL	NC_063216.1	9300001	9400000	NA	0	NA	NA	NA
AL	NC_063216.1	9400001	9500000	NA	0	NA	NA	NA
AL	NC_063216.1	9500001	9600000	NA	0	NA	NA	NA
AL	NC_063216.1	9600001	9700000	NA	0	NA	NA	NA
AL	NC_063216.1	9700001	9800000	NA	0	NA	NA	NA
AL	NC_063216.1	9800001	9900000	NA	0	NA	NA	NA
AL	NC_063216.1	9900001	10000000	NA	0	NA	NA	NA
AL	NC_063216.1	10000001	10100000	NA	0	NA	NA	NA
AL	NC_063216.1	10100001	10200000	NA	0	NA	NA	NA
AL	NC_063216.1	10200001	10300000	NA	0	NA	NA	NA
AL	NC_063216.1	10300001	10400000	NA	0	NA	NA	NA
AL	NC_063216.1	10400001	10500000	NA	0	NA	NA	NA
AL	NC_063216.1	10500001	10600000	NA	0	NA	NA	NA
AL	NC_063216.1	10600001	10700000	NA	0	NA	NA	NA
AL	NC_063216.1	10700001	10800000	NA	0	NA	NA	NA
AL	NC_063216.1	10800001	10900000	NA	0	NA	NA	NA
AL	NC_063216.1	10900001	11000000	NA	0	NA	NA	NA
AL	NC_063216.1	11000001	11100000	NA	0	NA	NA	NA
AL	NC_063216.1	11100001	11200000	NA	0	NA	NA	NA
AL	NC_063216.1	11200001	11300000	NA	0	NA	NA	NA
AL	NC_063216.1	11300001	11400000	NA	0	NA	NA	NA
AL	NC_063216.1	11400001	11500000	NA	0	NA	NA	NA
AL	NC_063216.1	11500001	11600000	0.0004481499986524	38165	67728	151127971	408454
AL	NC_063216.1	11600001	11700000	0.0005387686481947	50706	104397	193769627	621138
AL	NC_063216.1	11700001	11800000	0.0003495663969291	72555	88920	254372276	1157076
AL	NC_063216.1	11800001	11900000	0.0004484064505389	72020	111710	249126657	1186734
AL	NC_063216.1	11900001	12000000	0.0002944575136204	70325	70576	239681437	1205706
AL	NC_063216.1	12000001	12100000	0.0002070322289541	78191	53606	258925870	1427608
AL	NC_063216.1	12100001	12200000	0.0002172856961686	77530	57793	265977011	1310378
AL	NC_063216.1	12200001	12300000	0.0006892632692903	64333	161613	234472091	920814
AL	NC_063216.1	12300001	12400000	0.0003498052422149	63105	80710	230728389	896346
AL	NC_063216.1	12400001	12500000	0.0005042186599791	69872	132150	262088674	914108
AL	NC_063216.1	12500001	12600000	0.0006676434861053	76710	172118	257799265	1353462
AL	NC_063216.1	12600001	12700000	0.0004447138532987	82157	117811	264914167	1590014
AL	NC_063216.1	12700001	12800000	0.0004381337811399	83513	118139	269641386	1607024
AL	NC_063216.1	12800001	12900000	0.0004796399864337	77610	120309	250831881	1491214
AL	NC_063216.1	12900001	13000000	0.0004341211066863	83130	119179	274529384	1525520
AL	NC_063216.1	13000001	13100000	0.0004972298276095	83332	143278	288152464	1380592
AL	NC_063216.1	13100001	13200000	0.0002107754434469	85956	57822	274329870	1694148
AL	NC_063216.1	13200001	13300000	0.0002199040565904	81252	63921	290676766	1227044
AL	NC_063216.1	13300001	13400000	0.0001865488593183	82814	50534	270888818	1552852
AL	NC_063216.1	13400001	13500000	0.0003516151136391	80581	100062	284578211	1260694
AL	NC_063216.1	13500001	13600000	0.0001021029223978	80688	29568	289590144	1206920
AL	NC_063216.1	13600001	13700000	0.0003059291592235	87222	87683	286612104	1615032
AL	NC_063216.1	13700001	13800000	0.0005155510401584	83369	153258	297270276	1267012
AL	NC_063216.1	13800001	13900000	0.0004864486177747	82480	135955	279484811	1428250
AL	NC_063216.1	13900001	14000000	0.0006136035555683	82864	182557	297516203	1239938
AL	NC_063216.1	14000001	14100000	0.0006980776257364	84231	197240	282547374	1496784
AL	NC_063216.1	14100001	14200000	0.0007864992889664	82381	235223	299075922	1192032
AL	NC_063216.1	14200001	14300000	0.0004977785614738	82640	145620	292539718	1279116
AL	NC_063216.1	14300001	14400000	0.0006564780771461	83027	182226	277581242	1481912
AL	NC_063216.1	14400001	14500000	0.000768138539447	77176	196849	256267574	1401412
AL	NC_063216.1	14500001	14600000	0.0005818569563228	81750	151140	259754564	1624640
AL	NC_063216.1	14600001	14700000	0.0008930539217932	84972	246198	275681002	1623372
AL	NC_063216.1	14700001	14800000	0.0003883283387355	82275	107530	276904849	1449250
AL	NC_063216.1	14800001	14900000	0.0003492514635119	84721	95333	272963781	1641970
AL	NC_063216.1	14900001	15000000	0.0001511495021684	78175	36734	243030903	1622534
AL	NC_063216.1	15000001	15100000	0.0001190726651148	81410	30645	257363854	1635148
AL	NC_063216.1	15100001	15200000	0.000136035309731	61930	29793	219009315	967682
AL	NC_063216.1	15200001	15300000	0.0	426	0	1411730	7956
AL	NC_063216.1	15300001	15400000	0.0003321961594609	19964	25638	77177292	234824
AL	NC_063216.1	15400001	15500000	0.0001508105457162	80251	39702	263257452	1494516
AL	NC_063216.1	15500001	15600000	0.0003455421612719	82885	101003	292302970	1299456
AL	NC_063216.1	15600001	15700000	0.0002853638817027	81552	81664	286174969	1296286
AL	NC_063216.1	15700001	15800000	0.0004899689973172	81128	129920	265159634	1519748
AL	NC_063216.1	15800001	15900000	0.0002528693004338	81501	66260	262032599	1583446
AL	NC_063216.1	15900001	16000000	0.0002762507938168	80913	72359	261932279	1547750
AL	NC_063216.1	16000001	16100000	0.0003869921843652	78965	100686	260175797	1455962
AL	NC_063216.1	16100001	16200000	0.0004757470675185	73994	118984	250099282	1285036
AL	NC_063216.1	16200001	16300000	0.0003142957749985	78249	86481	275158010	1235344
AL	NC_063216.1	16300001	16400000	0.0003149979680085	80714	88368	280535143	1312434
AL	NC_063216.1	16400001	16500000	0.0002615838588392	75484	69920	267294780	1170888
AL	NC_063216.1	16500001	16600000	0.0002997731046523	79018	78560	262064871	1435922
AL	NC_063216.1	16600001	16700000	0.0002803685695064	82249	73779	263150039	1610062
AL	NC_063216.1	16700001	16800000	0.0003167720027157	83961	87502	276230220	1554620
AL	NC_063216.1	16800001	16900000	0.0003612694406914	81804	97379	269546740	1505544
AL	NC_063216.1	16900001	17000000	0.0001366360722724	81658	38717	283358555	1335066
AL	NC_063216.1	17000001	17100000	0.0004055647086671	77151	103486	255165200	1412028
AL	NC_063216.1	17100001	17200000	0.0002928728306604	81443	76170	260078751	1601230
AL	NC_063216.1	17200001	17300000	0.0004592814159235	83725	130711	284598931	1443414
AL	NC_063216.1	17300001	17400000	0.0004997994837384	83639	130047	260198348	1729740
AL	NC_063216.1	17400001	17500000	0.0005689736294555	86849	167164	293799205	1515002
AL	NC_063216.1	17500001	17600000	0.0003059633980491	82896	86316	282112176	1429800
AL	NC_063216.1	17600001	17700000	0.0003395578726765	81331	101129	297825520	1148820
AL	NC_063216.1	17700001	17800000	0.000456458042613	82184	127382	279066175	1418354
AL	NC_063216.1	17800001	17900000	0.0005521024798028	82132	151551	274497952	1471792
AL	NC_063216.1	17900001	18000000	0.0005109268848731	83784	138191	270471185	1613230
AL	NC_063216.1	18000001	18100000	0.0005287758036889	63793	121751	230250702	941416
AL	NC_063216.1	18100001	18200000	0.0006456828115293	74332	174115	269660268	1078280
AL	NC_063216.1	18200001	18300000	0.0005088770700913	84269	150790	296319109	1330674
AL	NC_063216.1	18300001	18400000	0.000366453362269	81970	101690	277497795	1424218
AL	NC_063216.1	18400001	18500000	0.0004053492803346	83660	121163	298910115	1269322
AL	NC_063216.1	18500001	18600000	0.0003799692877018	81300	102080	268653292	1490264
AL	NC_063216.1	18600001	18700000	3.315664578716264e-05	84220	9087	274062704	1594552
AL	NC_063216.1	18700001	18800000	0.0004670279809798	85025	146882	314503640	1160516
AL	NC_063216.1	18800001	18900000	0.0004991031623969	81048	145112	290745503	1215458
AL	NC_063216.1	18900001	19000000	0.000773738726859	85064	218365	282220590	1544996
AL	NC_063216.1	19000001	19100000	0.0007080548890746	83237	191409	270330737	1581122
AL	NC_063216.1	19100001	19200000	0.0005907316497204	81317	165958	280936361	1343898
AL	NC_063216.1	19200001	19300000	0.0005017671172161	79237	139460	277937703	1261846
AL	NC_063216.1	19300001	19400000	0.0006436704695036	76745	163780	254446969	1396362
AL	NC_063216.1	19400001	19500000	0.00055371901762	78099	157992	285328831	1107662
AL	NC_063216.1	19500001	19600000	0.0005543705169088	78014	150840	272092392	1256880
AL	NC_063216.1	19600001	19700000	0.000589916421354	80173	160270	271682554	1395856
AL	NC_063216.1	19700001	19800000	0.0006294923120502	82146	169170	268740375	1536370
AL	NC_063216.1	19800001	19900000	0.0006628329065651	87213	202716	305832734	1389784
AL	NC_063216.1	19900001	20000000	0.0004479840250142	79965	119467	266676920	1441180
AL	NC_063216.1	20000001	20100000	0.0007516487525328	87095	236725	314940987	1273918
AL	NC_063216.1	20100001	20200000	0.0005422069829808	83961	168615	310979027	1140462
AL	NC_063216.1	20200001	20300000	0.0006017912205527	84121	168405	279839576	1523844
AL	NC_063216.1	20300001	20400000	0.0004994725214123	86463	139608	279510872	1661548
AL	NC_063216.1	20400001	20500000	0.0005103234711478	81983	139072	272517350	1481344
AL	NC_063216.1	20500001	20600000	0.0004972576130615	85831	140489	282527600	1585892
AL	NC_063216.1	20600001	20700000	0.0007425404867348	85372	222925	300219320	1350248
AL	NC_063216.1	20700001	20800000	0.0005618447789789	82895	157378	280109393	1449130
AL	NC_063216.1	20800001	20900000	0.0003878540007574	83665	99236	255859163	1785526
AL	NC_063216.1	20900001	21000000	0.0005460378617405	81775	146405	268122433	1525282
AL	NC_063216.1	21000001	21100000	0.0004840479564697	83469	129501	267537541	1631394
AL	NC_063216.1	21100001	21200000	0.0005572685143278	83777	148011	265600866	1675496
AL	NC_063216.1	21200001	21300000	0.0006948638365887	84431	176965	254675795	1846742
AL	NC_063216.1	21300001	21400000	0.0009070261275557	83412	233240	257148050	1754412
AL	NC_063216.1	21400001	21500000	0.000738598383471	84223	193485	261962393	1745874
AL	NC_063216.1	21500001	21600000	0.0006102243552512	83253	164254	269169853	1597378
AL	NC_063216.1	21600001	21700000	0.0004650004577185	82096	121264	260782539	1634922
AL	NC_063216.1	21700001	21800000	0.0005893315837119	79581	143537	243558981	1697690
AL	NC_063216.1	21800001	21900000	0.0005032078325316	83575	129123	256599742	1775624
AL	NC_063216.1	21900001	22000000	0.0003638246658807	82142	94692	260268225	1647742
AL	NC_063216.1	22000001	22100000	0.0004410147309468	85243	122664	278140369	1608170
AL	NC_063216.1	22100001	22200000	0.0003259110831978	81612	86677	265952907	1542970
AL	NC_063216.1	22200001	22300000	0.0005384034806761	84031	150767	280026050	1515672
AL	NC_063216.1	22300001	22400000	0.0004664022747774	81060	122754	263193399	1543426
AL	NC_063216.1	22400001	22500000	0.0004503707192451	85345	129712	288011619	1495542
AL	NC_063216.1	22500001	22600000	0.0006002018678154	85860	176230	293617880	1457216
AL	NC_063216.1	22600001	22700000	0.0004747549582386	85866	145170	305778797	1312886
AL	NC_063216.1	22700001	22800000	0.0003360544250511	86170	94300	280609309	1635806
AL	NC_063216.1	22800001	22900000	0.0003758200965715	83789	108323	288230994	1399408
AL	NC_063216.1	22900001	23000000	0.000522482033098	85686	152061	291035845	1471446
AL	NC_063216.1	23000001	23100000	0.0009115305639573	81033	265029	290751633	1211874
AL	NC_063216.1	23100001	23200000	0.0005404687028775	82203	140266	259526591	1654830
AL	NC_063216.1	23200001	23300000	0.0	9	0	26905	202
AL	NC_063216.1	23300001	23400000	0.0002593976907008	11185	8847	34105932	239868
AL	NC_063216.1	23400001	23500000	0.0004504927505979	85301	140243	311310226	1214712
AL	NC_063216.1	23500001	23600000	0.0005058540087868	84815	154289	305006973	1256554
AL	NC_063216.1	23600001	23700000	0.0007367929161871	83165	199836	271224106	1566136
AL	NC_063216.1	23700001	23800000	0.0002560784591429	83426	70277	274435422	1543044
AL	NC_063216.1	23800001	23900000	0.0001277160391863	82816	35119	274977209	1505398
AL	NC_063216.1	23900001	24000000	0.0006647053596644	84294	178293	268228618	1671148
AL	NC_063216.1	24000001	24100000	0.0004276409107829	83823	120940	282807367	1473118
AL	NC_063216.1	24100001	24200000	0.0005324093486865	80924	143185	268937802	1468804
AL	NC_063216.1	24200001	24300000	0.0003030269509295	82647	74456	245707518	1854000
AL	NC_063216.1	24300001	24400000	0.0007105695764141	82880	176870	248912993	1828374
AL	NC_063216.1	24400001	24500000	0.0005922301002958	85315	164116	277115263	1623462
AL	NC_063216.1	24500001	24600000	0.0004837296111586	84318	137524	284299321	1481486
AL	NC_063216.1	24600001	24700000	0.0006149070622179	81922	168141	273441322	1468604
AL	NC_063216.1	24700001	24800000	0.0007092318903068	85313	204927	288942168	1479004
AL	NC_063216.1	24800001	24900000	0.0004366013686308	83788	127722	292536875	1350418
AL	NC_063216.1	24900001	25000000	0.0003617896522138	84826	104666	289300701	1451326
AL	NC_063216.1	25000001	25100000	0.0002966423740359	83971	81909	276120363	1553862
AL	NC_063216.1	25100001	25200000	0.0002930614646647	84476	78293	267155561	1694182
AL	NC_063216.1	25200001	25300000	0.00011418384839	83723	31655	277228351	1535510
AL	NC_063216.1	25300001	25400000	0.0002737550508732	70020	65357	238742627	1197890
AL	NC_063216.1	25400001	25500000	0.000242165529465	85352	67204	277512659	1617810
AL	NC_063216.1	25500001	25600000	0.0001628211398549	88642	47270	290318567	1655122
AL	NC_063216.1	25600001	25700000	0.000213025974127	86034	64226	301493751	1377658
AL	NC_063216.1	25700001	25800000	0.0002124392855429	85025	59724	281134442	1559016
AL	NC_063216.1	25800001	25900000	0.000206851802089	85247	59270	286533641	1508522
AL	NC_063216.1	25900001	26000000	0.0001222627049748	84422	34517	282318308	1510640
AL	NC_063216.1	26000001	26100000	0.0002427237997692	85874	73890	304420086	1325788
AL	NC_063216.1	26100001	26200000	0.0003326732307578	81518	92665	278546608	1382224
AL	NC_063216.1	26200001	26300000	0.0004047833501728	86321	120697	298176790	1428928
AL	NC_063216.1	26300001	26400000	0.0003857829683938	88281	112905	292664553	1606810
AL	NC_063216.1	26400001	26500000	0.0006179148052247	87066	178097	288222581	1587790
AL	NC_063216.1	26500001	26600000	0.0004917964260235	85215	136640	277838538	1605224
AL	NC_063216.1	26600001	26700000	0.000617794793564	85901	161562	261514020	1848852
AL	NC_063216.1	26700001	26800000	0.0005549949125341	82721	147808	266323162	1607408
AL	NC_063216.1	26800001	26900000	0.0004469287230422	82748	115812	259128568	1693640
AL	NC_063216.1	26900001	27000000	0.0005180782543727	82909	137092	264616395	1633318
AL	NC_063216.1	27000001	27100000	0.0006794571567814	83953	178491	262696475	1719870
AL	NC_063216.1	27100001	27200000	0.0004552818595588	80916	121964	267886799	1479874
AL	NC_063216.1	27200001	27300000	0.000345730355421	84910	95599	276513180	1606032
AL	NC_063216.1	27300001	27400000	0.0003922593060353	87140	120412	306970410	1369164
AL	NC_063216.1	27400001	27500000	0.0001760567586869	85626	53200	302175278	1341604
AL	NC_063216.1	27500001	27600000	0.0002107009566831	85908	64849	307777435	1288266
AL	NC_063216.1	27600001	27700000	0.0003478938147114	84848	106753	306855125	1241806
AL	NC_063216.1	27700001	27800000	0.0001669771500044	86460	50563	302813888	1386800
AL	NC_063216.1	27800001	27900000	0.0002808671770412	85569	89701	319371601	1138634
AL	NC_063216.1	27900001	28000000	0.0001056497119304	84951	30509	288775042	1466072
AL	NC_063216.1	28000001	28100000	0.0005431812398699	86865	167313	308024261	1341426
AL	NC_063216.1	28100001	28200000	0.0005839177819477	85128	183884	314914198	1158940
AL	NC_063216.1	28200001	28300000	0.000626051795114	84155	202755	323862980	998940
AL	NC_063216.1	28300001	28400000	0.0003271932412711	84694	107235	327742100	986784
AL	NC_063216.1	28400001	28500000	0.0006263183745491	81452	200022	319361539	902154
AL	NC_063216.1	28500001	28600000	0.0004114611345917	85568	140410	341247297	880942
AL	NC_063216.1	28600001	28700000	9.423064998468588e-05	83476	29691	315088562	1066804
AL	NC_063216.1	28700001	28800000	8.639355236178867e-05	83813	27164	314421612	1093540
AL	NC_063216.1	28800001	28900000	3.332708392846732e-05	83602	10596	317939608	1041440
AL	NC_063216.1	28900001	29000000	0.0001572361795914	84253	52708	335215471	876302
AL	NC_063216.1	29000001	29100000	0.0001627939734391	85845	55437	340534719	904950
AL	NC_063216.1	29100001	29200000	9.899253712812108e-05	85673	30477	307871693	1272706
AL	NC_063216.1	29200001	29300000	4.417314799829599e-05	87059	13702	310188443	1326550
AL	NC_063216.1	29300001	29400000	7.611525236542937e-05	86940	21035	276357226	1726588
AL	NC_063216.1	29400001	29500000	0.0001090977216913	85403	30895	283186482	1555912
AL	NC_063216.1	29500001	29600000	8.152377264773973e-05	85002	22884	280703398	1564892
AL	NC_063216.1	29600001	29700000	0.0003582436305988	87455	109183	304773039	1414126
AL	NC_063216.1	29700001	29800000	0.0003586602041528	81812	102782	286572078	1311020
AL	NC_063216.1	29800001	29900000	0.0003170250590229	85442	93663	295443522	1409116
AL	NC_063216.1	29900001	30000000	0.0001160701395733	85511	34504	297268532	1394540
AL	NC_063216.1	30000001	30100000	0.0002351439986489	86400	71412	303694759	1367834
AL	NC_063216.1	30100001	30200000	0.0001926698686701	86222	63950	331914899	1027698
AL	NC_063216.1	30200001	30300000	0.0003069397829081	85340	95247	310311681	1230838
AL	NC_063216.1	30300001	30400000	0.0005938197968792	83793	195445	329131836	921380
AL	NC_063216.1	30400001	30500000	0.0002753118731376	85221	83195	302184570	1319448
AL	NC_063216.1	30500001	30600000	0.0002446093874623	83877	74132	303062776	1228396
AL	NC_063216.1	30600001	30700000	0.0002552591635906	85701	83279	326252734	1063288
AL	NC_063216.1	30700001	30800000	0.0001756472210129	84202	49591	282332961	1499734
AL	NC_063216.1	30800001	30900000	0.0002683665888442	83915	70395	262309106	1723096
AL	NC_063216.1	30900001	31000000	0.0001847006749189	81184	48355	261801967	1569970
AL	NC_063216.1	31000001	31100000	7.250024913045105e-05	82438	20838	287419702	1336684
AL	NC_063216.1	31100001	31200000	0.0002079609766455	85256	60026	288640691	1476682
AL	NC_063216.1	31200001	31300000	0.0001964002288909	86120	58747	299118796	1405840
AL	NC_063216.1	31300001	31400000	0.000381926362743	84881	108509	284109741	1510802
AL	NC_063216.1	31400001	31500000	0.0004750736249617	87393	149159	313970282	1300440
AL	NC_063216.1	31500001	31600000	0.0001390601846999	87977	43493	312763859	1350934
AL	NC_063216.1	31600001	31700000	0.0002691018228766	81714	82977	308347967	1047370
AL	NC_063216.1	31700001	31800000	0.0004479500032123	78895	140485	313617589	828674
AL	NC_063216.1	31800001	31900000	0.0001571129856713	85837	47842	304506975	1326622
AL	NC_063216.1	31900001	32000000	9.350314470832384e-05	85827	27942	298834869	1393242
AL	NC_063216.1	32000001	32100000	0.0002048693964313	83232	55671	271738976	1573016
AL	NC_063216.1	32100001	32200000	0.0001234542574282	85107	35150	284720841	1521354
AL	NC_063216.1	32200001	32300000	0.0001364941283558	86581	38642	283103753	1626266
AL	NC_063216.1	32300001	32400000	8.69374489382058e-05	84510	22502	258829771	1801170
AL	NC_063216.1	32400001	32500000	9.73113999595583e-05	83332	25169	258643900	1732400
AL	NC_063216.1	32500001	32600000	5.9213937308901634e-05	85415	16288	275070376	1659972
AL	NC_063216.1	32600001	32700000	1.824801755544301e-05	83555	4937	270549937	1605978
AL	NC_063216.1	32700001	32800000	7.77183891852205e-05	83743	20128	258986325	1762538
AL	NC_063216.1	32800001	32900000	0.0001292146472301	82716	30998	239895404	1933664
AL	NC_063216.1	32900001	33000000	7.466745128626973e-05	83612	18442	246988476	1895696
AL	NC_063216.1	33000001	33100000	0.0001404732777947	82677	36260	258127386	1703808
AL	NC_063216.1	33100001	33200000	0.0001133586996649	84195	30546	269463218	1653480
AL	NC_063216.1	33200001	33300000	0.0001530487521018	85187	44761	292462365	1437322
AL	NC_063216.1	33300001	33400000	8.911430892343951e-06	82723	2389	268082649	1582242
AL	NC_063216.1	33400001	33500000	7.341938667143285e-05	83144	19084	259931346	1704404
AL	NC_063216.1	33500001	33600000	0.0002459015157114	83358	65049	264532733	1661758
AL	NC_063216.1	33600001	33700000	0.0005806686340874	83801	147087	253306260	1826540
AL	NC_063216.1	33700001	33800000	0.0005052214514694	81164	128872	255080222	1648172
AL	NC_063216.1	33800001	33900000	0.000441658504668	82553	115631	261810876	1654860
AL	NC_063216.1	33900001	34000000	0.0001231570925711	81762	31883	258880746	1641532
AL	NC_063216.1	34000001	34100000	4.983304866160013e-05	85178	13601	272931325	1667542
AL	NC_063216.1	34100001	34200000	0.0002348095234587	85011	68538	291887650	1429056
AL	NC_063216.1	34200001	34300000	2.506894618657807e-07	85520	79	315130917	1181350
AL	NC_063216.1	34300001	34400000	1.0132185171220897e-05	84448	2787	275064061	1600606
AL	NC_063216.1	34400001	34500000	0.0	84241	0	268264257	1668994
AL	NC_063216.1	34500001	34600000	8.492637198534007e-07	76133	213	250805486	1410880
AL	NC_063216.1	34600001	34700000	0.0	84160	0	282249974	1496916
AL	NC_063216.1	34700001	34800000	0.0	84344	0	279355378	1543444
AL	NC_063216.1	34800001	34900000	0.0	85246	0	279258676	1597152
AL	NC_063216.1	34900001	35000000	1.153443696267997e-06	84708	320	277430100	1579840
AL	NC_063216.1	35000001	35100000	0.0	82538	0	298901734	1204436
AL	NC_063216.1	35100001	35200000	0.0	86269	0	267235283	1803806
AL	NC_063216.1	35200001	35300000	0.0	85949	0	273717069	1702650
AL	NC_063216.1	35300001	35400000	3.1100592136685595e-05	84082	8332	267904867	1664658
AL	NC_063216.1	35400001	35500000	9.516974218990764e-07	84206	247	259536271	1772466
AL	NC_063216.1	35500001	35600000	0.0	84489	0	278059986	1565568
AL	NC_063216.1	35600001	35700000	6.705381852140537e-07	80924	172	256510373	1616518
AL	NC_063216.1	35700001	35800000	1.6357620774243811e-06	82775	420	256761057	1724258
AL	NC_063216.1	35800001	35900000	2.860077912608165e-07	81182	77	269223435	1480674
AL	NC_063216.1	35900001	36000000	3.326709674293513e-06	82634	819	246189202	1849076
AL	NC_063216.1	36000001	36100000	2.390139624718445e-05	80921	5904	247014858	1740376
AL	NC_063216.1	36100001	36200000	3.700251085698644e-05	79536	8976	242578133	1708430
AL	NC_063216.1	36200001	36300000	2.749913008623063e-05	81164	6962	253171645	1675038
AL	NC_063216.1	36300001	36400000	1.40704479428574e-05	85204	3737	265592113	1758182
AL	NC_063216.1	36400001	36500000	2.023573160187636e-05	84513	5324	263098963	1748774
AL	NC_063216.1	36500001	36600000	3.05665931179658e-05	85528	7946	259957005	1851974
AL	NC_063216.1	36600001	36700000	0.0001140777142628	82327	31178	273304915	1494334
AL	NC_063216.1	36700001	36800000	3.721727410448402e-05	78415	9257	248728587	1567830
AL	NC_063216.1	36800001	36900000	9.734643717926936e-05	74131	22406	230167643	1541334
AL	NC_063216.1	36900001	37000000	4.142290291177383e-05	83697	10863	262246227	1713606
AL	NC_063216.1	37000001	37100000	7.962100072628072e-05	68143	17318	217505430	1346240
AL	NC_063216.1	37100001	37200000	0.0001435880960711	81158	36948	257319381	1625830
AL	NC_063216.1	37200001	37300000	0.0001508663380967	78813	34789	230594846	1815568
AL	NC_063216.1	37300001	37400000	0.0001287998325857	75493	29282	227345016	1661924
AL	NC_063216.1	37400001	37500000	0.000101441097534	76740	21922	216105706	1879844
AL	NC_063216.1	37500001	37600000	6.001856576821959e-05	72746	12698	211567868	1697464
AL	NC_063216.1	37600001	37700000	0.0001015665505485	77499	23469	231070169	1736234
AL	NC_063216.1	37700001	37800000	0.0001224792563508	78969	29001	236782953	1751442
AL	NC_063216.1	37800001	37900000	5.829788251211823e-05	81573	14726	252599226	1710328
AL	NC_063216.1	37900001	38000000	1.3586608672815966e-05	79451	3121	229711481	1867442
AL	NC_063216.1	38000001	38100000	7.194051006284937e-06	80622	1677	233109273	1895966
AL	NC_063216.1	38100001	38200000	6.9199559717077454e-06	78953	1673	241764544	1695956
AL	NC_063216.1	38200001	38300000	1.7768455142691033e-05	79464	4116	231646475	1846530
AL	NC_063216.1	38300001	38400000	3.8372700133949234e-05	81753	9528	248301526	1774144
AL	NC_063216.1	38400001	38500000	4.608979396071023e-05	78055	10602	230029234	1778440
AL	NC_063216.1	38500001	38600000	2.5323702837149135e-05	79716	5807	229310857	1888918
AL	NC_063216.1	38600001	38700000	3.310146248234066e-05	79044	7914	239083092	1724992
AL	NC_063216.1	38700001	38800000	3.049398772053977e-05	79393	6865	225126345	1923490
AL	NC_063216.1	38800001	38900000	1.5156033372656284e-05	77786	3621	238914755	1652634
AL	NC_063216.1	38900001	39000000	3.762836621786637e-05	81033	9052	240563195	1824758
AL	NC_063216.1	39000001	39100000	1.1681978671481417e-06	80847	288	246533578	1736320
AL	NC_063216.1	39100001	39200000	5.032005164520603e-05	79202	12645	251291475	1582034
AL	NC_063216.1	39200001	39300000	1.7857460217584645e-05	83242	4607	257987415	1736986
AL	NC_063216.1	39300001	39400000	2.003831622276919e-05	79512	5033	251168808	1603240
AL	NC_063216.1	39400001	39500000	1.617988934578014e-06	74380	373	230533097	1553094
AL	NC_063216.1	39500001	39600000	4.611199469008765e-05	81225	11592	251387954	1702368
AL	NC_063216.1	39600001	39700000	8.47643550928419e-05	79969	19703	232444404	1862516
AL	NC_063216.1	39700001	39800000	6.89288693690735e-05	82206	17118	248342968	1797712
AL	NC_063216.1	39800001	39900000	6.11759640722268e-05	77047	15222	248823214	1486160
AL	NC_063216.1	39900001	40000000	0.0003509720873612	85206	97673	278292786	1611364
AL	NC_063216.1	40000001	40100000	0.0002647893727246	84391	65222	246316532	1952524
AL	NC_063216.1	40100001	40200000	0.0001509695507904	75619	34865	230940609	1623282
AL	NC_063216.1	40200001	40300000	0.0001585618196331	84771	42497	268015340	1704260
AL	NC_063216.1	40300001	40400000	0.0001118440435968	82384	29051	259745616	1664928
AL	NC_063216.1	40400001	40500000	0.0001118994944454	83602	29714	265541861	1669382
AL	NC_063216.1	40500001	40600000	0.0003039278018648	85136	79859	262756482	1789052
AL	NC_063216.1	40600001	40700000	0.0003526091179361	84298	89205	252985517	1861934
AL	NC_063216.1	40700001	40800000	0.0003152256260792	78254	75514	239555397	1671310
AL	NC_063216.1	40800001	40900000	0.0003869754895274	82722	99375	256799210	1721956
AL	NC_063216.1	40900001	41000000	0.0001688031161718	82127	42071	249231181	1777906
AL	NC_063216.1	41000001	41100000	6.024498922873152e-05	83816	14960	248319407	1891442
AL	NC_063216.1	41100001	41200000	1.4315620078584026e-05	83664	3608	252032394	1837516
AL	NC_063216.1	41200001	41300000	3.166370685072405e-05	80369	7852	247981073	1694058
AL	NC_063216.1	41300001	41400000	1.619302276875423e-05	82720	4012	247761030	1834364
AL	NC_063216.1	41400001	41500000	8.411712554664934e-05	81212	20281	241104292	1827032
AL	NC_063216.1	41500001	41600000	0.000188483389963	83420	48816	258993644	1732328
AL	NC_063216.1	41600001	41700000	0.0001952940545703	85091	54390	278503102	1592648
AL	NC_063216.1	41700001	41800000	0.0002376889758646	85278	66760	280871251	1577986
AL	NC_063216.1	41800001	41900000	0.0001510066053855	83177	42059	278524240	1485604
AL	NC_063216.1	41900001	42000000	2.895894441957572e-05	83294	8074	278808505	1484510
AL	NC_063216.1	42000001	42100000	0.0002395019544155	78451	64201	268060443	1333822
AL	NC_063216.1	42100001	42200000	0.0004121145829895	85499	118716	288065516	1497844
AL	NC_063216.1	42200001	42300000	0.0001436590930701	82630	41824	291133677	1305270
AL	NC_063216.1	42300001	42400000	7.114957960629664e-05	81790	17881	251315610	1734516
AL	NC_063216.1	42400001	42500000	1.295237362416196e-05	83073	3407	263040590	1662920
AL	NC_063216.1	42500001	42600000	0.0001258017618599	81504	31959	254042547	1683034
AL	NC_063216.1	42600001	42700000	0.0002414287814273	80407	61228	253606880	1623596
AL	NC_063216.1	42700001	42800000	0.0002056387349601	82304	51934	252549696	1746696
AL	NC_063216.1	42800001	42900000	0.0002207086983346	81176	54354	246270312	1762456
AL	NC_063216.1	42900001	43000000	0.0002199287600631	79419	52478	238613631	1751286
AL	NC_063216.1	43000001	43100000	0.0001170082853017	80353	29065	248401213	1684066
AL	NC_063216.1	43100001	43200000	8.805510426363097e-06	80752	2185	248140073	1710934
AL	NC_063216.1	43200001	43300000	1.188404833405416e-05	84814	2990	251597765	1909550
AL	NC_063216.1	43300001	43400000	1.6621860906091172e-05	82776	4322	260019021	1687774
AL	NC_063216.1	43400001	43500000	9.027461270915736e-05	85141	24207	268148478	1721520
AL	NC_063216.1	43500001	43600000	0.0002769900204104	82447	77778	280797120	1420660
AL	NC_063216.1	43600001	43700000	0.0001491084788013	83687	39232	263110457	1700434
AL	NC_063216.1	43700001	43800000	0.0001619604907265	84484	42530	262594907	1754954
AL	NC_063216.1	43800001	43900000	5.96068488163228e-05	84378	15736	263996509	1729382
AL	NC_063216.1	43900001	44000000	0.0001322710148486	81166	33221	251158578	1700948
AL	NC_063216.1	44000001	44100000	0.0001333351525097	86032	35621	267153855	1785394
AL	NC_063216.1	44100001	44200000	0.0003142547978005	79009	83614	266070719	1391590
AL	NC_063216.1	44200001	44300000	1.7704470303893903e-06	79800	447	252478607	1602866
AL	NC_063216.1	44300001	44400000	6.362848977870462e-06	81850	1679	263875507	1579698
AL	NC_063216.1	44400001	44500000	1.647369709623909e-06	84588	437	265271358	1726436
AL	NC_063216.1	44500001	44600000	1.040903687426251e-05	82143	2880	276682659	1449054
AL	NC_063216.1	44600001	44700000	2.862941227374778e-06	82415	803	280480784	1416548
AL	NC_063216.1	44700001	44800000	7.116340581602752e-06	84886	2063	289896187	1448746
AL	NC_063216.1	44800001	44900000	3.110701680332956e-06	81857	868	279036722	1401152
AL	NC_063216.1	44900001	45000000	6.722026774297544e-06	82536	1764	262420853	1637470
AL	NC_063216.1	45000001	45100000	1.5441634395194944e-06	83716	425	275229933	1552502
AL	NC_063216.1	45100001	45200000	5.9893540385811325e-06	82927	1687	281666435	1428238
AL	NC_063216.1	45200001	45300000	1.2530658624470072e-06	83918	336	268142330	1650828
AL	NC_063216.1	45300001	45400000	5.6247857564020284e-06	80321	1484	263832271	1491966
AL	NC_063216.1	45400001	45500000	9.584380435026695e-06	84148	2554	266475232	1681752
AL	NC_063216.1	45500001	45600000	3.070484117417343e-07	78206	75	244261156	1609824
AL	NC_063216.1	45600001	45700000	1.8774804864481412e-05	83719	5351	285009620	1438340
AL	NC_063216.1	45700001	45800000	1.4198960659984848e-05	84148	4039	284457440	1468352
AL	NC_063216.1	45800001	45900000	1.2853439997174507e-05	85931	3517	273623248	1703260
AL	NC_063216.1	45900001	46000000	1.1030841259706395e-05	82490	3040	275590948	1478704
AL	NC_063216.1	46000001	46100000	2.927185869234268e-05	84929	8270	282523911	1537086
AL	NC_063216.1	46100001	46200000	2.3398558375655333e-05	83407	6596	281897709	1460514
AL	NC_063216.1	46200001	46300000	2.0654326051474017e-05	76918	5374	260187623	1336898
AL	NC_063216.1	46300001	46400000	1.0681865187033897e-05	83835	3005	281317911	1487054
AL	NC_063216.1	46400001	46500000	2.422399067016105e-05	84966	7020	289795356	1455352
AL	NC_063216.1	46500001	46600000	4.702791888908757e-06	86057	1337	284299206	1583240
AL	NC_063216.1	46600001	46700000	0.0003054364907707	85404	80861	264739160	1779296
AL	NC_063216.1	46700001	46800000	0.0002046619470069	84425	56217	274682230	1603184
AL	NC_063216.1	46800001	46900000	0.0003667393056146	85197	100413	273799395	1657046
AL	NC_063216.1	46900001	47000000	0.0001936779222561	77514	50746	262012311	1350130
AL	NC_063216.1	47000001	47100000	0.0001515003360718	83681	43497	287108274	1408736
AL	NC_063216.1	47100001	47200000	0.000163034314512	81229	43457	266551248	1515260
AL	NC_063216.1	47200001	47300000	1.8223721588643677e-05	84102	4902	268990062	1656908
AL	NC_063216.1	47300001	47400000	2.929937069085777e-07	81996	73	249152109	1771382
AL	NC_063216.1	47400001	47500000	0.0	79294	0	246536429	1645430
AL	NC_063216.1	47500001	47600000	0.0	80780	0	247679506	1721716
AL	NC_063216.1	47600001	47700000	1.472424623702682e-06	79970	345	234307410	1838756
AL	NC_063216.1	47700001	47800000	1.3733456926409377e-05	80365	3190	232279463	1889918
AL	NC_063216.1	47800001	47900000	0.0	78996	0	227076782	1873620
AL	NC_063216.1	47900001	48000000	3.4786142734307853e-06	78378	793	227964338	1824716
AL	NC_063216.1	48000001	48100000	5.397293271639012e-06	79413	1253	232153403	1833726
AL	NC_063216.1	48100001	48200000	1.2655149634101454e-06	80755	310	244959569	1754994
AL	NC_063216.1	48200001	48300000	5.989361385440672e-06	80656	1445	241261114	1791764
AL	NC_063216.1	48300001	48400000	7.233718207095256e-06	84048	1889	261138179	1749074
AL	NC_063216.1	48400001	48500000	2.4664303289223305e-06	80767	603	244482884	1756028
AL	NC_063216.1	48500001	48600000	6.476975804236145e-07	80775	158	243941007	1765974
AL	NC_063216.1	48600001	48700000	0.0	73131	0	235424356	1421476
AL	NC_063216.1	48700001	48800000	2.099842844195769e-06	79882	530	252399841	1607926
AL	NC_063216.1	48800001	48900000	0.0	81747	0	257378500	1657716
AL	NC_063216.1	48900001	49000000	2.6313471881723917e-06	84933	693	263363194	1767720
AL	NC_063216.1	49000001	49100000	7.879991708731875e-05	80099	21528	273198257	1366506
AL	NC_063216.1	49100001	49200000	0.0001452711277977	82512	42702	293946916	1265088
AL	NC_063216.1	49200001	49300000	0.0001748210684768	84476	49138	281075962	1528188
AL	NC_063216.1	49300001	49400000	4.536846540684769e-05	83595	11696	257800212	1758236
AL	NC_063216.1	49400001	49500000	2.5987141626723787e-05	81843	7102	273289002	1468712
AL	NC_063216.1	49500001	49600000	2.5439152255842813e-05	83194	6975	274183665	1535286
AL	NC_063216.1	49600001	49700000	2.8016213461978627e-05	82762	7851	280230589	1437966
AL	NC_063216.1	49700001	49800000	2.6970352512572715e-05	82605	6672	247382751	1829542
AL	NC_063216.1	49800001	49900000	0.0002328167023458	82621	61332	263434708	1633388
AL	NC_063216.1	49900001	50000000	0.0001117070685766	82406	27296	244353382	1856204
AL	NC_063216.1	50000001	50100000	0.000225139209396	78454	60019	266586172	1354984
AL	NC_063216.1	50100001	50200000	0.0001745107802492	82561	44866	257095865	1709826
AL	NC_063216.1	50200001	50300000	0.0001669817067386	80022	41791	250272924	1639752
AL	NC_063216.1	50300001	50400000	0.0002773228318296	83472	75901	273691854	1555924
AL	NC_063216.1	50400001	50500000	0.0002766565418077	82518	75352	272366594	1518380
AL	NC_063216.1	50500001	50600000	4.840757934039556e-05	84241	13237	273448914	1605208
AL	NC_063216.1	50600001	50700000	2.7312383261498203e-05	73643	6770	247872913	1299922
AL	NC_063216.1	50700001	50800000	3.2558850219171084e-05	81061	8357	256673683	1625934
AL	NC_063216.1	50800001	50900000	3.297060311868262e-05	77837	7938	240759927	1628054
AL	NC_063216.1	50900001	51000000	5.1634693904584855e-05	86574	13791	267087862	1818468
AL	NC_063216.1	51000001	51100000	0.0005959735539956	78518	150115	251881982	1534508
AL	NC_063216.1	51100001	51200000	0.0011811898535192	69787	265628	224881715	1351022
AL	NC_063216.1	51200001	51300000	4.888141965925266e-05	83409	12622	258216723	1745990
AL	NC_063216.1	51300001	51400000	2.2539656330089875e-05	83490	5909	262160164	1700432
AL	NC_063216.1	51400001	51500000	4.843889975477945e-05	83044	12697	262124038	1676332
AL	NC_063216.1	51500001	51600000	8.179758478860784e-05	81642	20271	247819053	1767302
AL	NC_063216.1	51600001	51700000	2.5844824873423647e-05	84018	6983	270189488	1635336
AL	NC_063216.1	51700001	51800000	2.8517169470303752e-05	83198	7596	266365847	1631130
AL	NC_063216.1	51800001	51900000	2.450282943134705e-05	80994	6036	246338898	1747764
AL	NC_063216.1	51900001	52000000	3.117720467158162e-05	79241	7671	246045150	1650792
AL	NC_063216.1	52000001	52100000	4.020179742448993e-05	78237	9639	239765399	1669774
AL	NC_063216.1	52100001	52200000	3.5633435947821776e-05	75257	7824	219569059	1742550
AL	NC_063216.1	52200001	52300000	8.018166268715637e-06	78097	1855	231349655	1763198
AL	NC_063216.1	52300001	52400000	0.0001403569308762	81618	33631	239610540	1871936
AL	NC_063216.1	52400001	52500000	0.0001655603729366	80522	38069	229940289	1931046
AL	NC_063216.1	52500001	52600000	0.0001426110178881	79616	33112	232184024	1846296
AL	NC_063216.1	52600001	52700000	6.708989115405893e-05	80836	15986	238277328	1844616
AL	NC_063216.1	52700001	52800000	3.265184056867494e-05	78371	7399	226602846	1841592
AL	NC_063216.1	52800001	52900000	2.48051365785716e-05	83985	6561	264501668	1708892
AL	NC_063216.1	52900001	53000000	6.929288286625467e-05	79112	16665	240500890	1711740
AL	NC_063216.1	53000001	53100000	0.0002132793638055	82688	55301	259289033	1690150
AL	NC_063216.1	53100001	53200000	0.0001838095556805	84271	51576	280594770	1523696
AL	NC_063216.1	53200001	53300000	0.0001262543464107	81721	32965	261099922	1609504
AL	NC_063216.1	53300001	53400000	2.551569525930414e-05	82700	6977	273439541	1519750
AL	NC_063216.1	53400001	53500000	9.903128316548028e-05	79328	25774	260261194	1482484
AL	NC_063216.1	53500001	53600000	6.332235343943812e-05	80776	15492	244652941	1754918
AL	NC_063216.1	53600001	53700000	0.0002424525508357	82669	64994	268068947	1580574
AL	NC_063216.1	53700001	53800000	0.0001048146011295	82408	27654	263837287	1617578
AL	NC_063216.1	53800001	53900000	9.819033733332532e-05	80410	24232	246785994	1708508
AL	NC_063216.1	53900001	54000000	0.0002297403272818	81090	57862	251858264	1691360
AL	NC_063216.1	54000001	54100000	0.0001526026848036	80429	37376	244923607	1734798
AL	NC_063216.1	54100001	54200000	0.0001577889609513	82875	39441	249960452	1816724
AL	NC_063216.1	54200001	54300000	0.0001036836762015	82966	26962	260040934	1696652
AL	NC_063216.1	54300001	54400000	0.0001871326322394	82299	46327	247562381	1810778
AL	NC_063216.1	54400001	54500000	0.0003911001766673	79672	100259	256351201	1549134
AL	NC_063216.1	54500001	54600000	0.0001752157222358	81263	44266	252637146	1688112
AL	NC_063216.1	54600001	54700000	0.0002851267993812	81729	69071	242246608	1842820
AL	NC_063216.1	54700001	54800000	0.0004388639801415	82182	110189	251077794	1763404
AL	NC_063216.1	54800001	54900000	0.0004492080123859	80515	112023	249378900	1683004
AL	NC_063216.1	54900001	55000000	0.0003716787005192	80999	98954	266235326	1504088
AL	NC_063216.1	55000001	55100000	0.0003558560389728	82542	98173	275878415	1480162
AL	NC_063216.1	55100001	55200000	0.0001332281803488	85151	36371	272997799	1665278
AL	NC_063216.1	55200001	55300000	0.0002207575186611	80871	61003	276334869	1375946
AL	NC_063216.1	55300001	55400000	0.000361987671998	84097	98770	272854596	1604996
AL	NC_063216.1	55400001	55500000	0.0004432209104777	83725	123239	278053217	1524154
AL	NC_063216.1	55500001	55600000	0.0004854519244345	82871	131709	271312139	1554566
AL	NC_063216.1	55600001	55700000	0.0002092610761814	81116	51635	246749185	1750886
AL	NC_063216.1	55700001	55800000	0.0004463122513149	80017	113592	254512395	1590918
AL	NC_063216.1	55800001	55900000	0.0002370045143081	78723	62153	262243950	1425624
AL	NC_063216.1	55900001	56000000	0.0003164309830478	74028	81590	257844536	1201368
AL	NC_063216.1	56000001	56100000	0.0002590280793873	75931	61037	235638546	1582704
AL	NC_063216.1	56100001	56200000	0.0002634010078636	82230	63582	241388598	1884420
AL	NC_063216.1	56200001	56300000	0.0002658797573802	77239	61705	232078593	1704474
AL	NC_063216.1	56300001	56400000	0.0003353269204547	81119	80475	239989679	1835870
AL	NC_063216.1	56400001	56500000	0.0003178656847764	81278	76134	239516260	1851192
AL	NC_063216.1	56500001	56600000	0.0002368945163266	80813	57222	241550547	1802830
AL	NC_063216.1	56600001	56700000	0.0001869785210068	82800	45059	240984899	1924402
AL	NC_063216.1	56700001	56800000	0.0003242576395276	82973	82321	253875283	1769422
AL	NC_063216.1	56800001	56900000	0.000175530554494	70628	43250	246395849	1143118
AL	NC_063216.1	56900001	57000000	0.00024307652489	82248	63112	259638400	1658120
AL	NC_063216.1	57000001	57100000	0.0001057722520587	78739	26591	251398637	1556250
AL	NC_063216.1	57100001	57200000	0.0001598281260495	83322	42179	263902237	1669470
AL	NC_063216.1	57200001	57300000	4.689337430537532e-05	83838	11849	252679620	1837328
AL	NC_063216.1	57300001	57400000	0.0001096554921122	82751	28622	261017478	1669160
AL	NC_063216.1	57400001	57500000	0.0001575794488757	83244	41639	264241310	1661780
AL	NC_063216.1	57500001	57600000	0.0003958009915363	81684	101348	256057974	1675756
AL	NC_063216.1	57600001	57700000	0.0003954918594949	83146	96777	244700359	1897562
AL	NC_063216.1	57700001	57800000	0.0004302135084675	82211	115620	268750278	1547544
AL	NC_063216.1	57800001	57900000	0.0002601585909242	79174	68988	265176713	1411758
AL	NC_063216.1	57900001	58000000	0.0003379480684632	80614	87142	257856186	1582852
AL	NC_063216.1	58000001	58100000	0.0003142062907793	81143	87412	278199395	1373286
AL	NC_063216.1	58100001	58200000	0.0001527911447997	85485	42477	278006949	1623226
AL	NC_063216.1	58200001	58300000	0.000205849787475	84512	55126	267797216	1690968
AL	NC_063216.1	58300001	58400000	0.0004223281089107	77034	103235	244442645	1537758
AL	NC_063216.1	58400001	58500000	0.0004364414167834	81377	113325	259656842	1608624
AL	NC_063216.1	58500001	58600000	0.0002613657994551	81058	69197	264751548	1526384
AL	NC_063216.1	58600001	58700000	0.000280644892617	79071	69544	247800697	1616922
AL	NC_063216.1	58700001	58800000	0.0001877588750147	76514	44544	237240450	1597100
AL	NC_063216.1	58800001	58900000	0.0001159030163125	75797	26950	232521990	1614048
AL	NC_063216.1	58900001	59000000	0.000146435900119	71263	33296	227375937	1411642
AL	NC_063216.1	59000001	59100000	8.204442108174817e-05	77204	19473	237347034	1638820
AL	NC_063216.1	59100001	59200000	0.0003207004519876	80990	76116	237342977	1862590
AL	NC_063216.1	59200001	59300000	0.0003868366771856	80509	91767	237224145	1835290
AL	NC_063216.1	59300001	59400000	0.0003744590444938	80376	91174	243481901	1748150
AL	NC_063216.1	59400001	59500000	0.000130902599609	83417	36994	282607069	1449450
AL	NC_063216.1	59500001	59600000	0.0002219639400747	81319	56111	252793314	1685416
AL	NC_063216.1	59600001	59700000	0.0004311973193385	82724	117122	271620427	1541042
AL	NC_063216.1	59700001	59800000	0.0005068567331402	83272	136005	268330262	1610292
AL	NC_063216.1	59800001	59900000	0.0002730714747464	83899	71456	261675080	1727884
AL	NC_063216.1	59900001	60000000	0.0004587163072209	78148	126390	275529773	1233846
AL	NC_063216.1	60000001	60100000	0.0002288552993285	85222	66891	292285126	1442108
AL	NC_063216.1	60100001	60200000	7.836112396890356e-05	85248	22843	291509346	1450412
AL	NC_063216.1	60200001	60300000	0.0006379616662306	82945	166575	261105030	1683640
AL	NC_063216.1	60300001	60400000	0.00032073077676	80346	80869	252139819	1640378
AL	NC_063216.1	60400001	60500000	0.0002099567135347	82941	52836	251651872	1796700
AL	NC_063216.1	60500001	60600000	0.000216014330983	80384	52185	241581194	1773116
AL	NC_063216.1	60600001	60700000	6.791218715196294e-05	82857	16793	247275205	1846618
AL	NC_063216.1	60700001	60800000	4.357973290915219e-05	78121	10303	236417236	1701828
AL	NC_063216.1	60800001	60900000	0.0001313964957775	65391	26868	204480339	1344606
AL	NC_063216.1	60900001	61000000	0.000103249805196	81709	25405	246053733	1799306
AL	NC_063216.1	61000001	61100000	8.014811767467809e-05	83334	19301	240816635	1959322
AL	NC_063216.1	61100001	61200000	2.8461799499249564e-05	82247	6841	240357255	1898446
AL	NC_063216.1	61200001	61300000	0.0001368739891635	81535	34298	250580846	1729152
AL	NC_063216.1	61300001	61400000	0.0001911542576308	84164	49784	260438876	1759656
AL	NC_063216.1	61400001	61500000	0.0002657650879377	81567	68906	259274085	1621154
AL	NC_063216.1	61500001	61600000	0.0003906213671555	83947	108911	278814753	1528634
AL	NC_063216.1	61600001	61700000	0.0005651679678675	79964	142106	251440294	1624484
AL	NC_063216.1	61700001	61800000	0.0003554371775699	79043	85024	239209642	1720456
AL	NC_063216.1	61800001	61900000	0.0004170672353401	71916	92182	221024315	1525002
AL	NC_063216.1	61900001	62000000	0.0002182103824281	69645	49442	226579503	1327374
AL	NC_063216.1	62000001	62100000	0.0002116282709271	77549	49205	232506743	1716134
AL	NC_063216.1	62100001	62200000	0.0003040905194292	77239	70700	232496561	1697810
AL	NC_063216.1	62200001	62300000	0.0001623079573072	67204	35272	217315285	1295518
AL	NC_063216.1	62300001	62400000	0.0004520726852379	74502	101581	224700592	1634344
AL	NC_063216.1	62400001	62500000	0.0004305012154245	72899	93449	217070235	1632790
AL	NC_063216.1	62500001	62600000	0.0010268799427186	71251	212364	206805091	1664510
AL	NC_063216.1	62600001	62700000	0.0005532925586546	78949	128766	232726788	1798028
AL	NC_063216.1	62700001	62800000	0.0002339211996564	77172	55538	237421833	1633038
AL	NC_063216.1	62800001	62900000	0.0004508880241186	76085	104652	232101973	1635002
AL	NC_063216.1	62900001	63000000	0.0002205947826842	77231	52510	238038268	1629948
AL	NC_063216.1	63000001	63100000	0.0002432550210548	81050	59223	243460545	1790030
AL	NC_063216.1	63100001	63200000	0.0002893482664024	76744	65149	225157734	1761156
AL	NC_063216.1	63200001	63300000	0.000156234672533	79330	38831	248542781	1623334
AL	NC_063216.1	63300001	63400000	0.0002421538376229	77135	60116	248255409	1498002
AL	NC_063216.1	63400001	63500000	0.0002186802070172	76488	53072	242692289	1529182
AL	NC_063216.1	63500001	63600000	0.0003365564960323	78274	80480	239127757	1675998
AL	NC_063216.1	63600001	63700000	6.792596584710391e-05	80556	16329	240394079	1796546
AL	NC_063216.1	63700001	63800000	7.657509166127508e-05	78242	19007	248213872	1565784
AL	NC_063216.1	63800001	63900000	6.734281163678056e-05	79867	15986	237382426	1793928
AL	NC_063216.1	63900001	64000000	0.0001166104507189	75619	27572	236445360	1555116
AL	NC_063216.1	64000001	64100000	6.943587295951352e-05	82899	18386	264791083	1633358
AL	NC_063216.1	64100001	64200000	0.0001382750694507	82107	33563	242726329	1859938
AL	NC_063216.1	64200001	64300000	0.0002952765544162	78653	76074	257636439	1475254
AL	NC_063216.1	64300001	64400000	0.0002017224870789	77858	49580	245783208	1567000
AL	NC_063216.1	64400001	64500000	0.0001935848283323	84645	54261	280295726	1541536
AL	NC_063216.1	64500001	64600000	0.0003284437052948	83055	96260	293079144	1302292
AL	NC_063216.1	64600001	64700000	0.0004457448219279	78126	124797	279974088	1171248
AL	NC_063216.1	64700001	64800000	0.0004531362080874	68923	110172	243132193	1078970
AL	NC_063216.1	64800001	64900000	0.0001935263525916	83746	57121	295158769	1315374
AL	NC_063216.1	64900001	65000000	0.0002235472839824	80471	56488	252689270	1637264
AL	NC_063216.1	65000001	65100000	0.0002342382504618	82237	65679	280394000	1403420
AL	NC_063216.1	65100001	65200000	0.0002146125030939	82989	57669	268712210	1591952
AL	NC_063216.1	65200001	65300000	0.0001298747132861	85173	37705	290318254	1457952
AL	NC_063216.1	65300001	65400000	0.0002515210504175	80416	63465	252324805	1639630
AL	NC_063216.1	65400001	65500000	0.0003671770795763	81704	99594	271242421	1486782
AL	NC_063216.1	65500001	65600000	0.000244657536812	84540	66833	273169594	1632652
AL	NC_063216.1	65600001	65700000	0.0004631772275005	85846	146869	317090287	1179154
AL	NC_063216.1	65700001	65800000	0.0004480509522152	79645	123399	275412873	1317082
AL	NC_063216.1	65800001	65900000	0.000239110365024	82370	67022	280297343	1415922
AL	NC_063216.1	65900001	66000000	0.0001727737474578	78821	42529	246154295	1621406
AL	NC_063216.1	66000001	66100000	0.000281990624044	82847	78892	279768167	1452710
AL	NC_063216.1	66100001	66200000	0.0003047561416062	83595	86816	284870387	1434430
AL	NC_063216.1	66200001	66300000	0.0003865506901154	82824	112901	292072949	1298134
AL	NC_063216.1	66300001	66400000	0.0004168457032965	75931	109744	263272475	1249182
AL	NC_063216.1	66400001	66500000	0.0002389150036706	85689	67727	283477383	1569982
AL	NC_063216.1	66500001	66600000	0.0001664223498874	83345	46608	280058538	1474688
AL	NC_063216.1	66600001	66700000	0.00041849605649	80592	117527	280831798	1309756
AL	NC_063216.1	66700001	66800000	0.0005354597796472	81873	146279	273183917	1472018
AL	NC_063216.1	66800001	66900000	0.0003006137125959	81766	82283	273716722	1459028
AL	NC_063216.1	66900001	67000000	0.0004097560068107	83882	115325	281447979	1484442
AL	NC_063216.1	67000001	67100000	0.0004603210037436	82453	125207	271999320	1517876
AL	NC_063216.1	67100001	67200000	0.0004094472468865	83555	116145	283662916	1442436
AL	NC_063216.1	67200001	67300000	0.0001454035516396	82938	39370	270763675	1566418
AL	NC_063216.1	67300001	67400000	0.0006247597775767	82872	163095	261052337	1675574
AL	NC_063216.1	67400001	67500000	0.0005636841565175	84046	149720	265609736	1686968
AL	NC_063216.1	67500001	67600000	0.0005674616612491	85554	160671	283139833	1565710
AL	NC_063216.1	67600001	67700000	0.0005340915423138	84128	154888	290002720	1401232
AL	NC_063216.1	67700001	67800000	0.0004918767200071	76873	116444	236734115	1621390
AL	NC_063216.1	67800001	67900000	0.0005785591259637	80601	150069	259384034	1567928
AL	NC_063216.1	67900001	68000000	0.0004691614116414	82525	128486	273863103	1505750
AL	NC_063216.1	68000001	68100000	0.000449091529615	80555	119014	265010565	1493594
AL	NC_063216.1	68100001	68200000	0.00046897372999	82582	124373	265202488	1610080
AL	NC_063216.1	68200001	68300000	0.0005151580737902	84856	137404	266722016	1725344
AL	NC_063216.1	68300001	68400000	0.0003875798757345	84321	102559	264613842	1720288
AL	NC_063216.1	68400001	68500000	0.0002606461867794	79404	64798	248605210	1626364
AL	NC_063216.1	68500001	68600000	0.0002541503538892	82925	66633	262179450	1673568
AL	NC_063216.1	68600001	68700000	0.000121727526495	81470	29698	243971112	1806152
AL	NC_063216.1	68700001	68800000	0.000241175628734	79516	59696	247520864	1645416
AL	NC_063216.1	68800001	68900000	0.0003202036169599	83012	82933	259000822	1709340
AL	NC_063216.1	68900001	69000000	0.0003335280301462	78985	86709	259975151	1463214
AL	NC_063216.1	69000001	69100000	0.0005584814702133	81909	144428	258608401	1649026
AL	NC_063216.1	69100001	69200000	0.0002761150154571	82969	72914	264071115	1644702
AL	NC_063216.1	69200001	69300000	0.0004406015734409	78933	112817	256052195	1509174
AL	NC_063216.1	69300001	69400000	0.0003772828735799	81184	95561	253287405	1671470
AL	NC_063216.1	69400001	69500000	0.0003320788877029	81975	82586	248693919	1775598
AL	NC_063216.1	69500001	69600000	0.0005061313945068	77874	124358	245702996	1572520
AL	NC_063216.1	69600001	69700000	0.0005816988883288	80796	136557	234755477	1882862
AL	NC_063216.1	69700001	69800000	0.0006327724881821	79413	154629	244367451	1681134
AL	NC_063216.1	69800001	69900000	0.0004700180776539	78360	111929	238137649	1695198
AL	NC_063216.1	69900001	70000000	0.0002059716020036	80550	50994	247577819	1711730
AL	NC_063216.1	70000001	70100000	0.0002329212927381	80430	54161	232529192	1890504
AL	NC_063216.1	70100001	70200000	0.0006186270847714	78868	139216	225040260	1893224
AL	NC_063216.1	70200001	70300000	0.0005921723546847	79039	139808	236093426	1763888
AL	NC_063216.1	70300001	70400000	0.000649148217037	81340	160714	247576741	1753398
AL	NC_063216.1	70400001	70500000	0.0005686513195518	75988	138469	243504227	1488626
AL	NC_063216.1	70500001	70600000	0.0006580498632988	79333	159874	242951194	1690408
AL	NC_063216.1	70600001	70700000	0.0003773188159573	82972	92907	246229438	1869340
AL	NC_063216.1	70700001	70800000	0.0002543362125096	81679	60949	239639489	1873506
AL	NC_063216.1	70800001	70900000	0.0002899217426506	80522	74632	257421190	1586692
AL	NC_063216.1	70900001	71000000	0.0006855033179058	80687	169167	246777799	1723846
AL	NC_063216.1	71000001	71100000	0.0004564197374381	82517	108294	237268442	1955656
AL	NC_063216.1	71100001	71200000	0.0005252145294243	83270	127456	242674170	1931428
AL	NC_063216.1	71200001	71300000	0.0002981347056324	83508	73768	247431777	1884118
AL	NC_063216.1	71300001	71400000	0.0003581638307091	79994	85942	239951644	1767576
AL	NC_063216.1	71400001	71500000	0.0003070850708592	83789	78709	256310083	1792342
AL	NC_063216.1	71500001	71600000	0.0005272662348724	79649	124359	235856180	1799132
AL	NC_063216.1	71600001	71700000	0.0006629107732435	77483	148917	224641092	1811988
AL	NC_063216.1	71700001	71800000	0.0005933043889301	82925	148759	250729647	1809678
AL	NC_063216.1	71800001	71900000	0.0003268749208829	84844	89848	274869665	1620878
AL	NC_063216.1	71900001	72000000	0.0006281348577632	74977	157330	250471691	1346390
AL	NC_063216.1	72000001	72100000	0.0003149900994093	51754	49646	157611303	1114810
AL	NC_063216.1	72100001	72200000	0.0006047412145869	79949	150265	248478186	1661096
AL	NC_063216.1	72200001	72300000	0.0006141102491892	76399	151884	247323669	1464634
AL	NC_063216.1	72300001	72400000	0.0006203659224461	81259	153352	247196041	1751562
AL	NC_063216.1	72400001	72500000	0.0006080042333999	82487	155832	256300847	1712222
AL	NC_063216.1	72500001	72600000	0.0005351112578301	84494	143605	268364752	1680584
AL	NC_063216.1	72600001	72700000	0.000318178558753	82938	87510	275034246	1508468
AL	NC_063216.1	72700001	72800000	0.0004698625619976	83452	137162	291919406	1337964
AL	NC_063216.1	72800001	72900000	0.0004948151537508	83799	145264	293572254	1335664
AL	NC_063216.1	72900001	73000000	0.0005363706930672	86049	152604	284512189	1574914
AL	NC_063216.1	73000001	73100000	0.0003711238691433	83081	102141	275220778	1514176
AL	NC_063216.1	73100001	73200000	0.0005748595288014	86534	164473	286109896	1581496
AL	NC_063216.1	73200001	73300000	0.0006475407523541	85174	188964	291817927	1433338
AL	NC_063216.1	73300001	73400000	0.0002747838207854	87964	82418	299937601	1501390
AL	NC_063216.1	73400001	73500000	0.0003410242574269	85954	104997	307887189	1292918
AL	NC_063216.1	73500001	73600000	0.0005359590051058	84355	161019	300431560	1289068
AL	NC_063216.1	73600001	73700000	0.0007472812856675	82955	221633	296585776	1252756
AL	NC_063216.1	73700001	73800000	0.0004064676941264	85829	113846	280086220	1612668
AL	NC_063216.1	73800001	73900000	0.0004573626664612	84841	130163	284594720	1501932
AL	NC_063216.1	73900001	74000000	0.0006729081388129	84115	189523	281647656	1497812
AL	NC_063216.1	74000001	74100000	0.0008672128142294	80664	237982	274421683	1390226
AL	NC_063216.1	74100001	74200000	0.0004686299265542	84007	134109	286172505	1436802
AL	NC_063216.1	74200001	74300000	0.0004662471356956	82519	127458	273370044	1506268
AL	NC_063216.1	74300001	74400000	0.0004286097566362	81481	114929	268143686	1508832
AL	NC_063216.1	74400001	74500000	0.0004294159593042	82603	111922	260637728	1662804
AL	NC_063216.1	74500001	74600000	0.0004943014007952	81675	128095	259143510	1630432
AL	NC_063216.1	74600001	74700000	0.000303953637286	82176	78363	257812345	1675294
AL	NC_063216.1	74700001	74800000	0.0004674378890829	81151	114603	245172680	1770332
AL	NC_063216.1	74800001	74900000	0.0003749744326594	82599	94483	251971846	1771688
AL	NC_063216.1	74900001	75000000	0.0005694906405972	77853	133925	235166288	1699388
AL	NC_063216.1	75000001	75100000	0.0005465658320858	82454	134665	246383861	1834006
AL	NC_063216.1	75100001	75200000	0.0006708702165416	73621	157986	235494133	1445410
AL	NC_063216.1	75200001	75300000	0.0004514545633145	80384	109566	242695520	1756440
AL	NC_063216.1	75300001	75400000	0.0006286796641081	80136	152369	242363494	1745244
AL	NC_063216.1	75400001	75500000	0.0003846185044004	82653	96019	249647375	1803710
AL	NC_063216.1	75500001	75600000	0.0002714466843996	83369	69693	256746551	1756430
AL	NC_063216.1	75600001	75700000	0.0003940812945877	82369	102895	261100949	1641738
AL	NC_063216.1	75700001	75800000	0.0005443145842438	82007	143319	263301782	1594392
AL	NC_063216.1	75800001	75900000	0.0006596367216404	72175	177255	268716089	967298
AL	NC_063216.1	75900001	76000000	0.0005830878385642	81293	156985	269230448	1483396
AL	NC_063216.1	76000001	76100000	0.0004613001390438	85056	130396	282670628	1537104
AL	NC_063216.1	76100001	76200000	0.0006017799243922	80464	167956	279098709	1316830
AL	NC_063216.1	76200001	76300000	0.0008368731538832	82531	225387	269320385	1551386
AL	NC_063216.1	76300001	76400000	0.0006408836012844	83861	170545	266109165	1669922
AL	NC_063216.1	76400001	76500000	0.0008510356425446	81861	232493	273188323	1465134
AL	NC_063216.1	76500001	76600000	0.0006778330775687	81035	201356	297058386	1139512
AL	NC_063216.1	76600001	76700000	0.0005418507520156	66298	128227	236646345	1004502
AL	NC_063216.1	76700001	76800000	0.0005702708235991	81829	161626	283419725	1344682
AL	NC_063216.1	76800001	76900000	0.0006879516544361	80120	203595	295943761	1097438
AL	NC_063216.1	76900001	77000000	0.0005917430027873	83523	165132	279060334	1491560
AL	NC_063216.1	77000001	77100000	0.0008556038096674	78154	240911	281568405	1150806
AL	NC_063216.1	77100001	77200000	0.0007747384485535	75940	205172	264827440	1222312
AL	NC_063216.1	77200001	77300000	0.0007444622249235	80288	212728	285747205	1224014
AL	NC_063216.1	77300001	77400000	0.0006759499804525	73832	174599	258301657	1176870
AL	NC_063216.1	77400001	77500000	0.0006608435707048	82152	195437	295738672	1211816
AL	NC_063216.1	77500001	77600000	0.0007435045345416	80939	224818	302376098	1064688
AL	NC_063216.1	77600001	77700000	0.0011015067836728	79820	312197	283427215	1223178
AL	NC_063216.1	77700001	77800000	0.0008518548072581	77897	241307	283272452	1115460
AL	NC_063216.1	77800001	77900000	0.0006573170183874	74603	181631	276321767	1011582
AL	NC_063216.1	77900001	78000000	0.000528251099994	73826	135464	256438652	1202336
AL	NC_063216.1	78000001	78100000	0.0007119011678953	76473	192886	270944913	1179778
AL	NC_063216.1	78100001	78200000	0.0007742203829225	74769	212564	274552317	1040098
AL	NC_063216.1	78200001	78300000	0.0008489004790856	71058	224325	264253591	949354
AL	NC_063216.1	78300001	78400000	0.0008116784396526	72997	220499	271658072	975892
AL	NC_063216.1	78400001	78500000	0.0007674913775464	74731	214113	278977727	986910
AL	NC_063216.1	78500001	78600000	0.0005722468615804	70435	156167	272901453	819714
AL	NC_063216.1	78600001	78700000	0.0007437497692473	60074	174473	234585619	679394
AL	NC_063216.1	78700001	78800000	0.001026075131919	68929	275907	268895514	778800
AL	NC_063216.1	78800001	78900000	0.0006290823259923	71130	167195	265776025	940942
AL	NC_063216.1	78900001	79000000	0.0008018439598853	73153	231524	288739470	788448
AL	NC_063216.1	79000001	79100000	0.0010033469206902	62537	242965	242154528	733500
AL	NC_063216.1	79100001	79200000	0.0008673504379475	44718	134762	155372032	740672
AL	NC_063216.1	79200001	79300000	0.0007729640319143	54689	162821	210644989	651866
AL	NC_063216.1	79300001	79400000	0.0002559985711221	35435	29411	114887360	689300
AL	NC_063216.1	79400001	79500000	0.0008366339842678	34785	85274	101925097	810098
AL	NC_063216.1	79500001	79600000	0.0008122087480996	55718	164440	202460267	809330
AL	NC_063216.1	79600001	79700000	0.0011701357209505	42393	156144	133440931	867790
AL	NC_063216.1	79700001	79800000	0.0005644384407209	35821	61527	109005687	783558
AL	NC_063216.1	79800001	79900000	0.0003364354648693	60952	69461	206461587	1068898
AL	NC_063216.1	79900001	80000000	0.0001431829893138	74649	38320	267629557	1119802
AL	NC_063216.1	80000001	80100000	6.572750126554268e-05	13983	3477	52900231	178534
AL	NC_063217.1	1	100000	0.0001289653305543	16723	8668	67211862	168560
AL	NC_063217.1	100001	200000	0.0	2338	0	8151622	38596
AL	NC_063217.1	200001	300000	0.0	22	0	59369	574
AL	NC_063217.1	300001	400000	0.0	1893	0	6229222	35744
AL	NC_063217.1	400001	500000	0.0	3297	0	12059003	47382
AL	NC_063217.1	500001	600000	0.0001961329325784	32634	25689	130977494	329812
AL	NC_063217.1	600001	700000	0.0001716655115512	67472	42761	249094880	926104
AL	NC_063217.1	700001	800000	0.0001194466630471	74413	31290	261957925	1168554
AL	NC_063217.1	800001	900000	2.5129436297126075e-05	77069	7526	299489408	882924
AL	NC_063217.1	900001	1000000	0.0001066470387142	75382	31533	295676283	829810
AL	NC_063217.1	1000001	1100000	0.0003670274605698	67421	94095	256370463	841230
AL	NC_063217.1	1100001	1200000	0.0002583644064515	66768	64725	250518254	878988
AL	NC_063217.1	1200001	1300000	0.0005911392931617	66507	147281	249147708	874572
AL	NC_063217.1	1300001	1400000	0.0006259091148288	66096	157680	251921559	821346
AL	NC_063217.1	1400001	1500000	0.0003911174514534	66808	104606	267454187	676338
AL	NC_063217.1	1500001	1600000	0.0005481864045615	67606	150089	273791905	650822
AL	NC_063217.1	1600001	1700000	0.0006086614469334	62841	154118	253208086	620608
AL	NC_063217.1	1700001	1800000	0.000500803008225	70972	135879	271322252	865128
AL	NC_063217.1	1800001	1900000	0.0002791013746094	69366	74532	267042755	823394
AL	NC_063217.1	1900001	2000000	0.0004815973487321	64052	116788	242501335	806594
AL	NC_063217.1	2000001	2100000	4.6803720144547015e-05	57981	10299	220046611	726670
AL	NC_063217.1	2100001	2200000	0.0002548235070185	45723	36219	142133669	957394
AL	NC_063217.1	2200001	2300000	0.0005675209263469	33490	60005	105731784	685944
AL	NC_063217.1	2300001	2400000	0.0008467134063898	36313	107847	127371315	591014
AL	NC_063217.1	2400001	2500000	0.0008059880129447	48017	124610	154605277	942522
AL	NC_063217.1	2500001	2600000	0.0010371917849161	42503	119984	115681595	1105054
AL	NC_063217.1	2600001	2700000	0.0005545490887219	69402	133484	240707275	1152586
AL	NC_063217.1	2700001	2800000	0.0004701787232129	77386	127029	270171732	1245128
AL	NC_063217.1	2800001	2900000	0.0007051343504632	74779	194791	276246647	1020622
AL	NC_063217.1	2900001	3000000	0.0007884689434632	81036	227060	287975832	1240544
AL	NC_063217.1	3000001	3100000	0.0007262698061151	71630	197770	272309269	888910
AL	NC_063217.1	3100001	3200000	0.0006219439706878	76689	181635	292043992	948292
AL	NC_063217.1	3200001	3300000	0.0005882211128381	74321	166598	283223428	917612
AL	NC_063217.1	3300001	3400000	0.0006107400554645	73991	171071	280104438	933256
AL	NC_063217.1	3400001	3500000	0.0006299961365138	79426	185779	294889110	1068076
AL	NC_063217.1	3500001	3600000	0.0004682523433126	79150	132419	282794100	1193936
AL	NC_063217.1	3600001	3700000	0.00066533517895	77719	171484	257740768	1411996
AL	NC_063217.1	3700001	3800000	0.0005978396259683	80316	152449	254999825	1598230
AL	NC_063217.1	3800001	3900000	0.0009763778364801	76543	246491	252454522	1408016
AL	NC_063217.1	3900001	4000000	0.0007867589243033	78073	201698	256365697	1450714
AL	NC_063217.1	4000001	4100000	0.0003397291106243	78439	88475	260428080	1423020
AL	NC_063217.1	4100001	4200000	0.0007238832402314	77238	185253	255915581	1405814
AL	NC_063217.1	4200001	4300000	0.0005764606765183	78641	143368	248703868	1582052
AL	NC_063217.1	4300001	4400000	0.0005704796952956	77418	141707	248399726	1509124
AL	NC_063217.1	4400001	4500000	0.0007391433851583	80103	181320	245310996	1704948
AL	NC_063217.1	4500001	4600000	0.0009036912860839	79063	220908	244450736	1654540
AL	NC_063217.1	4600001	4700000	0.0005661575484931	81212	139127	245739018	1766100
AL	NC_063217.1	4700001	4800000	0.0003829000577432	77503	95479	249357497	1501866
AL	NC_063217.1	4800001	4900000	0.0006141089712398	80466	151781	247156461	1707302
AL	NC_063217.1	4900001	5000000	0.0004934514424242	76405	121631	246490312	1476404
AL	NC_063217.1	5000001	5100000	0.000582198294494	82158	144237	247745487	1798362
AL	NC_063217.1	5100001	5200000	0.0004575709541629	79521	109487	239278737	1747986
AL	NC_063217.1	5200001	5300000	0.0007406521724415	79908	179007	241688348	1741096
AL	NC_063217.1	5300001	5400000	0.000747126709929	77642	187852	251432585	1484926
AL	NC_063217.1	5400001	5500000	0.0007603983365934	76154	198415	260935605	1286702
AL	NC_063217.1	5500001	5600000	0.0004367602662847	78710	107360	245809906	1620220
AL	NC_063217.1	5600001	5700000	0.0006668364872932	80202	171647	257404931	1560610
AL	NC_063217.1	5700001	5800000	0.0005182690660688	82522	146278	282243355	1396042
AL	NC_063217.1	5800001	5900000	0.0005147593721372	82500	147614	286763113	1342742
AL	NC_063217.1	5900001	6000000	0.0004949943538204	84940	158053	319302632	1099576
AL	NC_063217.1	6000001	6100000	0.0005324137991833	83938	162336	304905696	1210840
AL	NC_063217.1	6100001	6200000	0.0005077093448131	83202	147521	290561916	1340296
AL	NC_063217.1	6200001	6300000	0.0007659086309127	86741	230308	300699053	1421210
AL	NC_063217.1	6300001	6400000	0.0004545250608771	82241	133776	294320405	1237866
AL	NC_063217.1	6400001	6500000	0.0008245387094976	82451	242441	294032284	1252716
AL	NC_063217.1	6500001	6600000	0.0006772468847857	78236	189307	279524357	1184902
AL	NC_063217.1	6600001	6700000	0.0005610441288982	85933	168002	299445251	1389806
AL	NC_063217.1	6700001	6800000	0.0004763733761175	85976	136232	285977359	1550754
AL	NC_063217.1	6800001	6900000	0.0006542619378289	81521	168609	257708710	1636544
AL	NC_063217.1	6900001	7000000	0.0006933692855619	81179	174701	251959531	1692966
AL	NC_063217.1	7000001	7100000	0.0004038879945601	83475	109381	270820132	1590068
AL	NC_063217.1	7100001	7200000	0.0006171922407967	82367	163668	265181558	1595656
AL	NC_063217.1	7200001	7300000	0.0002699265988546	82345	71849	266179770	1583232
AL	NC_063217.1	7300001	7400000	0.0004911344714086	84190	136104	277121660	1563048
AL	NC_063217.1	7400001	7500000	0.0003654950664341	81748	100909	276088542	1432364
AL	NC_063217.1	7500001	7600000	0.0003631233229642	78088	91663	252429393	1501606
AL	NC_063217.1	7600001	7700000	0.0003293333095631	85654	86713	263298602	1810604
AL	NC_063217.1	7700001	7800000	0.0004851011939252	84687	134456	277171035	1581854
AL	NC_063217.1	7800001	7900000	0.0004925313373912	79540	135657	275428160	1309808
AL	NC_063217.1	7900001	8000000	0.000415825243719	85003	121883	293111113	1415282
AL	NC_063217.1	8000001	8100000	0.0005678347559245	80287	158828	279708134	1298224
AL	NC_063217.1	8100001	8200000	0.0004216767613084	82445	112566	266948550	1576584
AL	NC_063217.1	8200001	8300000	0.0004737919462525	85664	133991	282805567	1572298
AL	NC_063217.1	8300001	8400000	0.0002738780323606	85460	76578	279606215	1598994
AL	NC_063217.1	8400001	8500000	0.0004445881607262	84960	133692	300709762	1319380
AL	NC_063217.1	8500001	8600000	0.0004148981408166	83570	118346	285241095	1420442
AL	NC_063217.1	8600001	8700000	0.000331452176978	83371	95223	287290314	1391080
AL	NC_063217.1	8700001	8800000	0.0005122131034358	85457	150349	293528219	1436238
AL	NC_063217.1	8800001	8900000	0.0002937113772695	86087	85141	289879816	1513476
AL	NC_063217.1	8900001	9000000	0.0005468870611583	83151	152777	279357496	1475124
AL	NC_063217.1	9000001	9100000	0.0003584799519829	81893	98194	273917689	1461938
AL	NC_063217.1	9100001	9200000	0.0003531456477503	83616	105285	298134780	1276536
AL	NC_063217.1	9200001	9300000	0.0006559862832508	79394	162665	247970124	1631912
AL	NC_063217.1	9300001	9400000	0.0003545725500127	83804	95898	270460869	1619334
AL	NC_063217.1	9400001	9500000	0.0001883256540675	83469	50741	269432225	1611138
AL	NC_063217.1	9500001	9600000	0.0002472421705664	84539	69930	282840099	1508894
AL	NC_063217.1	9600001	9700000	0.000399633013478	84124	108658	271894454	1620540
AL	NC_063217.1	9700001	9800000	0.0004209675818707	80511	112050	266172515	1476566
AL	NC_063217.1	9800001	9900000	0.0005214549554888	80280	133559	256127588	1586024
AL	NC_063217.1	9900001	10000000	0.000505023945966	83525	136371	270028780	1604900
AL	NC_063217.1	10000001	10100000	0.0004619302500995	83506	121723	263509480	1683448
AL	NC_063217.1	10100001	10200000	0.0006850310739838	82747	184853	269846153	1563938
AL	NC_063217.1	10200001	10300000	0.0007198710776971	72070	166480	231263632	1405880
AL	NC_063217.1	10300001	10400000	0.000456538185023	79374	115195	252322815	1579146
AL	NC_063217.1	10400001	10500000	0.0006544788320592	76949	169214	258547705	1362850
AL	NC_063217.1	10500001	10600000	0.0009464467695919	76522	235210	248518995	1457434
AL	NC_063217.1	10600001	10700000	0.0005758932154434	79752	162322	281861282	1247948
AL	NC_063217.1	10700001	10800000	0.0006371740663864	82790	165918	260396662	1681604
AL	NC_063217.1	10800001	10900000	0.0005322051274804	84175	142811	268338264	1663588
AL	NC_063217.1	10900001	11000000	0.0005842687277413	82769	159547	273071264	1527964
AL	NC_063217.1	11000001	11100000	0.000681581099279	84038	181463	266238310	1680900
AL	NC_063217.1	11100001	11200000	0.0003972730060988	75846	100862	253885863	1352986
AL	NC_063217.1	11200001	11300000	0.0004425909488941	84930	114896	259598621	1816878
AL	NC_063217.1	11300001	11400000	0.0008971247397299	82842	244396	272421425	1537198
AL	NC_063217.1	11400001	11500000	0.0004733394279396	84722	129889	274409847	1625122
AL	NC_063217.1	11500001	11600000	0.0003514631999782	83806	91836	261296204	1728424
AL	NC_063217.1	11600001	11700000	0.0005732038451372	82098	141021	246022425	1816678
AL	NC_063217.1	11700001	11800000	0.0007051153757436	81623	174110	246924129	1777114
AL	NC_063217.1	11800001	11900000	0.0005134657970137	79577	128213	249701150	1621664
AL	NC_063217.1	11900001	12000000	0.0002045749698556	81391	52850	258340500	1622524
AL	NC_063217.1	12000001	12100000	0.0005896500601242	84798	158159	268225191	1702834
AL	NC_063217.1	12100001	12200000	0.0005320828437707	83049	146742	275787881	1513530
AL	NC_063217.1	12200001	12300000	0.0007029474288576	84127	206709	294060397	1355442
AL	NC_063217.1	12300001	12400000	0.0004390403429864	78932	118543	270004800	1338832
AL	NC_063217.1	12400001	12500000	0.0001976567829382	82407	52307	264635492	1607764
AL	NC_063217.1	12500001	12600000	0.0002264609895578	78972	57515	253973102	1536268
AL	NC_063217.1	12600001	12700000	0.0001623352327708	84547	42563	262192004	1761268
AL	NC_063217.1	12700001	12800000	0.0001752277277803	80002	47230	269534968	1409136
AL	NC_063217.1	12800001	12900000	0.0004470445023	83761	114522	256175838	1789168
AL	NC_063217.1	12900001	13000000	0.0005161429501865	84955	142616	276311049	1612354
AL	NC_063217.1	13000001	13100000	0.0002626106873633	84430	73222	278823382	1553092
AL	NC_063217.1	13100001	13200000	0.0002471396301811	81198	63219	255802762	1641908
AL	NC_063217.1	13200001	13300000	0.0004577710626963	80567	119031	260022989	1554842
AL	NC_063217.1	13300001	13400000	0.0003019861971791	82144	81765	270757408	1517248
AL	NC_063217.1	13400001	13500000	0.0002324488822807	83080	65779	282982647	1428490
AL	NC_063217.1	13500001	13600000	0.0004678894149247	82996	118127	252467776	1789120
AL	NC_063217.1	13600001	13700000	0.0004823263362876	81949	129999	269524988	1523116
AL	NC_063217.1	13700001	13800000	0.0004246927453131	82072	123659	291172857	1270190
AL	NC_063217.1	13800001	13900000	0.0005155870935674	83099	133414	258761326	1718424
AL	NC_063217.1	13900001	14000000	0.0005511768738433	85534	155093	281385173	1588798
AL	NC_063217.1	14000001	14100000	0.0004075841988569	83314	108897	267176697	1634142
AL	NC_063217.1	14100001	14200000	0.0004396717748301	79694	106488	242198854	1722692
AL	NC_063217.1	14200001	14300000	0.0006188098418711	78349	154912	250338617	1543714
AL	NC_063217.1	14300001	14400000	0.0003659401646286	81219	91784	250816961	1704362
AL	NC_063217.1	14400001	14500000	6.600433078469717e-05	82106	16710	253165206	1729348
AL	NC_063217.1	14500001	14600000	0.0004153605878238	80565	100686	242406244	1770660
AL	NC_063217.1	14600001	14700000	0.0007730518911883	81683	195342	252689376	1710860
AL	NC_063217.1	14700001	14800000	0.000187911305479	82630	46884	249500688	1804592
AL	NC_063217.1	14800001	14900000	4.9797167667449895e-05	81418	12760	256239473	1652758
AL	NC_063217.1	14900001	15000000	0.0003726157677931	81333	103682	278254462	1384032
AL	NC_063217.1	15000001	15100000	0.0002654050957747	80496	68249	257150300	1583336
AL	NC_063217.1	15100001	15200000	9.028590999230604e-05	77825	22454	248698828	1533052
AL	NC_063217.1	15200001	15300000	0.0003414323053062	79399	85503	250424458	1601048
AL	NC_063217.1	15300001	15400000	0.000389311704043	83552	99731	256172622	1775628
AL	NC_063217.1	15400001	15500000	0.0001167580380335	83760	32041	274422220	1565184
AL	NC_063217.1	15500001	15600000	8.268447288699574e-05	83890	22680	274295756	1577760
AL	NC_063217.1	15600001	15700000	0.000108274975286	83168	29448	271974202	1561212
AL	NC_063217.1	15700001	15800000	0.0001818243911481	84462	51601	283795808	1495192
AL	NC_063217.1	15800001	15900000	4.493622899836424e-05	84126	11835	263373235	1720146
AL	NC_063217.1	15900001	16000000	9.298890646661654e-05	83032	25209	271096854	1564708
AL	NC_063217.1	16000001	16100000	7.387612513881252e-06	84582	2008	271806351	1645322
AL	NC_063217.1	16100001	16200000	0.0	79065	0	258317915	1491974
AL	NC_063217.1	16200001	16300000	0.0	84130	0	261406451	1749770
AL	NC_063217.1	16300001	16400000	2.7457008120672957e-06	79920	700	254944019	1579114
AL	NC_063217.1	16400001	16500000	3.445687607369892e-05	85142	9472	274894334	1647188
AL	NC_063217.1	16500001	16600000	0.0002713537259659	81578	71407	263150984	1580024
AL	NC_063217.1	16600001	16700000	0.0003453726533284	82972	88441	256074125	1745174
AL	NC_063217.1	16700001	16800000	0.0004037682972706	74804	92660	229488052	1591336
AL	NC_063217.1	16800001	16900000	0.0001862133528977	80367	45610	244934100	1730684
AL	NC_063217.1	16900001	17000000	3.3482318983132675e-05	75992	7636	228060667	1679442
AL	NC_063217.1	17000001	17100000	0.0001001476294178	79400	23553	235182801	1793542
AL	NC_063217.1	17100001	17200000	0.0002544130262286	79080	60693	238560898	1732988
AL	NC_063217.1	17200001	17300000	7.669048014962689e-05	79504	17866	232962422	1828516
AL	NC_063217.1	17300001	17400000	0.0003578745546809	80329	90811	253750927	1623630
AL	NC_063217.1	17400001	17500000	0.0004617875589284	82187	115825	250818797	1769922
AL	NC_063217.1	17500001	17600000	0.0003543623333348	79361	84267	237798976	1761076
AL	NC_063217.1	17600001	17700000	0.0006651805998551	81389	158974	238993741	1865610
AL	NC_063217.1	17700001	17800000	0.0004760496623156	80635	115818	243289743	1768902
AL	NC_063217.1	17800001	17900000	0.0003322317127434	81298	80206	241415846	1828788
AL	NC_063217.1	17900001	18000000	0.0006851537117517	79895	169914	247993986	1666200
AL	NC_063217.1	18000001	18100000	0.0005243540146146	83462	136171	259692872	1731760
AL	NC_063217.1	18100001	18200000	0.0005127168615217	83340	130447	254423074	1790412
AL	NC_063217.1	18200001	18300000	0.0005442541453185	82874	135966	249820789	1816214
AL	NC_063217.1	18300001	18400000	0.0002783911802105	83897	73886	265403523	1688790
AL	NC_063217.1	18400001	18500000	0.0001466946383758	83882	39088	266458273	1668750
AL	NC_063217.1	18500001	18600000	0.0002711392195989	85033	76564	282378920	1543860
AL	NC_063217.1	18600001	18700000	0.0002830143865294	84514	77738	274678616	1602912
AL	NC_063217.1	18700001	18800000	0.0004939190922179	86352	131661	266563901	1811806
AL	NC_063217.1	18800001	18900000	0.0005270624510871	83334	140847	267230192	1628464
AL	NC_063217.1	18900001	19000000	0.0006264273852606	81798	167890	268011910	1529996
AL	NC_063217.1	19000001	19100000	0.0004849445151277	82493	137589	283721118	1383800
AL	NC_063217.1	19100001	19200000	0.000431996679281	79028	117282	271488198	1328484
AL	NC_063217.1	19200001	19300000	0.0003144272303182	85100	87555	278458707	1597386
AL	NC_063217.1	19300001	19400000	0.0003744210430917	81983	102491	273731944	1471868
AL	NC_063217.1	19400001	19500000	0.0004183537346616	76393	105137	251311250	1417432
AL	NC_063217.1	19500001	19600000	0.0003264997321702	83848	85999	263396847	1710282
AL	NC_063217.1	19600001	19700000	0.0001887109627362	83317	47195	250091459	1839134
AL	NC_063217.1	19700001	19800000	0.0004750161078484	81177	118200	248833667	1730150
AL	NC_063217.1	19800001	19900000	0.0006685718600418	79537	170518	255048126	1557496
AL	NC_063217.1	19900001	20000000	0.0006902912250158	76771	158194	229169942	1711456
AL	NC_063217.1	20000001	20100000	0.0007161794025254	77830	163982	228967769	1778902
AL	NC_063217.1	20100001	20200000	0.00046535324378	78093	109976	236327997	1702098
AL	NC_063217.1	20200001	20300000	8.757349276654192e-05	68158	19161	218799084	1331152
AL	NC_063217.1	20300001	20400000	0.0001514554294622	75098	35101	231757951	1581426
AL	NC_063217.1	20400001	20500000	0.0001926165353682	73693	43177	224160402	1593848
AL	NC_063217.1	20500001	20600000	0.0001409573593483	76822	32675	231807691	1684098
AL	NC_063217.1	20600001	20700000	0.0001452604549807	74441	31145	214407975	1760950
AL	NC_063217.1	20700001	20800000	0.0002688876006298	75216	62264	231561440	1590360
AL	NC_063217.1	20800001	20900000	0.0002452311647189	75751	54478	222149579	1740622
AL	NC_063217.1	20900001	21000000	0.0002047591254088	79155	49549	241986773	1699674
AL	NC_063217.1	21000001	21100000	8.026856582215298e-05	78498	17560	218765588	1953208
AL	NC_063217.1	21100001	21200000	0.0002828700305536	78859	62438	220730347	1948846
AL	NC_063217.1	21200001	21300000	0.0004687702959759	76464	110940	236661753	1603166
AL	NC_063217.1	21300001	21400000	0.0004932799859812	69777	104233	211305958	1519952
AL	NC_063217.1	21400001	21500000	0.0004855097237615	71362	108324	223113966	1468300
AL	NC_063217.1	21500001	21600000	0.0005077083936346	71775	112583	221747368	1507684
AL	NC_063217.1	21600001	21700000	0.0001485710958628	68071	30937	208230274	1454512
AL	NC_063217.1	21700001	21800000	0.0001586729997869	75940	35568	224159120	1725448
AL	NC_063217.1	21800001	21900000	0.0002713455963433	73404	60654	223530438	1583836
AL	NC_063217.1	21900001	22000000	0.0003817609608913	75449	91708	240223620	1498276
AL	NC_063217.1	22000001	22100000	0.0004870848037041	76833	108252	222244667	1805038
AL	NC_063217.1	22100001	22200000	0.0004169857680405	74527	92874	222727026	1659920
AL	NC_063217.1	22200001	22300000	0.000550745988321	73293	122491	222409246	1589576
AL	NC_063217.1	22300001	22400000	0.0001380262173737	75813	32549	235817518	1575104
AL	NC_063217.1	22400001	22500000	0.0004555353997619	73115	110235	241989975	1339582
AL	NC_063217.1	22500001	22600000	0.0007521100900332	72054	172471	229316163	1429250
AL	NC_063217.1	22600001	22700000	0.000284988425438	77112	70146	246136312	1524496
AL	NC_063217.1	22700001	22800000	0.0003306332947151	75540	76898	232577908	1597968
AL	NC_063217.1	22800001	22900000	0.0003696525265413	79067	88364	239046114	1725424
AL	NC_063217.1	22900001	23000000	0.0002965954190718	79936	71825	242164900	1740584
AL	NC_063217.1	23000001	23100000	0.0001484914883596	79875	36297	244438253	1705578
AL	NC_063217.1	23100001	23200000	0.0002523242554932	79365	59955	237610926	1759552
AL	NC_063217.1	23200001	23300000	0.0006260173810898	80656	159022	254021701	1634230
AL	NC_063217.1	23300001	23400000	0.0001886809904879	82802	50018	265092948	1622904
AL	NC_063217.1	23400001	23500000	0.0002177154092418	82626	61262	281385687	1423594
AL	NC_063217.1	23500001	23600000	9.636956175913148e-05	84949	26916	279299807	1577222
AL	NC_063217.1	23600001	23700000	0.0001182562588207	85158	35257	298140668	1364848
AL	NC_063217.1	23700001	23800000	0.0003499617191598	78998	92363	263923152	1419040
AL	NC_063217.1	23800001	23900000	0.0001016541698859	82405	26612	261789556	1645156
AL	NC_063217.1	23900001	24000000	0.0003031914035414	85147	87476	288517415	1481950
AL	NC_063217.1	24000001	24100000	0.000599932252616	84984	168889	281513453	1554854
AL	NC_063217.1	24100001	24200000	5.970754095816692e-05	81262	15692	262814374	1560484
AL	NC_063217.1	24200001	24300000	0.0001725282515142	82917	49437	286544375	1374566
AL	NC_063217.1	24300001	24400000	0.0002128810345929	85190	60853	285854492	1506576
AL	NC_063217.1	24400001	24500000	0.0004585157243317	82172	129661	282784195	1376386
AL	NC_063217.1	24500001	24600000	0.0003681735090074	83481	97479	264763753	1664898
AL	NC_063217.1	24600001	24700000	0.0005872020801004	84555	170597	290525197	1419338
AL	NC_063217.1	24700001	24800000	0.000359228712172	79192	93074	259093989	1486302
AL	NC_063217.1	24800001	24900000	5.076096030559616e-05	85059	14381	283308273	1536002
AL	NC_063217.1	24900001	25000000	0.0002140564529917	82853	63568	296968389	1249442
AL	NC_063217.1	25000001	25100000	0.0002333642920453	84259	64804	277694584	1558036
AL	NC_063217.1	25100001	25200000	0.0002929293880662	81863	74301	253648159	1712742
AL	NC_063217.1	25200001	25300000	0.0003188395811218	75432	79184	248350596	1396320
AL	NC_063217.1	25300001	25400000	0.0001240257684905	81246	32513	262147136	1568560
AL	NC_063217.1	25400001	25500000	9.088146690015608e-05	80627	22249	244813390	1744384
AL	NC_063217.1	25500001	25600000	0.0002613289913184	80585	63345	242395609	1772298
AL	NC_063217.1	25600001	25700000	0.0001596651443723	77606	37928	237547150	1656636
AL	NC_063217.1	25700001	25800000	0.0001356017796656	82665	34641	255461249	1735842
AL	NC_063217.1	25800001	25900000	0.0001183349786944	80895	32044	270790601	1449458
AL	NC_063217.1	25900001	26000000	0.0001506873025079	80163	35943	238527065	1795394
AL	NC_063217.1	26000001	26100000	0.000243872532743	74801	57784	236943453	1499202
AL	NC_063217.1	26100001	26200000	0.0001488976287816	80866	35312	237156228	1855840
AL	NC_063217.1	26200001	26300000	0.0001805214993074	79122	44013	243810295	1667818
AL	NC_063217.1	26300001	26400000	0.0001841983313884	83102	46913	254687432	1770840
AL	NC_063217.1	26400001	26500000	0.0001387527366011	80325	34906	251569813	1646162
AL	NC_063217.1	26500001	26600000	0.0001141455701703	81668	29038	254394454	1688276
AL	NC_063217.1	26600001	26700000	0.0001814800831589	81382	48098	265031838	1543796
AL	NC_063217.1	26700001	26800000	0.0001223746181707	84116	34140	278979420	1535792
AL	NC_063217.1	26800001	26900000	5.2213399943708085e-06	79558	1335	255681492	1548872
AL	NC_063217.1	26900001	27000000	9.268582800135054e-06	76536	2486	268217920	1222000
AL	NC_063217.1	27000001	27100000	3.786649751072288e-05	80727	10273	271295226	1425704
AL	NC_063217.1	27100001	27200000	0.0001261093024503	83810	35898	284657827	1451738
AL	NC_063217.1	27200001	27300000	7.866646392784213e-05	82187	19984	254034553	1720618
AL	NC_063217.1	27300001	27400000	0.0001397304697033	83399	42636	305130299	1184742
AL	NC_063217.1	27400001	27500000	0.0001541748477421	84206	41816	271224526	1634924
AL	NC_063217.1	27500001	27600000	0.0003764875359331	86205	104410	277326578	1672824
AL	NC_063217.1	27600001	27700000	0.0002928071902943	82686	78914	269508409	1566990
AL	NC_063217.1	27700001	27800000	8.079594817962314e-05	84352	22163	274308310	1600324
AL	NC_063217.1	27800001	27900000	0.000243168958687	76577	60949	250644656	1436964
AL	NC_063217.1	27900001	28000000	0.0001661415857189	84374	45683	274964271	1598330
AL	NC_063217.1	28000001	28100000	0.0002497983435933	85932	69701	279029072	1632248
AL	NC_063217.1	28100001	28200000	0.0002079983929778	85796	56844	273290573	1694694
AL	NC_063217.1	28200001	28300000	0.0002670445018205	83608	77524	290303674	1371964
AL	NC_063217.1	28300001	28400000	0.0003151151673656	84372	88479	280783057	1523718
AL	NC_063217.1	28400001	28500000	0.0001737650223705	86390	49861	286944975	1565346
AL	NC_063217.1	28500001	28600000	0.0003172574238856	87045	90627	285657618	1619472
AL	NC_063217.1	28600001	28700000	0.0004476616346692	82558	123429	275719406	1483444
AL	NC_063217.1	28700001	28800000	0.0007173539937488	80244	191766	267324085	1448886
AL	NC_063217.1	28800001	28900000	0.0006453361337114	80885	178439	276505515	1379822
AL	NC_063217.1	28900001	29000000	0.0005482436855751	82676	146042	266381545	1600414
AL	NC_063217.1	29000001	29100000	0.0001733834440146	83734	48922	282160735	1475474
AL	NC_063217.1	29100001	29200000	0.0001574073284476	82792	42436	269593547	1570378
AL	NC_063217.1	29200001	29300000	0.0001130959164779	84411	29947	264792938	1719416
AL	NC_063217.1	29300001	29400000	0.0005917847392065	83095	149676	252923048	1792972
AL	NC_063217.1	29400001	29500000	0.0002965370534952	82322	70598	238074801	1933134
AL	NC_063217.1	29500001	29600000	0.0004373314688697	80284	101846	232880566	1876316
AL	NC_063217.1	29600001	29700000	0.0003743537357657	75679	84390	225428497	1695098
AL	NC_063217.1	29700001	29800000	0.0004544223719149	79615	103576	227928919	1900822
AL	NC_063217.1	29800001	29900000	0.0002084746138275	77672	45311	217345408	1921144
AL	NC_063217.1	29900001	30000000	6.621210327363556e-05	80573	15465	233567569	1885450
AL	NC_063217.1	30000001	30100000	3.78706610487216e-05	82211	9692	255923708	1706988
AL	NC_063217.1	30100001	30200000	2.2438655161584832e-05	81727	5539	246850801	1790778
AL	NC_063217.1	30200001	30300000	1.96749240714893e-05	81832	4584	232986922	1970508
AL	NC_063217.1	30300001	30400000	0.000351098021712	82571	84976	242029276	1899020
AL	NC_063217.1	30400001	30500000	0.0001516971857106	77444	34467	227209225	1778318
AL	NC_063217.1	30500001	30600000	0.0003138380017204	78997	73971	235698034	1763496
AL	NC_063217.1	30600001	30700000	0.0004968390938404	74686	109750	220896466	1692252
AL	NC_063217.1	30700001	30800000	0.0004491966280347	82295	119174	265304752	1597964
AL	NC_063217.1	30800001	30900000	0.0003243012755087	82012	84482	260504680	1634336
AL	NC_063217.1	30900001	31000000	0.0002474267488338	75950	61007	246565904	1451512
AL	NC_063217.1	31000001	31100000	0.0005207731921101	86079	138885	266689995	1798726
AL	NC_063217.1	31100001	31200000	0.0005686790138317	83445	154256	271253196	1589340
AL	NC_063217.1	31200001	31300000	0.0006562139886709	82857	173883	264979112	1632604
AL	NC_063217.1	31300001	31400000	0.0005379140568965	81874	133175	247576724	1784816
AL	NC_063217.1	31400001	31500000	0.000250701709261	82083	61075	243616209	1847890
AL	NC_063217.1	31500001	31600000	0.0004518338448013	75205	106773	236310319	1532934
AL	NC_063217.1	31600001	31700000	0.000655749348478	81384	154073	234957153	1916614
AL	NC_063217.1	31700001	31800000	0.0002892625113723	78902	68480	236739976	1745280
AL	NC_063217.1	31800001	31900000	0.0007168189847757	78028	159791	222916808	1869880
AL	NC_063217.1	31900001	32000000	0.0005702211191132	78922	127421	223458928	1916776
AL	NC_063217.1	32000001	32100000	0.000351195959838	80007	79992	227770274	1926616
AL	NC_063217.1	32100001	32200000	0.0003034299332144	77875	70191	231325233	1752978
AL	NC_063217.1	32200001	32300000	0.0004632069393532	80144	106829	230629101	1897286
AL	NC_063217.1	32300001	32400000	0.000437979321264	82475	110757	252881802	1759848
AL	NC_063217.1	32400001	32500000	0.0001939116609132	82248	49606	255817519	1709106
AL	NC_063217.1	32500001	32600000	0.0007435333383007	79461	174959	235307539	1797374
AL	NC_063217.1	32600001	32700000	0.000522776258262	75996	119584	228747955	1673698
AL	NC_063217.1	32700001	32800000	0.0008026373119574	74961	186025	231767197	1573850
AL	NC_063217.1	32800001	32900000	0.0007919454674364	81682	204380	258073325	1645118
AL	NC_063217.1	32900001	33000000	0.0001975435861474	84387	52957	268077547	1686894
AL	NC_063217.1	33000001	33100000	0.0006727292228367	86364	176518	262390861	1871374
AL	NC_063217.1	33100001	33200000	0.0001304422622345	84121	32732	250930944	1876476
AL	NC_063217.1	33200001	33300000	0.0001952862934531	82468	54308	278094274	1452284
AL	NC_063217.1	33300001	33400000	0.0004534809750603	81229	121980	268985926	1488416
AL	NC_063217.1	33400001	33500000	0.0004104089649968	81045	117566	286460604	1268764
AL	NC_063217.1	33500001	33600000	0.0003684778341481	84767	106435	288850482	1455480
AL	NC_063217.1	33600001	33700000	0.0002260780122014	86462	66904	295933246	1462964
AL	NC_063217.1	33700001	33800000	0.0006597437695169	84384	189142	286690089	1455142
AL	NC_063217.1	33800001	33900000	0.0004500995323156	84744	130025	288880549	1450174
AL	NC_063217.1	33900001	34000000	0.000516303700806	82115	145413	281642374	1389504
AL	NC_063217.1	34000001	34100000	0.0004411268476989	85765	119510	270919806	1726712
AL	NC_063217.1	34100001	34200000	0.0003119530720583	76135	80010	256480885	1338778
AL	NC_063217.1	34200001	34300000	0.000357910689531	82751	97366	272039933	1539650
AL	NC_063217.1	34300001	34400000	0.0001835794822807	80777	46874	255333545	1625354
AL	NC_063217.1	34400001	34500000	6.234016564729692e-05	84061	16531	265174143	1700246
AL	NC_063217.1	34500001	34600000	0.0004766740962818	82370	116569	244546538	1851700
AL	NC_063217.1	34600001	34700000	0.0004400422531159	77213	108800	247248984	1520308
AL	NC_063217.1	34700001	34800000	0.0005302193525639	76618	122014	230119854	1693228
AL	NC_063217.1	34800001	34900000	0.0004281295469945	82032	102518	239455559	1899218
AL	NC_063217.1	34900001	35000000	0.0003423503332149	80804	78267	228616690	1966460
AL	NC_063217.1	35000001	35100000	0.0003232741817099	79367	72144	223166600	1949404
AL	NC_063217.1	35100001	35200000	0.0002784551403367	80316	64082	230134017	1914886
AL	NC_063217.1	35200001	35300000	0.0004191321298594	79436	95386	227579785	1894286
AL	NC_063217.1	35300001	35400000	0.0003267480109455	75120	74577	228240104	1629336
AL	NC_063217.1	35400001	35500000	0.0005226774293419	77691	121748	232931428	1725140
AL	NC_063217.1	35500001	35600000	0.0002810950855799	79844	68231	242732810	1731212
AL	NC_063217.1	35600001	35700000	0.0005686464971858	78309	128248	225532032	1852620
AL	NC_063217.1	35700001	35800000	0.000657254114151	77068	153255	233174653	1684214
AL	NC_063217.1	35800001	35900000	0.00042389114486	77133	99121	233835977	1677226
AL	NC_063217.1	35900001	36000000	0.0005905018179523	78014	135672	229757125	1779326
AL	NC_063217.1	36000001	36100000	0.0006903930338211	78041	163103	236246590	1700600
AL	NC_063217.1	36100001	36200000	0.0004196800870198	81212	100799	240180564	1839168
AL	NC_063217.1	36200001	36300000	0.0007218560509877	78478	173684	240607528	1670800
AL	NC_063217.1	36300001	36400000	0.000773837668326	81732	194556	251417071	1730898
AL	NC_063217.1	36400001	36500000	0.0006991099254556	80214	175724	251353891	1645586
AL	NC_063217.1	36500001	36600000	0.0004601047820896	81079	113643	246993738	1752288
AL	NC_063217.1	36600001	36700000	0.0004102079433248	81855	100781	245682712	1806324
AL	NC_063217.1	36700001	36800000	0.0003099981253764	81339	77315	249404734	1734024
AL	NC_063217.1	36800001	36900000	0.0006822721645173	79785	173348	254074560	1587164
AL	NC_063217.1	36900001	37000000	0.0003879328660693	78090	89687	231192064	1766584
AL	NC_063217.1	37000001	37100000	0.000409348011288	80129	95250	232687096	1870500
AL	NC_063217.1	37100001	37200000	0.0003355620877132	78102	78844	234960989	1719326
AL	NC_063217.1	37200001	37300000	5.843312199317939e-05	75394	13993	239470347	1505458
AL	NC_063217.1	37300001	37400000	0.0003492815823148	81163	83308	238512433	1857450
AL	NC_063217.1	37400001	37500000	0.0004267839758839	80735	104407	244636645	1757354
AL	NC_063217.1	37500001	37600000	0.0004131450963799	82967	109646	265393444	1634340
AL	NC_063217.1	37600001	37700000	0.0002540101019203	83731	62569	246324849	1911402
AL	NC_063217.1	37700001	37800000	0.0004139039513148	83961	104483	252432961	1847242
AL	NC_063217.1	37800001	37900000	0.0006098409171244	81004	177309	290746316	1218072
AL	NC_063217.1	37900001	38000000	0.0007026270800646	84499	199564	284025489	1495794
AL	NC_063217.1	38000001	38100000	0.0004134698387741	82030	109950	265920243	1571930
AL	NC_063217.1	38100001	38200000	0.0006965616126667	81514	171431	246110318	1782772
AL	NC_063217.1	38200001	38300000	0.0009797984246858	80804	229378	234107337	1892382
AL	NC_063217.1	38300001	38400000	0.0007350616380024	81464	175763	239113281	1867790
AL	NC_063217.1	38400001	38500000	0.0004707566578452	79011	112343	238643465	1729314
AL	NC_063217.1	38500001	38600000	0.0006178571621948	80631	144007	233074906	1895632
AL	NC_063217.1	38600001	38700000	0.0008457811059228	77247	194531	230001591	1733174
AL	NC_063217.1	38700001	38800000	0.000964214037753	80912	232215	240833457	1813454
AL	NC_063217.1	38800001	38900000	0.0005945654121889	82895	146981	247207451	1850518
AL	NC_063217.1	38900001	39000000	0.000570704506078	82693	139374	244213947	1876214
AL	NC_063217.1	39000001	39100000	0.0004010116360912	84381	109370	272735228	1629468
AL	NC_063217.1	39100001	39200000	0.0004156092804261	81627	112165	269880884	1501396
AL	NC_063217.1	39200001	39300000	0.0002116157315682	81848	56142	265301637	1569278
AL	NC_063217.1	39300001	39400000	0.0003597000775473	84580	96344	267845369	1695590
AL	NC_063217.1	39400001	39500000	0.00015300471705	81557	39277	256704504	1658308
AL	NC_063217.1	39500001	39600000	0.0005667345023135	78847	138628	244608365	1644530
AL	NC_063217.1	39600001	39700000	0.0001030855434171	81708	26094	253129577	1708078
AL	NC_063217.1	39700001	39800000	4.526910762484768e-05	79957	11291	249419540	1649492
AL	NC_063217.1	39800001	39900000	4.67328519486581e-05	82283	11887	254360680	1729324
AL	NC_063217.1	39900001	40000000	0.0001442182511621	80355	35586	246751016	1711204
AL	NC_063217.1	40000001	40100000	0.0002914717829701	81156	69645	238942512	1851488
AL	NC_063217.1	40100001	40200000	0.0001773763342558	80270	42424	239175086	1795236
AL	NC_063217.1	40200001	40300000	8.547031274935456e-05	81179	20860	244061351	1789318
AL	NC_063217.1	40300001	40400000	0.0001840251743787	83118	46093	250471166	1822164
AL	NC_063217.1	40400001	40500000	0.0003289308061113	83543	88894	270251367	1607990
AL	NC_063217.1	40500001	40600000	0.0003500817616849	84115	88050	251512674	1868720
AL	NC_063217.1	40600001	40700000	4.8489979735642586e-05	82685	12955	267168600	1595180
AL	NC_063217.1	40700001	40800000	0.0002606690268979	82914	71413	273960435	1527634
AL	NC_063217.1	40800001	40900000	0.0003242790542032	76251	76122	234742266	1613584
AL	NC_063217.1	40900001	41000000	0.0005868262530054	81091	146594	249808183	1709150
AL	NC_063217.1	41000001	41100000	0.0003586346928114	80237	88785	247563891	1691734
AL	NC_063217.1	41100001	41200000	0.0006390760111624	81096	175782	275056483	1410858
AL	NC_063217.1	41200001	41300000	0.0004710856814864	81978	120988	256828014	1678276
AL	NC_063217.1	41300001	41400000	0.0006752061103155	40060	83005	122932833	852390
AL	NC_063217.1	41400001	41500000	NA	0	NA	NA	NA
AL	NC_063217.1	41500001	41600000	0.000382141867724	18805	22044	57685383	399294
AL	NC_063217.1	41600001	41700000	0.0009322235980316	80866	250624	268845372	1468024
AL	NC_063217.1	41700001	41800000	0.0003363397707384	86490	88204	262246715	1875418
AL	NC_063217.1	41800001	41900000	0.0004407170323351	85295	120733	273946753	1659842
AL	NC_063217.1	41900001	42000000	0.0004652968572507	67198	107632	231318992	1126176
AL	NC_063217.1	42000001	42100000	0.0004240258671167	69725	101950	240433445	1161314
AL	NC_063217.1	42100001	42200000	0.0003645046268444	83597	106424	291968859	1349374
AL	NC_063217.1	42200001	42300000	0.0002665564867727	79712	73014	273915675	1334642
AL	NC_063217.1	42300001	42400000	0.0003158234205748	81344	85819	271730956	1457720
AL	NC_063217.1	42400001	42500000	0.0003216757885279	82889	83193	258623754	1705096
AL	NC_063217.1	42500001	42600000	0.0004349854172277	81464	117874	270983797	1474486
AL	NC_063217.1	42600001	42700000	0.0004110062432355	84337	111617	271570084	1635372
AL	NC_063217.1	42700001	42800000	0.0004838044706987	85789	124660	257666077	1890386
AL	NC_063217.1	42800001	42900000	0.0003137947773405	82748	83194	265122322	1621780
AL	NC_063217.1	42900001	43000000	0.0002487205358446	85794	67785	272534794	1706492
AL	NC_063217.1	43000001	43100000	0.0002303330384146	83966	66557	288959849	1406430
AL	NC_063217.1	43100001	43200000	0.0006041434942721	79789	155151	256811505	1549602
AL	NC_063217.1	43200001	43300000	0.0005761209611126	76949	134156	232860821	1676210
AL	NC_063217.1	43300001	43400000	0.000753695387377	84654	211235	280265746	1544988
AL	NC_063217.1	43400001	43500000	0.0004479133159772	82755	136410	304545534	1151936
AL	NC_063217.1	43500001	43600000	0.0005175801724132	84130	147990	285926718	1449180
AL	NC_063217.1	43600001	43700000	0.000291786622756	86357	85744	293858571	1479342
AL	NC_063217.1	43700001	43800000	0.0002295892202111	85504	66810	290997983	1469122
AL	NC_063217.1	43800001	43900000	0.0003922887999764	76626	96996	247256613	1482542
AL	NC_063217.1	43900001	44000000	0.0006074387263751	77359	150807	248267016	1510188
AL	NC_063217.1	44000001	44100000	0.0004159483511518	85697	111219	267386563	1766382
AL	NC_063217.1	44100001	44200000	0.0002348819352935	83214	60466	257431462	1743292
AL	NC_063217.1	44200001	44300000	5.991239184716833e-05	82501	15218	254004214	1739176
AL	NC_063217.1	44300001	44400000	0.0002254038450117	83678	60953	270416860	1612368
AL	NC_063217.1	44400001	44500000	0.0003740606717225	82420	97588	260888159	1656682
AL	NC_063217.1	44500001	44600000	0.0001368279374126	83648	38340	280205934	1495188
AL	NC_063217.1	44600001	44700000	0.0002457581489173	84482	74029	301227041	1287454
AL	NC_063217.1	44700001	44800000	0.0004945676233956	86218	132046	266992811	1798354
AL	NC_063217.1	44800001	44900000	0.0005088154519744	87528	147924	290722303	1591538
AL	NC_063217.1	44900001	45000000	0.0004623515487824	85113	123303	266686681	1743034
AL	NC_063217.1	45000001	45100000	0.000441074780091	82733	112338	254691506	1746080
AL	NC_063217.1	45100001	45200000	0.0008119022413088	85082	211218	260152010	1818132
AL	NC_063217.1	45200001	45300000	0.0002898438436768	84527	80625	278167026	1570200
AL	NC_063217.1	45300001	45400000	0.0005323232267409	83354	153443	288251559	1378354
AL	NC_063217.1	45400001	45500000	0.0002658484904415	85754	71758	269920660	1738416
AL	NC_063217.1	45500001	45600000	0.0005245310551806	84502	147739	281659205	1519798
AL	NC_063217.1	45600001	45700000	0.0004359982072691	83207	118084	270835976	1575860
AL	NC_063217.1	45700001	45800000	0.0004919266943403	82330	137222	278948066	1434100
AL	NC_063217.1	45800001	45900000	0.0006507373601487	83733	168642	259155245	1750386
AL	NC_063217.1	45900001	46000000	0.0004468038702529	83413	116338	260378228	1715500
AL	NC_063217.1	46000001	46100000	0.0003145294298224	83946	82421	262045431	1727138
AL	NC_063217.1	46100001	46200000	0.0005468955366144	83376	145653	266326913	1645214
AL	NC_063217.1	46200001	46300000	0.0002721919948383	82925	67141	246667798	1859048
AL	NC_063217.1	46300001	46400000	0.000375167808713	84863	102601	273480287	1644822
AL	NC_063217.1	46400001	46500000	0.0004320692533677	86635	128214	296744096	1465020
AL	NC_063217.1	46500001	46600000	0.0003820909100292	84044	110943	290357601	1392366
AL	NC_063217.1	46600001	46700000	0.0004705183928556	85430	129243	274682142	1658580
AL	NC_063217.1	46700001	46800000	0.0005489714335961	84000	153905	280351564	1510464
AL	NC_063217.1	46800001	46900000	0.0004624816739244	82529	127369	275403345	1478938
AL	NC_063217.1	46900001	47000000	0.0005948207631331	79023	153197	257551534	1489968
AL	NC_063217.1	47000001	47100000	0.0007040388470915	85145	188942	268368714	1722520
AL	NC_063217.1	47100001	47200000	0.0005508633049963	85110	154057	279664662	1577892
AL	NC_063217.1	47200001	47300000	0.0005052999534324	84213	140783	278612731	1537918
AL	NC_063217.1	47300001	47400000	0.0005563152881846	80235	153008	275038280	1353860
AL	NC_063217.1	47400001	47500000	0.000364482073637	86278	119866	328866654	1066292
AL	NC_063217.1	47500001	47600000	0.0003453973430637	88734	106345	307891772	1451464
AL	NC_063217.1	47600001	47700000	0.0006445271222438	82771	168069	260763270	1672136
AL	NC_063217.1	47700001	47800000	0.000653395621909	86411	194302	297372669	1444858
AL	NC_063217.1	47800001	47900000	0.0003493642795073	86095	111515	319194052	1167812
AL	NC_063217.1	47900001	48000000	0.0006262121773369	85398	175296	279930679	1596970
AL	NC_063217.1	48000001	48100000	0.0005418391125813	83928	143079	264061779	1704946
AL	NC_063217.1	48100001	48200000	0.000469046066556	83496	127265	271327294	1587804
AL	NC_063217.1	48200001	48300000	0.0003761468226068	82004	93417	248352490	1781812
AL	NC_063217.1	48300001	48400000	0.0005066315791513	83522	138013	272412944	1575104
AL	NC_063217.1	48400001	48500000	0.0006642585985152	83597	175509	264217882	1683680
AL	NC_063217.1	48500001	48600000	0.0004576025369873	84044	127250	278079752	1540288
AL	NC_063217.1	48600001	48700000	0.0004120286291874	83869	116269	282186702	1482712
AL	NC_063217.1	48700001	48800000	0.0004113653646017	87287	120671	293342635	1546590
AL	NC_063217.1	48800001	48900000	0.0004372660019213	79205	113944	260582802	1467320
AL	NC_063217.1	48900001	49000000	0.0002945142571034	84465	82155	278950842	1554312
AL	NC_063217.1	49000001	49100000	0.000405029652215	83478	117608	290368864	1358152
AL	NC_063217.1	49100001	49200000	0.0004094360706342	84764	116739	285121435	1491674
AL	NC_063217.1	49200001	49300000	0.0002460553725142	84979	66754	271296657	1676594
AL	NC_063217.1	49300001	49400000	0.0002807757703788	84693	77266	275187563	1616502
AL	NC_063217.1	49400001	49500000	0.0006419434845445	84848	179112	279015216	1576784
AL	NC_063217.1	49500001	49600000	0.000523377425007	81996	137855	263395006	1595820
AL	NC_063217.1	49600001	49700000	0.0006628971645759	83647	181706	274108881	1565298
AL	NC_063217.1	49700001	49800000	0.000480554378848	83437	125355	260854974	1713504
AL	NC_063217.1	49800001	49900000	0.000605603482064	60512	118048	194926224	1174712
AL	NC_063217.1	49900001	50000000	0.0003076267846383	82879	79005	256820940	1732092
AL	NC_063217.1	50000001	50100000	0.0006949569108094	81402	174666	251333568	1712904
AL	NC_063217.1	50100001	50200000	0.0005267970793447	82720	131060	248786497	1822350
AL	NC_063217.1	50200001	50300000	0.0001846519122792	83805	46197	250184249	1866466
AL	NC_063217.1	50300001	50400000	0.0003809988492754	80943	95447	250517817	1693906
AL	NC_063217.1	50400001	50500000	0.000301979331138	82956	79024	261686784	1678528
AL	NC_063217.1	50500001	50600000	0.000439472503294	79807	110866	252270618	1606016
AL	NC_063217.1	50600001	50700000	0.0003667964663934	80744	90200	245912947	1739258
AL	NC_063217.1	50700001	50800000	0.0002165830824138	82672	55671	257042237	1714758
AL	NC_063217.1	50800001	50900000	0.0005695076657234	83902	144541	253799920	1826976
AL	NC_063217.1	50900001	51000000	0.0004353586852471	76190	105799	243015710	1507380
AL	NC_063217.1	51000001	51100000	0.0003344273279231	82434	91379	273240230	1510804
AL	NC_063217.1	51100001	51200000	0.0004518669803966	84753	124524	275576675	1609774
AL	NC_063217.1	51200001	51300000	0.0004230906905081	80386	106147	250884745	1653846
AL	NC_063217.1	51300001	51400000	0.0005112074684751	82282	134203	262521595	1629050
AL	NC_063217.1	51400001	51500000	0.0003675414144833	79726	91504	248962420	1643512
AL	NC_063217.1	51500001	51600000	0.0005095355285305	80406	121632	238711519	1810306
AL	NC_063217.1	51600001	51700000	0.0003420934156126	79992	81855	239276748	1776928
AL	NC_063217.1	51700001	51800000	0.0002343178866027	75064	53964	230302521	1597510
AL	NC_063217.1	51800001	51900000	0.0002652527827958	76974	62253	234693108	1655888
AL	NC_063217.1	51900001	52000000	0.000466066782902	78968	109382	234691688	1775416
AL	NC_063217.1	52000001	52100000	0.0005891797214193	78694	133766	227037685	1856278
AL	NC_063217.1	52100001	52200000	0.0007120830657217	77708	162601	228345551	1780074
AL	NC_063217.1	52200001	52300000	0.0004720668767084	79864	120326	254891851	1578850
AL	NC_063217.1	52300001	52400000	0.0009212653952279	76643	217270	235838664	1624620
AL	NC_063217.1	52400001	52500000	0.0010212617989135	81513	239951	234955425	1924346
AL	NC_063217.1	52500001	52600000	0.0006927414229418	81168	173460	250396460	1709784
AL	NC_063217.1	52600001	52700000	0.0006742663739922	81979	167808	248874935	1772654
AL	NC_063217.1	52700001	52800000	0.0005907355181188	83244	157101	265941348	1638936
AL	NC_063217.1	52800001	52900000	0.0006050481230491	84821	156767	259098399	1815094
AL	NC_063217.1	52900001	53000000	0.0004505925993525	79527	111098	246559753	1660338
AL	NC_063217.1	53000001	53100000	0.0005722258274848	84179	146962	256825178	1808680
AL	NC_063217.1	53100001	53200000	0.0005606476427622	84432	153574	273922493	1614486
AL	NC_063217.1	53200001	53300000	0.0004272319635026	82961	119880	280596983	1442470
AL	NC_063217.1	53300001	53400000	0.0003974983839364	86617	110307	277503015	1692150
AL	NC_063217.1	53400001	53500000	0.0004156756577271	84382	115997	279056514	1544420
AL	NC_063217.1	53500001	53600000	0.0003238041890113	84440	83907	259128828	1791224
AL	NC_063217.1	53600001	53700000	0.0001659221277935	82108	44336	267209688	1558128
AL	NC_063217.1	53700001	53800000	0.0004023649899383	82088	110055	273520318	1480500
AL	NC_063217.1	53800001	53900000	0.0005628597993071	81515	156422	277905795	1391014
AL	NC_063217.1	53900001	54000000	0.0003735793292937	81778	101618	272011838	1476212
AL	NC_063217.1	54000001	54100000	0.0006006836794145	81988	174682	290805304	1267104
AL	NC_063217.1	54100001	54200000	0.0006301626597401	82661	166814	264715780	1617708
AL	NC_063217.1	54200001	54300000	0.0006382556172037	81608	155091	242991986	1826076
AL	NC_063217.1	54300001	54400000	0.0008683134545932	81191	215892	248633715	1731478
AL	NC_063217.1	54400001	54500000	0.0007193609750058	79235	178404	248003445	1625370
AL	NC_063217.1	54500001	54600000	0.0005581219384098	83149	142863	255970945	1756146
AL	NC_063217.1	54600001	54700000	0.0005709264502414	83244	141041	247038826	1873788
AL	NC_063217.1	54700001	54800000	0.0004682547172375	79640	118463	252988375	1588762
AL	NC_063217.1	54800001	54900000	0.0005792008383392	81788	141406	244139840	1822280
AL	NC_063217.1	54900001	55000000	0.0005373621062312	80891	135821	252755076	1662188
AL	NC_063217.1	55000001	55100000	0.0002800512832805	82910	68708	245340779	1874458
AL	NC_063217.1	55100001	55200000	0.0002297523554802	81656	56263	244885411	1805090
AL	NC_063217.1	55200001	55300000	9.385380711080728e-05	83136	23321	248482195	1848282
AL	NC_063217.1	55300001	55400000	0.0002859129781249	82589	70485	246526060	1839508
AL	NC_063217.1	55400001	55500000	0.0008165956057413	84469	212730	260508382	1780032
AL	NC_063217.1	55500001	55600000	0.0008983640097456	84168	239723	266843949	1682734
AL	NC_063217.1	55600001	55700000	0.0006320776134156	83414	172262	272532987	1568930
AL	NC_063217.1	55700001	55800000	0.0003925890997831	85405	103921	264706789	1779826
AL	NC_063217.1	55800001	55900000	0.000365459443992	86743	104220	285175282	1607104
AL	NC_063217.1	55900001	56000000	0.0002041454426749	85612	57453	281431705	1589958
AL	NC_063217.1	56000001	56100000	0.0002986869075597	86839	89927	301074462	1421512
AL	NC_063217.1	56100001	56200000	0.0002666542233457	84461	78592	294733753	1363698
AL	NC_063217.1	56200001	56300000	0.0003995570511684	84376	106678	266990658	1689820
AL	NC_063217.1	56300001	56400000	0.0002906286131024	86037	76040	261639758	1854352
AL	NC_063217.1	56400001	56500000	0.0002347246208947	84487	62849	267756317	1687794
AL	NC_063217.1	56500001	56600000	0.000335541581586	85476	89659	267206823	1751258
AL	NC_063217.1	56600001	56700000	0.0002221629695318	84149	58825	264783101	1704090
AL	NC_063217.1	56700001	56800000	0.000258003252802	83567	66254	256795212	1767932
AL	NC_063217.1	56800001	56900000	0.0002401159077299	83127	63894	266096489	1628330
AL	NC_063217.1	56900001	57000000	0.0003297647231151	87010	93167	282525672	1653400
AL	NC_063217.1	57000001	57100000	0.0003446694026951	85674	99328	288183399	1506474
AL	NC_063217.1	57100001	57200000	0.0003399196949819	84717	95924	282196064	1525180
AL	NC_063217.1	57200001	57300000	0.0001731111078552	85157	46966	271305525	1680186
AL	NC_063217.1	57300001	57400000	0.0001447391843808	85489	39093	270092720	1715060
AL	NC_063217.1	57400001	57500000	0.0003315218493326	79737	86031	259503258	1511312
AL	NC_063217.1	57500001	57600000	0.000395394928993	83836	101790	257438810	1777932
AL	NC_063217.1	57600001	57700000	0.0002884174854455	78444	69604	241330722	1657588
AL	NC_063217.1	57700001	57800000	0.0003347966977648	80656	84231	251588503	1663570
AL	NC_063217.1	57800001	57900000	0.0004295527845739	77917	105321	245187562	1582520
AL	NC_063217.1	57900001	58000000	0.0004155082697337	82463	104808	252240467	1760582
AL	NC_063217.1	58000001	58100000	0.0004520935340209	80907	114204	252611443	1663526
AL	NC_063217.1	58100001	58200000	0.0003810204391198	84852	99870	262111923	1777682
AL	NC_063217.1	58200001	58300000	0.0002061981017896	84906	60655	294158867	1399674
AL	NC_063217.1	58300001	58400000	0.0003469454262927	86865	113572	327348313	1113930
AL	NC_063217.1	58400001	58500000	0.0002053836108616	83207	57999	282393516	1437716
AL	NC_063217.1	58500001	58600000	0.0003107109022465	86249	85598	275490816	1697764
AL	NC_063217.1	58600001	58700000	0.0004065382079643	87915	120449	296279655	1543790
AL	NC_063217.1	58700001	58800000	0.0004056302226114	83504	106481	262507560	1697208
AL	NC_063217.1	58800001	58900000	0.0003447351806483	83753	87375	253455420	1821268
AL	NC_063217.1	58900001	59000000	0.0001891780488685	82045	49822	263360365	1601354
AL	NC_063217.1	59000001	59100000	0.0001331423250211	85905	38416	288533342	1520768
AL	NC_063217.1	59100001	59200000	0.0003129173336542	81252	80617	257630343	1621602
AL	NC_063217.1	59200001	59300000	0.0002373728145743	83567	61273	258129812	1754932
AL	NC_063217.1	59300001	59400000	0.0002853811328745	82812	71641	251036217	1795542
AL	NC_063217.1	59400001	59500000	0.000236913680189	82905	62582	264155282	1641800
AL	NC_063217.1	59500001	59600000	0.000178129415338	83375	49794	279538334	1482592
AL	NC_063217.1	59600001	59700000	0.0007303082056345	77111	200918	275113984	1177692
AL	NC_063217.1	59700001	59800000	0.0005696748192617	83902	155591	273122481	1591406
AL	NC_063217.1	59800001	59900000	0.000255733764678	82634	73881	288898105	1328774
AL	NC_063217.1	59900001	60000000	0.000664036088899	84845	174797	263234187	1764190
AL	NC_063217.1	60000001	60100000	0.0005187126948608	81531	142614	274938326	1434200
AL	NC_063217.1	60100001	60200000	0.0004254600794233	79935	109013	256223804	1568620
AL	NC_063217.1	60200001	60300000	0.0003622007149972	82569	92197	254546709	1737578
AL	NC_063217.1	60300001	60400000	0.0001929479098228	84714	49992	259095836	1811120
AL	NC_063217.1	60400001	60500000	0.0003453537335039	80862	93912	271929882	1432476
AL	NC_063217.1	60500001	60600000	0.0003325656052698	79228	80621	242421341	1689510
AL	NC_063217.1	60600001	60700000	0.0002488561760764	84559	67433	270971776	1651868
AL	NC_063217.1	60700001	60800000	6.949035660027746e-05	81011	19282	277477350	1369224
AL	NC_063217.1	60800001	60900000	9.92252721327572e-05	83594	27576	277913070	1512820
AL	NC_063217.1	60900001	61000000	0.0002907830434343	83757	77371	266078101	1666218
AL	NC_063217.1	61000001	61100000	0.0001491637510402	83709	37933	254304412	1807708
AL	NC_063217.1	61100001	61200000	0.0002295691087866	79947	57508	250504087	1634366
AL	NC_063217.1	61200001	61300000	0.0003755959114693	82244	95728	254869654	1716892
AL	NC_063217.1	61300001	61400000	0.0004055710851204	83221	109091	268981207	1601606
AL	NC_063217.1	61400001	61500000	0.0002909067404227	81837	76887	264301198	1578936
AL	NC_063217.1	61500001	61600000	0.0003831655969732	81610	93309	243521341	1818814
AL	NC_063217.1	61600001	61700000	0.000329905824243	81490	84186	255181915	1669178
AL	NC_063217.1	61700001	61800000	0.0005104038191834	81678	148767	291469214	1244588
AL	NC_063217.1	61800001	61900000	0.000299920722803	82504	80630	268837709	1557286
AL	NC_063217.1	61900001	62000000	0.0003397970155058	82414	98679	290405729	1299054
AL	NC_063217.1	62000001	62100000	0.0004328695402986	84697	123925	286287180	1473948
AL	NC_063217.1	62100001	62200000	0.0005176947121891	85980	140279	270968578	1736948
AL	NC_063217.1	62200001	62300000	0.0003877522907446	79251	103732	267521308	1386068
AL	NC_063217.1	62300001	62400000	0.0002294869970394	83300	69119	301189178	1222372
AL	NC_063217.1	62400001	62500000	0.0003092939703803	84111	90194	291612539	1377750
AL	NC_063217.1	62500001	62600000	0.0004744192690382	80826	143485	302443449	1065814
AL	NC_063217.1	62600001	62700000	0.0002402147528979	80984	68193	283883480	1292128
AL	NC_063217.1	62700001	62800000	0.0002583315735645	81207	69114	267539887	1498686
AL	NC_063217.1	62800001	62900000	0.0003169635585784	83282	85321	269182364	1600648
AL	NC_063217.1	62900001	63000000	0.0004633248409091	78744	116792	252073685	1544966
AL	NC_063217.1	63000001	63100000	4.505067798782613e-05	81750	11137	247210486	1780548
AL	NC_063217.1	63100001	63200000	0.0003137695032789	77686	79780	254263079	1456882
AL	NC_063217.1	63200001	63300000	0.0001283088558415	80867	34074	265562340	1507900
AL	NC_063217.1	63300001	63400000	0.0002994264128803	80382	80578	269107856	1434232
AL	NC_063217.1	63400001	63500000	0.0001723147751244	78520	46945	272437462	1285372
AL	NC_063217.1	63500001	63600000	0.0002157257441011	78707	59153	274204640	1277516
AL	NC_063217.1	63600001	63700000	0.0004234194490664	76653	109280	258089231	1353910
AL	NC_063217.1	63700001	63800000	0.0001954856038022	78260	55276	282762510	1153708
AL	NC_063217.1	63800001	63900000	0.0003362617400651	78647	91821	273064072	1284172
AL	NC_063217.1	63900001	64000000	0.0002874874661418	67384	67074	233311041	1107398
AL	NC_063217.1	64000001	64100000	0.0001693328978334	76540	46057	271990857	1177054
AL	NC_063217.1	64100001	64200000	0.0002088118499167	67312	53490	256163623	835594
AL	NC_063217.1	64200001	64300000	0.0002394907209656	79723	65509	273534606	1349376
AL	NC_063217.1	64300001	64400000	0.0002638404249064	74477	71978	272808839	1051510
AL	NC_063217.1	64400001	64500000	1.3901640737243058e-05	1681	89	6402122	20720
AL	NC_063217.1	64500001	64600000	NA	0	NA	NA	NA
AL	NC_063217.1	64600001	64700000	0.0	6	0	23326	68
AL	NC_063217.1	64700001	64800000	0.0	5	0	15329	106
AL	NC_063217.1	64800001	64900000	NA	0	NA	NA	NA
AL	NC_063217.1	64900001	65000000	NA	0	NA	NA	NA
AL	NC_063217.1	65000001	65100000	0.0001633257267937	31058	17049	104386494	547324
AL	NC_063217.1	65100001	65200000	0.0011156430656663	71968	276009	247399019	1205338
AL	NC_063217.1	65200001	65300000	0.000272977960498	77606	70303	257540938	1411732
AL	NC_063217.1	65300001	65400000	0.0001983257400897	79190	48492	244506840	1661928
AL	NC_063217.1	65400001	65500000	0.0006671670238082	74050	165630	248258673	1318526
AL	NC_063217.1	65500001	65600000	0.0004013162350223	71242	101124	251980835	1112178
AL	NC_063217.1	65600001	65700000	0.0002007867474586	80492	53974	268812562	1447092
AL	NC_063217.1	65700001	65800000	7.24600453299653e-05	78098	16904	233287185	1738142
AL	NC_063217.1	65800001	65900000	7.770920995460863e-05	72648	19020	244758633	1279070
AL	NC_063217.1	65900001	66000000	0.000162667814988	72399	36665	225397999	1501670
AL	NC_063217.1	66000001	66100000	0.0002080102525139	56099	39289	188880113	986938
AL	NC_063217.1	66100001	66200000	0.0001779510033646	72892	41917	235553603	1403570
AL	NC_063217.1	66200001	66300000	0.000271880174789	80225	66218	243555824	1737892
AL	NC_063217.1	66300001	66400000	0.0003094320112275	70623	67593	218442170	1480064
AL	NC_063217.1	66400001	66500000	0.0002575872408222	72235	58110	225593472	1485588
AL	NC_063217.1	66500001	66600000	0.0003912928022147	74293	89798	229490549	1561922
AL	NC_063217.1	66600001	66700000	0.0002596248005636	41316	33452	128847475	857394
AL	NC_063217.1	66700001	66800000	0.000321396133517	37649	39865	124036962	695616
AL	NC_063217.1	66800001	66900000	0.0003499822815226	79835	85835	245255273	1694018
AL	NC_063217.1	66900001	67000000	0.0002182273394962	80931	54868	251425876	1680044
AL	NC_063217.1	67000001	67100000	8.69082870201044e-05	79268	21828	251161319	1588338
AL	NC_063217.1	67100001	67200000	0.0003020450032725	81598	73778	244261614	1809004
AL	NC_063217.1	67200001	67300000	0.0002114400644768	77377	53290	252033597	1467570
AL	NC_063217.1	67300001	67400000	0.0003943805710353	79554	97204	246472588	1661504
AL	NC_063217.1	67400001	67500000	0.0002615535221286	75116	61808	236311098	1524052
AL	NC_063217.1	67500001	67600000	0.0003775630739302	81116	95254	252286324	1680432
AL	NC_063217.1	67600001	67700000	0.0002297868193604	81707	60822	264688811	1564902
AL	NC_063217.1	67700001	67800000	0.0003243984759649	80555	80921	249449384	1684292
AL	NC_063217.1	67800001	67900000	0.0001713716518181	78644	42426	247567200	1592896
AL	NC_063217.1	67900001	68000000	0.0001012332659716	75111	23382	230971507	1589334
AL	NC_063217.1	68000001	68100000	0.0001075847091306	80895	25928	241000791	1808134
AL	NC_063217.1	68100001	68200000	0.0001651192139706	78884	41323	250261608	1578824
AL	NC_063217.1	68200001	68300000	7.232049394059012e-05	77768	16908	233792651	1714946
AL	NC_063217.1	68300001	68400000	0.0001964143626943	79822	46090	234656974	1825412
AL	NC_063217.1	68400001	68500000	0.0002920468907693	80554	71744	245659181	1732238
AL	NC_063217.1	68500001	68600000	0.0003184574842971	83795	77822	244371710	1941200
AL	NC_063217.1	68600001	68700000	0.0003176278991481	80485	78054	245740378	1726672
AL	NC_063217.1	68700001	68800000	0.0003335177894541	80293	85431	256151254	1585440
AL	NC_063217.1	68800001	68900000	0.0001745592387939	81659	45044	258044205	1650482
AL	NC_063217.1	68900001	69000000	0.0004484077136477	84614	124419	277468465	1580038
AL	NC_063217.1	69000001	69100000	0.000783262820435	83593	210016	268129668	1636140
AL	NC_063217.1	69100001	69200000	0.0008918451506048	82472	250628	281021879	1413610
AL	NC_063217.1	69200001	69300000	0.0007259041622552	84518	204725	282027588	1520592
AL	NC_063217.1	69300001	69400000	1.5366120170136234e-05	83552	3952	257189190	1763236
AL	NC_063217.1	69400001	69500000	2.9265793446550072e-05	81177	7847	268128729	1493746
AL	NC_063217.1	69500001	69600000	9.05464066883429e-05	81031	23691	261644839	1565774
AL	NC_063217.1	69600001	69700000	0.0001315485816219	82667	33773	256734049	1717162
AL	NC_063217.1	69700001	69800000	8.59850819495636e-05	82702	21658	251880902	1778620
AL	NC_063217.1	69800001	69900000	0.0001765455901882	83678	45057	255214531	1794914
AL	NC_063217.1	69900001	70000000	0.0004082502687549	83470	114589	280683220	1472448
AL	NC_063217.1	70000001	70100000	0.0005768925706419	85007	165697	287223321	1480322
AL	NC_063217.1	70100001	70200000	0.0002122603571369	83642	58265	274497795	1557298
AL	NC_063217.1	70200001	70300000	0.0003752488101996	83509	103442	275662433	1535626
AL	NC_063217.1	70300001	70400000	0.0004047793308268	83000	112411	277709338	1479732
AL	NC_063217.1	70400001	70500000	0.0003984256486825	84042	110300	276839607	1550402
AL	NC_063217.1	70500001	70600000	0.0004304113805702	84481	114421	265841019	1712734
AL	NC_063217.1	70600001	70700000	0.000412552022619	85685	122472	296864379	1407342
AL	NC_063217.1	70700001	70800000	9.403318467538078e-05	82581	26081	277359531	1459790
AL	NC_063217.1	70800001	70900000	0.0002101576599622	84665	58185	276863570	1587960
AL	NC_063217.1	70900001	71000000	0.0002236079500816	85128	64415	288071153	1481398
AL	NC_063217.1	71000001	71100000	0.0004078349411801	84487	117405	287873814	1444816
AL	NC_063217.1	71100001	71200000	0.0002055848170579	83941	59472	289282063	1401358
AL	NC_063217.1	71200001	71300000	0.0003160432262488	85408	89491	283160633	1557182
AL	NC_063217.1	71300001	71400000	0.000402542493696	85292	115840	287770861	1494838
AL	NC_063217.1	71400001	71500000	0.0004343669863959	84965	119883	275994732	1618468
AL	NC_063217.1	71500001	71600000	0.0004316780910531	87044	118283	274007420	1761280
AL	NC_063217.1	71600001	71700000	0.0002940784481998	81001	82114	279224814	1353792
AL	NC_063217.1	71700001	71800000	0.0004568909883296	85686	124728	272992909	1695982
AL	NC_063217.1	71800001	71900000	0.0004144357112531	84812	116825	281889318	1543476
AL	NC_063217.1	71900001	72000000	0.0001981060344941	87484	54398	274590323	1781890
AL	NC_063217.1	72000001	72100000	0.0003173600805501	78161	86527	272646137	1265810
AL	NC_063217.1	72100001	72200000	0.0003520348663953	86838	103159	293036315	1522938
AL	NC_063217.1	72200001	72300000	0.0003680735192567	82643	99030	269049510	1564704
AL	NC_063217.1	72300001	72400000	0.0006018711534395	86103	163835	272209424	1730916
AL	NC_063217.1	72400001	72500000	0.0005634186543477	83732	143387	254494591	1809922
AL	NC_063217.1	72500001	72600000	0.0001527742169254	78585	37346	244452243	1634902
AL	NC_063217.1	72600001	72700000	2.5481755301289715e-05	45338	3853	151206224	818896
AL	NC_063217.1	72700001	72800000	8.067734095121695e-05	85320	21507	266580427	1750546
AL	NC_063217.1	72800001	72900000	0.0003770612564237	85087	102178	270985147	1685006
AL	NC_063217.1	72900001	73000000	0.0003058346248308	86242	92623	302853217	1365910
AL	NC_063217.1	73000001	73100000	0.0003359013183576	87322	96504	287298664	1616088
AL	NC_063217.1	73100001	73200000	0.0001328088933538	84785	38021	286283539	1481902
AL	NC_063217.1	73200001	73300000	0.0003436244798493	83299	96978	282220871	1444134
AL	NC_063217.1	73300001	73400000	0.0005353856108704	70363	129757	242361762	1174696
AL	NC_063217.1	73400001	73500000	8.682064348641641e-05	32529	9103	104848336	632316
AL	NC_063217.1	73500001	73600000	0.0004768875292616	72249	120456	252587859	1161046
AL	NC_063217.1	73600001	73700000	0.0005502869476928	84966	165104	300032557	1326814
AL	NC_063217.1	73700001	73800000	0.0003410780649469	85863	101982	298998999	1391678
AL	NC_063217.1	73800001	73900000	0.0002042602438836	81632	62605	306496256	1063304
AL	NC_063217.1	73900001	74000000	0.0003981304705324	77970	118677	298085700	956896
AL	NC_063217.1	74000001	74100000	0.0007089191459696	82681	226887	320046371	964078
AL	NC_063217.1	74100001	74200000	0.0005864473248756	87320	196721	335445302	1047204
AL	NC_063217.1	74200001	74300000	0.0005171974858052	84203	170364	329398353	940898
AL	NC_063217.1	74300001	74400000	0.000467015606936	84576	153341	328342346	972172
AL	NC_063217.1	74400001	74500000	0.0001928130932556	88087	63335	328478730	1171544
AL	NC_063217.1	74500001	74600000	0.0002692397814946	86688	87331	324361428	1142112
AL	NC_063217.1	74600001	74700000	0.0005850452194658	83218	193545	330820582	870260
AL	NC_063217.1	74700001	74800000	0.0005223149717306	85776	170748	326906195	1057466
AL	NC_063217.1	74800001	74900000	0.000541453470669	80972	166637	307758670	1007572
AL	NC_063217.1	74900001	75000000	0.0002848380793067	85272	84051	295083439	1405418
AL	NC_063217.1	75000001	75100000	0.0004122531204443	80243	116534	282675847	1262198
AL	NC_063217.1	75100001	75200000	0.0003390948103152	84427	104169	307197270	1211304
AL	NC_063217.1	75200001	75300000	0.0004149436723095	88554	131673	317327408	1329328
AL	NC_063217.1	75300001	75400000	0.0001421117575425	80686	41086	289110491	1216442
AL	NC_063217.1	75400001	75500000	0.0003793834756796	77382	101034	266311019	1291754
AL	NC_063217.1	75500001	75600000	0.0002505893358101	85543	81312	324483082	1072576
AL	NC_063217.1	75600001	75700000	0.0002687382427765	87781	89914	334578358	1077720
AL	NC_063217.1	75700001	75800000	0.0001477464878378	87433	50548	342126576	974708
AL	NC_063217.1	75800001	75900000	0.0001447861761807	82494	47695	329416808	851712
AL	NC_063217.1	75900001	76000000	0.0001825576135313	50884	37816	207145565	479262
AL	NC_063217.1	76000001	76100000	0.0001096184368611	20169	7651	69796653	336186
AL	NC_063217.1	76100001	76200000	0.0	6751	0	23271884	113012
AL	NC_063217.1	76200001	76300000	0.0003498784006587	3951	4954	14159205	59402
AL	NC_063218.1	1	100000	6.876927016205308e-05	13987	3586	52145384	189340
AL	NC_063218.1	100001	200000	0.0001813340226375	59862	38241	210887066	943564
AL	NC_063218.1	200001	300000	0.0002228710909655	80558	67971	304978989	1016798
AL	NC_063218.1	300001	400000	0.0001250486985882	76623	39404	315109237	680874
AL	NC_063218.1	400001	500000	0.0006063543661164	75723	185390	305745304	736428
AL	NC_063218.1	500001	600000	0.0004613983544407	69820	135210	293043958	555572
AL	NC_063218.1	600001	700000	0.0006583681489031	65414	174448	264970291	627082
AL	NC_063218.1	700001	800000	0.0007805997401587	63234	197908	253533264	634912
AL	NC_063218.1	800001	900000	0.0008343094202808	53977	180372	216193172	545028
AL	NC_063218.1	900001	1000000	0.0006258155480402	64927	161056	257353785	684986
AL	NC_063218.1	1000001	1100000	0.0005378021714863	68624	148894	276856450	675116
AL	NC_063218.1	1100001	1200000	0.0003926073331795	68449	108066	275252118	679720
AL	NC_063218.1	1200001	1300000	0.000502446861373	68403	133853	266402301	775746
AL	NC_063218.1	1300001	1400000	0.0004566904644376	65660	111779	244758778	870204
AL	NC_063218.1	1400001	1500000	0.0006379361261585	65749	162162	254197863	767566
AL	NC_063218.1	1500001	1600000	0.0006638841135443	63880	160273	241417134	809812
AL	NC_063218.1	1600001	1700000	0.0007595255135702	67725	194032	255464756	863900
AL	NC_063218.1	1700001	1800000	0.000481734133528	70202	124054	257515487	978882
AL	NC_063218.1	1800001	1900000	0.0005604708759843	70083	144910	258550455	961510
AL	NC_063218.1	1900001	2000000	0.0006091242631147	66434	159435	261744622	722836
AL	NC_063218.1	2000001	2100000	0.0005756792467281	75455	172442	299545278	795992
AL	NC_063218.1	2100001	2200000	0.000416967446905	74758	117925	282815843	947874
AL	NC_063218.1	2200001	2300000	0.0004858454446724	75515	139518	287165397	939306
AL	NC_063218.1	2300001	2400000	0.0006511644943505	71382	175393	269352831	913706
AL	NC_063218.1	2400001	2500000	0.0006130693830843	69390	166620	271780005	769198
AL	NC_063218.1	2500001	2600000	0.0001808784899723	66994	45478	251428459	877338
AL	NC_063218.1	2600001	2700000	0.0004939540965929	68386	126180	255448838	904468
AL	NC_063218.1	2700001	2800000	0.0005995508673009	72776	170444	284286137	819550
AL	NC_063218.1	2800001	2900000	0.0006755521375083	72006	179695	265997234	986324
AL	NC_063218.1	2900001	3000000	0.0004640386395197	77944	136450	294048789	993894
AL	NC_063218.1	3000001	3100000	0.0007944167516727	81619	236044	297128679	1166726
AL	NC_063218.1	3100001	3200000	0.0003349043791284	81452	94809	283092745	1324518
AL	NC_063218.1	3200001	3300000	0.0001751015221206	81873	47750	272698943	1474070
AL	NC_063218.1	3300001	3400000	0.0001789113494921	77564	51630	288578674	1037724
AL	NC_063218.1	3400001	3500000	0.0004245117436946	79646	125381	295353431	1079010
AL	NC_063218.1	3500001	3600000	0.0003285579369675	79862	98285	299140544	1049256
AL	NC_063218.1	3600001	3700000	0.0005721839842757	82233	173281	302841402	1136816
AL	NC_063218.1	3700001	3800000	0.0007413723207231	81087	218459	294668406	1166768
AL	NC_063218.1	3800001	3900000	0.000508557720154	74329	133657	262815792	1158092
AL	NC_063218.1	3900001	4000000	0.0004969171538312	78671	146148	294109388	1038732
AL	NC_063218.1	4000001	4100000	0.0005314988294064	79662	153118	288087182	1162452
AL	NC_063218.1	4100001	4200000	0.0007018098936941	76530	191737	273203615	1158714
AL	NC_063218.1	4200001	4300000	0.0005193970516115	74064	134637	259217875	1180714
AL	NC_063218.1	4300001	4400000	0.000554125306302	79992	155955	281443562	1262660
AL	NC_063218.1	4400001	4500000	0.0004193986188591	80995	118949	283618006	1288896
AL	NC_063218.1	4500001	4600000	0.0004019737760012	82267	113771	283030901	1370802
AL	NC_063218.1	4600001	4700000	0.0006570527971291	80963	191012	290710276	1210068
AL	NC_063218.1	4700001	4800000	0.0005006019511557	78171	134193	268063278	1316824
AL	NC_063218.1	4800001	4900000	0.0006062860205784	78744	175000	288642644	1102984
AL	NC_063218.1	4900001	5000000	0.0005359319093005	86083	162424	303068351	1350814
AL	NC_063218.1	5000001	5100000	0.0006553329089957	82101	198759	303294703	1126222
AL	NC_063218.1	5100001	5200000	0.0006211379846515	81492	191082	307632128	1039928
AL	NC_063218.1	5200001	5300000	0.0005250320497284	84032	154235	293763019	1344754
AL	NC_063218.1	5300001	5400000	0.0005135028922415	78761	135466	263807667	1405110
AL	NC_063218.1	5400001	5500000	0.0004333148479566	77524	119434	275628681	1192862
AL	NC_063218.1	5500001	5600000	0.0005536984347026	80888	150404	271635227	1433898
AL	NC_063218.1	5600001	5700000	0.0007113649870292	79981	213193	299695661	1049794
AL	NC_063218.1	5700001	5800000	0.0005315212162712	81771	142558	268207544	1523124
AL	NC_063218.1	5800001	5900000	0.0004326411441426	83317	123196	284753315	1416686
AL	NC_063218.1	5900001	6000000	0.0007084458636928	81370	201547	284491745	1304126
AL	NC_063218.1	6000001	6100000	0.0010336923099333	84886	311027	300889343	1308570
AL	NC_063218.1	6100001	6200000	0.0007012374780639	83703	204364	291433368	1356116
AL	NC_063218.1	6200001	6300000	0.000573065376677	84183	168604	294214250	1350904
AL	NC_063218.1	6300001	6400000	0.00058706486872	77302	142856	243339378	1562524
AL	NC_063218.1	6400001	6500000	0.0003150616768732	83245	84911	269505961	1589890
AL	NC_063218.1	6500001	6600000	0.0003433183876199	81573	91040	265176592	1546388
AL	NC_063218.1	6600001	6700000	0.0006291411345128	83437	177307	281823887	1453870
AL	NC_063218.1	6700001	6800000	0.0006871362126976	83446	186196	270973930	1587588
AL	NC_063218.1	6800001	6900000	0.0003147090106564	81969	88814	282209905	1367114
AL	NC_063218.1	6900001	7000000	0.0008941992286653	85930	253346	283321649	1586126
AL	NC_063218.1	7000001	7100000	0.0007547620294007	85151	210677	279130364	1589468
AL	NC_063218.1	7100001	7200000	0.0005099756465285	82999	138885	272336534	1545240
AL	NC_063218.1	7200001	7300000	0.0004197207925157	84871	130840	311731042	1187680
AL	NC_063218.1	7300001	7400000	0.0002893241785139	81093	78491	271290842	1445768
AL	NC_063218.1	7400001	7500000	0.000567165923944	84267	166078	292820836	1372508
AL	NC_063218.1	7500001	7600000	0.0005483457910206	84292	163892	298884395	1300842
AL	NC_063218.1	7600001	7700000	0.0005416975325108	85158	149694	276342407	1621058
AL	NC_063218.1	7700001	7800000	0.0005273430031175	83927	150203	284829796	1445396
AL	NC_063218.1	7800001	7900000	0.0004677707557637	83016	130586	279166661	1461590
AL	NC_063218.1	7900001	8000000	0.00017672875385	84439	49286	278879350	1550280
AL	NC_063218.1	8000001	8100000	0.0002312835204087	85212	68199	294871852	1405512
AL	NC_063218.1	8100001	8200000	0.00066662712836	85653	196220	294347457	1433434
AL	NC_063218.1	8200001	8300000	0.0004319702220963	85721	129152	298983572	1382524
AL	NC_063218.1	8300001	8400000	9.19702045952182e-05	81974	26764	291007290	1262172
AL	NC_063218.1	8400001	8500000	0.0001327105621382	80081	36104	272050690	1379736
AL	NC_063218.1	8500001	8600000	0.0001816041082292	84054	55197	303941362	1230164
AL	NC_063218.1	8600001	8700000	0.0005033900758624	82456	145656	289350162	1308476
AL	NC_063218.1	8700001	8800000	0.0003016713282432	81450	83753	277629964	1394768
AL	NC_063218.1	8800001	8900000	0.0004900015704056	86131	146067	298094963	1414230
AL	NC_063218.1	8900001	9000000	0.0006310468339404	83065	172851	273911524	1528412
AL	NC_063218.1	9000001	9100000	0.000690591923563	82020	177273	256697181	1678302
AL	NC_063218.1	9100001	9200000	0.0006341700028037	83804	170110	268240376	1640576
AL	NC_063218.1	9200001	9300000	0.0003816622320457	83626	100272	262724450	1699484
AL	NC_063218.1	9300001	9400000	0.0004415135579738	83408	116495	263853732	1673600
AL	NC_063218.1	9400001	9500000	0.0002600623216378	84366	68611	263825223	1729074
AL	NC_063218.1	9500001	9600000	0.000519558293003	80074	137061	263802930	1478396
AL	NC_063218.1	9600001	9700000	0.0002259763474659	84460	66314	293455491	1377282
AL	NC_063218.1	9700001	9800000	0.0003867436796378	83670	102006	263756088	1689768
AL	NC_063218.1	9800001	9900000	0.0004777477447163	83423	127274	266404188	1647972
AL	NC_063218.1	9900001	10000000	0.0004502017515951	84406	125373	278481813	1556398
AL	NC_063218.1	10000001	10100000	0.000394737927854	86672	121076	306725023	1343770
AL	NC_063218.1	10100001	10200000	0.0001447959281419	86157	43943	303482291	1357974
AL	NC_063218.1	10200001	10300000	0.0003174679180036	85748	100100	315307451	1191250
AL	NC_063218.1	10300001	10400000	0.0002738842166278	85465	84169	307315993	1266594
AL	NC_063218.1	10400001	10500000	0.0003864262804035	85423	120073	310726796	1228716
AL	NC_063218.1	10500001	10600000	0.0004978748607426	85507	140455	282109042	1576264
AL	NC_063218.1	10600001	10700000	0.0001846087400998	85027	51722	280170917	1572530
AL	NC_063218.1	10700001	10800000	0.0003985327360488	86747	117779	295531557	1480482
AL	NC_063218.1	10800001	10900000	0.0004782015362768	82028	140290	293370032	1239216
AL	NC_063218.1	10900001	11000000	0.0002357124036947	83556	64296	272773087	1576754
AL	NC_063218.1	11000001	11100000	0.0003205317411904	85654	90894	283572540	1567608
AL	NC_063218.1	11100001	11200000	0.0002993644511597	81329	79848	266725056	1522292
AL	NC_063218.1	11200001	11300000	0.0004356529222756	82360	117627	270001632	1539960
AL	NC_063218.1	11300001	11400000	8.969642169709695e-05	80993	23256	259274557	1588858
AL	NC_063218.1	11400001	11500000	5.292996788512249e-05	84214	13702	258870363	1783754
AL	NC_063218.1	11500001	11600000	7.613080719206954e-05	84375	19852	260761717	1770106
AL	NC_063218.1	11600001	11700000	0.0004950737637898	79958	127762	258066594	1542900
AL	NC_063218.1	11700001	11800000	0.0005002622121637	83371	126918	253702952	1796884
AL	NC_063218.1	11800001	11900000	0.0004875363851537	85248	127688	261904555	1808290
AL	NC_063218.1	11900001	12000000	0.0007360521481306	83464	194661	264466316	1670920
AL	NC_063218.1	12000001	12100000	0.0003939605403861	82352	114482	290592555	1294090
AL	NC_063218.1	12100001	12200000	0.000563308179901	84857	163855	290879852	1427636
AL	NC_063218.1	12200001	12300000	0.0003964401661478	84285	111611	281533027	1508926
AL	NC_063218.1	12300001	12400000	0.0004602945579046	84021	126304	274398204	1581604
AL	NC_063218.1	12400001	12500000	0.0007106146851414	85767	228347	321337294	1122872
AL	NC_063218.1	12500001	12600000	0.0005188223643237	86920	160219	308812825	1333638
AL	NC_063218.1	12600001	12700000	0.0004872493658901	82849	134777	276607851	1488038
AL	NC_063218.1	12700001	12800000	0.0003764761935598	84156	106647	283276876	1485776
AL	NC_063218.1	12800001	12900000	0.0004887277456251	84771	139867	286185921	1481850
AL	NC_063218.1	12900001	13000000	0.0003200046092214	81434	83779	261805604	1586256
AL	NC_063218.1	13000001	13100000	0.0002284185958472	83670	58010	253963561	1810382
AL	NC_063218.1	13100001	13200000	0.0003830659079282	84032	99133	258788365	1775926
AL	NC_063218.1	13200001	13300000	0.0005142060069816	80931	126738	246473200	1742428
AL	NC_063218.1	13300001	13400000	0.000512985254404	82587	129507	252457549	1765722
AL	NC_063218.1	13400001	13500000	0.0003394357030847	80372	84455	248810008	1680160
AL	NC_063218.1	13500001	13600000	0.000498423503902	83419	127285	255375196	1779804
AL	NC_063218.1	13600001	13700000	0.000442913953943	83452	110382	249217707	1858258
AL	NC_063218.1	13700001	13800000	0.0003314555394939	81404	84162	253916408	1679872
AL	NC_063218.1	13800001	13900000	0.0003119626671343	80973	78235	250783213	1692770
AL	NC_063218.1	13900001	14000000	0.0002053077558399	82075	52376	255109700	1702636
AL	NC_063218.1	14000001	14100000	9.385579422477118e-05	82734	24989	266248879	1604738
AL	NC_063218.1	14100001	14200000	4.296481620534523e-05	82598	11324	263564493	1627782
AL	NC_063218.1	14200001	14300000	0.0002599521224876	81166	69475	267260753	1507342
AL	NC_063218.1	14300001	14400000	0.0003239914666057	85440	86188	266019352	1767624
AL	NC_063218.1	14400001	14500000	0.0003226421002514	83157	86829	269118630	1594624
AL	NC_063218.1	14500001	14600000	0.0005821993281961	83107	154453	265292302	1635768
AL	NC_063218.1	14600001	14700000	0.0006395751799669	80997	179802	281127232	1328148
AL	NC_063218.1	14700001	14800000	0.0006695911857577	85736	192433	287388789	1525574
AL	NC_063218.1	14800001	14900000	0.0004147853138366	87216	120659	290895063	1570002
AL	NC_063218.1	14900001	15000000	0.0003845124946272	81216	102722	267148666	1508908
AL	NC_063218.1	15000001	15100000	0.0003467986505951	85170	96763	279017810	1592796
AL	NC_063218.1	15100001	15200000	0.0004183256320666	84105	105857	253049280	1847524
AL	NC_063218.1	15200001	15300000	0.0001906739725425	83839	51127	268138327	1645534
AL	NC_063218.1	15300001	15400000	0.0001242334922315	79893	31737	255462512	1576220
AL	NC_063218.1	15400001	15500000	0.0002568763279628	86541	78135	304173610	1370480
AL	NC_063218.1	15500001	15600000	0.0002909540955964	84226	81611	280494419	1518354
AL	NC_063218.1	15600001	15700000	0.0004975868359751	87566	137267	275865417	1775118
AL	NC_063218.1	15700001	15800000	0.0001433596032559	81758	40126	279897538	1387068
AL	NC_063218.1	15800001	15900000	0.000232337719297	85655	70018	301363034	1354608
AL	NC_063218.1	15900001	16000000	0.000212067768066	85451	59593	281009229	1583562
AL	NC_063218.1	16000001	16100000	0.0004605266343945	85460	133894	290741056	1468496
AL	NC_063218.1	16100001	16200000	0.0003760263749177	86077	104111	276871536	1672476
AL	NC_063218.1	16200001	16300000	0.0001839678883441	84392	48618	264274382	1727644
AL	NC_063218.1	16300001	16400000	0.0001689846473323	82799	46483	275072326	1506984
AL	NC_063218.1	16400001	16500000	0.0003012073130116	79961	79020	262344228	1493956
AL	NC_063218.1	16500001	16600000	0.0003544732937875	84239	99118	279620501	1534066
AL	NC_063218.1	16600001	16700000	0.0003282895769075	76939	80744	245953590	1512824
AL	NC_063218.1	16700001	16800000	0.0003220937623986	82881	89925	279188890	1455992
AL	NC_063218.1	16800001	16900000	0.0003283884807857	81030	84364	256903043	1623658
AL	NC_063218.1	16900001	17000000	0.0004414646632673	80773	109353	247704990	1719008
AL	NC_063218.1	17000001	17100000	0.0002829929945238	86923	82096	290099054	1556816
AL	NC_063218.1	17100001	17200000	0.0002254039913375	84299	65569	290895470	1403088
AL	NC_063218.1	17200001	17300000	0.0002130958178812	82133	57148	268179829	1546306
AL	NC_063218.1	17300001	17400000	0.0005163891991606	76488	126227	244441596	1509008
AL	NC_063218.1	17400001	17500000	0.0003218060820987	84089	91623	284714942	1462624
AL	NC_063218.1	17500001	17600000	0.0003652678222122	85750	109799	300598611	1365434
AL	NC_063218.1	17600001	17700000	0.000215153202366	86212	59675	277360501	1670918
AL	NC_063218.1	17700001	17800000	0.0002210941534962	78036	57319	259251541	1417534
AL	NC_063218.1	17800001	17900000	0.0002768159246028	77273	70929	256231646	1414032
AL	NC_063218.1	17900001	18000000	0.0003391503030256	80199	84757	249909846	1659008
AL	NC_063218.1	18000001	18100000	0.0003893598907389	82453	103139	264893746	1609288
AL	NC_063218.1	18100001	18200000	0.0003953992555646	85637	108480	274355600	1675508
AL	NC_063218.1	18200001	18300000	0.0006257676886349	83538	163919	261948648	1706608
AL	NC_063218.1	18300001	18400000	0.0005240125500262	81783	128755	245709764	1802044
AL	NC_063218.1	18400001	18500000	0.0004675281145724	75350	114697	245326423	1429490
AL	NC_063218.1	18500001	18600000	0.0006958370622117	76701	167450	240645417	1568490
AL	NC_063218.1	18600001	18700000	0.0005358614965819	81278	126869	236757074	1886660
AL	NC_063218.1	18700001	18800000	0.0006791987747528	76763	156984	231131159	1687030
AL	NC_063218.1	18800001	18900000	0.0004865559440471	76324	117451	241392591	1535970
AL	NC_063218.1	18900001	19000000	0.0004395059718454	79549	102217	232572494	1836080
AL	NC_063218.1	19000001	19100000	0.0004353538592721	78502	99831	229310015	1815666
AL	NC_063218.1	19100001	19200000	0.0002842819351605	82522	72067	253505380	1757568
AL	NC_063218.1	19200001	19300000	0.0002990713123656	80439	71209	238100403	1821950
AL	NC_063218.1	19300001	19400000	0.0004977867063615	76595	110616	222215657	1790802
AL	NC_063218.1	19400001	19500000	0.0004417169899086	78979	100025	226445897	1881954
AL	NC_063218.1	19500001	19600000	0.0005400832933257	80398	124001	229596067	1927738
AL	NC_063218.1	19600001	19700000	0.0004889288429849	80862	111804	228671312	1967600
AL	NC_063218.1	19700001	19800000	0.0005022320748074	77488	116142	231251658	1729492
AL	NC_063218.1	19800001	19900000	0.0005812099863416	75563	136536	234916817	1570770
AL	NC_063218.1	19900001	20000000	0.0006918384241925	77384	161917	234038750	1688404
AL	NC_063218.1	20000001	20100000	0.0006033517623058	73595	140345	232608917	1482674
AL	NC_063218.1	20100001	20200000	0.0007004311172337	78681	167371	238954261	1703010
AL	NC_063218.1	20200001	20300000	0.0004725559308818	81553	115695	244828162	1800384
AL	NC_063218.1	20300001	20400000	0.0005100183619061	78131	122880	240932502	1645384
AL	NC_063218.1	20400001	20500000	0.0001863586283343	86025	47564	255228322	1935952
AL	NC_063218.1	20500001	20600000	0.0005181197771322	78327	138560	267428510	1339056
AL	NC_063218.1	20600001	20700000	0.00024083939837	87146	69005	286518736	1622512
AL	NC_063218.1	20700001	20800000	0.0002955755426101	80785	78454	265427915	1502390
AL	NC_063218.1	20800001	20900000	0.0003111902781148	79787	78620	252642854	1606184
AL	NC_063218.1	20900001	21000000	0.0002197500588931	79873	53831	244964667	1698310
AL	NC_063218.1	21000001	21100000	0.00022241763633	80122	55070	247597272	1678176
AL	NC_063218.1	21100001	21200000	0.0002734216833801	82415	68917	252053894	1759456
AL	NC_063218.1	21200001	21300000	0.0001904988152972	83968	48141	252710233	1844454
AL	NC_063218.1	21300001	21400000	0.000377877718883	84250	96393	255090457	1830798
AL	NC_063218.1	21400001	21500000	0.0007238931300242	85542	190676	263403522	1805516
AL	NC_063218.1	21500001	21600000	0.0004788995265297	86321	127124	265450252	1825724
AL	NC_063218.1	21600001	21700000	0.0005759890196133	84709	147683	256398985	1842282
AL	NC_063218.1	21700001	21800000	0.000393486697933	84233	106762	271323022	1630816
AL	NC_063218.1	21800001	21900000	0.0003370448445186	85419	91911	272696650	1680296
AL	NC_063218.1	21900001	22000000	0.0001345452311667	85439	36621	272183560	1686204
AL	NC_063218.1	22000001	22100000	0.0003294665554681	85176	88540	268737444	1714800
AL	NC_063218.1	22100001	22200000	0.0003213666650567	82306	95210	296265949	1220454
AL	NC_063218.1	22200001	22300000	9.552636400470993e-05	87282	28055	293688557	1538462
AL	NC_063218.1	22300001	22400000	0.0002649204959128	86776	78324	295650964	1487664
AL	NC_063218.1	22400001	22500000	0.0001222916640956	84397	37815	309219768	1188196
AL	NC_063218.1	22500001	22600000	0.0001227759103932	85097	39541	322058292	1077796
AL	NC_063218.1	22600001	22700000	0.0003656021616562	83513	103967	284371951	1436894
AL	NC_063218.1	22700001	22800000	0.0003440762788894	85941	102362	297497986	1417296
AL	NC_063218.1	22800001	22900000	0.0001296077576371	83093	38108	294025610	1293896
AL	NC_063218.1	22900001	23000000	0.0001319265329858	84851	36068	273394587	1640446
AL	NC_063218.1	23000001	23100000	0.0001638465856963	82722	46826	285791735	1366706
AL	NC_063218.1	23100001	23200000	0.0002363213075122	86469	64008	270851582	1764544
AL	NC_063218.1	23200001	23300000	0.0002193236235416	88348	71244	324835049	1230734
AL	NC_063218.1	23300001	23400000	0.0005003579663752	86018	139541	278882339	1642882
AL	NC_063218.1	23400001	23500000	0.0004300051055932	86168	129251	300580152	1393424
AL	NC_063218.1	23500001	23600000	0.0003239462747213	82410	102668	316929096	985176
AL	NC_063218.1	23600001	23700000	0.000224147185791	87599	72573	323773862	1204456
AL	NC_063218.1	23700001	23800000	0.0003621198264795	85952	110788	305942928	1321520
AL	NC_063218.1	23800001	23900000	0.000169585785274	88617	54263	319973752	1301988
AL	NC_063218.1	23900001	24000000	0.0006055293810564	87240	205189	338858867	1002202
AL	NC_063218.1	24000001	24100000	0.0003388635853195	86349	109933	324416682	1121944
AL	NC_063218.1	24100001	24200000	0.0003950899169137	85771	115010	291098292	1483516
AL	NC_063218.1	24200001	24300000	0.0003527825479419	83455	98658	279656691	1488974
AL	NC_063218.1	24300001	24400000	0.0005277204819476	82481	143484	271893938	1528392
AL	NC_063218.1	24400001	24500000	0.0004086690849007	82824	103904	254249719	1760754
AL	NC_063218.1	24500001	24600000	0.0007385428982322	78451	189785	256972209	1469658
AL	NC_063218.1	24600001	24700000	0.0006160182071405	77860	146174	237288441	1672862
AL	NC_063218.1	24700001	24800000	0.0003555032087256	80539	100562	282872271	1287750
AL	NC_063218.1	24800001	24900000	0.0002569869212073	83548	66019	256896342	1767356
AL	NC_063218.1	24900001	25000000	0.0005053500280476	82000	128957	255183522	1702404
AL	NC_063218.1	25000001	25100000	0.0003120307560506	83830	76994	246751317	1911710
AL	NC_063218.1	25100001	25200000	0.0005613988980241	83439	141787	252560168	1814844
AL	NC_063218.1	25200001	25300000	0.0005263578443342	83792	154243	293038285	1351238
AL	NC_063218.1	25300001	25400000	0.0002617416333771	83035	75726	289315838	1352760
AL	NC_063218.1	25400001	25500000	0.0002966783959258	85261	78769	265502986	1764680
AL	NC_063218.1	25500001	25600000	0.0007162449615416	78950	182639	254995162	1520292
AL	NC_063218.1	25600001	25700000	0.0004446416575842	82245	119924	269709322	1537632
AL	NC_063218.1	25700001	25800000	0.0004553113545298	82499	112039	246071175	1840958
AL	NC_063218.1	25800001	25900000	0.0004008963052719	83630	123675	308496233	1153654
AL	NC_063218.1	25900001	26000000	0.0004985441949702	83835	142669	286171219	1430838
AL	NC_063218.1	26000001	26100000	0.0005100590176279	84524	143141	280636152	1535952
AL	NC_063218.1	26100001	26200000	0.0005594868104709	72690	143689	256822855	1142706
AL	NC_063218.1	26200001	26300000	0.0005054088561098	86223	145646	288174610	1544248
AL	NC_063218.1	26300001	26400000	0.0005259530542279	83915	141038	268157013	1652098
AL	NC_063218.1	26400001	26500000	0.0006226510356101	82910	158016	253779390	1767844
AL	NC_063218.1	26500001	26600000	0.0003955339456976	81945	94834	239761975	1887790
AL	NC_063218.1	26600001	26700000	0.0003891323638987	83354	93763	240954001	1958654
AL	NC_063218.1	26700001	26800000	0.0004443315789889	81946	106485	239652109	1890614
AL	NC_063218.1	26800001	26900000	0.0003483954712612	82512	84327	242043904	1893864
AL	NC_063218.1	26900001	27000000	0.0001246223634185	81201	29639	237830508	1867836
AL	NC_063218.1	27000001	27100000	6.580034511357056e-05	78595	16166	245682602	1619632
AL	NC_063218.1	27100001	27200000	0.0001860586020028	82800	44117	237113466	1975340
AL	NC_063218.1	27200001	27300000	0.000387496323821	81475	96063	247906868	1762564
AL	NC_063218.1	27300001	27400000	0.0006958472844325	83523	182637	262467073	1699418
AL	NC_063218.1	27400001	27500000	0.0003961471439329	81603	105528	266385866	1541104
AL	NC_063218.1	27500001	27600000	0.0004288360351414	85124	115662	269711476	1706824
AL	NC_063218.1	27600001	27700000	0.0005051390827257	82239	139505	276171464	1463212
AL	NC_063218.1	27700001	27800000	0.000343690077054	80884	87169	253626758	1654436
AL	NC_063218.1	27800001	27900000	0.0004143769826445	81673	106374	256708274	1661696
AL	NC_063218.1	27900001	28000000	0.0003989788026065	81518	103716	259953660	1614752
AL	NC_063218.1	28000001	28100000	0.0002970653780086	81587	78084	262851230	1585536
AL	NC_063218.1	28100001	28200000	0.000409420011253	79411	99429	242853298	1698664
AL	NC_063218.1	28200001	28300000	0.0003033270318154	80406	75994	250534875	1667114
AL	NC_063218.1	28300001	28400000	8.977793376281935e-05	82958	22617	251921592	1800648
AL	NC_063218.1	28400001	28500000	0.0001415673665484	80850	32748	231324498	1931468
AL	NC_063218.1	28500001	28600000	0.0001990108586445	79640	45255	227399652	1909136
AL	NC_063218.1	28600001	28700000	0.0003385810488623	78418	87927	259692621	1442670
AL	NC_063218.1	28700001	28800000	0.0005404859235691	79604	142464	263585033	1460926
AL	NC_063218.1	28800001	28900000	0.000697797998301	79533	167202	239613757	1747674
AL	NC_063218.1	28900001	29000000	0.0003287960255246	80880	76520	232727874	1915132
AL	NC_063218.1	29000001	29100000	0.0003617914505487	78165	82008	226672023	1829486
AL	NC_063218.1	29100001	29200000	0.0004215622233711	76673	99792	236719503	1614342
AL	NC_063218.1	29200001	29300000	0.0002617940198647	80229	60696	231846396	1892012
AL	NC_063218.1	29300001	29400000	0.0003490485350065	77407	80163	229661471	1747390
AL	NC_063218.1	29400001	29500000	0.0003221659181915	77184	68927	213948764	1935512
AL	NC_063218.1	29500001	29600000	0.0004212097694561	80406	99715	236734775	1837762
AL	NC_063218.1	29600001	29700000	0.0007408414335727	78735	170649	230344838	1815288
AL	NC_063218.1	29700001	29800000	0.0004672340010892	78151	105933	226723654	1827032
AL	NC_063218.1	29800001	29900000	0.000987494232633	69751	210208	212870104	1499572
AL	NC_063218.1	29900001	30000000	0.0006559031522885	82430	170023	259219672	1675504
AL	NC_063218.1	30000001	30100000	0.0006374876357843	80251	153590	240930163	1770950
AL	NC_063218.1	30100001	30200000	0.0003984482911306	80599	98337	246799904	1719332
AL	NC_063218.1	30200001	30300000	0.0009535126229425	78190	236301	247821575	1565066
AL	NC_063218.1	30300001	30400000	0.0003653448789565	83261	98837	270530684	1592948
AL	NC_063218.1	30400001	30500000	0.0004085419606184	79547	95852	234619719	1812686
AL	NC_063218.1	30500001	30600000	0.0002455106724945	80879	58422	237961142	1851800
AL	NC_063218.1	30600001	30700000	0.0004009450087873	79869	92096	229697335	1893030
AL	NC_063218.1	30700001	30800000	0.0004815056014882	79082	111084	230701366	1833780
AL	NC_063218.1	30800001	30900000	0.0004781730726422	82214	115085	240676455	1897042
AL	NC_063218.1	30900001	31000000	0.0005512651632901	81051	131585	238696382	1852616
AL	NC_063218.1	31000001	31100000	0.0004856430410334	81554	119574	246217880	1789896
AL	NC_063218.1	31100001	31200000	0.0004347203979777	82824	118095	271657370	1551900
AL	NC_063218.1	31200001	31300000	0.0002603451431988	83149	67921	260888293	1700274
AL	NC_063218.1	31300001	31400000	0.000364792255042	81771	96472	264457369	1578434
AL	NC_063218.1	31400001	31500000	0.0003595808575481	84046	88441	245955807	1936426
AL	NC_063218.1	31500001	31600000	0.0004997353564977	80407	119135	238396180	1813068
AL	NC_063218.1	31600001	31700000	0.0003978674060452	81580	98102	246569582	1783924
AL	NC_063218.1	31700001	31800000	0.0002444340962115	82726	61241	250541970	1798676
AL	NC_063218.1	31800001	31900000	0.0003365055365051	83606	86675	257573771	1767338
AL	NC_063218.1	31900001	32000000	0.0005377809295593	82730	142038	264118700	1636624
AL	NC_063218.1	32000001	32100000	0.0003944862496625	81959	106536	270062645	1521610
AL	NC_063218.1	32100001	32200000	0.0004349008287814	80123	100348	230737661	1894986
AL	NC_063218.1	32200001	32300000	0.0005378708550842	80276	140686	261560928	1525432
AL	NC_063218.1	32300001	32400000	0.0003827466909756	78645	90183	235620587	1745846
AL	NC_063218.1	32400001	32500000	0.0004875147667269	80197	111696	229113060	1920660
AL	NC_063218.1	32500001	32600000	0.0004357145697513	81044	108772	249640493	1714878
AL	NC_063218.1	32600001	32700000	0.0007900704827312	82205	214972	272092180	1510252
AL	NC_063218.1	32700001	32800000	0.0009496324337975	81315	242873	255754744	1653460
AL	NC_063218.1	32800001	32900000	0.0005577432592076	81405	138509	248338277	1745442
AL	NC_063218.1	32900001	33000000	0.0005000397479462	80193	124249	248478247	1675358
AL	NC_063218.1	33000001	33100000	0.0005827328551637	84188	151255	259561476	1775520
AL	NC_063218.1	33100001	33200000	0.0005586540764738	80856	144169	258064885	1602190
AL	NC_063218.1	33200001	33300000	0.0001898619655313	84546	54165	285286207	1480490
AL	NC_063218.1	33300001	33400000	0.0002130820898657	82896	62603	293797569	1288358
AL	NC_063218.1	33400001	33500000	0.0001636088707385	81333	42391	259099643	1611414
AL	NC_063218.1	33500001	33600000	0.0003568358048495	80796	87209	244395318	1761956
AL	NC_063218.1	33600001	33700000	0.0003395384354234	83051	85761	252581125	1792418
AL	NC_063218.1	33700001	33800000	0.0003063239110518	83031	81670	266613206	1622096
AL	NC_063218.1	33800001	33900000	0.0004246061509994	86315	124234	292586435	1499166
AL	NC_063218.1	33900001	34000000	0.0005010572594355	86675	150222	299810046	1436320
AL	NC_063218.1	34000001	34100000	0.0007057054104966	83042	190632	270129713	1576878
AL	NC_063218.1	34100001	34200000	0.0005135139058185	79373	129623	252423544	1577628
AL	NC_063218.1	34200001	34300000	0.0006358490349416	83820	164709	259037902	1756468
AL	NC_063218.1	34300001	34400000	0.0005735226432494	87537	156344	272603012	1806740
AL	NC_063218.1	34400001	34500000	0.0002666544248087	80456	75256	282222956	1279192
AL	NC_063218.1	34500001	34600000	0.0005519911226939	86488	163916	296954051	1452674
AL	NC_063218.1	34600001	34700000	0.0007522508012091	86737	220163	292672337	1522026
AL	NC_063218.1	34700001	34800000	0.0006125993599096	85532	179954	293754796	1437768
AL	NC_063218.1	34800001	34900000	0.0008895627001007	87567	259067	291229612	1582068
AL	NC_063218.1	34900001	35000000	0.0006332019797716	86180	190451	300774486	1386572
AL	NC_063218.1	35000001	35100000	0.0003967309877989	84812	118542	298796927	1333514
AL	NC_063218.1	35100001	35200000	0.0002070983800385	88680	58031	280209821	1784102
AL	NC_063218.1	35200001	35300000	0.0003129040406103	84131	92878	296825825	1317082
AL	NC_063218.1	35300001	35400000	0.000372683178172	87724	112485	301824731	1463242
AL	NC_063218.1	35400001	35500000	0.0003503449613419	86494	96202	274592218	1725588
AL	NC_063218.1	35500001	35600000	0.000437805029244	86440	131465	300282069	1413438
AL	NC_063218.1	35600001	35700000	0.0005901522943633	84891	162483	275323847	1622502
AL	NC_063218.1	35700001	35800000	0.0005447135348341	84779	150458	276214910	1609568
AL	NC_063218.1	35800001	35900000	0.0003295744211179	84365	93601	284005657	1487402
AL	NC_063218.1	35900001	36000000	0.0005273535908866	84108	135338	256636159	1802442
AL	NC_063218.1	36000001	36100000	0.0008803776401164	84001	233633	265378162	1688800
AL	NC_063218.1	36100001	36200000	0.0006002100911078	84616	174162	290168397	1427030
AL	NC_063218.1	36200001	36300000	0.0006038406694314	86420	162766	269551238	1778476
AL	NC_063218.1	36300001	36400000	0.0006776007438817	84021	192545	284157008	1463524
AL	NC_063218.1	36400001	36500000	0.0002525345264558	86455	76225	301839915	1391118
AL	NC_063218.1	36500001	36600000	0.0002587559323679	86728	73177	282803178	1637596
AL	NC_063218.1	36600001	36700000	0.0003563039742874	85766	107299	301144550	1366644
AL	NC_063218.1	36700001	36800000	0.0003906469128576	85047	107493	275166644	1633228
AL	NC_063218.1	36800001	36900000	0.0004919528722759	86142	140891	286391254	1562884
AL	NC_063218.1	36900001	37000000	0.00029740606762	83762	88175	296480165	1307166
AL	NC_063218.1	37000001	37100000	0.000515085559406	84272	150943	293044519	1374946
AL	NC_063218.1	37100001	37200000	0.0006655382779755	82433	172873	259749147	1673262
AL	NC_063218.1	37200001	37300000	0.0004495900008484	81958	114329	254296136	1709952
AL	NC_063218.1	37300001	37400000	0.0003809257961546	80760	95290	250153707	1685146
AL	NC_063218.1	37400001	37500000	0.0005417476898617	84944	152974	282371301	1544302
AL	NC_063218.1	37500001	37600000	0.0004872141003693	85475	138527	284324694	1548800
AL	NC_063218.1	37600001	37700000	0.000707450615684	84756	187989	265727382	1727460
AL	NC_063218.1	37700001	37800000	0.0007530620888285	82449	196963	261549483	1642990
AL	NC_063218.1	37800001	37900000	0.000484519074514	85335	136744	282226247	1565166
AL	NC_063218.1	37900001	38000000	0.0005363854402508	85850	141097	263051510	1826148
AL	NC_063218.1	38000001	38100000	0.0003388687711024	86070	94847	279893009	1634902
AL	NC_063218.1	38100001	38200000	0.0001432264013224	85776	41900	292543830	1463436
AL	NC_063218.1	38200001	38300000	0.0002940222463023	85492	86442	293998162	1431812
AL	NC_063218.1	38300001	38400000	0.0003781135257631	86752	118136	312435266	1288412
AL	NC_063218.1	38400001	38500000	0.0003856000029125	86412	104644	271379666	1756500
AL	NC_063218.1	38500001	38600000	0.0004247620630298	86257	117178	275867386	1693376
AL	NC_063218.1	38600001	38700000	5.131484532831981e-05	83645	14185	276430727	1538710
AL	NC_063218.1	38700001	38800000	0.0002080085396632	83179	58984	283565281	1424906
AL	NC_063218.1	38800001	38900000	0.0002977623927807	87059	87790	294832397	1514954
AL	NC_063218.1	38900001	39000000	0.0004186696867743	87155	132991	317651371	1244366
AL	NC_063218.1	39000001	39100000	0.0003267098593286	88955	103080	315509303	1373846
AL	NC_063218.1	39100001	39200000	0.0004275363805095	85503	125153	292730644	1450756
AL	NC_063218.1	39200001	39300000	0.0004008385440895	82603	106999	266937902	1589120
AL	NC_063218.1	39300001	39400000	0.0003624162425803	86657	108233	298642796	1445604
AL	NC_063218.1	39400001	39500000	0.0003998702443602	85715	133198	333103055	981870
AL	NC_063218.1	39500001	39600000	0.0002333840457278	85044	70620	302591378	1308700
AL	NC_063218.1	39600001	39700000	8.978287366715597e-05	82198	23660	263524646	1609812
AL	NC_063218.1	39700001	39800000	0.000103906768565	87869	34489	331922554	1118640
AL	NC_063218.1	39800001	39900000	0.0002046877407987	86288	65923	322066186	1146020
AL	NC_063218.1	39900001	40000000	0.0003446994662565	88307	99359	288248198	1665272
AL	NC_063218.1	40000001	40100000	0.0002405597681027	87503	69754	289965361	1597298
AL	NC_063218.1	40100001	40200000	0.0002277378345363	86155	64687	284041517	1589578
AL	NC_063218.1	40200001	40300000	0.0003331491674166	83751	90023	270218295	1618702
AL	NC_063218.1	40300001	40400000	0.0001382875813582	88152	43742	316311845	1319206
AL	NC_063218.1	40400001	40500000	0.0001955937639819	85309	52810	269998383	1711958
AL	NC_063218.1	40500001	40600000	0.0001106817363354	84813	28196	254748443	1868942
AL	NC_063218.1	40600001	40700000	0.0002568562147234	85274	77862	303134577	1312174
AL	NC_063218.1	40700001	40800000	0.0003935706878722	83623	114602	291185303	1361110
AL	NC_063218.1	40800001	40900000	0.000201025640317	83209	52373	260528955	1704606
AL	NC_063218.1	40900001	41000000	7.926411488438367e-05	82701	19823	250087950	1805112
AL	NC_063218.1	41000001	41100000	3.222691221934582e-07	82245	81	251342727	1759022
AL	NC_063218.1	41100001	41200000	0.0	82016	0	254248354	1711276
AL	NC_063218.1	41200001	41300000	6.495509284785669e-06	86478	1824	280809390	1648540
AL	NC_063218.1	41300001	41400000	0.0	84679	0	312999487	1157806
AL	NC_063218.1	41400001	41500000	3.341150993008924e-06	85900	1037	310372085	1259486
AL	NC_063218.1	41500001	41600000	1.3700870020000526e-05	85985	3993	291441346	1488480
AL	NC_063218.1	41600001	41700000	5.184651259727735e-05	77896	13660	263469987	1352242
AL	NC_063218.1	41700001	41800000	4.831755580625964e-05	87767	14944	309287168	1377268
AL	NC_063218.1	41800001	41900000	4.379503260550555e-05	85037	13082	298709676	1346940
AL	NC_063218.1	41900001	42000000	3.932874124693424e-05	86329	11230	285541811	1587966
AL	NC_063218.1	42000001	42100000	4.192181685439781e-05	85405	12663	302062290	1330680
AL	NC_063218.1	42100001	42200000	2.582202082110656e-05	86577	7815	302648660	1394884
AL	NC_063218.1	42200001	42300000	3.886422428417209e-05	81788	11172	287462318	1298684
AL	NC_063218.1	42300001	42400000	5.18520664938663e-05	85872	14745	284366680	1575744
AL	NC_063218.1	42400001	42500000	3.477352442587476e-05	85157	9037	259881624	1824004
AL	NC_063218.1	42500001	42600000	5.203777927173935e-05	85474	13342	256390649	1887974
AL	NC_063218.1	42600001	42700000	4.247502093930779e-05	81743	10697	251842136	1724932
AL	NC_063218.1	42700001	42800000	0.000276540701758	74390	64332	232631217	1528238
AL	NC_063218.1	42800001	42900000	0.0004046884803713	78350	97191	240162507	1665962
AL	NC_063218.1	42900001	43000000	0.0003619195405938	76358	89141	246300600	1475608
AL	NC_063218.1	43000001	43100000	1.646088857055498e-05	80916	4021	244275999	1770466
AL	NC_063218.1	43100001	43200000	0.0004562678994172	81523	108916	238710635	1876214
AL	NC_063218.1	43200001	43300000	0.0001242625387196	81836	29207	235042679	1943730
AL	NC_063218.1	43300001	43400000	0.0001574107811558	80266	36767	233573582	1866484
AL	NC_063218.1	43400001	43500000	0.000279340843968	79505	66263	237211999	1774990
AL	NC_063218.1	43500001	43600000	0.000287939419244	80884	67566	234653526	1891068
AL	NC_063218.1	43600001	43700000	0.0001378019036459	73593	29903	216999905	1674210
AL	NC_063218.1	43700001	43800000	0.0003412995153577	70327	71817	210422215	1563670
AL	NC_063218.1	43800001	43900000	0.0002842214571304	80149	65514	230503357	1899170
AL	NC_063218.1	43900001	44000000	0.0002897854850994	81652	69769	240760851	1861722
AL	NC_063218.1	44000001	44100000	0.0003310707480536	81190	76448	230911370	1957668
AL	NC_063218.1	44100001	44200000	0.0005138620144853	81576	122368	238133967	1887026
AL	NC_063218.1	44200001	44300000	0.0003560981500494	81126	88243	247805275	1737418
AL	NC_063218.1	44300001	44400000	0.0006155365301965	82785	156035	253494297	1765402
AL	NC_063218.1	44400001	44500000	0.000525001729572	84463	136686	260353428	1777244
AL	NC_063218.1	44500001	44600000	0.000379943024279	86272	115195	303190196	1368304
AL	NC_063218.1	44600001	44700000	0.0007188930899903	84492	204014	283789068	1493624
AL	NC_063218.1	44700001	44800000	0.0004406741832983	83529	124700	282975506	1446160
AL	NC_063218.1	44800001	44900000	0.000552591741248	86633	158872	287503392	1574380
AL	NC_063218.1	44900001	45000000	0.0006374099681618	86701	185123	290430036	1544172
AL	NC_063218.1	45000001	45100000	0.0002168219573317	74821	51963	239657462	1466280
AL	NC_063218.1	45100001	45200000	0.0002354776887204	82799	62813	266747140	1603804
AL	NC_063218.1	45200001	45300000	0.0003928034995982	82621	108414	276000596	1482924
AL	NC_063218.1	45300001	45400000	0.0002789719808424	84509	76633	274697838	1606752
AL	NC_063218.1	45400001	45500000	0.0002851669399725	83659	76170	267106699	1652542
AL	NC_063218.1	45500001	45600000	0.0005766814958416	85394	156944	272150227	1689946
AL	NC_063218.1	45600001	45700000	0.0004316413299395	83640	119166	276076436	1539072
AL	NC_063218.1	45700001	45800000	0.0003412226912376	84219	100057	293230792	1366580
AL	NC_063218.1	45800001	45900000	0.0002353405359802	85100	65620	278829993	1591078
AL	NC_063218.1	45900001	46000000	0.0004922475214773	85691	153263	311353523	1235206
AL	NC_063218.1	46000001	46100000	0.0004429293521399	86738	139558	315079593	1247782
AL	NC_063218.1	46100001	46200000	0.0004596714684506	87337	139725	303967093	1418002
AL	NC_063218.1	46200001	46300000	0.0003808043836128	85596	121047	317871866	1154052
AL	NC_063218.1	46300001	46400000	0.0004404201027071	86561	141445	321159273	1171002
AL	NC_063218.1	46400001	46500000	0.0004910901195935	87143	156704	319094182	1227336
AL	NC_063218.1	46500001	46600000	0.0002617199549097	78564	67495	257890156	1459496
AL	NC_063218.1	46600001	46700000	0.0004731364356812	85551	127572	269630471	1725062
AL	NC_063218.1	46700001	46800000	0.0004865698510326	86683	140268	288279267	1568158
AL	NC_063218.1	46800001	46900000	0.0002888915466202	86640	79048	273625175	1740986
AL	NC_063218.1	46900001	47000000	0.0007498256789282	82952	191533	255436704	1750688
AL	NC_063218.1	47000001	47100000	0.0006376891792359	83676	173175	271566471	1599434
AL	NC_063218.1	47100001	47200000	0.0004874568498823	79407	121070	248370702	1627872
AL	NC_063218.1	47200001	47300000	0.0004283464501599	77132	103255	241054875	1585010
AL	NC_063218.1	47300001	47400000	0.0003922919021136	86030	104927	267471746	1783652
AL	NC_063218.1	47400001	47500000	0.000398346393315	67480	84568	212297642	1371340
AL	NC_063218.1	47500001	47600000	0.0002418104422346	83277	66052	273156111	1557230
AL	NC_063218.1	47600001	47700000	0.0006464604863338	83901	172045	266133822	1674776
AL	NC_063218.1	47700001	47800000	0.0003807481903323	86604	107768	283042711	1626210
AL	NC_063218.1	47800001	47900000	0.0004052914956094	86046	111341	274718323	1694082
AL	NC_063218.1	47900001	48000000	0.0008285973309762	85639	234522	283034945	1570874
AL	NC_063218.1	48000001	48100000	0.0008626976844348	85348	293146	339801538	887036
AL	NC_063218.1	48100001	48200000	0.0003950166539217	86304	132740	336036465	981286
AL	NC_063218.1	48200001	48300000	0.0005034767663797	85121	146563	291101814	1440112
AL	NC_063218.1	48300001	48400000	0.0005420432379165	86475	160615	296314000	1455396
AL	NC_063218.1	48400001	48500000	0.0005249818195279	85031	162172	308909745	1227730
AL	NC_063218.1	48500001	48600000	0.0005655014563207	84971	187477	331523461	959546
AL	NC_063218.1	48600001	48700000	0.00047727334613	83681	152070	318622444	1036588
AL	NC_063218.1	48700001	48800000	0.0002931477067247	85430	82521	281499729	1577510
AL	NC_063218.1	48800001	48900000	0.0006412434627687	82310	166160	259121550	1665924
AL	NC_063218.1	48900001	49000000	0.0005832555392237	83299	146336	250895174	1826680
AL	NC_063218.1	49000001	49100000	0.0003741774115103	83975	97661	261001859	1739334
AL	NC_063218.1	49100001	49200000	0.0004254593709199	80803	124205	291931518	1186248
AL	NC_063218.1	49200001	49300000	0.000207100643968	84774	60625	292732069	1411526
AL	NC_063218.1	49300001	49400000	0.0002263523300217	71301	58148	256891546	1055552
AL	NC_063218.1	49400001	49500000	0.0002644681408228	86085	77074	291430188	1494172
AL	NC_063218.1	49500001	49600000	0.000784937200475	86595	221734	282486293	1628698
AL	NC_063218.1	49600001	49700000	0.0005124970081867	82632	138725	270684507	1544794
AL	NC_063218.1	49700001	49800000	0.000516142568563	84292	139414	270107541	1647630
AL	NC_063218.1	49800001	49900000	0.000753413999541	85018	232241	308251506	1235452
AL	NC_063218.1	49900001	50000000	0.0007732535613305	84347	229812	297201347	1329638
AL	NC_063218.1	50000001	50100000	0.0004114089433499	82720	113488	275852049	1488870
AL	NC_063218.1	50100001	50200000	0.0005498874109207	85125	146368	266178125	1743466
AL	NC_063218.1	50200001	50300000	0.0002830823720802	85909	78556	277502267	1652654
AL	NC_063218.1	50300001	50400000	0.0006910947789867	80072	192302	278257058	1305276
AL	NC_063218.1	50400001	50500000	0.0006869868300083	84426	174287	253697731	1858938
AL	NC_063218.1	50500001	50600000	0.0004647537459773	82863	124277	267403977	1602946
AL	NC_063218.1	50600001	50700000	0.0004651010949376	83403	126740	272499896	1572148
AL	NC_063218.1	50700001	50800000	0.0008573958032735	84571	243714	284249117	1499634
AL	NC_063218.1	50800001	50900000	0.0006810253157087	82828	181301	266217710	1610604
AL	NC_063218.1	50900001	51000000	0.0004348312999364	81552	114437	263175627	1575186
AL	NC_063218.1	51000001	51100000	0.0001736243376832	82742	46277	266535214	1608492
AL	NC_063218.1	51100001	51200000	0.0003796257994795	82568	96138	253244116	1754792
AL	NC_063218.1	51200001	51300000	0.0005415411624784	83663	140748	259902681	1738154
AL	NC_063218.1	51300001	51400000	0.0002311605994347	83408	59850	258910905	1733502
AL	NC_063218.1	51400001	51500000	0.0003028573724163	81234	74989	247605001	1745646
AL	NC_063218.1	51500001	51600000	0.00037600187792	81479	90161	239788696	1859076
AL	NC_063218.1	51600001	51700000	0.0006572517927314	79463	157310	239345106	1744944
AL	NC_063218.1	51700001	51800000	0.0006777217804372	82206	168399	248478070	1791956
AL	NC_063218.1	51800001	51900000	0.00043252642023	82674	107376	248253043	1823130
AL	NC_063218.1	51900001	52000000	0.0007517300250982	81053	199172	264951503	1525166
AL	NC_063218.1	52000001	52100000	0.0006851650915134	82433	191978	280192325	1424418
AL	NC_063218.1	52100001	52200000	0.0007737295333786	86041	221829	286700960	1550452
AL	NC_063218.1	52200001	52300000	0.0011766256894623	82742	315710	268318126	1579676
AL	NC_063218.1	52300001	52400000	0.0007496614489825	78342	201313	268538552	1323000
AL	NC_063218.1	52400001	52500000	0.0007164393390833	82916	215948	301418401	1194830
AL	NC_063218.1	52500001	52600000	0.0005203542903235	84889	148578	285532382	1496120
AL	NC_063218.1	52600001	52700000	0.0006523790170371	84957	173245	265558817	1742122
AL	NC_063218.1	52700001	52800000	0.0005332870070925	83317	140619	263683529	1670762
AL	NC_063218.1	52800001	52900000	0.0006477821724753	85932	190200	293617219	1463938
AL	NC_063218.1	52900001	53000000	0.0006242925859196	86432	180753	289532511	1538722
AL	NC_063218.1	53000001	53100000	0.0007405852821067	85784	233331	315062972	1199032
AL	NC_063218.1	53100001	53200000	0.0007107734906143	86062	202633	285088010	1569668
AL	NC_063218.1	53200001	53300000	0.0004243960342514	83495	122241	288035208	1393012
AL	NC_063218.1	53300001	53400000	0.0003200853086627	83970	94681	295799268	1324336
AL	NC_063218.1	53400001	53500000	0.0003641572626962	79138	90449	248378954	1611964
AL	NC_063218.1	53500001	53600000	0.0002026343412283	83152	52159	257404543	1738138
AL	NC_063218.1	53600001	53700000	0.0002462556006539	82441	65826	267307626	1579360
AL	NC_063218.1	53700001	53800000	0.0004428470862718	84668	126906	286568443	1474314
AL	NC_063218.1	53800001	53900000	0.0001891430809519	41279	23509	124292149	905962
AL	NC_063218.1	53900001	54000000	0.0001014250739486	27584	9424	92915880	487488
AL	NC_063218.1	54000001	54100000	0.0003659488545096	81050	100598	274896338	1405460
AL	NC_063218.1	54100001	54200000	0.0003491381044893	56268	73842	211497969	733382
AL	NC_063218.1	54200001	54300000	0.0003101613268582	43024	42011	135448866	883364
AL	NC_063218.1	54300001	54400000	0.0005380195622588	64142	116046	215691042	1145532
AL	NC_063218.1	54400001	54500000	0.0006111422172792	73358	175835	287715355	813234
AL	NC_063218.1	54500001	54600000	0.0004900749110965	83364	160127	326739844	924448
AL	NC_063218.1	54600001	54700000	0.0007539561813413	85932	239423	317555590	1171516
AL	NC_063218.1	54700001	54800000	0.0006987323785229	74534	174281	249424537	1336238
AL	NC_063218.1	54800001	54900000	0.0004577267345809	78010	114677	250535945	1521662
AL	NC_063218.1	54900001	55000000	0.0006012581159118	83353	152874	254256859	1786982
AL	NC_063218.1	55000001	55100000	0.0003875566788378	83700	101897	262921543	1701202
AL	NC_063218.1	55100001	55200000	0.000439754841147	83475	122701	279021374	1495640
AL	NC_063218.1	55200001	55300000	0.0006143580156752	83825	166297	270684187	1617454
AL	NC_063218.1	55300001	55400000	0.0006598855857363	83349	191734	290556430	1346360
AL	NC_063218.1	55400001	55500000	0.0003628925978002	85215	108563	299160139	1352446
AL	NC_063218.1	55500001	55600000	0.0003149211545961	84840	88076	279676353	1567350
AL	NC_063218.1	55600001	55700000	0.0003865874959854	84278	117382	303636308	1243592
AL	NC_063218.1	55700001	55800000	0.0004641367827706	83607	140047	301736482	1231840
AL	NC_063218.1	55800001	55900000	0.0007071370217961	84871	193515	273659834	1638032
AL	NC_063218.1	55900001	56000000	0.0005859837679204	83792	175168	298929782	1277292
AL	NC_063218.1	56000001	56100000	0.0005208327562876	85831	141499	271678381	1719770
AL	NC_063218.1	56100001	56200000	0.0004175375578836	81845	108680	260287962	1625192
AL	NC_063218.1	56200001	56300000	0.0005329769024221	81248	138810	260442806	1586932
AL	NC_063218.1	56300001	56400000	0.0008865947677929	79581	239555	270196722	1373296
AL	NC_063218.1	56400001	56500000	0.000693195281539	76537	170243	245591689	1490298
AL	NC_063218.1	56500001	56600000	0.0008116525672474	81887	211423	260484607	1628454
AL	NC_063218.1	56600001	56700000	0.0006738976196825	80825	174187	258476948	1588588
AL	NC_063218.1	56700001	56800000	0.0007490465627922	81701	183960	245592209	1798362
AL	NC_063218.1	56800001	56900000	0.0005917635489531	82716	168466	284684652	1379552
AL	NC_063218.1	56900001	57000000	0.0006519420675507	83241	189276	290326410	1345760
AL	NC_063218.1	57000001	57100000	0.0005850967025437	84119	167721	286655179	1441686
AL	NC_063218.1	57100001	57200000	0.00035979565268	82652	101717	282707696	1406200
AL	NC_063218.1	57200001	57300000	0.0006305662702017	83226	169363	268588740	1609568
AL	NC_063218.1	57300001	57400000	0.0006749576828476	84576	191765	284114108	1500536
AL	NC_063218.1	57400001	57500000	0.0004696450504817	82554	126189	268690152	1565880
AL	NC_063218.1	57500001	57600000	0.0006341498787804	85991	179283	282713923	1597494
AL	NC_063218.1	57600001	57700000	0.0002856739126445	82698	87500	306293281	1133310
AL	NC_063218.1	57700001	57800000	0.0003194957839091	84379	82381	257846908	1806612
AL	NC_063218.1	57800001	57900000	0.0001121248743748	82720	30594	272856493	1524934
AL	NC_063218.1	57900001	58000000	0.0002319735821914	80198	56927	245402944	1713248
AL	NC_063218.1	58000001	58100000	0.0002831132599514	80698	72192	254993355	1624370
AL	NC_063218.1	58100001	58200000	0.0001485771485118	82706	41350	278306593	1459414
AL	NC_063218.1	58200001	58300000	0.0001198758690303	81954	32477	270921915	1502282
AL	NC_063218.1	58300001	58400000	0.0005357918163261	76829	135603	253088972	1419964
AL	NC_063218.1	58400001	58500000	0.0002897978017489	82195	77426	267172489	1567522
AL	NC_063218.1	58500001	58600000	0.0003245045498212	74607	79067	243654519	1406326
AL	NC_063218.1	58600001	58700000	0.0005012448825435	78510	122271	243934660	1631928
AL	NC_063218.1	58700001	58800000	0.0003329543503022	73522	75847	227799997	1535910
AL	NC_063218.1	58800001	58900000	0.0003840533219057	80738	94112	245049306	1749604
AL	NC_063218.1	58900001	59000000	0.0004483377405739	74942	104748	233636365	1545238
AL	NC_063218.1	59000001	59100000	0.0004391358039926	78801	109676	249754174	1579472
AL	NC_063218.1	59100001	59200000	0.0002473589569099	80248	67280	271993385	1391110
AL	NC_063218.1	59200001	59300000	0.0002517457985589	74679	65071	258478991	1233606
AL	NC_063218.1	59300001	59400000	0.0001677334633033	81122	44975	268133735	1490794
AL	NC_063218.1	59400001	59500000	0.0005087910824982	62045	114560	225161179	902046
AL	NC_063218.1	59500001	59600000	0.0004798195915021	68690	113004	235513518	1161012
AL	NC_063218.1	59600001	59700000	0.0002882708136445	80039	70982	246233738	1691696
AL	NC_063218.1	59700001	59800000	0.0008769729536132	65957	193615	220776478	1181280
AL	NC_063218.1	59800001	59900000	0.0003820465105551	73182	94387	247056307	1283194
AL	NC_063218.1	59900001	60000000	0.0003782275697555	68119	90161	238377652	1093316
AL	NC_063218.1	60000001	60100000	0.0006583890190192	63598	146423	222395872	1021800
AL	NC_063218.1	60100001	60200000	0.0001594376990791	64427	35754	224250602	1049440
AL	NC_063218.1	60200001	60300000	0.0	1	0	2278	32
AL	NC_063218.1	60300001	60400000	0.0	15	0	49847	270
AL	NC_063218.1	60400001	60500000	NA	0	NA	NA	NA
AL	NC_063218.1	60500001	60600000	NA	0	NA	NA	NA
AL	NC_063218.1	60600001	60700000	NA	0	NA	NA	NA
AL	NC_063218.1	60700001	60800000	NA	0	NA	NA	NA
AL	NC_063218.1	60800001	60900000	NA	0	NA	NA	NA
AL	NC_063218.1	60900001	61000000	NA	0	NA	NA	NA
AL	NC_063218.1	61000001	61100000	NA	0	NA	NA	NA
AL	NC_063218.1	61100001	61200000	NA	0	NA	NA	NA
AL	NC_063218.1	61200001	61300000	0.0003877885000496	51032	73429	189353217	691766
AL	NC_063218.1	61300001	61400000	0.0001933289758474	82519	50304	260198968	1670428
AL	NC_063218.1	61400001	61500000	0.0001587334953129	80490	38950	245379842	1731764
AL	NC_063218.1	61500001	61600000	0.0001141515672563	84164	31344	274582301	1592254
AL	NC_063218.1	61600001	61700000	0.0001902911345126	76299	46862	246264757	1476378
AL	NC_063218.1	61700001	61800000	0.0002297246107724	75879	57344	249620621	1407394
AL	NC_063218.1	61800001	61900000	0.0001963587363817	80357	51219	260844009	1533042
AL	NC_063218.1	61900001	62000000	0.0003603644838228	81150	92779	257458779	1618154
AL	NC_063218.1	62000001	62100000	0.0003065925290655	84743	85336	278336854	1577104
AL	NC_063218.1	62100001	62200000	0.0004114253121227	81105	111014	269827832	1469900
AL	NC_063218.1	62200001	62300000	0.0003865250115808	82682	105256	272313555	1527946
AL	NC_063218.1	62300001	62400000	0.0003284633379464	81292	92016	280140854	1351284
AL	NC_063218.1	62400001	62500000	0.0003920542439453	84622	115244	293949120	1382464
AL	NC_063218.1	62500001	62600000	0.0005008258455576	82897	138745	277032428	1484300
AL	NC_063218.1	62600001	62700000	0.0003121740088978	83464	83118	266255350	1645900
AL	NC_063218.1	62700001	62800000	0.0001990817748021	58958	39702	199425588	1027352
AL	NC_063218.1	62800001	62900000	0.0006050931017356	45903	103127	170431624	621964
AL	NC_063218.1	62900001	63000000	0.0004357142637318	84269	116236	266771161	1685850
AL	NC_063218.1	63000001	63100000	0.0005726914657691	85440	159316	278188186	1614548
AL	NC_063218.1	63100001	63200000	0.0005461908478263	84985	155910	285449675	1502422
AL	NC_063218.1	63200001	63300000	0.0006104706129536	83404	178435	292290892	1327544
AL	NC_063218.1	63300001	63400000	0.0005560159553798	83223	168558	303153171	1191198
AL	NC_063218.1	63400001	63500000	0.0005740896771159	84220	164295	286183512	1449856
AL	NC_063218.1	63500001	63600000	0.0003533509099135	82259	104492	295717365	1222874
AL	NC_063218.1	63600001	63700000	0.0003380138062673	78556	96430	285284205	1135358
AL	NC_063218.1	63700001	63800000	0.0003095414176865	82488	86004	277843271	1447666
AL	NC_063218.1	63800001	63900000	0.0003440490493026	83393	97133	282323117	1448298
AL	NC_063218.1	63900001	64000000	0.0004132767339657	83549	114937	278111470	1505456
AL	NC_063218.1	64000001	64100000	0.0003204168409927	81539	99714	311200871	1002894
AL	NC_063218.1	64100001	64200000	0.0004397554007492	76240	129090	293549550	907892
AL	NC_063218.1	64200001	64300000	0.0005657724327639	84438	166475	294243746	1363804
AL	NC_063218.1	64300001	64400000	0.0005616164334647	82115	167694	298591690	1180888
AL	NC_063218.1	64400001	64500000	0.0004960966472008	75056	146720	295748824	814512
AL	NC_063218.1	64500001	64600000	0.0004772888445302	19146	34032	71302735	258210
AL	NC_063218.1	64600001	64700000	0.0006884026596519	54427	129248	187750582	918456
AL	NC_063218.1	64700001	64800000	0.0005082072648903	39218	59109	116308845	897366
AL	NC_063218.1	64800001	64900000	0.0005941079412343	50699	98481	165762807	961198
AL	NC_063218.1	64900001	65000000	0.0006332972006048	75754	184247	290932914	905804
AL	NC_063218.1	65000001	65100000	0.0005527272682484	50285	100522	181865462	741336
AL	NC_063218.1	65100001	65200000	0.0006183790993387	26740	60016	97053733	391046
AL	NC_063218.1	65200001	65300000	0.0006116032114839	72453	167871	274476976	916660
AL	NC_063218.1	65300001	65400000	0.0004860752760984	62268	105074	216168164	1026192
AL	NC_063218.1	65400001	65500000	0.0008312000505491	54535	151595	182380884	986268
AL	NC_063218.1	65500001	65600000	0.000920514926761	37734	96838	105199815	950682
AL	NC_063218.1	65600001	65700000	0.0006341851332031	69008	160053	252375831	983570
AL	NC_063218.1	65700001	65800000	0.000385497234091	76125	113348	294030644	894124
AL	NC_063218.1	65800001	65900000	0.0	36	0	124601	590
AL	NC_063218.1	65900001	66000000	0.0	77	0	268766	1248
AL	NC_063218.1	66000001	66100000	0.0001513490999234	6219	3359	22193723	95246
AL	NC_063218.1	66100001	66200000	0.0004977893084512	5984	11919	23943865	60966
AL	NC_063219.1	1	100000	0.0	3013	0	9531366	61184
AL	NC_063219.1	100001	200000	0.0001059659515275	24136	8978	84725328	388032
AL	NC_063219.1	200001	300000	0.0	57	0	163130	1376
AL	NC_063219.1	300001	400000	0.0010581490450978	4914	19655	18574888	62512
AL	NC_063219.1	400001	500000	0.0005585153400815	82927	172906	309581470	1097304
AL	NC_063219.1	500001	600000	0.0006113841799542	77100	177148	289749074	1003692
AL	NC_063219.1	600001	700000	0.0006833960896203	73333	184297	269678160	1025276
AL	NC_063219.1	700001	800000	0.0007413919773229	75046	217977	294010465	834502
AL	NC_063219.1	800001	900000	0.0007186513236236	76461	221652	308427735	747766
AL	NC_063219.1	900001	1000000	0.0005435411994344	74412	160565	295405390	779212
AL	NC_063219.1	1000001	1100000	0.0005959161188732	77201	184358	309369044	776196
AL	NC_063219.1	1100001	1200000	0.0006875308350456	76434	204471	297399025	871070
AL	NC_063219.1	1200001	1300000	0.000523269980929	72301	144181	275538451	893406
AL	NC_063219.1	1300001	1400000	0.0004741752981826	75279	141188	297754861	802802
AL	NC_063219.1	1400001	1500000	0.000744603387808	73610	211990	284701901	858062
AL	NC_063219.1	1500001	1600000	0.0007620112173171	78155	222398	291856596	1032908
AL	NC_063219.1	1600001	1700000	0.0005969039339445	81846	171763	287756522	1290628
AL	NC_063219.1	1700001	1800000	0.0009580480684842	78418	272957	284909504	1129456
AL	NC_063219.1	1800001	1900000	0.0008407603176249	79258	251353	298959162	1012892
AL	NC_063219.1	1900001	2000000	0.0009790057956928	76584	290408	296635629	889222
AL	NC_063219.1	2000001	2100000	0.0008528887093679	78061	237759	278769079	1183486
AL	NC_063219.1	2100001	2200000	0.0007319034290587	77687	212646	290538330	1021808
AL	NC_063219.1	2200001	2300000	0.0010176026448545	78500	305405	300122058	953916
AL	NC_063219.1	2300001	2400000	0.0007895681180347	70183	202558	256542780	994452
AL	NC_063219.1	2400001	2500000	0.0008491529328005	84135	269496	317370393	1074298
AL	NC_063219.1	2500001	2600000	0.0008984514198789	82892	270454	301022397	1198446
AL	NC_063219.1	2600001	2700000	0.0006901354456069	82906	203711	295175391	1270042
AL	NC_063219.1	2700001	2800000	0.0008414811720242	83208	265750	315812176	1043560
AL	NC_063219.1	2800001	2900000	0.0005919588605676	86842	172035	290619858	1549372
AL	NC_063219.1	2900001	3000000	0.0007582022557372	86584	236009	311274463	1284538
AL	NC_063219.1	3000001	3100000	0.0006003744543013	86376	183408	305489347	1341114
AL	NC_063219.1	3100001	3200000	0.0009248539880095	84370	280933	303759300	1250312
AL	NC_063219.1	3200001	3300000	0.000455379764921	82767	121641	267119906	1591632
AL	NC_063219.1	3300001	3400000	0.0005361652940015	83207	150536	280764163	1455230
AL	NC_063219.1	3400001	3500000	0.0002542076448195	80547	64890	255263763	1608174
AL	NC_063219.1	3500001	3600000	0.0003549926502799	83450	100147	282110066	1455996
AL	NC_063219.1	3600001	3700000	0.0005101454899393	83517	143240	280782645	1468698
AL	NC_063219.1	3700001	3800000	0.0007487243457077	85474	229598	306652243	1279770
AL	NC_063219.1	3800001	3900000	0.0002578090082247	83304	76178	295482305	1283126
AL	NC_063219.1	3900001	4000000	0.0004806221372231	84167	133859	278511932	1535212
AL	NC_063219.1	4000001	4100000	0.0005020577842621	84664	150005	298780349	1322638
AL	NC_063219.1	4100001	4200000	0.0004030506982177	83489	112519	279168354	1489056
AL	NC_063219.1	4200001	4300000	0.0006349651990269	84063	174038	274090612	1585148
AL	NC_063219.1	4300001	4400000	0.0008213259028847	76429	214305	260925656	1300980
AL	NC_063219.1	4400001	4500000	0.0010412425092238	73427	269747	259062608	1150572
AL	NC_063219.1	4500001	4600000	0.0005766863108097	76610	155972	270462463	1198274
AL	NC_063219.1	4600001	4700000	0.0004112812920833	84350	112745	274131117	1599686
AL	NC_063219.1	4700001	4800000	0.0005136147338154	85628	147766	287698133	1512814
AL	NC_063219.1	4800001	4900000	0.0003233974540113	71670	78876	243898024	1231680
AL	NC_063219.1	4900001	5000000	0.0003405413177059	38558	49799	146234825	488990
AL	NC_063219.1	5000001	5100000	0.0	655	0	1995734	14264
AL	NC_063219.1	5100001	5200000	0.0003150514234223	17195	19351	61421719	261766
AL	NC_063219.1	5200001	5300000	0.0006317820316031	53267	127904	202449569	665458
AL	NC_063219.1	5300001	5400000	0.00035498893263	78236	98329	276991734	1219948
AL	NC_063219.1	5400001	5500000	0.0003163268437386	77314	82199	259854646	1367612
AL	NC_063219.1	5500001	5600000	0.0004354335338625	79509	117192	269138665	1383970
AL	NC_063219.1	5600001	5700000	0.0004922723837924	84655	139108	282583392	1517844
AL	NC_063219.1	5700001	5800000	0.0005381062140443	77541	135641	252071053	1471898
AL	NC_063219.1	5800001	5900000	0.0004229638397305	83253	116696	275900654	1517368
AL	NC_063219.1	5900001	6000000	0.0006980840535155	50017	129051	184864558	684664
AL	NC_063219.1	6000001	6100000	NA	0	NA	NA	NA
AL	NC_063219.1	6100001	6200000	NA	0	NA	NA	NA
AL	NC_063219.1	6200001	6300000	NA	0	NA	NA	NA
AL	NC_063219.1	6300001	6400000	0.0005812137394522	46385	101840	175219533	591698
AL	NC_063219.1	6400001	6500000	0.0003836547931271	79123	102921	268264601	1373490
AL	NC_063219.1	6500001	6600000	0.0004048095420085	83542	118887	293686259	1324026
AL	NC_063219.1	6600001	6700000	0.0003641005740922	76713	97944	269002597	1222386
AL	NC_063219.1	6700001	6800000	0.0004265516265799	74210	106429	249510243	1312042
AL	NC_063219.1	6800001	6900000	0.0003566083393221	77223	96612	270919071	1229638
AL	NC_063219.1	6900001	7000000	0.0005273136804043	77741	134013	254142847	1461838
AL	NC_063219.1	7000001	7100000	0.0004944377325146	80925	133840	270691315	1447846
AL	NC_063219.1	7100001	7200000	0.0008054854646385	81166	203180	252245396	1684656
AL	NC_063219.1	7200001	7300000	0.0003346135821218	72008	84136	251442274	1161420
AL	NC_063219.1	7300001	7400000	0.0003745422354507	80469	96830	258528921	1565682
AL	NC_063219.1	7400001	7500000	0.0010116459216367	19029	61828	61116245	370050
AL	NC_063219.1	7500001	7600000	0.0002427689839455	35036	27491	113239342	674588
AL	NC_063219.1	7600001	7700000	0.0004599830559755	81711	115007	250024427	1744542
AL	NC_063219.1	7700001	7800000	0.0008657023803011	79205	230340	266072966	1405832
AL	NC_063219.1	7800001	7900000	0.0005625447461398	80945	148989	264848265	1524130
AL	NC_063219.1	7900001	8000000	0.0003079753291537	81924	82277	267154516	1550168
AL	NC_063219.1	8000001	8100000	0.0003265646395198	82808	81799	250483335	1804618
AL	NC_063219.1	8100001	8200000	0.0001707754772055	85046	46987	275139035	1634810
AL	NC_063219.1	8200001	8300000	0.0007084767214102	80152	176331	248887500	1666360
AL	NC_063219.1	8300001	8400000	0.0006579851675331	74007	152162	231254453	1521458
AL	NC_063219.1	8400001	8500000	0.000529928576161	85036	140306	264763982	1761348
AL	NC_063219.1	8500001	8600000	0.0007564447972518	83262	191095	252622532	1802672
AL	NC_063219.1	8600001	8700000	0.0004071494627499	81312	105898	260096131	1597306
AL	NC_063219.1	8700001	8800000	0.0005731088131411	83786	146601	255799591	1795322
AL	NC_063219.1	8800001	8900000	0.0007360085002181	85191	199466	271010457	1689114
AL	NC_063219.1	8900001	9000000	0.0007378799373369	81565	196318	266056834	1541400
AL	NC_063219.1	9000001	9100000	0.0003306153937438	85961	94986	287300597	1540282
AL	NC_063219.1	9100001	9200000	0.000333559446649	84329	91854	275375202	1590208
AL	NC_063219.1	9200001	9300000	0.0002875944175367	83205	83058	288802546	1366880
AL	NC_063219.1	9300001	9400000	0.0005747119939177	84419	175883	306036766	1228176
AL	NC_063219.1	9400001	9500000	0.0006093522212757	84146	173270	284351142	1469244
AL	NC_063219.1	9500001	9600000	0.000374207982232	84293	105969	283182094	1491792
AL	NC_063219.1	9600001	9700000	0.0005850600603517	85165	160692	274658981	1641442
AL	NC_063219.1	9700001	9800000	0.000574674895862	85923	177544	308946852	1275148
AL	NC_063219.1	9800001	9900000	0.0006578205290991	85986	208236	316554426	1192420
AL	NC_063219.1	9900001	10000000	0.0006276459959614	86637	187809	299227592	1432084
AL	NC_063219.1	10000001	10100000	0.0005631143189624	85470	153122	271919919	1692226
AL	NC_063219.1	10100001	10200000	0.0006796871093372	83570	177721	261474725	1710782
AL	NC_063219.1	10200001	10300000	0.0005753840611728	83994	148562	258196238	1777620
AL	NC_063219.1	10300001	10400000	0.0006281306395623	84115	164895	262517046	1731256
AL	NC_063219.1	10400001	10500000	0.0007604909462883	83855	194633	255930726	1798288
AL	NC_063219.1	10500001	10600000	0.0006706372939008	77565	163468	243750238	1577768
AL	NC_063219.1	10600001	10700000	0.0005288875461496	84690	136565	258211790	1817348
AL	NC_063219.1	10700001	10800000	0.0004197424192114	80452	105179	250579868	1661504
AL	NC_063219.1	10800001	10900000	0.0007302520403974	58920	147295	201704332	1008328
AL	NC_063219.1	10900001	11000000	0.0008013120393477	85798	217922	271956478	1712564
AL	NC_063219.1	11000001	11100000	0.0006493111469561	84110	176882	272414852	1609408
AL	NC_063219.1	11100001	11200000	0.0004995848140724	81657	127822	255856456	1670388
AL	NC_063219.1	11200001	11300000	0.000726458820327	84324	191624	263778200	1728976
AL	NC_063219.1	11300001	11400000	0.0006275041582408	84097	178462	284399709	1467322
AL	NC_063219.1	11400001	11500000	0.0007162181844098	85349	206934	288925923	1483550
AL	NC_063219.1	11500001	11600000	0.0006939528072787	79771	189980	273765014	1342600
AL	NC_063219.1	11600001	11700000	0.0006436457175024	84410	183194	284619310	1484316
AL	NC_063219.1	11700001	11800000	0.0006356840232006	86032	184872	290823732	1498872
AL	NC_063219.1	11800001	11900000	0.0004639258322454	83950	136461	294144000	1347488
AL	NC_063219.1	11900001	12000000	0.0005200329769058	83849	141654	272394264	1597260
AL	NC_063219.1	12000001	12100000	0.0006493531068531	86170	183762	282992409	1598606
AL	NC_063219.1	12100001	12200000	0.0005068921855101	86378	153782	303382069	1366854
AL	NC_063219.1	12200001	12300000	0.0007738538181209	86294	251957	325587332	1104608
AL	NC_063219.1	12300001	12400000	0.0005696842477642	83714	159800	280506264	1483960
AL	NC_063219.1	12400001	12500000	0.0003669542556365	85766	112185	305719305	1307118
AL	NC_063219.1	12500001	12600000	0.0004604297460404	84737	128219	278476795	1572934
AL	NC_063219.1	12600001	12700000	0.000589738139216	84137	158899	269439925	1653258
AL	NC_063219.1	12700001	12800000	0.0006934968012905	85811	194102	279888818	1623304
AL	NC_063219.1	12800001	12900000	0.0007066327840429	78942	183165	259208183	1472178
AL	NC_063219.1	12900001	13000000	0.0003572331732393	83352	103074	288534234	1381556
AL	NC_063219.1	13000001	13100000	0.0003289223631939	84820	95056	288992208	1454544
AL	NC_063219.1	13100001	13200000	0.0006646501301576	84735	195231	293734991	1392798
AL	NC_063219.1	13200001	13300000	0.0004535404420267	83413	126784	279542877	1480602
AL	NC_063219.1	13300001	13400000	0.0004727205742542	86696	135746	287159069	1580446
AL	NC_063219.1	13400001	13500000	0.0003961845019512	85652	114868	289935622	1490412
AL	NC_063219.1	13500001	13600000	0.000572836552794	84285	159160	277845398	1555480
AL	NC_063219.1	13600001	13700000	0.0003187021472097	83721	90891	285191050	1435672
AL	NC_063219.1	13700001	13800000	0.0004364604107399	86903	124803	285943460	1609708
AL	NC_063219.1	13800001	13900000	0.0002465429808268	85478	73008	296126865	1406702
AL	NC_063219.1	13900001	14000000	0.0006163578316926	82703	189698	307772515	1111646
AL	NC_063219.1	14000001	14100000	0.0006630356053979	82509	180921	272867699	1510870
AL	NC_063219.1	14100001	14200000	0.0006900686913042	86204	190118	275505906	1700060
AL	NC_063219.1	14200001	14300000	0.0006152986747958	82238	163190	265220789	1593854
AL	NC_063219.1	14300001	14400000	0.0007599254579967	84615	222161	292345779	1400358
AL	NC_063219.1	14400001	14500000	0.0004872267920302	85900	158593	325501394	1081124
AL	NC_063219.1	14500001	14600000	0.0003519249977872	86178	105190	298898915	1414402
AL	NC_063219.1	14600001	14700000	0.0007108223514859	82436	184525	259593694	1666580
AL	NC_063219.1	14700001	14800000	0.0006429700218566	83474	163688	254581076	1790984
AL	NC_063219.1	14800001	14900000	0.0003247541087419	83399	84607	260526342	1713280
AL	NC_063219.1	14900001	15000000	0.0004397018942323	83487	120480	274003823	1556670
AL	NC_063219.1	15000001	15100000	0.0004175342550217	84079	112735	270001799	1636030
AL	NC_063219.1	15100001	15200000	0.000529819263493	86471	146898	277260587	1689270
AL	NC_063219.1	15200001	15300000	0.0004637798142872	86386	134379	289747410	1538236
AL	NC_063219.1	15300001	15400000	0.0006277087175734	83113	170585	271758214	1560448
AL	NC_063219.1	15400001	15500000	0.000411699311252	83728	117458	285300453	1432870
AL	NC_063219.1	15500001	15600000	0.0005056380787727	85447	145180	287122363	1517118
AL	NC_063219.1	15600001	15700000	0.0002895797028482	87730	85560	295462697	1545350
AL	NC_063219.1	15700001	15800000	0.0005098210764589	83917	134994	264787013	1696138
AL	NC_063219.1	15800001	15900000	0.000418618643858	82804	103450	247122295	1845154
AL	NC_063219.1	15900001	16000000	0.0003692093781826	84923	97716	264662833	1756362
AL	NC_063219.1	16000001	16100000	0.0005955074148122	85362	169285	284270180	1541816
AL	NC_063219.1	16100001	16200000	0.0005965655038786	83096	168324	282155101	1436702
AL	NC_063219.1	16200001	16300000	0.0001537899297587	82980	40602	264009484	1648832
AL	NC_063219.1	16300001	16400000	0.0007200314545191	84615	183765	255218017	1850754
AL	NC_063219.1	16400001	16500000	0.000316699949927	83125	89658	283100771	1426542
AL	NC_063219.1	16500001	16600000	0.0003910689048572	83633	104263	266610305	1650434
AL	NC_063219.1	16600001	16700000	0.0003013840604166	71916	75821	251576012	1155008
AL	NC_063219.1	16700001	16800000	0.0007434022612376	81454	208420	280359653	1363510
AL	NC_063219.1	16800001	16900000	0.0007950803823481	82129	199850	251358233	1754362
AL	NC_063219.1	16900001	17000000	0.0006152036647842	83042	162433	264031262	1653076
AL	NC_063219.1	17000001	17100000	0.0006492511500707	81740	162672	250553272	1741464
AL	NC_063219.1	17100001	17200000	0.000530763700186	86399	139724	263250859	1860302
AL	NC_063219.1	17200001	17300000	0.0003822597832981	78023	85847	224577640	1845700
AL	NC_063219.1	17300001	17400000	0.0003033348749417	87820	81306	268040396	1885928
AL	NC_063219.1	17400001	17500000	0.000477275269297	82805	120457	252384751	1778342
AL	NC_063219.1	17500001	17600000	0.0004293969975848	81981	116775	271951133	1497002
AL	NC_063219.1	17600001	17700000	0.0005371394540175	85661	157038	292359831	1466702
AL	NC_063219.1	17700001	17800000	0.0005272089715066	86147	150271	285031189	1581034
AL	NC_063219.1	17800001	17900000	0.0007697523552368	82496	208820	271282054	1536332
AL	NC_063219.1	17900001	18000000	0.000501144208563	84242	131582	262563146	1741324
AL	NC_063219.1	18000001	18100000	0.0006815810103634	85070	200891	294742660	1398928
AL	NC_063219.1	18100001	18200000	0.0003910306253898	86480	114083	291749527	1516010
AL	NC_063219.1	18200001	18300000	0.0006209870697235	80848	185871	299315411	1107978
AL	NC_063219.1	18300001	18400000	0.0003937296532742	83284	116756	296538498	1286188
AL	NC_063219.1	18400001	18500000	0.0004741261872637	82918	123018	259462572	1697312
AL	NC_063219.1	18500001	18600000	0.000275250886755	85496	77946	283181649	1562046
AL	NC_063219.1	18600001	18700000	0.0006562071495022	85203	184927	281811925	1565786
AL	NC_063219.1	18700001	18800000	0.0006462904082132	83473	174093	269372712	1612732
AL	NC_063219.1	18800001	18900000	0.000577835133106	80425	166873	288789986	1200184
AL	NC_063219.1	18900001	19000000	0.0003295927889426	84151	97483	295768000	1337804
AL	NC_063219.1	19000001	19100000	0.0004938213364741	82217	135581	274554763	1482510
AL	NC_063219.1	19100001	19200000	0.0004579523305501	83920	129500	282780524	1479072
AL	NC_063219.1	19200001	19300000	0.0005225626463043	84109	132768	254070973	1835706
AL	NC_063219.1	19300001	19400000	0.0007925131164906	82876	217423	274346248	1518936
AL	NC_063219.1	19400001	19500000	0.0005428868960565	84995	161417	297330809	1366418
AL	NC_063219.1	19500001	19600000	0.0006232685244526	83220	171797	275638819	1524626
AL	NC_063219.1	19600001	19700000	0.0005040121145264	85939	132445	262781382	1840640
AL	NC_063219.1	19700001	19800000	0.0002949730362317	83283	76409	259037236	1728244
AL	NC_063219.1	19800001	19900000	0.0002515753024563	82798	69045	274450629	1511094
AL	NC_063219.1	19900001	20000000	0.0001436219649559	82327	39373	274143304	1488108
AL	NC_063219.1	20000001	20100000	0.0001290984743872	82860	35912	278175247	1473978
AL	NC_063219.1	20100001	20200000	0.0002627065510865	81570	71120	270720314	1488292
AL	NC_063219.1	20200001	20300000	0.0004194565666254	82528	108499	258665637	1687918
AL	NC_063219.1	20300001	20400000	0.0002955667608147	84463	84761	286774466	1466040
AL	NC_063219.1	20400001	20500000	0.0005758943837344	83727	160119	278035356	1528356
AL	NC_063219.1	20500001	20600000	0.0004974776592486	84135	128901	259109123	1777454
AL	NC_063219.1	20600001	20700000	0.0003898362473528	79672	103358	265131836	1443816
AL	NC_063219.1	20700001	20800000	0.0005387311857179	82598	144922	269006146	1570732
AL	NC_063219.1	20800001	20900000	0.0003335284361312	83525	97131	291222545	1357322
AL	NC_063219.1	20900001	21000000	4.682202956292587e-05	84616	12031	256951698	1829436
AL	NC_063219.1	21000001	21100000	1.6566364487053915e-05	84391	4309	260105348	1780244
AL	NC_063219.1	21100001	21200000	3.194025364303377e-05	87155	8860	277392913	1729474
AL	NC_063219.1	21200001	21300000	0.0001747879010177	79967	44668	255555446	1574968
AL	NC_063219.1	21300001	21400000	0.0005936812539066	82949	162798	274217855	1524190
AL	NC_063219.1	21400001	21500000	0.0004934823888602	84256	130061	263557531	1731338
AL	NC_063219.1	21500001	21600000	0.0002758617553248	81665	66239	240116648	1866476
AL	NC_063219.1	21600001	21700000	0.0005281790643868	76080	125083	236819307	1576658
AL	NC_063219.1	21700001	21800000	0.0004773224625561	79409	117448	246055883	1659470
AL	NC_063219.1	21800001	21900000	0.0008381633722168	81487	212391	253400479	1692286
AL	NC_063219.1	21900001	22000000	0.0005235055205033	82784	134470	256864531	1730386
AL	NC_063219.1	22000001	22100000	0.0005661031506241	80440	149080	263344233	1509614
AL	NC_063219.1	22100001	22200000	0.0005142092794994	81894	136476	265409446	1572468
AL	NC_063219.1	22200001	22300000	0.0004631334518744	82261	112228	242323243	1879054
AL	NC_063219.1	22300001	22400000	0.0004631346049579	79635	118581	256040034	1555848
AL	NC_063219.1	22400001	22500000	0.0004412794547826	81020	110684	250825183	1695322
AL	NC_063219.1	22500001	22600000	0.0004608864450605	82049	114806	249098235	1779518
AL	NC_063219.1	22600001	22700000	0.0003299228364349	81900	79363	240550187	1875154
AL	NC_063219.1	22700001	22800000	0.0003350436080809	82177	87066	259864680	1654732
AL	NC_063219.1	22800001	22900000	0.0002080701435791	82096	53450	256884525	1681158
AL	NC_063219.1	22900001	23000000	0.0004456581480884	83877	116522	261460495	1730134
AL	NC_063219.1	23000001	23100000	0.0003370400391404	85166	86406	256367167	1871210
AL	NC_063219.1	23100001	23200000	0.0003950518292339	81320	102869	260393681	1598838
AL	NC_063219.1	23200001	23300000	0.0003864302663707	82562	91833	237644429	1953950
AL	NC_063219.1	23300001	23400000	0.0004125974621843	82507	108385	262689449	1646290
AL	NC_063219.1	23400001	23500000	0.0004350228893347	82056	111971	257391054	1677228
AL	NC_063219.1	23500001	23600000	0.0004677672492796	83523	118140	252561504	1820164
AL	NC_063219.1	23600001	23700000	0.0004591097307353	82942	119301	259852911	1696986
AL	NC_063219.1	23700001	23800000	0.0003354215857138	82240	94436	281544194	1402644
AL	NC_063219.1	23800001	23900000	0.0004443002266974	82242	114696	258149767	1681882
AL	NC_063219.1	23900001	24000000	0.0002261752172696	84456	61297	271015546	1652804
AL	NC_063219.1	24000001	24100000	0.0002557700508639	77890	68383	267361248	1311192
AL	NC_063219.1	24100001	24200000	0.0002172048442874	83968	58805	270735214	1624236
AL	NC_063219.1	24200001	24300000	0.0003022961499653	84196	82408	272606846	1616044
AL	NC_063219.1	24300001	24400000	0.00055785673055	88480	169690	304182043	1481058
AL	NC_063219.1	24400001	24500000	0.0002915674192293	84688	91503	313831361	1150766
AL	NC_063219.1	24500001	24600000	0.0004501298606673	79658	126091	280121385	1260878
AL	NC_063219.1	24600001	24700000	0.0003155565318941	74599	78981	250291127	1330366
AL	NC_063219.1	24700001	24800000	0.0001546653314492	83584	47962	310101815	1130522
AL	NC_063219.1	24800001	24900000	0.0001683578411997	82911	49340	293066243	1293446
AL	NC_063219.1	24900001	25000000	0.0002713359028804	81222	81272	299525419	1122778
AL	NC_063219.1	25000001	25100000	0.0002214818641323	86166	71967	324934054	1103604
AL	NC_063219.1	25100001	25200000	0.0001938778545876	80767	52162	269045684	1462396
AL	NC_063219.1	25200001	25300000	0.0001282309645352	77737	36484	284517863	1102534
AL	NC_063219.1	25300001	25400000	0.0001329768952997	86517	37676	283327415	1615718
AL	NC_063219.1	25400001	25500000	0.0001513381154746	86114	41176	272079508	1729280
AL	NC_063219.1	25500001	25600000	0.0001349753119941	86358	36080	267308143	1802346
AL	NC_063219.1	25600001	25700000	0.0001233514135428	86693	33783	273876067	1740718
AL	NC_063219.1	25700001	25800000	0.0001163444024229	86688	31738	272793528	1754128
AL	NC_063219.1	25800001	25900000	0.0001618938188288	86420	47481	293284823	1492618
AL	NC_063219.1	25900001	26000000	0.0001168735518868	81526	34714	297021862	1163148
AL	NC_063219.1	26000001	26100000	0.0001394126738104	85681	42495	304814468	1312444
AL	NC_063219.1	26100001	26200000	0.0001141927237861	86548	33633	294528398	1483436
AL	NC_063219.1	26200001	26300000	0.0001396226664727	81717	38202	273608870	1461520
AL	NC_063219.1	26300001	26400000	8.110655983547823e-05	81797	22192	273615353	1462930
AL	NC_063219.1	26400001	26500000	9.722094780429767e-05	85190	27140	279157945	1587342
AL	NC_063219.1	26500001	26600000	7.08159887801153e-05	86759	19759	279018910	1680528
AL	NC_063219.1	26600001	26700000	0.0002137487828313	85393	57331	268216732	1734716
AL	NC_063219.1	26700001	26800000	3.7938289946259854e-05	83839	10002	263638662	1699304
AL	NC_063219.1	26800001	26900000	0.000133717040307	81631	33569	251045042	1726472
AL	NC_063219.1	26900001	27000000	0.0002365756923207	82855	59150	250025687	1812270
AL	NC_063219.1	27000001	27100000	0.000150361746137	81043	37764	251154306	1690680
AL	NC_063219.1	27100001	27200000	0.0001055807814731	74758	25343	240034215	1456946
AL	NC_063219.1	27200001	27300000	6.101150137459514e-05	83705	15931	261114702	1725608
AL	NC_063219.1	27300001	27400000	0.0001215592104662	82054	31256	257125724	1674280
AL	NC_063219.1	27400001	27500000	0.0001144012071408	84532	30942	270469174	1661436
AL	NC_063219.1	27500001	27600000	5.4286166034139096e-05	82838	13610	250708440	1803288
AL	NC_063219.1	27600001	27700000	0.0002058403575596	83506	50057	243183604	1938520
AL	NC_063219.1	27700001	27800000	0.0001751733942342	83602	44614	254684795	1799458
AL	NC_063219.1	27800001	27900000	0.0002100909760717	81900	52939	251981313	1730798
AL	NC_063219.1	27900001	28000000	0.0001804762376704	81338	44906	248819460	1734872
AL	NC_063219.1	28000001	28100000	0.0001752595607829	85251	48237	275231775	1642598
AL	NC_063219.1	28100001	28200000	0.0001611709876743	87821	49564	307524330	1401816
AL	NC_063219.1	28200001	28300000	0.0001669289151837	84417	45124	270318656	1653476
AL	NC_063219.1	28300001	28400000	9.139525991798358e-05	84199	26168	286316818	1453560
AL	NC_063219.1	28400001	28500000	3.157778349796848e-05	85054	9032	286023875	1504938
AL	NC_063219.1	28500001	28600000	0.0002878261853146	85125	82616	287034343	1492886
AL	NC_063219.1	28600001	28700000	0.0003805745691843	85318	101587	266930605	1746950
AL	NC_063219.1	28700001	28800000	6.339236941004062e-05	87014	18696	294925086	1504620
AL	NC_063219.1	28800001	28900000	0.0002302598166746	87188	71506	310544849	1328334
AL	NC_063219.1	28900001	29000000	0.000189840274443	84549	54505	287109783	1455750
AL	NC_063219.1	29000001	29100000	0.0003150702197413	87232	91893	291658793	1559486
AL	NC_063219.1	29100001	29200000	0.0005720526336051	86926	162386	283865488	1636080
AL	NC_063219.1	29200001	29300000	0.0003029485199936	88206	94812	312964064	1360040
AL	NC_063219.1	29300001	29400000	0.0005295130646724	87624	158029	298442117	1502462
AL	NC_063219.1	29400001	29500000	0.0005861564236163	87293	170328	290584549	1572746
AL	NC_063219.1	29500001	29600000	0.0003976095511388	83606	113784	286170188	1418000
AL	NC_063219.1	29600001	29700000	0.0004687731924512	87175	135991	290099780	1573348
AL	NC_063219.1	29700001	29800000	0.0006209565090347	86650	173281	279054970	1675004
AL	NC_063219.1	29800001	29900000	0.0005476492218969	87119	162116	296021602	1503584
AL	NC_063219.1	29900001	30000000	0.000406108185756	86369	113685	279937721	1646762
AL	NC_063219.1	30000001	30100000	0.0004069194084177	85686	114447	281252252	1593264
AL	NC_063219.1	30100001	30200000	0.0003637828352451	87685	97729	268646540	1864788
AL	NC_063219.1	30200001	30300000	0.0002986910617164	85281	85528	286342683	1513326
AL	NC_063219.1	30300001	30400000	0.0004133409564553	84713	108217	261810494	1776040
AL	NC_063219.1	30400001	30500000	0.0005858297486432	86338	160498	273966968	1725120
AL	NC_063219.1	30500001	30600000	0.0003854173418524	85806	111550	289426520	1499704
AL	NC_063219.1	30600001	30700000	0.0004386443705371	87258	124186	283113174	1660188
AL	NC_063219.1	30700001	30800000	0.000351953638954	86582	94921	269697453	1786326
AL	NC_063219.1	30800001	30900000	0.0005646250979564	87561	154526	273678943	1793926
AL	NC_063219.1	30900001	31000000	0.0004445567856034	86405	134865	303369568	1367868
AL	NC_063219.1	31000001	31100000	0.0004072518545693	81580	128631	315851232	948744
AL	NC_063219.1	31100001	31200000	0.0002330984251034	85337	72337	310328137	1227202
AL	NC_063219.1	31200001	31300000	0.0002967624458869	82284	86468	291371099	1277458
AL	NC_063219.1	31300001	31400000	0.0005001488947523	86893	154840	309587808	1327420
AL	NC_063219.1	31400001	31500000	0.000543708796909	85003	160580	295341920	1389476
AL	NC_063219.1	31500001	31600000	0.0003814749675213	86969	116289	304840448	1389196
AL	NC_063219.1	31600001	31700000	0.0002066602259047	87003	62407	301978766	1423776
AL	NC_063219.1	31700001	31800000	0.0004605834791681	85705	146737	318589369	1150386
AL	NC_063219.1	31800001	31900000	0.0002702263685524	81907	80564	298135228	1175772
AL	NC_063219.1	31900001	32000000	0.0003069621220837	85063	81864	266690885	1734194
AL	NC_063219.1	32000001	32100000	0.0002781539103045	85387	75352	270900380	1702156
AL	NC_063219.1	32100001	32200000	0.0001095721386788	84718	29813	272085590	1648932
AL	NC_063219.1	32200001	32300000	0.0001298245675036	83972	36441	280694176	1505312
AL	NC_063219.1	32300001	32400000	8.069752332595062e-07	84353	213	263948621	1729098
AL	NC_063219.1	32400001	32500000	0.0001354703293339	84279	34885	257510262	1801960
AL	NC_063219.1	32500001	32600000	0.0002566601091884	82144	63454	247229693	1803454
AL	NC_063219.1	32600001	32700000	0.0002150157278515	82488	53097	246944726	1828484
AL	NC_063219.1	32700001	32800000	0.0002051525194829	83805	52226	254571575	1811334
AL	NC_063219.1	32800001	32900000	0.000252636204421	84002	65050	257484869	1785894
AL	NC_063219.1	32900001	33000000	0.0003044859011075	83010	79638	261549056	1680240
AL	NC_063219.1	33000001	33100000	0.0002085450552387	83230	51671	247769001	1862438
AL	NC_063219.1	33100001	33200000	0.0001213046931961	83663	33288	274416423	1559038
AL	NC_063219.1	33200001	33300000	0.0001303891820505	83653	37062	284241372	1439980
AL	NC_063219.1	33300001	33400000	0.0001227444358128	84686	34164	278334409	1571102
AL	NC_063219.1	33400001	33500000	6.034126936807442e-05	85036	16877	279692492	1575416
AL	NC_063219.1	33500001	33600000	8.320372199647852e-05	83396	20991	252284387	1814738
AL	NC_063219.1	33600001	33700000	0.0004276740789307	85022	123768	289397946	1464116
AL	NC_063219.1	33700001	33800000	0.0006751379970732	86014	179074	265240589	1808038
AL	NC_063219.1	33800001	33900000	0.0003303391051924	86995	90181	272995230	1774640
AL	NC_063219.1	33900001	34000000	0.0005357061791031	82841	135729	253364634	1773160
AL	NC_063219.1	34000001	34100000	0.0006856184375071	84871	183937	268278958	1702816
AL	NC_063219.1	34100001	34200000	0.0005775743562875	84453	162394	281165530	1526656
AL	NC_063219.1	34200001	34300000	0.0005413595152089	83666	159136	293956226	1331324
AL	NC_063219.1	34300001	34400000	0.0005444939483769	85043	166987	306682931	1255702
AL	NC_063219.1	34400001	34500000	0.0007536984253324	83914	209159	277510199	1543970
AL	NC_063219.1	34500001	34600000	0.0005513004265918	85911	152591	276783751	1664590
AL	NC_063219.1	34600001	34700000	0.0006174413601223	83686	169736	274902219	1553754
AL	NC_063219.1	34700001	34800000	0.0007283799654699	84434	209735	287947239	1440042
AL	NC_063219.1	34800001	34900000	0.0009400952102346	85107	271620	288928182	1466744
AL	NC_063219.1	34900001	35000000	0.000527368471459	84871	162948	308983204	1214540
AL	NC_063219.1	35000001	35100000	0.0006621314772182	81915	180360	272393031	1481030
AL	NC_063219.1	35100001	35200000	0.0006196484879745	82526	164340	265214881	1606070
AL	NC_063219.1	35200001	35300000	0.0005929264679536	82997	165501	279125674	1465512
AL	NC_063219.1	35300001	35400000	0.0005456256276948	84959	144158	264206798	1757400
AL	NC_063219.1	35400001	35500000	0.0007485915796175	82466	206999	276517938	1461980
AL	NC_063219.1	35500001	35600000	0.0005610918657779	82819	146825	261677292	1665380
AL	NC_063219.1	35600001	35700000	0.0006090173638894	82216	154230	253244011	1736338
AL	NC_063219.1	35700001	35800000	0.0002511142337367	80960	62650	249488048	1709792
AL	NC_063219.1	35800001	35900000	0.0003731631012031	80118	91898	246267650	1697636
AL	NC_063219.1	35900001	36000000	0.0002924741332364	81770	74474	254634484	1687672
AL	NC_063219.1	36000001	36100000	0.0004262311542597	78503	108084	253580713	1511922
AL	NC_063219.1	36100001	36200000	0.0008217322395812	83841	224640	273373721	1578410
AL	NC_063219.1	36200001	36300000	0.0006922757727496	82063	186870	269935779	1520206
AL	NC_063219.1	36300001	36400000	0.0002465276215284	82740	65100	264067773	1629190
AL	NC_063219.1	36400001	36500000	0.0003342413382479	81169	86183	257846622	1614048
AL	NC_063219.1	36500001	36600000	0.0005152747257967	81270	135702	263358541	1553734
AL	NC_063219.1	36600001	36700000	0.0005544798922057	80848	139127	250914419	1680114
AL	NC_063219.1	36700001	36800000	0.000331422368213	82359	84112	253790957	1735530
AL	NC_063219.1	36800001	36900000	0.0002101831599183	82604	55642	264731009	1613726
AL	NC_063219.1	36900001	37000000	0.0003732645579917	84313	105780	283391492	1490548
AL	NC_063219.1	37000001	37100000	0.0006202998890044	79395	163882	264198016	1433620
AL	NC_063219.1	37100001	37200000	0.0004255677503507	81431	112889	265266811	1539294
AL	NC_063219.1	37200001	37300000	0.0003936414067829	82772	120008	304866302	1147052
AL	NC_063219.1	37300001	37400000	0.0002032413386268	81216	58878	289695002	1234308
AL	NC_063219.1	37400001	37500000	0.0004622922423316	81339	123216	266532701	1515778
AL	NC_063219.1	37500001	37600000	0.0004337421395551	82250	117645	271232581	1513958
AL	NC_063219.1	37600001	37700000	0.0003141642048446	80249	85793	273083307	1376566
AL	NC_063219.1	37700001	37800000	0.0005039430306786	80873	138082	274003194	1399968
AL	NC_063219.1	37800001	37900000	0.0006702444190658	73019	167373	249719349	1237922
AL	NC_063219.1	37900001	38000000	0.0006166192490592	78239	164343	266522656	1339788
AL	NC_063219.1	38000001	38100000	0.000793052467984	80236	204611	258004367	1556186
AL	NC_063219.1	38100001	38200000	0.0007037116512308	76685	180687	256762837	1363058
AL	NC_063219.1	38200001	38300000	0.0004772120488589	78722	128196	268635296	1337032
AL	NC_063219.1	38300001	38400000	0.0004869694006389	77445	136876	281077209	1115146
AL	NC_063219.1	38400001	38500000	0.0004702379382347	80312	128325	272893762	1379140
AL	NC_063219.1	38500001	38600000	0.0004015551598442	77848	113088	281625070	1137796
AL	NC_063219.1	38600001	38700000	0.000545427031619	80850	167197	306543296	1020440
AL	NC_063219.1	38700001	38800000	0.0009071004518814	75952	245798	270971092	1150912
AL	NC_063219.1	38800001	38900000	0.0007759476177961	72280	216913	279545932	846104
AL	NC_063219.1	38900001	39000000	0.0006313150076604	73339	179700	284643954	843472
AL	NC_063219.1	39000001	39100000	0.0007871003305281	73065	225333	286282436	807900
AL	NC_063219.1	39100001	39200000	0.0006858753359376	75052	191150	278694961	1011702
AL	NC_063219.1	39200001	39300000	0.0005296638504351	79853	154851	292357124	1128036
AL	NC_063219.1	39300001	39400000	0.0006534015895625	74788	190420	291428737	850174
AL	NC_063219.1	39400001	39500000	0.0006815338206194	76632	208173	305447791	790162
AL	NC_063219.1	39500001	39600000	0.0006328838671417	65711	165432	261393928	684940
AL	NC_063219.1	39600001	39700000	0.0007826785254778	61749	191399	244543569	656930
AL	NC_063219.1	39700001	39800000	0.0007461327021476	66917	205124	274916244	598884
AL	NC_063219.1	39800001	39900000	0.0006022728561871	75001	184964	307109972	682204
AL	NC_063219.1	39900001	40000000	0.0006510387745317	74645	194770	299168049	756474
AL	NC_063219.1	40000001	40100000	0.0003795323925033	77508	122086	321674783	658450
AL	NC_063219.1	40100001	40200000	0.0005148837887806	75929	158067	306995488	739628
AL	NC_063219.1	40200001	40300000	0.0003641794067173	82493	123371	338764350	740880
AL	NC_063219.1	40300001	40400000	0.0003635351055108	81778	108353	298053746	1169596
AL	NC_063219.1	40400001	40500000	0.000299542191205	83974	91317	304855218	1212284
AL	NC_063219.1	40500001	40600000	0.0001539047047753	80926	40936	265982772	1503512
AL	NC_063219.1	40600001	40700000	8.248342385798899e-05	81122	23318	282699225	1317294
AL	NC_063219.1	40700001	40800000	0.0002064310441181	11757	9874	47831953	111690
AL	NC_063219.1	40800001	40900000	0.0001148238002177	25990	10853	94518732	374712
AL	NC_063219.1	40900001	41000000	0.0001126541562305	17515	7878	69930842	181096
AL	NC_063220.1	1	100000	7.467056277800137e-05	5989	1421	19030257	121026
AL	NC_063220.1	100001	200000	6.89748988847142e-05	1783	360	5219290	41800
AL	NC_063220.1	200001	300000	0.000172954150722	34084	21235	122778204	509840
AL	NC_063220.1	300001	400000	0.0002262907927685	81832	66496	293851991	1230898
AL	NC_063220.1	400001	500000	0.0003536197323895	82222	97121	274648135	1476650
AL	NC_063220.1	500001	600000	0.0003828475466041	87339	123266	321971503	1203342
AL	NC_063220.1	600001	700000	0.0004723861025533	80455	152176	322143262	815400
AL	NC_063220.1	700001	800000	0.0005062720295484	80197	168463	332751940	681292
AL	NC_063220.1	800001	900000	0.000450423938751	78672	145445	322906905	711334
AL	NC_063220.1	900001	1000000	0.0006002029822263	72940	181289	302046150	626556
AL	NC_063220.1	1000001	1100000	0.0008378594747232	72669	249731	298058335	653614
AL	NC_063220.1	1100001	1200000	0.0006934478576656	70706	198756	286619964	675336
AL	NC_063220.1	1200001	1300000	0.0007517145532104	68542	204226	271680253	722590
AL	NC_063220.1	1300001	1400000	0.0005880472859645	68878	158236	269087204	771360
AL	NC_063220.1	1400001	1500000	0.0006431522941657	75988	193418	300734370	813204
AL	NC_063220.1	1500001	1600000	0.0001554413960592	81875	48912	314665213	979530
AL	NC_063220.1	1600001	1700000	0.0007022918742636	72337	201508	286929135	764462
AL	NC_063220.1	1700001	1800000	0.0004066760999325	77344	120258	295709534	941772
AL	NC_063220.1	1800001	1900000	0.0004150205050068	79145	120406	290120605	1108274
AL	NC_063220.1	1900001	2000000	0.0005325297486828	73970	145750	273693630	1008116
AL	NC_063220.1	2000001	2100000	0.0003643668860888	78458	104261	286142907	1113922
AL	NC_063220.1	2100001	2200000	0.0004588146388858	82154	134606	293377736	1241568
AL	NC_063220.1	2200001	2300000	0.0005480820509117	77307	163084	297553988	920476
AL	NC_063220.1	2300001	2400000	0.0006838981812181	77693	190848	279059084	1154356
AL	NC_063220.1	2400001	2500000	0.0005967325346671	77002	171682	287703435	1015394
AL	NC_063220.1	2500001	2600000	0.0006401120981268	73952	178720	279201097	943798
AL	NC_063220.1	2600001	2700000	0.0008378503411023	76064	233126	278243009	1071534
AL	NC_063220.1	2700001	2800000	0.0006903068769937	74169	187848	272122452	1036292
AL	NC_063220.1	2800001	2900000	0.0004461470094755	75139	118944	266602706	1155688
AL	NC_063220.1	2900001	3000000	0.00033213623696	78392	93646	281950566	1160444
AL	NC_063220.1	3000001	3100000	0.0002043186612693	78138	55992	274042516	1240984
AL	NC_063220.1	3100001	3200000	0.0004105989470801	81153	116239	283096196	1306084
AL	NC_063220.1	3200001	3300000	0.0006645762374606	79547	187180	281653164	1235204
AL	NC_063220.1	3300001	3400000	0.0006860551108472	82634	197371	287689716	1338336
AL	NC_063220.1	3400001	3500000	0.0006644399901813	80503	194691	293015175	1151734
AL	NC_063220.1	3500001	3600000	0.0004901272204957	81187	152031	310186812	992500
AL	NC_063220.1	3600001	3700000	0.0005941275346322	81885	173037	291245549	1253954
AL	NC_063220.1	3700001	3800000	0.0006411936151026	82028	202222	315383677	978222
AL	NC_063220.1	3800001	3900000	0.0007836974295288	50810	148456	189430250	678340
AL	NC_063220.1	3900001	4000000	0.0005775940702164	72631	143660	248721390	1223392
AL	NC_063220.1	4000001	4100000	0.0004151191072277	80998	114185	275065633	1393942
AL	NC_063220.1	4100001	4200000	0.0002873811183445	80123	80834	281278048	1269948
AL	NC_063220.1	4200001	4300000	0.0004888702354596	79818	133943	273984772	1338928
AL	NC_063220.1	4300001	4400000	0.0005200242472613	81945	143826	276575565	1430346
AL	NC_063220.1	4400001	4500000	0.0004860160487406	80686	143695	295658961	1138390
AL	NC_063220.1	4500001	4600000	0.0004237207645037	72765	112311	265058995	1043670
AL	NC_063220.1	4600001	4700000	0.0005142368758753	66760	118303	230055458	1109772
AL	NC_063220.1	4700001	4800000	0.0001840297406365	81207	52490	285225637	1285826
AL	NC_063220.1	4800001	4900000	0.000404284777761	84781	117838	291472760	1416252
AL	NC_063220.1	4900001	5000000	0.0003535056619553	81489	97919	276994149	1405594
AL	NC_063220.1	5000001	5100000	0.0002648411299106	83023	78330	295762218	1264336
AL	NC_063220.1	5100001	5200000	0.0006554067957842	83635	175321	267499515	1640118
AL	NC_063220.1	5200001	5300000	0.0007306905109187	82471	194743	266519131	1581430
AL	NC_063220.1	5300001	5400000	0.0008458418298054	83067	227443	268895427	1590958
AL	NC_063220.1	5400001	5500000	0.0003714230023209	84213	98773	265931295	1695702
AL	NC_063220.1	5500001	5600000	0.0008458528392074	82979	216347	255773806	1745896
AL	NC_063220.1	5600001	5700000	0.0007427482710606	82302	210955	284019510	1365516
AL	NC_063220.1	5700001	5800000	0.0004524631359749	83342	138841	306855938	1160300
AL	NC_063220.1	5800001	5900000	0.000578879858442	83724	169846	293404577	1333278
AL	NC_063220.1	5900001	6000000	0.0006985882759285	83432	210030	300649191	1234058
AL	NC_063220.1	6000001	6100000	0.0005484314224289	85217	169343	308776983	1239918
AL	NC_063220.1	6100001	6200000	0.0005772304715231	84977	165506	286724295	1484918
AL	NC_063220.1	6200001	6300000	0.0004001973905266	85558	109545	273727422	1676356
AL	NC_063220.1	6300001	6400000	0.0006605520279882	84195	182490	276268927	1569822
AL	NC_063220.1	6400001	6500000	0.0006805852561065	85039	189413	278308997	1592930
AL	NC_063220.1	6500001	6600000	0.0006242156554855	84139	170417	273009814	1608168
AL	NC_063220.1	6600001	6700000	0.0006300922415366	83742	171708	272512481	1586718
AL	NC_063220.1	6700001	6800000	0.0006998522875933	82695	194020	277229929	1475746
AL	NC_063220.1	6800001	6900000	0.0007150420757859	83559	205685	287654401	1398138
AL	NC_063220.1	6900001	7000000	0.0007917560994272	82076	221166	279336023	1410658
AL	NC_063220.1	7000001	7100000	0.0006554326438197	82086	186536	284599801	1350606
AL	NC_063220.1	7100001	7200000	0.0008614469945201	78708	235592	273484035	1285978
AL	NC_063220.1	7200001	7300000	0.0005224500497526	85933	141398	270644055	1737382
AL	NC_063220.1	7300001	7400000	0.0003531300314178	84011	95168	269498461	1644034
AL	NC_063220.1	7400001	7500000	0.0004339426772079	84642	114021	262755903	1758362
AL	NC_063220.1	7500001	7600000	0.0004036403857391	84266	101685	251919787	1873426
AL	NC_063220.1	7600001	7700000	0.0006962314306109	84179	173198	248764983	1907990
AL	NC_063220.1	7700001	7800000	0.0002356496147953	82372	56479	239673636	1916920
AL	NC_063220.1	7800001	7900000	0.000356123820178	81045	84305	236729461	1872890
AL	NC_063220.1	7900001	8000000	0.0004103872612329	76907	100631	245209853	1522002
AL	NC_063220.1	8000001	8100000	0.0003994703944021	81717	106716	267143702	1533208
AL	NC_063220.1	8100001	8200000	0.0004274340751603	84132	123955	289997937	1399774
AL	NC_063220.1	8200001	8300000	0.0003422490579699	86027	92025	268883136	1764644
AL	NC_063220.1	8300001	8400000	0.0004895676564177	86915	151360	309170751	1333310
AL	NC_063220.1	8400001	8500000	0.0004831011285438	84421	149257	308956016	1191284
AL	NC_063220.1	8500001	8600000	0.0004281800792988	85362	125397	292860425	1434894
AL	NC_063220.1	8600001	8700000	0.0003207476383674	85123	88063	274555412	1643212
AL	NC_063220.1	8700001	8800000	0.0004728635412883	86221	134819	285111852	1585356
AL	NC_063220.1	8800001	8900000	0.0007386307397433	84672	216939	293704267	1385186
AL	NC_063220.1	8900001	9000000	0.000457362300371	83754	129009	282071784	1472176
AL	NC_063220.1	9000001	9100000	1.2754486253528596e-05	84076	3840	301070535	1264562
AL	NC_063220.1	9100001	9200000	1.028010313737212e-05	83239	3021	293868647	1302582
AL	NC_063220.1	9200001	9300000	4.964670749403574e-05	85365	13613	274197438	1659480
AL	NC_063220.1	9300001	9400000	0.0002701815257103	85182	71264	263763408	1777624
AL	NC_063220.1	9400001	9500000	0.0004653841419356	82238	123676	265750353	1583222
AL	NC_063220.1	9500001	9600000	0.0005036547476369	87496	142193	282322366	1692108
AL	NC_063220.1	9600001	9700000	0.0006294648336321	85062	167360	265876648	1745528
AL	NC_063220.1	9700001	9800000	0.0003834767606524	85207	99808	260271313	1823194
AL	NC_063220.1	9800001	9900000	0.0006599634747679	82480	174763	264807079	1607090
AL	NC_063220.1	9900001	10000000	0.0001179895783319	85348	32481	275287025	1645254
AL	NC_063220.1	10000001	10100000	0.000156256542426	84343	46517	297696335	1326078
AL	NC_063220.1	10100001	10200000	0.0001001710557445	86175	30564	305118078	1339112
AL	NC_063220.1	10200001	10300000	0.0003179710087603	85359	91645	288218100	1495428
AL	NC_063220.1	10300001	10400000	0.0005950121543156	86309	173078	290881453	1512618
AL	NC_063220.1	10400001	10500000	0.0004651668397683	84938	145307	312376093	1181990
AL	NC_063220.1	10500001	10600000	0.0004973096449556	82509	138266	278027988	1448596
AL	NC_063220.1	10600001	10700000	0.0004511307608183	85873	137096	303894152	1335012
AL	NC_063220.1	10700001	10800000	0.0003807541800847	86756	104877	275445433	1725998
AL	NC_063220.1	10800001	10900000	0.0005068249968496	83650	132512	261455139	1715770
AL	NC_063220.1	10900001	11000000	0.0002182570095817	85676	59618	273155030	1692772
AL	NC_063220.1	11000001	11100000	0.0003454124481919	85093	88767	256988422	1857080
AL	NC_063220.1	11100001	11200000	2.8258827126619494e-05	85729	7631	270039516	1735220
AL	NC_063220.1	11200001	11300000	0.000628341926808	82974	161752	257426718	1724748
AL	NC_063220.1	11300001	11400000	0.000612964271506	84861	163640	266964989	1721074
AL	NC_063220.1	11400001	11500000	0.0005326975425723	83789	137012	257204115	1778030
AL	NC_063220.1	11500001	11600000	0.0005618983253476	86093	145830	259530939	1884902
AL	NC_063220.1	11600001	11700000	0.0004524928377593	84074	121616	268768895	1649674
AL	NC_063220.1	11700001	11800000	0.0005459872572919	85814	144246	264192979	1808418
AL	NC_063220.1	11800001	11900000	0.0004337824123456	87242	118603	273415880	1777912
AL	NC_063220.1	11900001	12000000	0.0003135653106597	85802	89164	284355434	1561444
AL	NC_063220.1	12000001	12100000	0.0001709933021176	83926	47695	278929054	1525900
AL	NC_063220.1	12100001	12200000	0.000387859299322	84807	110037	283703395	1516038
AL	NC_063220.1	12200001	12300000	0.0005169417547476	85434	140895	272554884	1686112
AL	NC_063220.1	12300001	12400000	0.0003359389706502	87599	103580	308329813	1380234
AL	NC_063220.1	12400001	12500000	0.0003426378952317	87729	106601	311118535	1353710
AL	NC_063220.1	12500001	12600000	0.0001399306934414	88115	41330	295360503	1562478
AL	NC_063220.1	12600001	12700000	0.0003738019973659	86321	111225	297550577	1435354
AL	NC_063220.1	12700001	12800000	0.0007108246463676	88017	228660	321682712	1249076
AL	NC_063220.1	12800001	12900000	0.0005240281089231	84536	158541	302542931	1275970
AL	NC_063220.1	12900001	13000000	0.0005566789106602	86599	163838	294313287	1489678
AL	NC_063220.1	13000001	13100000	0.0006144834582553	86549	183434	298517393	1439010
AL	NC_063220.1	13100001	13200000	0.0005440545817789	84418	174546	320824428	1053240
AL	NC_063220.1	13200001	13300000	0.0004800922322284	87317	145120	302275251	1434118
AL	NC_063220.1	13300001	13400000	0.0005351732066904	86944	169721	317132842	1240012
AL	NC_063220.1	13400001	13500000	0.0005448135692646	76980	154469	283526345	1072982
AL	NC_063220.1	13500001	13600000	0.0004574540078523	81015	141312	308909743	997614
AL	NC_063220.1	13600001	13700000	0.0005187102767359	84643	158884	306305865	1237114
AL	NC_063220.1	13700001	13800000	0.0005914979075949	83730	175002	295862416	1308720
AL	NC_063220.1	13800001	13900000	0.0002249108216292	88662	69945	310989927	1409298
AL	NC_063220.1	13900001	14000000	0.0006495558141708	83139	205119	315783487	1041998
AL	NC_063220.1	14000001	14100000	0.0002695392945272	87457	76616	284247980	1661164
AL	NC_063220.1	14100001	14200000	0.0003141154640901	81535	91835	292360646	1226496
AL	NC_063220.1	14200001	14300000	0.0001067416743803	83729	30384	284649835	1443854
AL	NC_063220.1	14300001	14400000	0.0002949389322546	84810	96247	326328570	1011644
AL	NC_063220.1	14400001	14500000	0.0005905165854287	74824	156666	265303302	1165900
AL	NC_063220.1	14500001	14600000	6.043023454826107e-05	81100	17926	296639590	1148356
AL	NC_063220.1	14600001	14700000	0.0001034183117705	85571	32356	312865289	1212082
AL	NC_063220.1	14700001	14800000	0.0003580977784353	82701	114301	319189358	978656
AL	NC_063220.1	14800001	14900000	0.0003302781804662	87110	104294	315776234	1265268
AL	NC_063220.1	14900001	15000000	0.0001859805491556	84746	48800	262393031	1771490
AL	NC_063220.1	15000001	15100000	5.29385042047204e-05	82130	13069	246871350	1810516
AL	NC_063220.1	15100001	15200000	0.0002732911975367	81638	63633	232839552	1960192
AL	NC_063220.1	15200001	15300000	0.0005057025203089	83156	126776	250692838	1825252
AL	NC_063220.1	15300001	15400000	0.0006305817226786	84009	173076	274470372	1593892
AL	NC_063220.1	15400001	15500000	0.00057056099217	82176	142275	249359844	1782944
AL	NC_063220.1	15500001	15600000	0.0007493489662426	80752	179492	239530590	1821492
AL	NC_063220.1	15600001	15700000	0.0003153535902181	80266	76631	243000246	1747460
AL	NC_063220.1	15700001	15800000	0.00038696553373	85310	103142	266540534	1755612
AL	NC_063220.1	15800001	15900000	0.0004093520357515	84143	116738	285177524	1463836
AL	NC_063220.1	15900001	16000000	0.0003923865542387	85296	107387	273676554	1667484
AL	NC_063220.1	16000001	16100000	0.0001309367477805	82881	35246	269183408	1582164
AL	NC_063220.1	16100001	16200000	4.656169444210653e-05	83705	12765	274152394	1571336
AL	NC_063220.1	16200001	16300000	0.0001136748764684	82952	31814	279868349	1456358
AL	NC_063220.1	16300001	16400000	0.0001922482142646	85472	54714	284600823	1546218
AL	NC_063220.1	16400001	16500000	0.000354828846358	84309	93021	262157378	1750360
AL	NC_063220.1	16500001	16600000	0.0001653574677012	84230	46661	282182599	1503674
AL	NC_063220.1	16600001	16700000	0.000242384800091	82317	63558	262219413	1635026
AL	NC_063220.1	16700001	16800000	0.0002653621431032	84690	69942	263571884	1753984
AL	NC_063220.1	16800001	16900000	0.0004655873868018	83985	132781	285190286	1452928
AL	NC_063220.1	16900001	17000000	0.000492219567667	83255	134311	272868063	1557742
AL	NC_063220.1	17000001	17100000	0.000635423896564	84031	177540	279404034	1524640
AL	NC_063220.1	17100001	17200000	0.0002997245061743	85771	84680	282526114	1585800
AL	NC_063220.1	17200001	17300000	0.0004480295072359	83213	119224	266107473	1638450
AL	NC_063220.1	17300001	17400000	0.0004508427581207	84432	128471	284957444	1483848
AL	NC_063220.1	17400001	17500000	0.0004536995698484	76574	122332	269632171	1207666
AL	NC_063220.1	17500001	17600000	0.0002767300726968	84614	77700	280779025	1540126
AL	NC_063220.1	17600001	17700000	0.0002469139217221	87120	72308	292846995	1541842
AL	NC_063220.1	17700001	17800000	0.0005428920792694	87683	157973	290984168	1590700
AL	NC_063220.1	17800001	17900000	0.0004216705754193	86567	125368	297312659	1452878
AL	NC_063220.1	17900001	18000000	0.0005115435914163	87149	151164	295505608	1506268
AL	NC_063220.1	18000001	18100000	0.0001633924236324	87495	48114	294468978	1541448
AL	NC_063220.1	18100001	18200000	6.652912453501635e-05	85455	19618	294878373	1418490
AL	NC_063220.1	18200001	18300000	0.0002049308817243	79591	55623	271423221	1360602
AL	NC_063220.1	18300001	18400000	0.0003147554415073	86257	82894	263360022	1848888
AL	NC_063220.1	18400001	18500000	0.0003712109557702	87347	104736	282146845	1684610
AL	NC_063220.1	18500001	18600000	0.0004011364667501	87100	109815	273759703	1766234
AL	NC_063220.1	18600001	18700000	0.0003665507421494	85853	96844	264203530	1817896
AL	NC_063220.1	18700001	18800000	0.000404760006687	86714	104928	259235098	1926244
AL	NC_063220.1	18800001	18900000	0.0003742211513141	86538	109949	293807551	1498434
AL	NC_063220.1	18900001	19000000	0.0004878295655374	87507	139613	286192166	1639288
AL	NC_063220.1	19000001	19100000	0.000243776177369	84045	68122	279444861	1525570
AL	NC_063220.1	19100001	19200000	0.0002941449664071	85750	81097	275704191	1664978
AL	NC_063220.1	19200001	19300000	0.000250337608475	60677	51971	207603645	1026578
AL	NC_063220.1	19300001	19400000	0.0002394796922223	72404	63517	265229170	1021932
AL	NC_063220.1	19400001	19500000	0.0003023723514672	88115	96063	317697698	1301816
AL	NC_063220.1	19500001	19600000	0.0002462007206835	86690	78807	320092483	1187770
AL	NC_063220.1	19600001	19700000	0.0004248132731595	85412	129457	304738595	1297242
AL	NC_063220.1	19700001	19800000	0.0006011180618843	84297	179208	298124464	1316580
AL	NC_063220.1	19800001	19900000	0.0003583750991486	87133	102019	284671006	1635424
AL	NC_063220.1	19900001	20000000	0.0005688988614474	85531	178926	314512846	1195416
AL	NC_063220.1	20000001	20100000	0.0004358654978874	84932	130013	298286973	1351502
AL	NC_063220.1	20100001	20200000	0.0007421382859529	87006	224652	302709083	1420154
AL	NC_063220.1	20200001	20300000	0.0006733713040943	87746	203030	301512700	1476608
AL	NC_063220.1	20300001	20400000	0.0005836531905625	86831	171115	293179242	1516456
AL	NC_063220.1	20400001	20500000	0.0005035572194578	87557	152381	302609106	1445800
AL	NC_063220.1	20500001	20600000	0.0005808331459662	86477	173038	297913439	1441014
AL	NC_063220.1	20600001	20700000	0.0003443991619286	85596	93197	270607511	1719074
AL	NC_063220.1	20700001	20800000	0.0005622426755216	86742	160185	284903667	1620074
AL	NC_063220.1	20800001	20900000	0.0002887332719707	84633	79813	276424672	1592756
AL	NC_063220.1	20900001	21000000	0.0005748894775868	85382	169645	295091503	1410898
AL	NC_063220.1	21000001	21100000	0.000403709454444	85837	120857	299366286	1390144
AL	NC_063220.1	21100001	21200000	0.0005926044074196	86917	179245	302469907	1410174
AL	NC_063220.1	21200001	21300000	0.0007219488758895	83056	193280	267719788	1604760
AL	NC_063220.1	21300001	21400000	0.0005212184502623	87028	156108	299505898	1456556
AL	NC_063220.1	21400001	21500000	0.0005050356753429	84988	145975	289038987	1465202
AL	NC_063220.1	21500001	21600000	0.0005721977241044	85469	163300	285390859	1538094
AL	NC_063220.1	21600001	21700000	0.0005472892010532	84789	158476	289565370	1448536
AL	NC_063220.1	21700001	21800000	0.0007990168446778	80761	196268	245636874	1742152
AL	NC_063220.1	21800001	21900000	0.0004422636132546	84688	113510	256656882	1838972
AL	NC_063220.1	21900001	22000000	0.0005254735527136	85642	142520	271222023	1715074
AL	NC_063220.1	22000001	22100000	0.000703652273542	85395	185154	263132810	1798776
AL	NC_063220.1	22100001	22200000	0.0006195444268027	85810	188311	303950761	1333822
AL	NC_063220.1	22200001	22300000	0.000414590585849	85577	117635	283737750	1563096
AL	NC_063220.1	22300001	22400000	0.000269400622418	84331	68213	253202830	1859168
AL	NC_063220.1	22400001	22500000	0.0005110211263722	85942	139277	272546462	1724428
AL	NC_063220.1	22500001	22600000	0.0004107899543237	83367	109564	266715383	1644558
AL	NC_063220.1	22600001	22700000	0.0005136997807466	82789	125987	245254144	1868252
AL	NC_063220.1	22700001	22800000	0.0004437564474959	82914	108304	244061806	1891548
AL	NC_063220.1	22800001	22900000	0.0004012304934276	83045	96450	240385518	1947512
AL	NC_063220.1	22900001	23000000	0.0004110794947284	84115	99701	242534598	1984824
AL	NC_063220.1	23000001	23100000	0.0004592102225614	82728	111108	241954544	1907872
AL	NC_063220.1	23100001	23200000	0.0001936252143459	83930	50013	258297971	1777626
AL	NC_063220.1	23200001	23300000	0.0005397959588454	81497	131341	243316012	1816884
AL	NC_063220.1	23300001	23400000	0.00033140590467	82344	80606	243224393	1871006
AL	NC_063220.1	23400001	23500000	0.0001584854085932	80124	36963	233226518	1863068
AL	NC_063220.1	23500001	23600000	0.0003830420265563	82323	91994	240166858	1907168
AL	NC_063220.1	23600001	23700000	0.0008261221205716	83918	211995	256614603	1795418
AL	NC_063220.1	23700001	23800000	0.0006754217644431	84668	172484	255372286	1851972
AL	NC_063220.1	23800001	23900000	0.0005356035914202	81284	144449	269693860	1481120
AL	NC_063220.1	23900001	24000000	0.0005129467526931	82990	136230	265583122	1631692
AL	NC_063220.1	24000001	24100000	0.0007160667112264	82067	185016	258378161	1665394
AL	NC_063220.1	24100001	24200000	0.0004710845224595	83692	122081	259148824	1750832
AL	NC_063220.1	24200001	24300000	0.0005794546656316	83435	147026	253731670	1799080
AL	NC_063220.1	24300001	24400000	0.000726936142745	84638	199210	274040577	1622998
AL	NC_063220.1	24400001	24500000	0.0006851179983784	84215	198849	290240514	1400640
AL	NC_063220.1	24500001	24600000	0.0003826109824102	79270	101472	265209324	1413568
AL	NC_063220.1	24600001	24700000	0.0005183350419966	82724	147294	284167552	1389656
AL	NC_063220.1	24700001	24800000	0.0004208194377565	84940	123143	292626692	1419848
AL	NC_063220.1	24800001	24900000	0.0005475681358832	81558	159331	290979313	1239974
AL	NC_063220.1	24900001	25000000	0.000647255176201	83591	177786	274676830	1553592
AL	NC_063220.1	25000001	25100000	0.0	17	0	56158	320
AL	NC_063220.1	25100001	25200000	NA	0	NA	NA	NA
AL	NC_063220.1	25200001	25300000	NA	0	NA	NA	NA
AL	NC_063220.1	25300001	25400000	NA	0	NA	NA	NA
AL	NC_063220.1	25400001	25500000	NA	0	NA	NA	NA
AL	NC_063220.1	25500001	25600000	NA	0	NA	NA	NA
AL	NC_063220.1	25600001	25700000	0.0006978157874157	59399	136669	195852548	1096484
AL	NC_063220.1	25700001	25800000	0.0007965334298421	84157	230283	289106510	1413104
AL	NC_063220.1	25800001	25900000	0.0007998859484605	84095	208314	260429628	1755044
AL	NC_063220.1	25900001	26000000	0.0008485355474283	85442	227139	267683541	1749862
AL	NC_063220.1	26000001	26100000	0.0007377096415492	85400	202353	274298977	1662110
AL	NC_063220.1	26100001	26200000	0.0007618688333728	84843	213271	279931388	1562244
AL	NC_063220.1	26200001	26300000	0.0007557631039776	83846	199159	263520406	1704012
AL	NC_063220.1	26300001	26400000	0.0007319307900747	85212	195015	266439126	1750060
AL	NC_063220.1	26400001	26500000	0.0007969958600363	84135	229810	288345287	1423598
AL	NC_063220.1	26500001	26600000	0.0005435334399137	86229	147295	270995286	1750120
AL	NC_063220.1	26600001	26700000	0.0005538840177219	82830	148195	267556014	1597244
AL	NC_063220.1	26700001	26800000	0.0008065570071638	83313	195707	242644969	1934138
AL	NC_063220.1	26800001	26900000	0.0009277076038818	83895	235524	253877406	1826296
AL	NC_063220.1	26900001	27000000	0.0007892194420228	81443	196425	248885151	1742630
AL	NC_063220.1	27000001	27100000	0.000620399152981	81950	161512	260335623	1631554
AL	NC_063220.1	27100001	27200000	0.0005625287142516	83284	142650	253587055	1795162
AL	NC_063220.1	27200001	27300000	0.0006225494272736	80163	154410	248028499	1676894
AL	NC_063220.1	27300001	27400000	0.0007596596342904	82793	201444	265176654	1620288
AL	NC_063220.1	27400001	27500000	0.0007794499234069	81443	198323	254439694	1673456
AL	NC_063220.1	27500001	27600000	0.0006153687530053	85044	161193	261945377	1792678
AL	NC_063220.1	27600001	27700000	0.0003637794353676	84063	99406	273258987	1595654
AL	NC_063220.1	27700001	27800000	0.0003353023005279	86490	102902	306893212	1335672
AL	NC_063220.1	27800001	27900000	0.0003084226112091	85303	89369	289761505	1472322
AL	NC_063220.1	27900001	28000000	0.0002943275259817	78172	76738	260723151	1407914
AL	NC_063220.1	28000001	28100000	0.0003323520109727	85569	97746	294103832	1438572
AL	NC_063220.1	28100001	28200000	0.0004657600833316	87162	135948	291884180	1560040
AL	NC_063220.1	28200001	28300000	0.0004732618257494	83655	129640	273928707	1566702
AL	NC_063220.1	28300001	28400000	0.0003065479742463	84570	84477	275575137	1603550
AL	NC_063220.1	28400001	28500000	0.0004658312525758	86807	125535	269485998	1807600
AL	NC_063220.1	28500001	28600000	0.0003179250354538	83902	90008	283110765	1473046
AL	NC_063220.1	28600001	28700000	9.946436100530296e-05	85063	27234	273806615	1652182
AL	NC_063220.1	28700001	28800000	0.0002385503026505	84145	61868	259349912	1771028
AL	NC_063220.1	28800001	28900000	0.0001980535853919	82677	52372	264433486	1626088
AL	NC_063220.1	28900001	29000000	0.0001867313653079	82006	47514	254451093	1704934
AL	NC_063220.1	29000001	29100000	0.0002078180755746	82565	53460	257244226	1708592
AL	NC_063220.1	29100001	29200000	0.0001984773209928	82870	54638	275285860	1501824
AL	NC_063220.1	29200001	29300000	0.0002464407811898	82036	66655	270470657	1509118
AL	NC_063220.1	29300001	29400000	0.000230152590962	81517	60388	262382447	1576342
AL	NC_063220.1	29400001	29500000	0.0001655605653991	81267	44772	270426716	1469404
AL	NC_063220.1	29500001	29600000	0.0002132578344799	81343	54703	256511092	1641252
AL	NC_063220.1	29600001	29700000	0.000282992373899	78374	74171	262095402	1400868
AL	NC_063220.1	29700001	29800000	0.0001564134429251	77048	39456	252254533	1440870
AL	NC_063220.1	29800001	29900000	0.000268765882211	85282	77556	288563412	1482296
AL	NC_063220.1	29900001	30000000	0.0003540322578682	84316	96031	271249294	1636820
AL	NC_063220.1	30000001	30100000	0.000389049212768	86562	119656	307560062	1331340
AL	NC_063220.1	30100001	30200000	0.0004153493363425	82171	113506	273278395	1485598
AL	NC_063220.1	30200001	30300000	0.00038753980562	84885	110378	284817194	1505536
AL	NC_063220.1	30300001	30400000	0.0003905436718781	85299	115760	296407312	1393308
AL	NC_063220.1	30400001	30500000	0.0003256670843147	85822	98059	301101968	1363592
AL	NC_063220.1	30500001	30600000	0.0004547432608914	83498	130084	286060314	1408908
AL	NC_063220.1	30600001	30700000	0.0004628985455571	85927	134939	291508801	1484298
AL	NC_063220.1	30700001	30800000	0.0003939700462582	85286	114734	291225186	1453220
AL	NC_063220.1	30800001	30900000	0.0002767890616282	81752	72971	263633973	1581606
AL	NC_063220.1	30900001	31000000	0.0002775130428212	85366	77522	279345429	1599590
AL	NC_063220.1	31000001	31100000	0.0003966076957513	83257	112379	283350528	1428364
AL	NC_063220.1	31100001	31200000	0.000402441871508	85381	117733	292546597	1440778
AL	NC_063220.1	31200001	31300000	0.0004044068503097	85248	119100	294505397	1409622
AL	NC_063220.1	31300001	31400000	0.0004391834881085	87053	128784	293235068	1527884
AL	NC_063220.1	31400001	31500000	0.0004179146739435	84803	121451	290611954	1433416
AL	NC_063220.1	31500001	31600000	0.0004564305626329	86200	142787	312834003	1256258
AL	NC_063220.1	31600001	31700000	0.0003661902757145	86194	102349	279496772	1649528
AL	NC_063220.1	31700001	31800000	0.0002848928258742	84508	80317	281920051	1520754
AL	NC_063220.1	31800001	31900000	0.0004594392091125	83931	125378	272893557	1592594
AL	NC_063220.1	31900001	32000000	0.0003674293349264	83782	102270	278339235	1517314
AL	NC_063220.1	32000001	32100000	0.0003130107393749	81917	89199	284971053	1329106
AL	NC_063220.1	32100001	32200000	0.0006153613782856	83784	170152	276507441	1540958
AL	NC_063220.1	32200001	32300000	0.0006804973974762	74509	171654	252247842	1292536
AL	NC_063220.1	32300001	32400000	0.0003727149809722	82514	100461	269538401	1552182
AL	NC_063220.1	32400001	32500000	0.0002380228882315	78536	67062	281746014	1174092
AL	NC_063220.1	32500001	32600000	0.0002725491747599	76241	70907	260162226	1299656
AL	NC_063220.1	32600001	32700000	7.976919267305209e-05	85889	22245	278867057	1636306
AL	NC_063220.1	32700001	32800000	0.0002025672685469	84884	57470	283708224	1518592
AL	NC_063220.1	32800001	32900000	6.853086333894926e-05	77970	18311	267193482	1318292
AL	NC_063220.1	32900001	33000000	7.101465038289577e-05	85602	19478	274281432	1675448
AL	NC_063220.1	33000001	33100000	2.4509662533063536e-05	82815	6900	281521624	1427284
AL	NC_063220.1	33100001	33200000	0.0001518723318314	84364	45869	302023413	1270454
AL	NC_063220.1	33200001	33300000	0.0003394465600097	86187	106279	313094939	1248854
AL	NC_063220.1	33300001	33400000	0.0003749987334079	85069	115726	308603709	1232746
AL	NC_063220.1	33400001	33500000	0.0004755497700517	83951	152608	320908577	1025506
AL	NC_063220.1	33500001	33600000	0.000417028337356	86492	131509	315347875	1230066
AL	NC_063220.1	33600001	33700000	0.000377697364448	79444	110676	293028256	1097872
AL	NC_063220.1	33700001	33800000	0.0003994075515145	83459	130951	327863105	913138
AL	NC_063220.1	33800001	33900000	0.0004221426104182	80263	128478	304347386	1003576
AL	NC_063220.1	33900001	34000000	0.0004512704464891	75295	133824	296549444	817460
AL	NC_063220.1	34000001	34100000	0.0004121707522232	71973	105704	256456819	1094198
AL	NC_063220.1	34100001	34200000	0.0001707320408015	72829	44416	260150349	1100842
AL	NC_063220.1	34200001	34300000	0.0001539096192293	56962	32600	211812622	766828
AL	NC_063220.1	34300001	34400000	NA	0	NA	NA	NA
AL	NC_063220.1	34400001	34500000	NA	0	NA	NA	NA
AL	NC_063220.1	34500001	34600000	NA	0	NA	NA	NA
AL	NC_063220.1	34600001	34700000	NA	0	NA	NA	NA
AL	NC_063220.1	34700001	34800000	NA	0	NA	NA	NA
AL	NC_063220.1	34800001	34900000	NA	0	NA	NA	NA
AL	NC_063220.1	34900001	35000000	NA	0	NA	NA	NA
AL	NC_063220.1	35000001	35100000	NA	0	NA	NA	NA
AL	NC_063220.1	35100001	35200000	0.0004769488096467	9779	18393	38563887	105678
AL	NC_063220.1	35200001	35300000	0.0001339041806017	62421	31762	237199465	782850
AL	NC_063220.1	35300001	35400000	9.475677937979308e-05	76643	25453	268614026	1222240
AL	NC_063220.1	35400001	35500000	0.00013526861165	64885	33034	244210387	837822
AL	NC_063220.1	35500001	35600000	0.0001775638087524	62663	41154	231770203	856222
AL	NC_063220.1	35600001	35700000	0.0001334354956892	62588	30062	225292377	927670
AL	NC_063220.1	35700001	35800000	0.0001794837452512	70022	46155	257154206	978108
AL	NC_063220.1	35800001	35900000	0.0004758529908746	77224	125068	262829072	1323832
AL	NC_063220.1	35900001	36000000	0.0005525757772151	74390	149927	271323873	1060590
AL	NC_063220.1	36000001	36100000	0.0006635933504582	77153	180993	272746856	1198924
AL	NC_063220.1	36100001	36200000	0.0005725648259675	72704	145819	254676839	1158170
AL	NC_063220.1	36200001	36300000	0.0004521813909659	72999	118357	261746729	1091690
AL	NC_063220.1	36300001	36400000	0.0003877682317484	74618	105006	270795778	1076636
AL	NC_063220.1	36400001	36500000	0.0004932207508407	72268	128548	260629748	1062192
AL	NC_063220.1	36500001	36600000	0.0003368473979879	66625	84272	250178569	864458
AL	NC_063220.1	36600001	36700000	0.0004656077042898	72754	128529	276045690	911300
AL	NC_063220.1	36700001	36800000	0.0005155250012428	64774	125903	244222879	828242
AL	NC_063220.1	36800001	36900000	0.0005973802829373	58047	130212	217971707	752126
AL	NC_063220.1	36900001	37000000	0.0006263697587964	71251	169468	270555846	887936
AL	NC_063220.1	37000001	37100000	0.0003596301822353	72773	102604	285304196	804228
AL	NC_063220.1	37100001	37200000	0.0005324327292232	73436	151275	284120400	858064
AL	NC_063220.1	37200001	37300000	0.0007446360952285	73107	208655	280210698	879312
AL	NC_063220.1	37300001	37400000	0.0008758208501234	70036	237673	271371708	809776
AL	NC_063220.1	37400001	37500000	0.0005153589540644	74339	149701	290479090	834416
AL	NC_063220.1	37500001	37600000	0.0001362386578894	78597	42732	313655468	804660
AL	NC_063220.1	37600001	37700000	0.0006315024442188	72317	178261	282280776	815460
AL	NC_063220.1	37700001	37800000	0.0005590758818369	76649	170759	305430811	795662
AL	NC_063220.1	37800001	37900000	0.0007492430402037	77534	223144	297825923	927186
AL	NC_063220.1	37900001	38000000	0.0005172788199181	75851	149003	288051616	954620
AL	NC_063220.1	38000001	38100000	0.0005086855822756	75208	145709	286442166	935556
AL	NC_063220.1	38100001	38200000	0.0006613762944882	72738	188616	285187119	803218
AL	NC_063220.1	38200001	38300000	0.0006501328672697	75981	191376	294364444	883724
AL	NC_063220.1	38300001	38400000	0.0005929173002851	77327	178720	301424836	883284
AL	NC_063220.1	38400001	38500000	0.000401677986416	80991	118928	296077963	1145910
AL	NC_063220.1	38500001	38600000	0.000354550304012	83816	107734	303860972	1214016
AL	NC_063220.1	38600001	38700000	0.0003444094741657	47690	66388	192758925	462806
AL	NC_063221.1	1	100000	9.425464684194318e-05	27424	9763	103581100	351624
AL	NC_063221.1	100001	200000	0.0004336214797918	73962	123486	284778328	879152
AL	NC_063221.1	200001	300000	0.0005481183531813	78268	168414	307258458	860708
AL	NC_063221.1	300001	400000	0.0006826390395484	78586	201400	295031471	1029226
AL	NC_063221.1	400001	500000	0.0003506986639796	81179	103509	295150825	1168074
AL	NC_063221.1	500001	600000	0.000524142731119	79816	153297	292471861	1124710
AL	NC_063221.1	600001	700000	0.0003884744315247	83029	113676	292621575	1303670
AL	NC_063221.1	700001	800000	0.0004990851442885	83844	161734	324060938	986388
AL	NC_063221.1	800001	900000	0.0005916443769447	86249	184833	312405572	1256228
AL	NC_063221.1	900001	1000000	0.0006482065632858	83455	198768	306642992	1168948
AL	NC_063221.1	1000001	1100000	0.0004626392333394	85574	136334	294687502	1425300
AL	NC_063221.1	1100001	1200000	0.0004985053694935	86336	168870	338752620	954616
AL	NC_063221.1	1200001	1300000	0.0005781971529752	80464	174347	301535556	1053136
AL	NC_063221.1	1300001	1400000	0.0005131128408267	85407	166850	325172139	1053494
AL	NC_063221.1	1400001	1500000	0.0005891696026761	82405	191977	325843355	882934
AL	NC_063221.1	1500001	1600000	0.0004445920758402	83844	146636	329821443	914522
AL	NC_063221.1	1600001	1700000	0.0005575596737668	85783	164850	295663420	1428476
AL	NC_063221.1	1700001	1800000	0.0006976270470271	84097	214205	307048015	1193854
AL	NC_063221.1	1800001	1900000	0.0008154116298851	82736	254583	312214090	1057412
AL	NC_063221.1	1900001	2000000	0.0008103886935759	83059	237781	293415989	1295458
AL	NC_063221.1	2000001	2100000	0.0007819821001506	81173	211021	269854003	1468446
AL	NC_063221.1	2100001	2200000	0.00053859058883	77325	140159	260232917	1365610
AL	NC_063221.1	2200001	2300000	0.0007652619911051	77268	191476	250209735	1480370
AL	NC_063221.1	2300001	2400000	0.0005285338439072	77325	133048	251730332	1464452
AL	NC_063221.1	2400001	2500000	0.0004634154450822	78329	121149	261426332	1404660
AL	NC_063221.1	2500001	2600000	0.0004869014002316	80469	126366	259530985	1550754
AL	NC_063221.1	2600001	2700000	0.0004013379859231	79790	108892	271322436	1372552
AL	NC_063221.1	2700001	2800000	0.000591878509914	68969	138576	234129129	1191530
AL	NC_063221.1	2800001	2900000	0.0010044991873946	76278	249921	248801595	1436802
AL	NC_063221.1	2900001	3000000	0.0009008271240243	75319	235799	261758326	1229936
AL	NC_063221.1	3000001	3100000	0.0007721768791704	77820	194183	251474766	1492044
AL	NC_063221.1	3100001	3200000	0.0007992894834995	74568	199921	250123396	1321768
AL	NC_063221.1	3200001	3300000	0.0004974010900644	40096	69340	139404600	652296
AL	NC_063221.1	3300001	3400000	0.0007096234803557	67889	173411	244370437	1004426
AL	NC_063221.1	3400001	3500000	0.0009954462518772	67431	246495	247622611	940462
AL	NC_063221.1	3500001	3600000	0.0006549347696038	71623	164368	250968505	1143090
AL	NC_063221.1	3600001	3700000	0.0007522429209532	77080	204557	271929445	1203142
AL	NC_063221.1	3700001	3800000	0.0005166158483502	74817	137751	266641065	1137386
AL	NC_063221.1	3800001	3900000	0.0007070944314094	77457	189199	267572465	1278594
AL	NC_063221.1	3900001	4000000	0.0006733087929053	78592	193057	286728767	1118306
AL	NC_063221.1	4000001	4100000	0.0007267738640805	79789	208171	286431599	1189502
AL	NC_063221.1	4100001	4200000	0.000699989361893	79693	210883	301266007	1020126
AL	NC_063221.1	4200001	4300000	0.0006293378291828	82363	196463	312174147	1035534
AL	NC_063221.1	4300001	4400000	0.0009023346232687	77996	249588	276602486	1202196
AL	NC_063221.1	4400001	4500000	0.0005602846395562	79512	161800	288781788	1147504
AL	NC_063221.1	4500001	4600000	0.0005646206656363	81438	168508	298444620	1144024
AL	NC_063221.1	4600001	4700000	0.0006387399839629	76520	176314	276034074	1126244
AL	NC_063221.1	4700001	4800000	0.0006257014271713	80388	175708	280817643	1289122
AL	NC_063221.1	4800001	4900000	0.000579220130578	75213	157300	271572053	1103282
AL	NC_063221.1	4900001	5000000	0.0004218107373727	81346	122318	289983135	1237450
AL	NC_063221.1	5000001	5100000	0.0004902227038186	80899	144163	294076547	1167478
AL	NC_063221.1	5100001	5200000	0.0002299618748056	81028	70103	304846184	1045288
AL	NC_063221.1	5200001	5300000	0.000440655420012	72766	115970	263176157	1065334
AL	NC_063221.1	5300001	5400000	0.0003961221245131	82515	114127	288110643	1328502
AL	NC_063221.1	5400001	5500000	0.0004351813016066	34202	54968	126310574	470028
AL	NC_063221.1	5500001	5600000	0.0006694027136889	6640	16992	25383823	81722
AL	NC_063221.1	5600001	5700000	NA	0	NA	NA	NA
AL	NC_063221.1	5700001	5800000	NA	0	NA	NA	NA
AL	NC_063221.1	5800001	5900000	NA	0	NA	NA	NA
AL	NC_063221.1	5900001	6000000	NA	0	NA	NA	NA
AL	NC_063221.1	6000001	6100000	NA	0	NA	NA	NA
AL	NC_063221.1	6100001	6200000	NA	0	NA	NA	NA
AL	NC_063221.1	6200001	6300000	NA	0	NA	NA	NA
AL	NC_063221.1	6300001	6400000	NA	0	NA	NA	NA
AL	NC_063221.1	6400001	6500000	NA	0	NA	NA	NA
AL	NC_063221.1	6500001	6600000	NA	0	NA	NA	NA
AL	NC_063221.1	6600001	6700000	0.0004815444192675	1670	3080	6396087	20738
AL	NC_063221.1	6700001	6800000	0.0001209081654992	71870	33530	277317912	845048
AL	NC_063221.1	6800001	6900000	0.0004243619931834	80451	127070	299437749	1075002
AL	NC_063221.1	6900001	7000000	0.0003388880854735	84272	110193	325160443	995858
AL	NC_063221.1	7000001	7100000	0.0003411584189248	83501	100500	294584552	1303108
AL	NC_063221.1	7100001	7200000	0.0002446891316757	80835	74395	304038841	1040154
AL	NC_063221.1	7200001	7300000	8.770641363997357e-05	84574	29188	332792082	920348
AL	NC_063221.1	7300001	7400000	0.0001674233076843	78501	52115	311276851	827670
AL	NC_063221.1	7400001	7500000	0.0002554363877813	86156	83468	326766287	1084194
AL	NC_063221.1	7500001	7600000	0.0002882878333509	84799	81934	284209011	1506846
AL	NC_063221.1	7600001	7700000	0.0005106466063407	86191	152214	298080900	1420268
AL	NC_063221.1	7700001	7800000	0.0004280436809356	85381	134473	314157190	1182848
AL	NC_063221.1	7800001	7900000	0.0002430978449305	81778	70301	289188084	1275704
AL	NC_063221.1	7900001	8000000	0.0005920258896726	83993	171653	289941712	1401212
AL	NC_063221.1	8000001	8100000	0.0003338480392251	83051	89389	267753557	1601754
AL	NC_063221.1	8100001	8200000	0.0004982782830235	78206	140459	281888665	1158358
AL	NC_063221.1	8200001	8300000	0.0003058640095996	69112	74008	241963741	1105438
AL	NC_063221.1	8300001	8400000	0.0002952408577758	83522	94374	319650880	1016264
AL	NC_063221.1	8400001	8500000	0.0003252584986256	82860	96806	297627888	1235872
AL	NC_063221.1	8500001	8600000	0.0002536751113604	85478	77234	304460298	1304700
AL	NC_063221.1	8600001	8700000	0.0002795662895361	84721	82822	296251741	1358234
AL	NC_063221.1	8700001	8800000	0.0004702213325304	84801	139805	297317434	1354168
AL	NC_063221.1	8800001	8900000	0.0004680244876231	84054	145273	310396152	1152208
AL	NC_063221.1	8900001	9000000	0.0006470196614463	84875	216597	334761079	913758
AL	NC_063221.1	9000001	9100000	0.0005025642725626	84618	161398	321148973	1061758
AL	NC_063221.1	9100001	9200000	0.0004607999778203	85564	142273	308752185	1261734
AL	NC_063221.1	9200001	9300000	0.0005599420949605	84326	159101	284138309	1478222
AL	NC_063221.1	9300001	9400000	0.0002264523756822	78794	61480	271491963	1314450
AL	NC_063221.1	9400001	9500000	0.0002780900099932	83726	82027	294965648	1324456
AL	NC_063221.1	9500001	9600000	0.0002552474097114	79071	67537	264594262	1412384
AL	NC_063221.1	9600001	9700000	0.0002985421766553	80229	76253	255417847	1592358
AL	NC_063221.1	9700001	9800000	0.0004408304626489	83265	112160	254428878	1780400
AL	NC_063221.1	9800001	9900000	0.0001290559773356	76246	31776	246218739	1468330
AL	NC_063221.1	9900001	10000000	0.0004436205343439	79590	114077	257149954	1535124
AL	NC_063221.1	10000001	10100000	0.0002852139257544	80915	70511	247221449	1730194
AL	NC_063221.1	10100001	10200000	0.0007976610943168	78438	188562	236393628	1719120
AL	NC_063221.1	10200001	10300000	0.0006695582907819	82951	170503	254649972	1761020
AL	NC_063221.1	10300001	10400000	0.0005040116778696	84836	133844	265557339	1742122
AL	NC_063221.1	10400001	10500000	0.0006295425244627	85262	189585	301147250	1334420
AL	NC_063221.1	10500001	10600000	0.0004516250917869	78719	125388	277637364	1236164
AL	NC_063221.1	10600001	10700000	0.0007227703249089	81422	185956	257282284	1638936
AL	NC_063221.1	10700001	10800000	0.0004707981168252	81092	137956	293025811	1196010
AL	NC_063221.1	10800001	10900000	0.0007413544004125	83083	197550	266471744	1622484
AL	NC_063221.1	10900001	11000000	0.000597473507174	83923	167008	279523691	1512070
AL	NC_063221.1	11000001	11100000	0.0006226724050622	82673	165539	265852475	1605190
AL	NC_063221.1	11100001	11200000	0.0003301611727168	83215	83028	251477178	1815664
AL	NC_063221.1	11200001	11300000	0.000579513622892	77719	147027	253707582	1466064
AL	NC_063221.1	11300001	11400000	0.0004927057803554	84369	136338	276712808	1577332
AL	NC_063221.1	11400001	11500000	0.0003384087292761	85691	94847	280273503	1614182
AL	NC_063221.1	11500001	11600000	0.0004276059068117	84754	118088	276160825	1603942
AL	NC_063221.1	11600001	11700000	0.0001610811076319	83309	46233	287016899	1393958
AL	NC_063221.1	11700001	11800000	0.000271113243953	82233	71487	263679483	1609950
AL	NC_063221.1	11800001	11900000	0.0004257397755903	81400	122219	287074422	1283484
AL	NC_063221.1	11900001	12000000	0.0003349760599935	84139	99839	298048165	1310818
AL	NC_063221.1	12000001	12100000	0.0004282150852109	84473	120470	281330584	1525260
AL	NC_063221.1	12100001	12200000	0.0005349819662734	84585	139148	260098487	1794414
AL	NC_063221.1	12200001	12300000	0.0003026536236975	85352	83617	276279527	1636890
AL	NC_063221.1	12300001	12400000	0.0003429882394981	84080	97443	284100120	1465816
AL	NC_063221.1	12400001	12500000	0.0004791310702134	83997	128682	268573691	1650774
AL	NC_063221.1	12500001	12600000	0.0006295905735469	82839	164083	260618578	1679968
AL	NC_063221.1	12600001	12700000	0.0004353294365937	80069	111068	255135515	1585966
AL	NC_063221.1	12700001	12800000	0.0003748184133158	77282	95040	253562783	1441906
AL	NC_063221.1	12800001	12900000	0.00066822455062	79916	163988	245408523	1695130
AL	NC_063221.1	12900001	13000000	0.0006446314965998	82888	158426	245762115	1867650
AL	NC_063221.1	13000001	13100000	0.0008890452246681	84555	225565	253716002	1866784
AL	NC_063221.1	13100001	13200000	0.0006002420048011	83933	156667	261006392	1737916
AL	NC_063221.1	13200001	13300000	0.0005082456645619	84206	145886	287038356	1444064
AL	NC_063221.1	13300001	13400000	0.0002164286429318	82979	55724	257470542	1730720
AL	NC_063221.1	13400001	13500000	4.8166342467717446e-05	81860	12026	249676421	1757894
AL	NC_063221.1	13500001	13600000	0.000537926542286	80328	138581	257620677	1574166
AL	NC_063221.1	13600001	13700000	0.0007505318693899	82108	188162	250704877	1761870
AL	NC_063221.1	13700001	13800000	0.0007853727727901	83913	207130	263734633	1705594
AL	NC_063221.1	13800001	13900000	0.0005972011729539	85860	170503	285503458	1560692
AL	NC_063221.1	13900001	14000000	0.0005035740772705	83771	137383	272815870	1592520
AL	NC_063221.1	14000001	14100000	0.0002805739074457	84185	75079	267590813	1677106
AL	NC_063221.1	14100001	14200000	0.0001950443262342	82067	54158	277670215	1434934
AL	NC_063221.1	14200001	14300000	0.0001488808404142	82820	41324	277564258	1476740
AL	NC_063221.1	14300001	14400000	0.0004021485678375	83898	109186	271506624	1614568
AL	NC_063221.1	14400001	14500000	0.0004375777505441	85597	125114	285924044	1537572
AL	NC_063221.1	14500001	14600000	0.0004119759327217	84235	113667	275906894	1578672
AL	NC_063221.1	14600001	14700000	0.0004643597511619	86525	136301	293524578	1493448
AL	NC_063221.1	14700001	14800000	0.0004767566406569	85542	139974	293596330	1441908
AL	NC_063221.1	14800001	14900000	0.0005843839679542	78041	145361	248742279	1544606
AL	NC_063221.1	14900001	15000000	0.0003016287472183	80376	75381	249913182	1666052
AL	NC_063221.1	15000001	15100000	0.0004404383325036	81627	117945	267790043	1522758
AL	NC_063221.1	15100001	15200000	0.0005289540558597	83097	150972	285416093	1393434
AL	NC_063221.1	15200001	15300000	0.0003506236442004	84533	97589	278329775	1563510
AL	NC_063221.1	15300001	15400000	0.0003323376249126	85192	98087	295142628	1399872
AL	NC_063221.1	15400001	15500000	0.0003047436133898	78115	83135	272803092	1256292
AL	NC_063221.1	15500001	15600000	0.0003610162139628	84865	102088	282779543	1528582
AL	NC_063221.1	15600001	15700000	0.0006233559521692	83610	192129	308217158	1158884
AL	NC_063221.1	15700001	15800000	0.0005673101049472	83177	159066	280386333	1464794
AL	NC_063221.1	15800001	15900000	0.0005267804447924	83566	145041	275334822	1548876
AL	NC_063221.1	15900001	16000000	0.0006981891065212	85343	182556	261470708	1820132
AL	NC_063221.1	16000001	16100000	0.0005191154520021	83622	145078	279471550	1503588
AL	NC_063221.1	16100001	16200000	0.0005039365985645	83489	133007	263935980	1679692
AL	NC_063221.1	16200001	16300000	0.0004024975605658	82896	113166	281159468	1442656
AL	NC_063221.1	16300001	16400000	0.0005610341579033	82792	158936	283291129	1410758
AL	NC_063221.1	16400001	16500000	0.0003252414606418	85100	92713	285058983	1520106
AL	NC_063221.1	16500001	16600000	0.0005189169192577	82577	140900	271527088	1539836
AL	NC_063221.1	16600001	16700000	0.0004076579545897	83314	111041	272387669	1569198
AL	NC_063221.1	16700001	16800000	0.0004434474508317	85977	127465	287441048	1536828
AL	NC_063221.1	16800001	16900000	0.0003422242108762	82855	93909	274407821	1516402
AL	NC_063221.1	16900001	17000000	0.0005043322969107	86267	146811	291099739	1517934
AL	NC_063221.1	17000001	17100000	0.0005298286292351	83157	165931	313178622	1074432
AL	NC_063221.1	17100001	17200000	0.0005318961099146	86332	154794	291022997	1513662
AL	NC_063221.1	17200001	17300000	0.0003624220664145	82825	93702	258543860	1703988
AL	NC_063221.1	17300001	17400000	0.0005828989940664	82863	156092	267785674	1593680
AL	NC_063221.1	17400001	17500000	0.0001833145422744	84103	56318	307220580	1197052
AL	NC_063221.1	17500001	17600000	0.0004817097996874	84998	141623	294000662	1405860
AL	NC_063221.1	17600001	17700000	0.0004567444770669	85391	123758	270956752	1707044
AL	NC_063221.1	17700001	17800000	0.0007857756375573	83839	198232	252275574	1847488
AL	NC_063221.1	17800001	17900000	0.0005640702147836	83326	150852	267434791	1629362
AL	NC_063221.1	17900001	18000000	0.0005850378148081	85180	156212	267011800	1742704
AL	NC_063221.1	18000001	18100000	0.0002707901189816	82489	71090	262528043	1636910
AL	NC_063221.1	18100001	18200000	0.0003988607245544	85602	112556	282193741	1582038
AL	NC_063221.1	18200001	18300000	0.0004717731056897	85554	137549	291557527	1466378
AL	NC_063221.1	18300001	18400000	0.0003836255598188	84113	100717	262539858	1734744
AL	NC_063221.1	18400001	18500000	0.0006558202836089	83403	181770	277164346	1517360
AL	NC_063221.1	18500001	18600000	0.0006358355208412	85291	161973	254740408	1897628
AL	NC_063221.1	18600001	18700000	0.0005096925837483	85062	154124	302386193	1311166
AL	NC_063221.1	18700001	18800000	0.0005620682838956	85065	170841	303950614	1288008
AL	NC_063221.1	18800001	18900000	0.0005468963539899	83502	163454	298875644	1263144
AL	NC_063221.1	18900001	19000000	0.0004608009112178	85955	132365	287249866	1537528
AL	NC_063221.1	19000001	19100000	0.0004033156741349	84516	119698	296784895	1345274
AL	NC_063221.1	19100001	19200000	0.0004174179552186	82513	115645	277048456	1465108
AL	NC_063221.1	19200001	19300000	0.0004192852615525	81167	110158	262728052	1559204
AL	NC_063221.1	19300001	19400000	0.0003567451800081	82451	93589	262341316	1637332
AL	NC_063221.1	19400001	19500000	0.0004584303020642	84285	116952	255114026	1835520
AL	NC_063221.1	19500001	19600000	0.0005877874562816	83470	145720	247912742	1875996
AL	NC_063221.1	19600001	19700000	0.0004341397778506	82490	107978	248717131	1811994
AL	NC_063221.1	19700001	19800000	0.0003338633107611	83205	82616	247454564	1866660
AL	NC_063221.1	19800001	19900000	0.0003595704990818	83324	88718	246733256	1882592
AL	NC_063221.1	19900001	20000000	0.0004820368459481	83185	128858	267319814	1623584
AL	NC_063221.1	20000001	20100000	0.0004376428645566	82038	110560	252626077	1736238
AL	NC_063221.1	20100001	20200000	0.0004484809648036	82865	109710	244625767	1881958
AL	NC_063221.1	20200001	20300000	0.0005535909405159	84161	140410	253634931	1849414
AL	NC_063221.1	20300001	20400000	0.0007112999377199	84151	179965	253008598	1856608
AL	NC_063221.1	20400001	20500000	0.0006570420922736	81875	158146	240693864	1872148
AL	NC_063221.1	20500001	20600000	0.0004747174862647	82143	115357	243001371	1859382
AL	NC_063221.1	20600001	20700000	0.0006200394638707	78594	143112	230811115	1803074
AL	NC_063221.1	20700001	20800000	0.0006084917646667	81390	142946	234918545	1919374
AL	NC_063221.1	20800001	20900000	0.0004537950434037	82525	112949	248898708	1807716
AL	NC_063221.1	20900001	21000000	0.0004471659978732	85923	121533	271784976	1726740
AL	NC_063221.1	21000001	21100000	0.0006326593481073	81613	166646	263405576	1577108
AL	NC_063221.1	21100001	21200000	0.0005696784029928	81412	152945	268476037	1502830
AL	NC_063221.1	21200001	21300000	0.0005223965927122	83773	141936	271701619	1602622
AL	NC_063221.1	21300001	21400000	0.0003320780569568	82626	93450	281409741	1420350
AL	NC_063221.1	21400001	21500000	0.0005150064895081	82544	135528	263157849	1637358
AL	NC_063221.1	21500001	21600000	0.0003733906914159	83058	99411	266238560	1628752
AL	NC_063221.1	21600001	21700000	0.0004518346275027	84591	129781	287231195	1460550
AL	NC_063221.1	21700001	21800000	0.0006357021451664	86010	175029	275331775	1689810
AL	NC_063221.1	21800001	21900000	0.00088153116925	85552	226720	257188864	1882160
AL	NC_063221.1	21900001	22000000	0.000453830479027	81720	119075	262377706	1590772
AL	NC_063221.1	22000001	22100000	0.0006848025725477	83238	189237	276338039	1516210
AL	NC_063221.1	22100001	22200000	0.0007543262755072	84460	248524	329464859	955082
AL	NC_063221.1	22200001	22300000	0.0004401525982562	87356	145958	331607721	1091054
AL	NC_063221.1	22300001	22400000	0.0004538417971903	86332	128356	282821020	1611392
AL	NC_063221.1	22400001	22500000	0.0003220442711384	84885	89163	276865661	1598474
AL	NC_063221.1	22500001	22600000	0.0004505408395723	88898	134998	299635434	1555764
AL	NC_063221.1	22600001	22700000	0.0006780010628906	87915	223683	329915412	1140748
AL	NC_063221.1	22700001	22800000	0.0005447952382082	82875	156507	287276740	1363164
AL	NC_063221.1	22800001	22900000	0.0003554221028597	87388	103707	291785455	1564242
AL	NC_063221.1	22900001	23000000	0.000770937946579	79018	228057	295817583	1045242
AL	NC_063221.1	23000001	23100000	0.000585353876805	85170	190498	325440742	1045044
AL	NC_063221.1	23100001	23200000	0.000668361375265	86431	205266	307118286	1323680
AL	NC_063221.1	23200001	23300000	0.0004883828394048	85483	160457	328547580	1019332
AL	NC_063221.1	23300001	23400000	0.0006095473607603	85834	202489	332195680	999920
AL	NC_063221.1	23400001	23500000	0.0005918491696215	85386	186242	314678147	1183602
AL	NC_063221.1	23500001	23600000	0.0003160242091552	83547	91823	290556854	1363168
AL	NC_063221.1	23600001	23700000	0.0002463301941045	85666	79315	321986512	1112392
AL	NC_063221.1	23700001	23800000	0.0003667925999665	85983	115613	315199925	1206322
AL	NC_063221.1	23800001	23900000	0.000442102571444	86608	130176	294447507	1493610
AL	NC_063221.1	23900001	24000000	0.0004383406795323	84799	133904	305479291	1258958
AL	NC_063221.1	24000001	24100000	0.0001423151824719	85065	40375	283701284	1533284
AL	NC_063221.1	24100001	24200000	0.0001865114805452	83532	52815	283172917	1449086
AL	NC_063221.1	24200001	24300000	0.0005847935465031	85545	184754	315930299	1176990
AL	NC_063221.1	24300001	24400000	0.0005713876933214	83881	181672	317948745	1054634
AL	NC_063221.1	24400001	24500000	0.0006362235531181	84633	202575	318402233	1091898
AL	NC_063221.1	24500001	24600000	0.0006255738126373	82258	189798	303398250	1131044
AL	NC_063221.1	24600001	24700000	0.0007190587874191	84629	219426	305157247	1243102
AL	NC_063221.1	24700001	24800000	0.0005496484800311	84364	170546	310281946	1173716
AL	NC_063221.1	24800001	24900000	0.0001385925785443	81633	42920	309684692	1025772
AL	NC_063221.1	24900001	25000000	0.0005253480116337	82072	157986	300726369	1154126
AL	NC_063221.1	25000001	25100000	0.0007507578556311	84764	215223	286674323	1473338
AL	NC_063221.1	25100001	25200000	0.000670813814566	85578	193167	287959186	1505644
AL	NC_063221.1	25200001	25300000	0.0006026672829809	85725	167842	278498609	1626026
AL	NC_063221.1	25300001	25400000	0.0005824033592687	85371	170921	293475299	1424782
AL	NC_063221.1	25400001	25500000	0.0004651032980034	87214	132252	284349736	1645232
AL	NC_063221.1	25500001	25600000	0.0004095320242442	86874	112118	273771020	1753048
AL	NC_063221.1	25600001	25700000	0.0002657359213084	83129	78349	294837821	1283418
AL	NC_063221.1	25700001	25800000	0.0005155996856875	87390	152225	295238737	1522622
AL	NC_063221.1	25800001	25900000	0.0004830919296355	85095	129658	268391981	1712930
AL	NC_063221.1	25900001	26000000	0.0007357376785323	83777	205226	278939092	1508748
AL	NC_063221.1	26000001	26100000	0.0005071655276706	83142	141074	278161650	1484444
AL	NC_063221.1	26100001	26200000	0.0002555455549992	85179	68002	266105196	1749276
AL	NC_063221.1	26200001	26300000	0.0005001865388403	84044	125215	250336605	1879246
AL	NC_063221.1	26300001	26400000	0.0004830176305604	85126	128592	266226307	1745866
AL	NC_063221.1	26400001	26500000	0.0007138035377601	84524	183827	257531646	1815756
AL	NC_063221.1	26500001	26600000	0.0006639584020721	82285	163477	246215726	1827728
AL	NC_063221.1	26600001	26700000	0.0003921915920511	83922	112100	285829687	1438458
AL	NC_063221.1	26700001	26800000	0.0004644828692259	85937	125635	270483603	1738278
AL	NC_063221.1	26800001	26900000	0.0005023370861254	81717	140560	279812110	1387832
AL	NC_063221.1	26900001	27000000	0.0004236250416288	83117	106376	251108857	1813282
AL	NC_063221.1	27000001	27100000	0.0003833681188838	83046	109921	286724416	1381680
AL	NC_063221.1	27100001	27200000	0.0004717550143866	84514	131182	278072296	1564840
AL	NC_063221.1	27200001	27300000	0.0004660925403534	82831	134369	288288244	1348748
AL	NC_063221.1	27300001	27400000	0.0004977533395626	85778	147479	296289323	1422090
AL	NC_063221.1	27400001	27500000	0.0004545347946444	85909	134315	295499930	1437840
AL	NC_063221.1	27500001	27600000	0.0001235376678067	84757	36519	295610243	1372310
AL	NC_063221.1	27600001	27700000	0.0001544855264742	86115	44971	291101704	1505292
AL	NC_063221.1	27700001	27800000	0.0002395729168612	85507	70999	296356537	1404242
AL	NC_063221.1	27800001	27900000	0.0003759929135228	85857	113011	300566835	1376214
AL	NC_063221.1	27900001	28000000	0.0002042436367405	85961	58756	287676037	1528426
AL	NC_063221.1	28000001	28100000	0.0003671737310391	84433	106070	288882322	1431344
AL	NC_063221.1	28100001	28200000	0.0004404225774216	86000	129202	293359166	1465332
AL	NC_063221.1	28200001	28300000	0.0006256180588254	87329	177773	284155800	1654900
AL	NC_063221.1	28300001	28400000	0.0006374744930075	83726	197502	309819455	1143922
AL	NC_063221.1	28400001	28500000	0.0004536280376726	80943	147657	325502367	805870
AL	NC_063221.1	28500001	28600000	0.0005498445510468	81305	165652	301270604	1105452
AL	NC_063221.1	28600001	28700000	0.0003137289875064	86697	88960	283556839	1624446
AL	NC_063221.1	28700001	28800000	0.0003679835526534	86618	108146	293888135	1490298
AL	NC_063221.1	28800001	28900000	0.0004434847081893	83900	130698	294706892	1323512
AL	NC_063221.1	28900001	29000000	0.0003215350171056	82577	91199	283636292	1379988
AL	NC_063221.1	29000001	29100000	0.0001493674630813	81862	47375	317170815	949114
AL	NC_063221.1	29100001	29200000	0.0001600731385563	83236	49934	311944905	1088022
AL	NC_063221.1	29200001	29300000	0.0003556313823569	85554	99374	279429783	1605994
AL	NC_063221.1	29300001	29400000	0.0006364891281343	84074	179907	282655260	1483768
AL	NC_063221.1	29400001	29500000	0.0005517028786608	83594	162508	294557100	1310352
AL	NC_063221.1	29500001	29600000	0.0005265542842821	85052	153532	291578674	1430412
AL	NC_063221.1	29600001	29700000	0.0005514356575872	86324	156145	283160869	1606814
AL	NC_063221.1	29700001	29800000	0.0004367362170747	83669	130417	298617323	1269718
AL	NC_063221.1	29800001	29900000	0.000472055223158	85263	141558	299875932	1345860
AL	NC_063221.1	29900001	30000000	0.0004918204904581	84728	133884	272221273	1646486
AL	NC_063221.1	30000001	30100000	0.0002802506220596	84055	88663	316370395	1086606
AL	NC_063221.1	30100001	30200000	0.0007217287175198	83969	214941	297814116	1296740
AL	NC_063221.1	30200001	30300000	0.0004086796658569	85846	110245	269758956	1741792
AL	NC_063221.1	30300001	30400000	0.0002949311680094	85016	82059	278231021	1588302
AL	NC_063221.1	30400001	30500000	0.0004550836643697	83204	144814	318214015	1017634
AL	NC_063221.1	30500001	30600000	0.0004045259392823	84648	128461	317559364	1103680
AL	NC_063221.1	30600001	30700000	0.0003987688792181	82996	123000	308449346	1117316
AL	NC_063221.1	30700001	30800000	0.0003612587337559	82418	101687	281479700	1400520
AL	NC_063221.1	30800001	30900000	0.0004664661966253	79656	139671	299423626	1033604
AL	NC_063221.1	30900001	31000000	0.0005345273012341	82856	163041	305019032	1145184
AL	NC_063221.1	31000001	31100000	0.0005084544728753	82606	154804	304459904	1139656
AL	NC_063221.1	31100001	31200000	0.0004190540595897	84048	123688	295160009	1332406
AL	NC_063221.1	31200001	31300000	0.0006235912462925	79175	185550	297550681	1028722
AL	NC_063221.1	31300001	31400000	0.000626937673394	80545	183904	293336974	1151152
AL	NC_063221.1	31400001	31500000	0.0004552355286422	70671	121396	266666357	900058
AL	NC_063221.1	31500001	31600000	0.00066322126525	79306	193511	291774420	1098800
AL	NC_063221.1	31600001	31700000	0.0004793462155942	79312	143173	298683906	1020340
AL	NC_063221.1	31700001	31800000	0.0005052416571119	76443	147590	292117639	934782
AL	NC_063221.1	31800001	31900000	0.0007549244193276	73721	210784	279212057	929706
AL	NC_063221.1	31900001	32000000	0.0007923303100725	74683	237673	299967068	745236
AL	NC_063221.1	32000001	32100000	0.0005042364706297	70433	136911	271521415	835646
AL	NC_063221.1	32100001	32200000	0.0004163040258621	68219	112942	271296920	715324
AL	NC_063221.1	32200001	32300000	0.0006763960765666	72414	192009	283870659	803386
AL	NC_063221.1	32300001	32400000	0.0004408501591464	77820	132793	301220261	907190
AL	NC_063221.1	32400001	32500000	0.0006985915003299	72183	196120	280736310	824608
AL	NC_063221.1	32500001	32600000	0.0008184468219021	65234	215244	262990819	640778
AL	NC_063221.1	32600001	32700000	0.0007731027362546	74381	231396	299308215	734334
AL	NC_063221.1	32700001	32800000	0.0004133349241991	74081	125530	303700444	668036
AL	NC_063221.1	32800001	32900000	0.0006552390167528	76925	204987	312843092	724172
AL	NC_063221.1	32900001	33000000	0.000512555029075	77149	158307	308858544	781172
AL	NC_063221.1	33000001	33100000	0.000342435025293	82487	107162	312941119	1034494
AL	NC_063221.1	33100001	33200000	0.0004371965814403	85124	140296	320899124	1091328
AL	NC_063221.1	33200001	33300000	0.0003480939584983	83066	99180	284923072	1405784
AL	NC_063221.1	33300001	33400000	0.0002699261822529	55237	58293	215959043	623150
AL	NC_063221.1	33400001	33500000	0.0	73	0	198055	1934
AL	NC_063221.1	33500001	33600000	8.583633199473537e-05	6207	1530	17824620	148788
AL	NC_063222.1	1	100000	6.154855743075236e-05	7590	1728	28075394	104460
AL	NC_063222.1	100001	200000	0.0	4	0	15489	46
AL	NC_063222.1	200001	300000	0.0	15	0	60449	146
AL	NC_063222.1	300001	400000	0.0	408	0	1659677	3878
AL	NC_063222.1	400001	500000	0.0	17	0	77552	68
AL	NC_063222.1	500001	600000	0.0	8	0	34598	52
AL	NC_063222.1	600001	700000	NA	0	NA	NA	NA
AL	NC_063222.1	700001	800000	0.0	4	0	11863	90
AL	NC_063222.1	800001	900000	0.0	7	0	23943	118
AL	NC_063222.1	900001	1000000	0.0	60	0	213990	924
AL	NC_063222.1	1000001	1100000	0.0	9	0	17398	336
AL	NC_063222.1	1100001	1200000	NA	0	NA	NA	NA
AL	NC_063222.1	1200001	1300000	0.0	1938	0	6713283	32090
AL	NC_063222.1	1300001	1400000	0.0	10	0	43684	64
AL	NC_063222.1	1400001	1500000	0.0	21	0	67154	440
AL	NC_063222.1	1500001	1600000	0.0	1947	0	6567657	34602
AL	NC_063222.1	1600001	1700000	0.0	45	0	195418	288
AL	NC_063222.1	1700001	1800000	0.0	71	0	294111	606
AL	NC_063222.1	1800001	1900000	0.0004548239430025	178	340	747542	1428
AL	NC_063222.1	1900001	2000000	1.9019434400600637e-05	28258	2110	110939156	314400
AL	NC_063222.1	2000001	2100000	4.246511380194453e-05	40732	6425	151300666	548652
AL	NC_063222.1	2100001	2200000	3.5986822869322944e-05	39757	5416	150499532	506316
AL	NC_063222.1	2200001	2300000	1.5167167557522869e-05	82422	4376	288517944	1320016
AL	NC_063222.1	2300001	2400000	1.1937054628555608e-05	88296	3742	313477664	1357032
AL	NC_063222.1	2400001	2500000	1.3623514600648111e-05	85143	4247	311740408	1200828
AL	NC_063222.1	2500001	2600000	2.0193959526507577e-05	86057	6196	306824424	1308220
AL	NC_063222.1	2600001	2700000	3.8081662081964e-06	59845	813	213488581	910226
AL	NC_063222.1	2700001	2800000	0.0	36	0	117012	688
AL	NC_063222.1	2800001	2900000	0.0	61	0	218323	918
AL	NC_063222.1	2900001	3000000	4.810801341918389e-05	79643	13364	277791558	1288856
AL	NC_063222.1	3000001	3100000	6.940804315755129e-05	84430	20075	289231609	1420358
AL	NC_063222.1	3100001	3200000	6.321549142263926e-05	84631	20328	321566748	1057140
AL	NC_063222.1	3200001	3300000	1.759593955107599e-05	84635	5467	310696680	1184996
AL	NC_063222.1	3300001	3400000	8.242243373302571e-05	86025	26440	320786451	1145286
AL	NC_063222.1	3400001	3500000	0.0002043333113076	82526	64392	315132171	1014754
AL	NC_063222.1	3500001	3600000	0.0003300923801123	84604	109516	331773790	934252
AL	NC_063222.1	3600001	3700000	0.0008087184409448	74035	241223	298278100	728732
AL	NC_063222.1	3700001	3800000	0.0007987215300821	82341	255358	319708422	942304
AL	NC_063222.1	3800001	3900000	0.0003858102606442	74353	112387	291301221	821386
AL	NC_063222.1	3900001	4000000	0.0002823295645716	73687	81947	290252989	796626
AL	NC_063222.1	4000001	4100000	0.0004756911732928	75493	138447	291043870	888488
AL	NC_063222.1	4100001	4200000	0.0002876307989371	79376	88236	306768261	925670
AL	NC_063222.1	4200001	4300000	0.0002728290825752	70768	73465	269271147	875938
AL	NC_063222.1	4300001	4400000	0.0003488362748284	76235	100877	289181508	952908
AL	NC_063222.1	4400001	4500000	0.0002422267008431	70624	64590	266651033	903998
AL	NC_063222.1	4500001	4600000	2.7150705968948816e-05	74658	7513	276714720	1013352
AL	NC_063222.1	4600001	4700000	2.5911459222311544e-05	79532	8137	314030944	852744
AL	NC_063222.1	4700001	4800000	0.0001563697241304	71498	43233	276479352	838376
AL	NC_063222.1	4800001	4900000	0.0001498260542299	79008	45299	302343943	963170
AL	NC_063222.1	4900001	5000000	0.0004764171789841	80713	147959	310566047	961062
AL	NC_063222.1	5000001	5100000	0.0005792228361837	64565	145541	251269444	738364
AL	NC_063222.1	5100001	5200000	0.0005961802778243	80896	178694	299731485	1098550
AL	NC_063222.1	5200001	5300000	0.0004433378905723	80530	125635	283384305	1267886
AL	NC_063222.1	5300001	5400000	0.0005744884023906	85490	176188	306686783	1279818
AL	NC_063222.1	5400001	5500000	0.0005370090686097	81514	163397	304272329	1081534
AL	NC_063222.1	5500001	5600000	0.0005154894020548	80132	145753	282746841	1262006
AL	NC_063222.1	5600001	5700000	0.0003660387879382	84414	109331	298686925	1319638
AL	NC_063222.1	5700001	5800000	0.0001396729201267	87640	40437	289512097	1603446
AL	NC_063222.1	5800001	5900000	0.0003246160223896	84683	89671	276237135	1592814
AL	NC_063222.1	5900001	6000000	0.0003017148559711	83763	82564	273649104	1578396
AL	NC_063222.1	6000001	6100000	0.0003115580901039	85411	81785	262503214	1809384
AL	NC_063222.1	6100001	6200000	0.0003207523144374	87104	88844	276986310	1726396
AL	NC_063222.1	6200001	6300000	0.0005509562266705	87125	164159	297952890	1476024
AL	NC_063222.1	6300001	6400000	0.0004405621894624	84953	127605	289641288	1448540
AL	NC_063222.1	6400001	6500000	0.0002728916525023	85258	83030	304259948	1293248
AL	NC_063222.1	6500001	6600000	0.0006435280349375	84617	191896	298193691	1327782
AL	NC_063222.1	6600001	6700000	0.0005504224613324	88452	155773	283006256	1735456
AL	NC_063222.1	6700001	6800000	0.000522853960035	86630	145087	277490487	1694250
AL	NC_063222.1	6800001	6900000	0.0006176550044249	85022	193495	313273589	1174302
AL	NC_063222.1	6900001	7000000	0.0004601666926958	84789	138894	301834101	1297658
AL	NC_063222.1	7000001	7100000	0.0004801123701143	85454	151896	316375935	1159746
AL	NC_063222.1	7100001	7200000	0.000331858730864	88212	103174	310897350	1382556
AL	NC_063222.1	7200001	7300000	0.0004112614620541	86851	119568	290734754	1546120
AL	NC_063222.1	7300001	7400000	0.000492511534763	85479	142705	289749559	1476150
AL	NC_063222.1	7400001	7500000	0.000567435463632	86836	164141	289268138	1562060
AL	NC_063222.1	7500001	7600000	0.0003572216780812	87233	102156	285973686	1623328
AL	NC_063222.1	7600001	7700000	0.0001541808710597	87223	45247	293467015	1535918
AL	NC_063222.1	7700001	7800000	0.0002698813155204	85731	85570	317065299	1169222
AL	NC_063222.1	7800001	7900000	0.0004356179429458	85661	136435	313198761	1209410
AL	NC_063222.1	7900001	8000000	0.0002764249748486	85081	84544	305847907	1265862
AL	NC_063222.1	8000001	8100000	0.0002462672594588	84051	75376	306073979	1207486
AL	NC_063222.1	8100001	8200000	0.0003372580343418	85007	94287	279569322	1576584
AL	NC_063222.1	8200001	8300000	0.0002919276570279	84743	82056	281083337	1543666
AL	NC_063222.1	8300001	8400000	0.0002977226669264	82113	89804	301636422	1150640
AL	NC_063222.1	8400001	8500000	0.0001563310829649	85735	42813	273861085	1688354
AL	NC_063222.1	8500001	8600000	0.0001637918144041	84860	44305	270495813	1682094
AL	NC_063222.1	8600001	8700000	0.0002833619593436	84129	75579	266722464	1680596
AL	NC_063222.1	8700001	8800000	0.0002415751461844	84500	63126	261309994	1767204
AL	NC_063222.1	8800001	8900000	0.0001625706098263	83964	41423	254800053	1817398
AL	NC_063222.1	8900001	9000000	9.133491018966106e-05	84710	24183	264772801	1736694
AL	NC_063222.1	9000001	9100000	0.0002718199287019	83908	70262	258487302	1767908
AL	NC_063222.1	9100001	9200000	0.0002654204485988	84896	69806	263001590	1771036
AL	NC_063222.1	9200001	9300000	0.0003096283279204	85491	89989	290635552	1468676
AL	NC_063222.1	9300001	9400000	0.0002034040503484	80530	55034	270564917	1423862
AL	NC_063222.1	9400001	9500000	0.0001434754568388	85871	40979	285616794	1558648
AL	NC_063222.1	9500001	9600000	0.0001732510553568	82330	47230	272610172	1505528
AL	NC_063222.1	9600001	9700000	0.0004445895526146	84891	114110	256663701	1849074
AL	NC_063222.1	9700001	9800000	0.0002650944535702	84291	67092	253087151	1858806
AL	NC_063222.1	9800001	9900000	5.741843123858008e-05	83062	14604	254343417	1771118
AL	NC_063222.1	9900001	10000000	3.988777066463557e-05	83153	10147	254388747	1776222
AL	NC_063222.1	10000001	10100000	6.265188205365537e-05	82030	16013	255586895	1696338
AL	NC_063222.1	10100001	10200000	5.07257853523736e-05	84635	13186	259946690	1792568
AL	NC_063222.1	10200001	10300000	5.168624496483764e-05	85224	13419	259624200	1831536
AL	NC_063222.1	10300001	10400000	0.0001383326391088	86042	41137	297377396	1416496
AL	NC_063222.1	10400001	10500000	0.0002360634470805	83643	67299	285088610	1427304
AL	NC_063222.1	10500001	10600000	0.0003180776744732	84940	85808	269770584	1691224
AL	NC_063222.1	10600001	10700000	0.0004245184990303	82408	128732	303242380	1147824
AL	NC_063222.1	10700001	10800000	0.0001545265271025	84888	45439	294053072	1399496
AL	NC_063222.1	10800001	10900000	0.0004636517862214	81228	130833	282179437	1325822
AL	NC_063222.1	10900001	11000000	0.0003776495762653	80815	97384	257868686	1592080
AL	NC_063222.1	11000001	11100000	0.0003567676594219	18019	22870	64103344	278172
AL	NC_063222.1	11100001	11200000	0.000386580295499	87055	113938	294733077	1512418
AL	NC_063222.1	11200001	11300000	0.0004010704606437	86059	127227	317218575	1190454
AL	NC_063222.1	11300001	11400000	0.0002255322829263	84554	65664	291151223	1415810
AL	NC_063222.1	11400001	11500000	0.0002499403403769	85645	70193	280839019	1599726
AL	NC_063222.1	11500001	11600000	0.0002520305462826	85261	72057	285905820	1511436
AL	NC_063222.1	11600001	11700000	0.0002695752993312	80394	70825	262728077	1510998
AL	NC_063222.1	11700001	11800000	0.000177259610932	85793	49534	279443240	1621476
AL	NC_063222.1	11800001	11900000	0.0001246181278037	83711	33543	269166297	1627322
AL	NC_063222.1	11900001	12000000	0.0001902274531705	83674	50705	266549329	1655838
AL	NC_063222.1	12000001	12100000	0.0002891371361667	85364	75540	261260110	1819236
AL	NC_063222.1	12100001	12200000	0.0001815527685376	83647	51940	286087623	1415774
AL	NC_063222.1	12200001	12300000	9.121915688728788e-05	84010	25793	282758588	1481008
AL	NC_063222.1	12300001	12400000	0.0001833514451565	83725	47715	260237927	1737750
AL	NC_063222.1	12400001	12500000	0.0003288234815935	85656	94617	287744049	1517414
AL	NC_063222.1	12500001	12600000	0.0003569014945457	84114	97879	274246540	1588576
AL	NC_063222.1	12600001	12700000	0.0003412108709122	82904	88526	259446599	1701026
AL	NC_063222.1	12700001	12800000	0.0002153785411979	78349	54038	250897790	1537600
AL	NC_063222.1	12800001	12900000	0.0002491754951597	80808	67340	270251294	1441764
AL	NC_063222.1	12900001	13000000	0.0002010126732572	84588	57230	284708417	1489334
AL	NC_063222.1	13000001	13100000	0.0002313526573958	82902	61940	267729797	1602014
AL	NC_063222.1	13100001	13200000	8.745094647840638e-05	83699	23239	265737547	1669374
AL	NC_063222.1	13200001	13300000	0.0002125942684052	82938	62919	295958120	1265944
AL	NC_063222.1	13300001	13400000	0.0001577130088099	82701	42653	270446936	1555380
AL	NC_063222.1	13400001	13500000	1.0158695064028457e-05	84872	2995	294821331	1388642
AL	NC_063222.1	13500001	13600000	9.224717700105934e-06	82942	2499	270902599	1567362
AL	NC_063222.1	13600001	13700000	0.0001709711508279	84520	47953	280474219	1542026
AL	NC_063222.1	13700001	13800000	0.0003437613921898	82531	101316	294727687	1256670
AL	NC_063222.1	13800001	13900000	0.0001598602591292	85523	43196	270210997	1722402
AL	NC_063222.1	13900001	14000000	0.0001550551426571	84680	40763	262893570	1763668
AL	NC_063222.1	14000001	14100000	3.972215867578448e-05	80685	10182	256330480	1607324
AL	NC_063222.1	14100001	14200000	0.0003038963206866	83447	78781	259236439	1731782
AL	NC_063222.1	14200001	14300000	0.0002827525656483	78881	73420	259661658	1463056
AL	NC_063222.1	14300001	14400000	0.0002095432364045	80102	50711	242007334	1749612
AL	NC_063222.1	14400001	14500000	0.0001533423114655	82207	38146	248763695	1792454
AL	NC_063222.1	14500001	14600000	0.0001759563641179	81167	43436	246856658	1751648
AL	NC_063222.1	14600001	14700000	0.0002705153746453	83821	71516	264369447	1691070
AL	NC_063222.1	14700001	14800000	0.0002635563452647	84269	76880	291702330	1388848
AL	NC_063222.1	14800001	14900000	0.0002021113681223	84944	54706	270672553	1678318
AL	NC_063222.1	14900001	15000000	0.0002956579920835	84442	76517	258802407	1798146
AL	NC_063222.1	15000001	15100000	0.000243868353202	84358	76578	314013684	1139752
AL	NC_063222.1	15100001	15200000	0.0001620553201426	79609	44036	271734368	1362436
AL	NC_063222.1	15200001	15300000	0.0004320744663368	85704	113491	262665371	1822514
AL	NC_063222.1	15300001	15400000	0.0002485753641849	81526	62589	251790841	1712262
AL	NC_063222.1	15400001	15500000	0.0003366885221993	83567	85724	254609214	1796392
AL	NC_063222.1	15500001	15600000	0.0003546907295033	84622	95565	269431908	1680520
AL	NC_063222.1	15600001	15700000	0.0002421196666916	85976	69251	286019723	1560682
AL	NC_063222.1	15700001	15800000	0.0004225167593566	84233	107667	254823028	1832972
AL	NC_063222.1	15800001	15900000	0.0002876355368083	85594	85467	297136442	1401356
AL	NC_063222.1	15900001	16000000	0.0003474611765145	86757	108872	313335726	1275256
AL	NC_063222.1	16000001	16100000	0.0005792769740888	85199	184980	319329109	1117034
AL	NC_063222.1	16100001	16200000	0.000380134168093	82290	113952	299767844	1182720
AL	NC_063222.1	16200001	16300000	0.0002563619160468	84644	81174	316638295	1121898
AL	NC_063222.1	16300001	16400000	0.0004656718222237	85613	147918	317644300	1156852
AL	NC_063222.1	16400001	16500000	0.000330075330882	86146	91974	278645483	1657154
AL	NC_063222.1	16500001	16600000	0.0001695147985022	67832	37747	222676724	1263224
AL	NC_063222.1	16600001	16700000	0.000173003911165	51301	29624	171233123	921590
AL	NC_063222.1	16700001	16800000	0.0004772206291968	88892	151667	317813168	1342176
AL	NC_063222.1	16800001	16900000	0.0003385437295821	86289	105077	310379401	1280922
AL	NC_063222.1	16900001	17000000	0.0005963394016627	87864	173492	290928286	1598908
AL	NC_063222.1	17000001	17100000	0.0005727868806036	85612	160159	279613597	1605982
AL	NC_063222.1	17100001	17200000	0.0006009110161583	86369	179153	298135656	1427220
AL	NC_063222.1	17200001	17300000	0.000335261039183	86065	97822	291778610	1489040
AL	NC_063222.1	17300001	17400000	0.0006285481256967	85017	190400	302920321	1295850
AL	NC_063222.1	17400001	17500000	0.0006883878009872	87463	223256	324317194	1183584
AL	NC_063222.1	17500001	17600000	0.0003879991871099	86069	124251	320235207	1151862
AL	NC_063222.1	17600001	17700000	0.0003951782976866	86013	121909	308491131	1283958
AL	NC_063222.1	17700001	17800000	0.0003628745962536	87827	106536	293589028	1564508
AL	NC_063222.1	17800001	17900000	4.3589354760400105e-05	87004	13395	307299800	1358056
AL	NC_063222.1	17900001	18000000	0.0002579891453191	87921	75172	291376600	1598692
AL	NC_063222.1	18000001	18100000	0.0002637932150672	86645	77713	294598176	1486948
AL	NC_063222.1	18100001	18200000	0.0004046519165087	86003	119281	294774336	1445452
AL	NC_063222.1	18200001	18300000	0.0001554264847233	86926	47518	305726531	1368906
AL	NC_063222.1	18300001	18400000	0.0002802582123024	85577	88397	315412702	1176968
AL	NC_063222.1	18400001	18500000	0.000244658735495	85403	77808	318026658	1138168
AL	NC_063222.1	18500001	18600000	0.0002429692337712	86187	81685	336194829	974842
AL	NC_063222.1	18600001	18700000	4.841560277443565e-05	81346	14703	303683093	1083438
AL	NC_063222.1	18700001	18800000	4.9163668225808925e-05	84696	14474	294404395	1381866
AL	NC_063222.1	18800001	18900000	3.152545489482306e-05	83278	9111	289004553	1365750
AL	NC_063222.1	18900001	19000000	0.0001437282612403	84119	42378	294848067	1348830
AL	NC_063222.1	19000001	19100000	0.0003636616470304	79139	109110	300031639	1000222
AL	NC_063222.1	19100001	19200000	0.0004615250473672	86726	143091	310039511	1316466
AL	NC_063222.1	19200001	19300000	0.0004077648692701	89124	120419	295314798	1621164
AL	NC_063222.1	19300001	19400000	0.0004027777281054	80176	110481	274297689	1362998
AL	NC_063222.1	19400001	19500000	0.0004041083688623	88153	117980	291951390	1610840
AL	NC_063222.1	19500001	19600000	0.0005425597696788	85221	156325	288124938	1484952
AL	NC_063222.1	19600001	19700000	0.0005437515974405	86987	177079	325661572	1142556
AL	NC_063222.1	19700001	19800000	0.0004916882467533	72149	121579	247268469	1233386
AL	NC_063222.1	19800001	19900000	0.0005072706761363	68735	113804	224345710	1305984
AL	NC_063222.1	19900001	20000000	0.00059201038153	83989	195961	331009398	907032
AL	NC_063222.1	20000001	20100000	0.0004862879789285	86244	148662	305707742	1335508
AL	NC_063222.1	20100001	20200000	0.0004678596141942	84579	130967	279927987	1547422
AL	NC_063222.1	20200001	20300000	0.000487213744458	87770	144348	296272430	1536180
AL	NC_063222.1	20300001	20400000	0.0005588330218907	87584	170122	304423671	1429466
AL	NC_063222.1	20400001	20500000	0.0003216591637211	82761	87848	273108961	1524082
AL	NC_063222.1	20500001	20600000	0.0003069010436554	86358	89716	292328755	1499226
AL	NC_063222.1	20600001	20700000	0.0003803838162244	85201	100854	265137463	1761230
AL	NC_063222.1	20700001	20800000	0.0003150200690332	85114	84117	267021083	1734306
AL	NC_063222.1	20800001	20900000	0.0001320533768134	86490	36094	273328868	1739808
AL	NC_063222.1	20900001	21000000	0.0004538884740278	81563	129390	285070028	1323044
AL	NC_063222.1	21000001	21100000	0.000383205550096	83504	95561	249372693	1858974
AL	NC_063222.1	21100001	21200000	0.000250244776404	83635	68895	275310442	1552928
AL	NC_063222.1	21200001	21300000	0.0002068261202656	83315	56484	273098968	1558188
AL	NC_063222.1	21300001	21400000	0.0007598390703483	82979	201818	265606242	1627960
AL	NC_063222.1	21400001	21500000	0.0006629500565213	85212	182327	275023734	1647356
AL	NC_063222.1	21500001	21600000	0.0004819998784757	84823	139407	289226214	1450048
AL	NC_063222.1	21600001	21700000	0.0003755856171593	84250	110761	294902134	1350596
AL	NC_063222.1	21700001	21800000	0.0004431604481477	85327	130450	294362912	1415124
AL	NC_063222.1	21800001	21900000	0.0007114622355557	87369	210806	296299634	1505984
AL	NC_063222.1	21900001	22000000	0.0007274389212618	85660	199431	274154976	1675640
AL	NC_063222.1	22000001	22100000	0.0005851774948595	84648	171806	293596390	1379028
AL	NC_063222.1	22100001	22200000	0.0002899362053163	83495	89457	308540287	1140966
AL	NC_063222.1	22200001	22300000	0.0004774374675691	84236	130922	274218110	1591732
AL	NC_063222.1	22300001	22400000	0.0005206119731	84763	142095	272938402	1646328
AL	NC_063222.1	22400001	22500000	0.000695347611755	83476	176440	253743591	1800914
AL	NC_063222.1	22500001	22600000	0.0004633773954157	84480	117896	254427603	1853362
AL	NC_063222.1	22600001	22700000	0.0004006944116661	84266	100189	250038426	1896092
AL	NC_063222.1	22700001	22800000	0.0003741150606183	83474	92266	246624661	1892750
AL	NC_063222.1	22800001	22900000	0.0003927386508543	82791	100644	256262020	1727596
AL	NC_063222.1	22900001	23000000	0.0003894011297054	82286	99597	255769674	1704580
AL	NC_063222.1	23000001	23100000	0.0004050632289695	83238	104907	258989196	1724888
AL	NC_063222.1	23100001	23200000	0.0003739866892887	83213	93295	249460750	1840112
AL	NC_063222.1	23200001	23300000	0.0004263916483547	82281	106070	248761908	1792596
AL	NC_063222.1	23300001	23400000	0.0004938653422543	84829	133255	269820513	1683506
AL	NC_063222.1	23400001	23500000	0.0005648663833415	84029	149699	265016656	1696068
AL	NC_063222.1	23500001	23600000	0.0004364801607787	85561	118780	272131498	1695208
AL	NC_063222.1	23600001	23700000	0.0005334543148478	83637	163192	305915606	1187144
AL	NC_063222.1	23700001	23800000	0.0005223494679647	83701	153597	294050266	1328112
AL	NC_063222.1	23800001	23900000	0.0004789484770493	84524	139242	290724382	1410524
AL	NC_063222.1	23900001	24000000	0.0005089269113692	84808	157742	309950204	1201496
AL	NC_063222.1	24000001	24100000	0.0001663207065846	83026	52661	316623234	1019788
AL	NC_063222.1	24100001	24200000	0.0001057399582728	83863	34754	328674236	927292
AL	NC_063222.1	24200001	24300000	0.0003080322451466	84094	100171	325196474	983036
AL	NC_063222.1	24300001	24400000	0.0004804499201429	83522	145694	303244925	1210910
AL	NC_063222.1	24400001	24500000	0.0003314997249667	84697	101003	304685019	1262406
AL	NC_063222.1	24500001	24600000	0.0003818797968996	81474	113360	296847335	1163178
AL	NC_063222.1	24600001	24700000	0.0005039328574432	85970	140033	277880273	1647670
AL	NC_063222.1	24700001	24800000	0.000368147316002	86269	110530	300233073	1396258
AL	NC_063222.1	24800001	24900000	0.000319583865246	84819	98354	307756463	1225574
AL	NC_063222.1	24900001	25000000	0.0002387943578901	83325	73527	307909285	1141658
AL	NC_063222.1	25000001	25100000	0.0002046071863554	83869	57876	282863965	1466554
AL	NC_063222.1	25100001	25200000	0.0002744637883055	81895	75618	275511755	1440422
AL	NC_063222.1	25200001	25300000	0.0004602075164721	81041	129255	280862427	1327910
AL	NC_063222.1	25300001	25400000	0.000509761792767	80470	135351	265518134	1479188
AL	NC_063222.1	25400001	25500000	0.0005943074698543	81366	154464	259905870	1598908
AL	NC_063222.1	25500001	25600000	0.0005087722157691	78487	126172	247993102	1575256
AL	NC_063222.1	25600001	25700000	0.0002570192282732	78909	68773	267579202	1361400
AL	NC_063222.1	25700001	25800000	0.0005288143114357	72028	132584	250719387	1165658
AL	NC_063222.1	25800001	25900000	0.0007077675703027	66788	164391	232266929	1087766
AL	NC_063222.1	25900001	26000000	0.0007253279207975	67216	165888	228707589	1153430
AL	NC_063222.1	26000001	26100000	0.0004592576505275	79995	122874	267549163	1424622
AL	NC_063222.1	26100001	26200000	0.0008524163951371	78739	225679	264752064	1385044
AL	NC_063222.1	26200001	26300000	0.0008251924774103	79202	225549	273328958	1308724
AL	NC_063222.1	26300001	26400000	0.0009229972148151	72993	233525	253007264	1193164
AL	NC_063222.1	26400001	26500000	0.0006996831345424	75114	179760	256916297	1268150
AL	NC_063222.1	26500001	26600000	0.0005804646708885	75610	152901	263411380	1221320
AL	NC_063222.1	26600001	26700000	0.0006971489396686	78136	201395	288883750	1068948
AL	NC_063222.1	26700001	26800000	0.0005546960664322	79584	165004	297467406	1050044
AL	NC_063222.1	26800001	26900000	0.0005643995210897	73573	153289	271596616	1015596
AL	NC_063222.1	26900001	27000000	0.0007669251288572	70226	213932	278947699	735690
AL	NC_063222.1	27000001	27100000	0.000605683721315	75003	179989	297166646	795144
AL	NC_063222.1	27100001	27200000	0.0007143006562146	75128	200201	280275537	1000294
AL	NC_063222.1	27200001	27300000	0.0008082927445723	75926	247886	306678492	739792
AL	NC_063222.1	27300001	27400000	0.0008218841467449	78463	253694	308673675	855534
AL	NC_063222.1	27400001	27500000	0.000663200870279	74559	194657	293511376	813468
AL	NC_063222.1	27500001	27600000	0.0006156715237933	75590	185733	301675476	777360
AL	NC_063222.1	27600001	27700000	0.0006623708411226	83807	225019	339717551	803398
AL	NC_063222.1	27700001	27800000	0.0005806469608602	85510	186809	321725614	1102564
AL	NC_063222.1	27800001	27900000	0.0003853752049543	83627	125457	325545075	952014
AL	NC_063222.1	27900001	28000000	0.0003650575516811	80572	120429	329890450	736852
AL	NC_063222.1	28000001	28100000	0.0005570958070745	82546	188688	338699372	744504
AL	NC_063222.1	28100001	28200000	0.0003293553611241	83728	112412	341309155	779938
AL	NC_063222.1	28200001	28300000	0.000158597036519	82670	52476	330876296	839512
AL	NC_063222.1	28300001	28400000	7.118128875306536e-05	85752	21940	308227069	1274326
AL	NC_063222.1	28400001	28500000	2.832715226443737e-05	82710	8157	287956937	1345294
AL	NC_063222.1	28500001	28600000	0.0001077201238796	83284	28679	266236233	1639006
AL	NC_063222.1	28600001	28700000	0.0001359432743803	49753	24122	177441658	761672
AL	NC_063222.1	28700001	28800000	0.0002053486930707	24852	19769	96270396	289616
AL	NC_063222.1	28800001	28900000	0.0	141	0	518498	1984
AL	NC_063223.1	1	100000	0.0	4591	0	13647369	105402
AL	NC_063223.1	100001	200000	NA	0	NA	NA	NA
AL	NC_063223.1	200001	300000	NA	0	NA	NA	NA
AL	NC_063223.1	300001	400000	NA	0	NA	NA	NA
AL	NC_063223.1	400001	500000	NA	0	NA	NA	NA
AL	NC_063223.1	500001	600000	NA	0	NA	NA	NA
AL	NC_063223.1	600001	700000	0.0	488	0	1754340	7464
AL	NC_063223.1	700001	800000	0.0004360325826545	50	91	208700	416
AL	NC_063223.1	800001	900000	NA	0	NA	NA	NA
AL	NC_063223.1	900001	1000000	0.0	15	0	70523	38
AL	NC_063223.1	1000001	1100000	NA	0	NA	NA	NA
AL	NC_063223.1	1100001	1200000	NA	0	NA	NA	NA
AL	NC_063223.1	1200001	1300000	NA	0	NA	NA	NA
AL	NC_063223.1	1300001	1400000	NA	0	NA	NA	NA
AL	NC_063223.1	1400001	1500000	0.0	3	0	12015	30
AL	NC_063223.1	1500001	1600000	NA	0	NA	NA	NA
AL	NC_063223.1	1600001	1700000	NA	0	NA	NA	NA
AL	NC_063223.1	1700001	1800000	NA	0	NA	NA	NA
AL	NC_063223.1	1800001	1900000	0.0	57	0	252306	312
AL	NC_063223.1	1900001	2000000	0.0	397	0	1261834	8216
AL	NC_063223.1	2000001	2100000	0.0	64	0	206545	1246
AL	NC_063223.1	2100001	2200000	NA	0	NA	NA	NA
AL	NC_063223.1	2200001	2300000	0.0	53	0	190521	786
AL	NC_063223.1	2300001	2400000	0.0	74	0	285186	884
AL	NC_063223.1	2400001	2500000	0.0	140	0	538547	1690
AL	NC_063223.1	2500001	2600000	0.0001158767785773	16481	7309	63075623	202598
AL	NC_063223.1	2600001	2700000	0.0001651108672744	73573	43725	264822060	1098948
AL	NC_063223.1	2700001	2800000	9.793033805059565e-05	84844	26174	267271619	1718130
AL	NC_063223.1	2800001	2900000	0.0002683607214901	78895	77312	288089850	1123624
AL	NC_063223.1	2900001	3000000	0.0005744382961702	85142	193214	336352923	915218
AL	NC_063223.1	3000001	3100000	0.0004426208644694	85926	147650	333581202	989588
AL	NC_063223.1	3100001	3200000	0.0002619108454908	85337	87737	334988037	940970
AL	NC_063223.1	3200001	3300000	0.0002281673651101	82466	74125	324871175	896482
AL	NC_063223.1	3300001	3400000	0.0007685522896761	78076	244665	318345288	726736
AL	NC_063223.1	3400001	3500000	0.0007961942824778	81794	254543	319699608	914640
AL	NC_063223.1	3500001	3600000	0.0006017619088036	78919	190774	317025716	785500
AL	NC_063223.1	3600001	3700000	0.0007572403711276	79189	234616	309830285	879842
AL	NC_063223.1	3700001	3800000	0.0007203130944547	72160	205345	285077422	773076
AL	NC_063223.1	3800001	3900000	0.0004838659304399	79414	142644	294800669	1069070
AL	NC_063223.1	3900001	4000000	0.0006174641433259	79646	184800	299288634	1028324
AL	NC_063223.1	4000001	4100000	0.0006038352061456	80326	196678	325714695	771202
AL	NC_063223.1	4100001	4200000	0.0005909100147877	81659	191443	323979955	857406
AL	NC_063223.1	4200001	4300000	0.0006168622884465	81947	195666	317195594	954800
AL	NC_063223.1	4300001	4400000	0.0006309494905357	82303	191573	303626523	1131670
AL	NC_063223.1	4400001	4500000	0.0004665109121189	80507	143288	307148228	984556
AL	NC_063223.1	4500001	4600000	0.0004879953898963	79858	148017	303316390	996748
AL	NC_063223.1	4600001	4700000	0.000445494339374	79208	135332	303779393	953390
AL	NC_063223.1	4700001	4800000	0.0001710814463525	77508	48589	284010926	1086724
AL	NC_063223.1	4800001	4900000	0.0006629453576968	80430	196390	296238593	1110774
AL	NC_063223.1	4900001	5000000	0.0005316652140633	81580	155040	291612082	1229852
AL	NC_063223.1	5000001	5100000	0.0009026214144256	77558	251917	279094863	1147282
AL	NC_063223.1	5100001	5200000	0.0010184285376751	77074	265704	260896067	1337978
AL	NC_063223.1	5200001	5300000	0.000675382728788	78858	184323	272916366	1294492
AL	NC_063223.1	5300001	5400000	0.000621317083834	80746	170372	274211034	1388484
AL	NC_063223.1	5400001	5500000	0.0004449838266619	79245	125455	281931595	1208958
AL	NC_063223.1	5500001	5600000	0.0004426217207832	80332	128140	289502286	1184756
AL	NC_063223.1	5600001	5700000	0.0006676220378077	78547	177757	266253943	1357454
AL	NC_063223.1	5700001	5800000	0.0004602762129829	77640	122727	266637720	1298784
AL	NC_063223.1	5800001	5900000	0.0004444627116335	81017	124446	279991992	1334196
AL	NC_063223.1	5900001	6000000	0.0005496082291118	82742	159403	290030228	1316000
AL	NC_063223.1	6000001	6100000	0.0006678352664258	84586	195357	292522737	1393886
AL	NC_063223.1	6100001	6200000	0.0004112396351159	85640	118964	289281455	1492922
AL	NC_063223.1	6200001	6300000	0.0004754986069007	84425	143191	301138632	1283420
AL	NC_063223.1	6300001	6400000	0.0006617865354765	82929	201956	305167889	1152586
AL	NC_063223.1	6400001	6500000	0.0003659872905698	84545	117730	321677837	1046402
AL	NC_063223.1	6500001	6600000	0.0004456313213275	84633	141556	317652717	1098914
AL	NC_063223.1	6600001	6700000	0.0004800563846691	82976	150919	314377654	1046676
AL	NC_063223.1	6700001	6800000	0.00039796548015	84014	118124	296819714	1308204
AL	NC_063223.1	6800001	6900000	0.0004606841993279	84232	141399	306932602	1203484
AL	NC_063223.1	6900001	7000000	0.0003407061403352	83508	109026	320000103	1009602
AL	NC_063223.1	7000001	7100000	0.0002944522607574	83797	84448	286796915	1414694
AL	NC_063223.1	7100001	7200000	0.0003582766578528	84644	96117	268275920	1690792
AL	NC_063223.1	7200001	7300000	0.0005286924634924	84906	149489	282752281	1531862
AL	NC_063223.1	7300001	7400000	0.0005769917728415	85224	172788	299463542	1348732
AL	NC_063223.1	7400001	7500000	0.0002597089729412	86621	78587	302596399	1389174
AL	NC_063223.1	7500001	7600000	0.0001982007437434	85735	61884	312228899	1224606
AL	NC_063223.1	7600001	7700000	0.0004878961524477	84910	153501	314618181	1150198
AL	NC_063223.1	7700001	7800000	0.0007383217608915	82733	216994	293901672	1272660
AL	NC_063223.1	7800001	7900000	0.0007456993458283	85460	207553	278333354	1614316
AL	NC_063223.1	7900001	8000000	0.0004102886284399	85954	110255	268725459	1760522
AL	NC_063223.1	8000001	8100000	0.0004625283410643	83858	125247	270787731	1611546
AL	NC_063223.1	8100001	8200000	0.0006618769345887	83704	177425	268063428	1642472
AL	NC_063223.1	8200001	8300000	0.0007241229509774	83565	188966	260958446	1719096
AL	NC_063223.1	8300001	8400000	0.0004524606980487	85078	125511	277396469	1603574
AL	NC_063223.1	8400001	8500000	0.0006641652868732	86376	206040	310223982	1286540
AL	NC_063223.1	8500001	8600000	0.0007464955726527	82420	227233	304399662	1128748
AL	NC_063223.1	8600001	8700000	0.0003971644431135	86910	120939	304506111	1384666
AL	NC_063223.1	8700001	8800000	0.0008448790921705	79734	235175	278353438	1284628
AL	NC_063223.1	8800001	8900000	0.0006241057129775	84800	184145	295054181	1373526
AL	NC_063223.1	8900001	9000000	0.0002073447776087	85705	58148	280441112	1603452
AL	NC_063223.1	9000001	9100000	0.0006812802598992	83904	192755	282930552	1470496
AL	NC_063223.1	9100001	9200000	0.0005093550354952	85453	148956	292440419	1445918
AL	NC_063223.1	9200001	9300000	0.000690702695983	83634	198721	287708447	1398186
AL	NC_063223.1	9300001	9400000	0.0006438153752846	82661	178965	277975654	1457952
AL	NC_063223.1	9400001	9500000	0.0005235415858385	87299	155483	296983094	1497496
AL	NC_063223.1	9500001	9600000	0.0003692904804476	82754	112773	305377490	1135724
AL	NC_063223.1	9600001	9700000	0.0005610827173529	84852	176442	314467002	1151476
AL	NC_063223.1	9700001	9800000	0.000443343080682	78597	126825	286065139	1134382
AL	NC_063223.1	9800001	9900000	0.0008225531217429	79181	230264	279938151	1228846
AL	NC_063223.1	9900001	10000000	0.0007741988846224	84186	225394	291131910	1386820
AL	NC_063223.1	10000001	10100000	0.000435369637503	86015	130599	299972687	1385966
AL	NC_063223.1	10100001	10200000	0.0003045221089114	86626	89493	293880140	1493544
AL	NC_063223.1	10200001	10300000	0.0002402741309825	84650	72542	301913484	1289368
AL	NC_063223.1	10300001	10400000	0.0003202965622521	81575	86951	271470288	1472460
AL	NC_063223.1	10400001	10500000	0.000431460127142	83834	116459	269918337	1622174
AL	NC_063223.1	10500001	10600000	0.0003825335937282	82569	98667	257930288	1693212
AL	NC_063223.1	10600001	10700000	0.0005172614208706	83832	144831	279995751	1503042
AL	NC_063223.1	10700001	10800000	0.0005235918790028	80317	137414	262444865	1513418
AL	NC_063223.1	10800001	10900000	0.0003825067043547	80880	97656	255305329	1630030
AL	NC_063223.1	10900001	11000000	0.0002943513614495	79139	75218	255538142	1526512
AL	NC_063223.1	11000001	11100000	0.0004314838409518	83447	111618	258684079	1737574
AL	NC_063223.1	11100001	11200000	0.0002672131279396	85132	70564	264073852	1770264
AL	NC_063223.1	11200001	11300000	0.0004845262793351	83821	130262	268844035	1634422
AL	NC_063223.1	11300001	11400000	0.0005994011889475	81984	174294	290780204	1261232
AL	NC_063223.1	11400001	11500000	0.0005990434758463	83095	166958	278707651	1473766
AL	NC_063223.1	11500001	11600000	0.0006089850509099	83693	157040	257871683	1766142
AL	NC_063223.1	11600001	11700000	0.0003215868544571	85347	97330	302655406	1325344
AL	NC_063223.1	11700001	11800000	0.0003460483481366	74482	93129	269121354	1096108
AL	NC_063223.1	11800001	11900000	0.0006601512308449	84668	191693	290377403	1427130
AL	NC_063223.1	11900001	12000000	0.0004997327697007	84786	153095	306353734	1251468
AL	NC_063223.1	12000001	12100000	0.0003696973268722	78564	101028	273272195	1289314
AL	NC_063223.1	12100001	12200000	0.0003635661245216	75780	93940	258384909	1311790
AL	NC_063223.1	12200001	12300000	0.0003515594184658	86445	111305	316603664	1218124
AL	NC_063223.1	12300001	12400000	0.000427881128964	87364	137234	320729265	1222398
AL	NC_063223.1	12400001	12500000	0.0005409890937045	86064	162609	300577224	1383376
AL	NC_063223.1	12500001	12600000	0.0005606124318274	86624	166321	296677331	1460802
AL	NC_063223.1	12600001	12700000	0.0004830322937295	84388	144421	298988291	1301882
AL	NC_063223.1	12700001	12800000	0.0006103681056591	87398	189756	310887804	1340136
AL	NC_063223.1	12800001	12900000	0.0006458452084086	87190	185898	287836772	1601072
AL	NC_063223.1	12900001	13000000	0.0002380482386648	86876	71794	301594334	1423652
AL	NC_063223.1	13000001	13100000	0.0005446216677291	84479	165033	303023199	1269006
AL	NC_063223.1	13100001	13200000	0.0008343908416828	86815	236687	283664427	1628950
AL	NC_063223.1	13200001	13300000	0.000342039663163	87966	112504	328920918	1160900
AL	NC_063223.1	13300001	13400000	0.0003679152264199	86028	107141	291211106	1494476
AL	NC_063223.1	13400001	13500000	0.0001675824154451	83099	47821	285358102	1392544
AL	NC_063223.1	13500001	13600000	0.0002017933105418	86438	58834	291555750	1508524
AL	NC_063223.1	13600001	13700000	0.0006937827192583	86349	208238	300148727	1400494
AL	NC_063223.1	13700001	13800000	0.0005217922148248	85863	164802	315838365	1188898
AL	NC_063223.1	13800001	13900000	0.0004454551248326	85537	150485	337823030	915424
AL	NC_063223.1	13900001	14000000	0.0001335177945184	85994	39731	297570823	1419322
AL	NC_063223.1	14000001	14100000	0.0003556027527431	86333	110005	309347999	1301318
AL	NC_063223.1	14100001	14200000	0.0004934032040409	89785	159784	323840621	1320994
AL	NC_063223.1	14200001	14300000	0.0006403409549684	84679	188983	295128710	1370408
AL	NC_063223.1	14300001	14400000	0.0005781734034784	80743	160627	277818037	1354634
AL	NC_063223.1	14400001	14500000	0.0005591556708378	84464	150046	268343876	1677480
AL	NC_063223.1	14500001	14600000	0.00052825641997	85961	164105	310654057	1259058
AL	NC_063223.1	14600001	14700000	0.0005944518330788	82387	186355	313490496	1023924
AL	NC_063223.1	14700001	14800000	0.0007127319286921	83616	229855	322498531	991898
AL	NC_063223.1	14800001	14900000	0.0005740889007461	81165	166633	290256439	1229574
AL	NC_063223.1	14900001	15000000	0.000291009112528	85676	93727	322075825	1108686
AL	NC_063223.1	15000001	15100000	0.0002091429629607	86958	68735	328650790	1102644
AL	NC_063223.1	15100001	15200000	0.0003020655358329	84637	92022	304642500	1258108
AL	NC_063223.1	15200001	15300000	0.0002791025470271	83052	80945	290018851	1341010
AL	NC_063223.1	15300001	15400000	0.0002944427421555	53801	51709	175616487	1017814
AL	NC_063223.1	15400001	15500000	0.0004397024072569	51087	79046	179771588	807484
AL	NC_063223.1	15500001	15600000	0.0004593660543905	84223	127562	277691394	1557440
AL	NC_063223.1	15600001	15700000	0.0004427890166665	83505	125612	283683640	1441292
AL	NC_063223.1	15700001	15800000	0.0003771396221367	82395	100025	265220078	1602480
AL	NC_063223.1	15800001	15900000	0.0003564878908931	82500	86798	243480921	1873694
AL	NC_063223.1	15900001	16000000	0.0002561849722173	82379	61401	239674480	1915700
AL	NC_063223.1	16000001	16100000	0.0003697169016932	83692	90525	244849504	1928376
AL	NC_063223.1	16100001	16200000	0.0002848198435448	82978	81618	286560090	1380668
AL	NC_063223.1	16200001	16300000	0.0005322614103242	80695	145366	273110162	1406528
AL	NC_063223.1	16300001	16400000	0.0003493701270391	83092	89795	257019685	1740398
AL	NC_063223.1	16400001	16500000	0.0006916709660861	81439	175436	253640833	1687154
AL	NC_063223.1	16500001	16600000	0.0005062996893085	84079	125857	248582021	1903938
AL	NC_063223.1	16600001	16700000	0.0006289966562087	82517	158578	252112628	1765524
AL	NC_063223.1	16700001	16800000	0.0006490699090804	83419	166938	257195716	1759204
AL	NC_063223.1	16800001	16900000	0.000205998788886	83788	57911	281123012	1492792
AL	NC_063223.1	16900001	17000000	0.0004695670759485	85215	120016	255588618	1883696
AL	NC_063223.1	17000001	17100000	0.0004745483815218	84393	132023	278207671	1562062
AL	NC_063223.1	17100001	17200000	0.0004889464778124	86124	148014	302720250	1366476
AL	NC_063223.1	17200001	17300000	0.0004404743181084	81330	129183	293281571	1201762
AL	NC_063223.1	17300001	17400000	0.0007938404027282	71411	190652	240164143	1279406
AL	NC_063223.1	17400001	17500000	0.0002185758968435	74349	54544	249542611	1321958
AL	NC_063223.1	17500001	17600000	0.0002409036792654	85636	72702	301788666	1344708
AL	NC_063223.1	17600001	17700000	0.0002386030421232	83996	76432	320331205	1035710
AL	NC_063223.1	17700001	17800000	0.0004975428597079	86784	154166	309854713	1317990
AL	NC_063223.1	17800001	17900000	0.0005243133082181	86371	168545	321458558	1152928
AL	NC_063223.1	17900001	18000000	0.0005909380586567	87077	174850	295885495	1492958
AL	NC_063223.1	18000001	18100000	0.0006573567242058	86978	201695	306827317	1358246
AL	NC_063223.1	18100001	18200000	0.0007168046340983	79258	218198	304403724	952472
AL	NC_063223.1	18200001	18300000	0.0006035573166788	87395	179169	296854988	1508284
AL	NC_063223.1	18300001	18400000	0.0006014464673823	83174	184056	306022248	1158728
AL	NC_063223.1	18400001	18500000	0.0005203657983291	83101	148754	285864291	1390014
AL	NC_063223.1	18500001	18600000	0.0005393338125262	84340	160016	296691949	1331222
AL	NC_063223.1	18600001	18700000	0.0005662689948822	86207	160551	283524264	1593404
AL	NC_063223.1	18700001	18800000	0.0004942916476596	84881	133375	269830576	1687988
AL	NC_063223.1	18800001	18900000	0.0004031073402992	85451	111151	275735490	1647952
AL	NC_063223.1	18900001	19000000	0.0005531603527228	79670	156201	282379240	1242184
AL	NC_063223.1	19000001	19100000	0.0005112748256887	82531	164554	321850386	933184
AL	NC_063223.1	19100001	19200000	0.0005262012605163	85789	163861	311403663	1236862
AL	NC_063223.1	19200001	19300000	0.0005980659137893	86846	169515	283438658	1636404
AL	NC_063223.1	19300001	19400000	0.0005047075191721	87493	153981	305089570	1412560
AL	NC_063223.1	19400001	19500000	0.000463832204488	83657	142720	307697479	1162142
AL	NC_063223.1	19500001	19600000	0.0004687998241817	83929	134322	286523145	1428210
AL	NC_063223.1	19600001	19700000	0.0006660373740318	83316	177291	266187765	1636358
AL	NC_063223.1	19700001	19800000	0.0003847382027876	84792	111326	289355201	1445686
AL	NC_063223.1	19800001	19900000	0.0003532265905893	86299	112872	319545592	1174932
AL	NC_063223.1	19900001	20000000	0.0007050517579587	84419	215955	306296662	1223712
AL	NC_063223.1	20000001	20100000	0.0006174714119605	79883	182673	295840417	1090442
AL	NC_063223.1	20100001	20200000	0.0005553822410517	78173	158602	285572689	1120850
AL	NC_063223.1	20200001	20300000	0.0007187879023316	82832	208972	290728321	1322478
AL	NC_063223.1	20300001	20400000	0.0007648784527228	80639	221948	290174209	1198970
AL	NC_063223.1	20400001	20500000	0.000616170300092	83329	164323	266684389	1632442
AL	NC_063223.1	20500001	20600000	0.0003049079642059	28725	30201	99049561	478554
AL	NC_063223.1	20600001	20700000	0.000195671864319	3063	2237	11432405	41202
AL	NC_063223.1	20700001	20800000	0.000361092657229	80939	101482	281041439	1322486
AL	NC_063223.1	20800001	20900000	0.0003426459497135	82604	98294	286867538	1350092
AL	NC_063223.1	20900001	21000000	0.0004716093662718	81241	124633	264271681	1536666
AL	NC_063223.1	21000001	21100000	0.0003386937400342	82778	99004	292311278	1293340
AL	NC_063223.1	21100001	21200000	0.0004625010074921	80374	129398	279778850	1304396
AL	NC_063223.1	21200001	21300000	0.0004032839818765	81489	112257	278357200	1384388
AL	NC_063223.1	21300001	21400000	0.0003202832019812	80022	87280	272508828	1366640
AL	NC_063223.1	21400001	21500000	0.0009153627647127	81851	274321	299685557	1152578
AL	NC_063223.1	21500001	21600000	0.0006057235610028	80606	175455	289661838	1197892
AL	NC_063223.1	21600001	21700000	0.0001984396667188	82933	57755	291045641	1318826
AL	NC_063223.1	21700001	21800000	5.207115348191279e-05	83182	15553	298687449	1240806
AL	NC_063223.1	21800001	21900000	6.638130723613039e-05	80622	18515	278918882	1328716
AL	NC_063223.1	21900001	22000000	0.0002213220146331	82160	64968	293545132	1245256
AL	NC_063223.1	22000001	22100000	0.0004632385930783	83470	134397	290124791	1355530
AL	NC_063223.1	22100001	22200000	0.0005085681443188	81940	153740	302299705	1129886
AL	NC_063223.1	22200001	22300000	0.0005178066496198	84017	163853	316436647	1083366
AL	NC_063223.1	22300001	22400000	0.0005913597333082	75531	170920	289028810	918408
AL	NC_063223.1	22400001	22500000	0.0005008485296657	84376	159359	318178033	1079910
AL	NC_063223.1	22500001	22600000	0.0005125143277791	80351	150172	293010345	1141522
AL	NC_063223.1	22600001	22700000	0.0005990859756604	82871	178375	297745244	1231820
AL	NC_063223.1	22700001	22800000	0.000556963251724	84161	172482	309682909	1168330
AL	NC_063223.1	22800001	22900000	0.000673152347325	74241	198455	294814392	778860
AL	NC_063223.1	22900001	23000000	0.000469894035934	82966	149338	317812078	1001780
AL	NC_063223.1	23000001	23100000	3.654064066074995e-05	83331	11427	312720297	1084266
AL	NC_063223.1	23100001	23200000	8.693022361009623e-05	72550	24738	284573063	805282
AL	NC_063223.1	23200001	23300000	0.0003455551211108	77523	97108	281020289	1125858
AL	NC_063223.1	23300001	23400000	0.0001965361707542	81571	60134	305969124	1060668
AL	NC_063223.1	23400001	23500000	0.0001681725355466	81742	51367	305442264	1078216
AL	NC_063223.1	23500001	23600000	6.54634700703806e-05	80965	20686	315993026	914456
AL	NC_063223.1	23600001	23700000	3.763991963672629e-05	79822	11226	298247183	1054594
AL	NC_063223.1	23700001	23800000	4.614568402615519e-05	79933	12625	273590050	1353648
AL	NC_063223.1	23800001	23900000	5.428316325082272e-05	84200	15097	278115701	1542110
AL	NC_063223.1	23900001	24000000	7.16215064229659e-05	45941	12463	174011978	579960
AL	NC_063224.1	1	100000	3.4076861421104323e-06	13650	180	52821766	158316
AL	NC_063224.1	100001	200000	8.578223276185189e-05	68652	22204	258841479	882530
AL	NC_063224.1	200001	300000	8.041038582805467e-05	86696	25167	312981958	1275492
AL	NC_063224.1	300001	400000	0.0001703121935562	86916	55016	323030306	1171748
AL	NC_063224.1	400001	500000	0.0001048734461679	83432	33513	319556582	1012956
AL	NC_063224.1	500001	600000	0.0002425239065216	85695	85629	353074471	754878
AL	NC_063224.1	600001	700000	0.0001079935218667	80536	35362	327445567	761066
AL	NC_063224.1	700001	800000	0.0001293645971245	80721	41202	318495175	872822
AL	NC_063224.1	800001	900000	0.0001765979727219	80921	57725	326872382	789056
AL	NC_063224.1	900001	1000000	0.0002822974763278	79512	88050	311905020	881648
AL	NC_063224.1	1000001	1100000	0.0002261244172448	79394	68270	301913437	993790
AL	NC_063224.1	1100001	1200000	0.0004882553688669	55156	82462	168891128	1198600
AL	NC_063224.1	1200001	1300000	0.0004120032409996	63813	90807	220403606	1069968
AL	NC_063224.1	1300001	1400000	0.000419804015408	77727	127512	303741735	873734
AL	NC_063224.1	1400001	1500000	0.0005188979132352	69661	141164	272045804	792356
AL	NC_063224.1	1500001	1600000	0.0006139080737899	65095	140162	228311055	1046670
AL	NC_063224.1	1600001	1700000	0.0004999616801861	62825	111820	223657141	968890
AL	NC_063224.1	1700001	1800000	0.0004006443063497	63477	90221	225189772	992308
AL	NC_063224.1	1800001	1900000	0.0009699966276965	71729	267378	275648381	860074
AL	NC_063224.1	1900001	2000000	0.0007139941258433	75941	214616	300585106	806008
AL	NC_063224.1	2000001	2100000	0.0005637953656391	76574	155982	276664211	1120418
AL	NC_063224.1	2100001	2200000	0.0007335130583544	78128	227060	309551408	826960
AL	NC_063224.1	2200001	2300000	0.0005553074606517	75198	162088	291888749	867118
AL	NC_063224.1	2300001	2400000	0.0004615892300744	78754	136954	296701030	1015156
AL	NC_063224.1	2400001	2500000	0.0006926238152768	67022	161312	232899875	1102106
AL	NC_063224.1	2500001	2600000	0.0003001423237897	58993	60382	201177892	1018540
AL	NC_063224.1	2600001	2700000	0.0003791904322114	79496	117238	309179742	906556
AL	NC_063224.1	2700001	2800000	0.0006400153127483	80985	189347	295847609	1145714
AL	NC_063224.1	2800001	2900000	0.0005040428901823	74401	144660	286999386	882032
AL	NC_063224.1	2900001	3000000	0.0005048017399314	82612	146204	289626577	1310830
AL	NC_063224.1	3000001	3100000	0.0006029152844225	81748	171045	283696573	1334222
AL	NC_063224.1	3100001	3200000	0.00071761655581	80490	197287	274919800	1364840
AL	NC_063224.1	3200001	3300000	0.0004954422519958	83366	145521	293719398	1309380
AL	NC_063224.1	3300001	3400000	0.0003349529497196	84402	101489	302994794	1261412
AL	NC_063224.1	3400001	3500000	0.0006610502874053	83387	197981	299494613	1245042
AL	NC_063224.1	3500001	3600000	0.0005609138608971	84999	170657	304248142	1278216
AL	NC_063224.1	3600001	3700000	0.0004867122186187	85440	142354	292480843	1442010
AL	NC_063224.1	3700001	3800000	0.000649733354479	80677	176911	272282466	1409872
AL	NC_063224.1	3800001	3900000	0.0008801299327869	83060	235889	268016109	1597238
AL	NC_063224.1	3900001	4000000	0.000489084404527	83013	130654	267139984	1605628
AL	NC_063224.1	4000001	4100000	0.0001825772454785	80625	46701	255787625	1607026
AL	NC_063224.1	4100001	4200000	0.0001108423638165	83862	28765	259512690	1751412
AL	NC_063224.1	4200001	4300000	0.0002375367018629	82841	62485	263054086	1648696
AL	NC_063224.1	4300001	4400000	0.0002484293503212	85287	69124	278244096	1605596
AL	NC_063224.1	4400001	4500000	0.0005075916756544	85033	150429	296358288	1370860
AL	NC_063224.1	4500001	4600000	0.0004334884999774	84631	127610	294379205	1373026
AL	NC_063224.1	4600001	4700000	0.0006336821637246	84619	183266	289208077	1441106
AL	NC_063224.1	4700001	4800000	0.0003746237647455	86986	108215	288863148	1576944
AL	NC_063224.1	4800001	4900000	0.0004661323947655	84401	139428	299116735	1305366
AL	NC_063224.1	4900001	5000000	0.0006510826619302	86226	190376	292399124	1491792
AL	NC_063224.1	5000001	5100000	0.0002559483744622	83969	72529	283373552	1470612
AL	NC_063224.1	5100001	5200000	0.0003059891288792	79207	79513	259855637	1478634
AL	NC_063224.1	5200001	5300000	0.0005966683827241	83968	164025	274901444	1570248
AL	NC_063224.1	5300001	5400000	0.0004639649877354	85534	123307	265767899	1774322
AL	NC_063224.1	5400001	5500000	0.0005798529857536	85631	156320	269585574	1730160
AL	NC_063224.1	5500001	5600000	0.0004957531150771	85641	131185	264617601	1793522
AL	NC_063224.1	5600001	5700000	0.0002060464871022	84777	58422	283537957	1512186
AL	NC_063224.1	5700001	5800000	0.000307501903584	82758	86692	281923458	1418228
AL	NC_063224.1	5800001	5900000	0.0004773593706075	86522	148043	310129033	1297470
AL	NC_063224.1	5900001	6000000	0.000282456185607	82505	81695	289230699	1312158
AL	NC_063224.1	6000001	6100000	0.0004431146872337	82890	124771	281577216	1427560
AL	NC_063224.1	6100001	6200000	0.0003739492961409	82634	94143	251753382	1776004
AL	NC_063224.1	6200001	6300000	0.000682733168451	81660	170456	249667085	1746414
AL	NC_063224.1	6300001	6400000	0.0004942027466678	83143	124193	251299696	1812268
AL	NC_063224.1	6400001	6500000	0.0005268991593653	84433	157941	299755650	1304648
AL	NC_063224.1	6500001	6600000	0.0005697886860413	82607	184930	324558919	908006
AL	NC_063224.1	6600001	6700000	0.0005150447745111	83865	162688	315871567	1081430
AL	NC_063224.1	6700001	6800000	0.0007326829221952	83419	236931	323374536	970428
AL	NC_063224.1	6800001	6900000	0.0003084783612123	83865	95065	308173966	1166224
AL	NC_063224.1	6900001	7000000	0.0003731943315768	84552	113296	303584461	1265958
AL	NC_063224.1	7000001	7100000	0.0002595626073201	86586	82407	317484097	1210782
AL	NC_063224.1	7100001	7200000	0.0001227879837859	84143	38034	309753437	1168122
AL	NC_063224.1	7200001	7300000	0.0005507007707586	79885	173297	314684506	867608
AL	NC_063224.1	7300001	7400000	0.00041267187686	81180	119158	288747566	1246100
AL	NC_063224.1	7400001	7500000	0.0004811667041974	80214	145377	302134372	1037440
AL	NC_063224.1	7500001	7600000	0.0002627087453254	86821	82656	314629800	1261892
AL	NC_063224.1	7600001	7700000	0.0006133650444711	84933	197159	321438272	1073756
AL	NC_063224.1	7700001	7800000	0.0002849777716659	87122	88173	309403079	1345634
AL	NC_063224.1	7800001	7900000	0.0002398959300078	86481	73122	304807172	1353684
AL	NC_063224.1	7900001	8000000	0.0008010187960792	81590	252014	314616837	964862
AL	NC_063224.1	8000001	8100000	0.0006395071426242	85347	198406	310248294	1230472
AL	NC_063224.1	8100001	8200000	0.0005961208185206	86924	171426	287569222	1588908
AL	NC_063224.1	8200001	8300000	0.000441504735961	86078	141087	319559426	1162380
AL	NC_063224.1	8300001	8400000	0.0005576016486037	79592	159867	286704676	1176768
AL	NC_063224.1	8400001	8500000	0.0006431474805289	86194	187874	292116514	1493500
AL	NC_063224.1	8500001	8600000	0.0005006293150649	84314	157031	313667209	1132902
AL	NC_063224.1	8600001	8700000	0.0005554947979946	86399	170168	306335902	1329360
AL	NC_063224.1	8700001	8800000	0.0004716610660772	83326	151041	320232071	996802
AL	NC_063224.1	8800001	8900000	0.0006996202359245	85197	201457	287951934	1487096
AL	NC_063224.1	8900001	9000000	0.0005775708137232	86471	182250	315545723	1234238
AL	NC_063224.1	9000001	9100000	0.0005871308548	84210	179939	306471715	1206362
AL	NC_063224.1	9100001	9200000	0.0006849923210813	87008	188659	275417686	1742244
AL	NC_063224.1	9200001	9300000	0.0003925295319395	83376	108385	276119352	1523208
AL	NC_063224.1	9300001	9400000	0.0004991695046315	83436	133679	267802818	1632404
AL	NC_063224.1	9400001	9500000	0.000529491444037	85038	146177	276070561	1624510
AL	NC_063224.1	9500001	9600000	0.000475149580732	84998	133858	281717601	1550806
AL	NC_063224.1	9600001	9700000	0.0006022436718935	83601	172547	286506954	1414096
AL	NC_063224.1	9700001	9800000	0.0004653272674464	85976	128835	276869655	1670282
AL	NC_063224.1	9800001	9900000	0.0005530744886241	87068	158369	286342985	1618622
AL	NC_063224.1	9900001	10000000	0.0005736761483012	85537	154045	268522581	1743362
AL	NC_063224.1	10000001	10100000	0.0005896555451936	80881	160747	272611699	1421798
AL	NC_063224.1	10100001	10200000	0.0005102320959777	84828	142435	279157272	1573920
AL	NC_063224.1	10200001	10300000	0.0003767828283822	82261	99684	264566197	1597650
AL	NC_063224.1	10300001	10400000	0.0003664129696029	86853	101008	275667098	1729208
AL	NC_063224.1	10400001	10500000	0.0003579793979666	83987	102621	286667335	1430966
AL	NC_063224.1	10500001	10600000	0.0006566680838892	84713	179163	272836467	1641854
AL	NC_063224.1	10600001	10700000	0.0003600516314032	84286	97453	270663959	1644922
AL	NC_063224.1	10700001	10800000	0.0003847705039886	85040	111302	289268535	1464018
AL	NC_063224.1	10800001	10900000	0.0005287440289506	84921	151484	286497798	1494056
AL	NC_063224.1	10900001	11000000	0.0002385354023758	85505	63143	264711231	1784878
AL	NC_063224.1	11000001	11100000	0.0001385477334437	83546	34493	248961128	1866328
AL	NC_063224.1	11100001	11200000	0.0004669915717554	84360	126213	270268261	1656326
AL	NC_063224.1	11200001	11300000	0.0002220576290486	82441	55842	251475260	1773732
AL	NC_063224.1	11300001	11400000	0.0005398315858445	83474	153921	285127814	1424676
AL	NC_063224.1	11400001	11500000	0.0006152676438831	82518	158942	258329853	1691342
AL	NC_063224.1	11500001	11600000	0.0004111005217784	84500	106581	259257759	1803266
AL	NC_063224.1	11600001	11700000	0.0004937417571375	84919	128122	259491927	1815958
AL	NC_063224.1	11700001	11800000	0.0004861759204242	83912	123180	253365078	1832652
AL	NC_063224.1	11800001	11900000	0.0005128443983409	82835	131292	256007476	1736580
AL	NC_063224.1	11900001	12000000	0.0005745925810899	83515	145042	252425814	1827672
AL	NC_063224.1	12000001	12100000	0.0002932731585174	82663	69842	238146581	1953138
AL	NC_063224.1	12100001	12200000	0.0004423007885082	84869	115907	262054699	1783510
AL	NC_063224.1	12200001	12300000	0.0005069095497506	83815	138949	274110046	1575656
AL	NC_063224.1	12300001	12400000	0.0006797291147947	83778	174545	256786117	1783646
AL	NC_063224.1	12400001	12500000	0.0007243396375609	85624	206383	284925730	1551708
AL	NC_063224.1	12500001	12600000	0.0005419460148251	83830	146312	269975230	1620732
AL	NC_063224.1	12600001	12700000	0.0006663296992459	85113	183292	275077038	1636472
AL	NC_063224.1	12700001	12800000	0.0006507899104861	82695	168158	258390607	1700174
AL	NC_063224.1	12800001	12900000	0.000642888011909	84760	176366	274333938	1626940
AL	NC_063224.1	12900001	13000000	0.0005343074503448	82936	154178	288556710	1350604
AL	NC_063224.1	13000001	13100000	0.0007116692305692	83433	228285	320774020	1000100
AL	NC_063224.1	13100001	13200000	0.0005556838791202	85997	177255	318985320	1166140
AL	NC_063224.1	13200001	13300000	0.000538513905225	84706	168534	312961278	1164660
AL	NC_063224.1	13300001	13400000	0.0005142894962555	83424	138137	268597747	1616138
AL	NC_063224.1	13400001	13500000	0.0005498841004726	85501	160814	292450718	1453776
AL	NC_063224.1	13500001	13600000	0.0007490810146225	82384	188091	251095671	1771866
AL	NC_063224.1	13600001	13700000	0.0007357084676913	82907	188336	255992704	1748388
AL	NC_063224.1	13700001	13800000	0.0008138843524193	84426	232763	285990263	1469810
AL	NC_063224.1	13800001	13900000	0.0005325022114298	81658	140099	263095621	1582014
AL	NC_063224.1	13900001	14000000	0.0005165960044373	80919	138608	268310244	1472756
AL	NC_063224.1	14000001	14100000	0.000658124318636	83663	177327	269443014	1621600
AL	NC_063224.1	14100001	14200000	0.0007046429202745	85188	207205	294056740	1416560
AL	NC_063224.1	14200001	14300000	0.0006344706721009	86212	189416	298541774	1418108
AL	NC_063224.1	14300001	14400000	0.0005202777939678	83070	129471	248849752	1841104
AL	NC_063224.1	14400001	14500000	0.0007308779189215	84043	200569	274422027	1581262
AL	NC_063224.1	14500001	14600000	0.000816130556435	83357	216264	264987015	1658094
AL	NC_063224.1	14600001	14700000	0.0005999835507865	84241	160920	268207353	1664858
AL	NC_063224.1	14700001	14800000	0.0006148366918386	85055	194812	316851617	1135426
AL	NC_063224.1	14800001	14900000	0.0006120193589097	86138	193354	315927915	1210978
AL	NC_063224.1	14900001	15000000	0.000431069063134	84315	127967	296859624	1329092
AL	NC_063224.1	15000001	15100000	0.0004910750451518	84131	139967	285021610	1458568
AL	NC_063224.1	15100001	15200000	0.0005340030750284	84883	146618	274563962	1629736
AL	NC_063224.1	15200001	15300000	0.0003965238748552	83819	108299	273121007	1585278
AL	NC_063224.1	15300001	15400000	0.0004575871774116	83130	135895	296981661	1256734
AL	NC_063224.1	15400001	15500000	0.0003370861701246	83889	93664	277863669	1526930
AL	NC_063224.1	15500001	15600000	0.0003968038842751	83050	106975	269591615	1578682
AL	NC_063224.1	15600001	15700000	0.0003466142683937	84635	94312	272094973	1644290
AL	NC_063224.1	15700001	15800000	0.0006213586385243	82563	182471	293664542	1269208
AL	NC_063224.1	15800001	15900000	0.000801858703588	82959	206092	257017850	1731200
AL	NC_063224.1	15900001	16000000	0.0007446063082749	83741	188763	253507119	1820198
AL	NC_063224.1	16000001	16100000	0.0006227592155729	83616	155385	249510559	1863794
AL	NC_063224.1	16100001	16200000	0.0009364280909265	82483	238484	254674120	1736756
AL	NC_063224.1	16200001	16300000	0.0005270183591456	83674	149185	283073630	1462852
AL	NC_063224.1	16300001	16400000	0.0006111549999663	84466	173514	283911610	1498420
AL	NC_063224.1	16400001	16500000	0.0004617302830219	82437	130368	282346653	1396218
AL	NC_063224.1	16500001	16600000	0.0006460958491179	78598	181143	280365522	1197180
AL	NC_063224.1	16600001	16700000	0.0008594327593428	81406	250353	291300276	1228480
AL	NC_063224.1	16700001	16800000	0.0006811699226937	85571	190808	280118064	1600204
AL	NC_063224.1	16800001	16900000	0.0004797391127942	85134	138698	289111303	1466522
AL	NC_063224.1	16900001	17000000	0.0006223118387487	83901	171369	275374803	1559302
AL	NC_063224.1	17000001	17100000	0.0003872976379865	82962	105291	271860682	1548436
AL	NC_063224.1	17100001	17200000	0.0003722509999538	82159	102208	274567429	1467786
AL	NC_063224.1	17200001	17300000	0.0003142243326107	82425	88202	280697549	1409786
AL	NC_063224.1	17300001	17400000	0.0006461831437126	79181	174787	270491426	1345784
AL	NC_063224.1	17400001	17500000	0.000779985869984	79901	206181	264339404	1460284
AL	NC_063224.1	17500001	17600000	0.0009635224496788	77314	252688	262254398	1332740
AL	NC_063224.1	17600001	17700000	0.0008896399035667	79817	233601	262579274	1476784
AL	NC_063224.1	17700001	17800000	0.0007754466052405	80783	207222	267229231	1475310
AL	NC_063224.1	17800001	17900000	0.0011184953065551	75716	307125	274587652	1097752
AL	NC_063224.1	17900001	18000000	0.0008192374522854	77444	213638	260776652	1359784
AL	NC_063224.1	18000001	18100000	0.0006577182381868	75193	168248	255805587	1287046
AL	NC_063224.1	18100001	18200000	0.0007168994530201	72324	179165	249916497	1192398
AL	NC_063224.1	18200001	18300000	0.0004076752071234	77698	107959	264816202	1325916
AL	NC_063224.1	18300001	18400000	0.0004738500629974	74899	123713	261080476	1207684
AL	NC_063224.1	18400001	18500000	0.0003198814359269	77280	83977	262525394	1328732
AL	NC_063224.1	18500001	18600000	0.0004330531254946	79819	124520	287539779	1180710
AL	NC_063224.1	18600001	18700000	0.0004080814770782	79941	114577	280769911	1265870
AL	NC_063224.1	18700001	18800000	0.0007791727220588	79818	223632	287012101	1181294
AL	NC_063224.1	18800001	18900000	0.000592523619963	81474	161938	273302185	1440846
AL	NC_063224.1	18900001	19000000	0.0005280413104599	78816	145544	275629950	1261300
AL	NC_063224.1	19000001	19100000	0.0002159523928689	82630	62340	288674736	1323736
AL	NC_063224.1	19100001	19200000	0.0005074889601962	80804	143011	281801204	1302400
AL	NC_063224.1	19200001	19300000	0.0004757920716898	68147	117575	247114248	986020
AL	NC_063224.1	19300001	19400000	0.0005833409266611	80960	165566	283823734	1288892
AL	NC_063224.1	19400001	19500000	0.0006254790832555	81778	186574	298289751	1165946
AL	NC_063224.1	19500001	19600000	0.0003878163943553	82068	114393	294966901	1224614
AL	NC_063224.1	19600001	19700000	0.0005810365357706	82428	168350	289740816	1305408
AL	NC_063224.1	19700001	19800000	0.0006180687790085	82725	190810	308719687	1102398
AL	NC_063224.1	19800001	19900000	0.0006991786237743	83805	217478	311047839	1129262
AL	NC_063224.1	19900001	20000000	0.0008346336273683	84047	250993	300722367	1268822
AL	NC_063224.1	20000001	20100000	0.0006433743152187	78000	189377	294349643	1000714
AL	NC_063224.1	20100001	20200000	0.0004717677843088	79831	134092	284233058	1222448
AL	NC_063224.1	20200001	20300000	0.0003156349225903	80689	92736	293807793	1158346
AL	NC_063224.1	20300001	20400000	0.0005752884428842	77535	162593	282628657	1107698
AL	NC_063224.1	20400001	20500000	0.0003680717562745	83621	108482	294730574	1311760
AL	NC_063224.1	20500001	20600000	0.0008684899326743	74627	234899	270468305	1086634
AL	NC_063224.1	20600001	20700000	0.0004714015000856	79319	128144	271836216	1335956
AL	NC_063224.1	20700001	20800000	0.0004920779749915	86316	149548	303911184	1360120
AL	NC_063224.1	20800001	20900000	0.0004415299580437	83797	126220	285869617	1430394
AL	NC_063224.1	20900001	21000000	0.0003979331141315	81406	109240	274518496	1428144
AL	NC_063224.1	21000001	21100000	0.0006769066268209	73870	192993	285110224	875024
AL	NC_063224.1	21100001	21200000	0.0003812761488568	76225	101917	267304945	1221202
AL	NC_063224.1	21200001	21300000	0.0002471635772936	47872	44385	179577430	632628
AL	NC_063224.1	21300001	21400000	0.0004807894979375	34687	63686	132461296	424596
AL	NC_063224.1	21400001	21500000	0.0	61	0	233015	766
AL	NC_063224.1	21500001	21600000	0.0	19	0	71722	240
AL	NC_063224.1	21600001	21700000	NA	0	NA	NA	NA
AL	NC_063224.1	21700001	21800000	NA	0	NA	NA	NA
AL	NC_063224.1	21800001	21900000	NA	0	NA	NA	NA
AL	NC_063224.1	21900001	22000000	NA	0	NA	NA	NA
AL	NC_063224.1	22000001	22100000	NA	0	NA	NA	NA
AL	NC_063224.1	22100001	22200000	NA	0	NA	NA	NA
AL	NC_063224.1	22200001	22300000	NA	0	NA	NA	NA
AL	NC_063224.1	22300001	22400000	NA	0	NA	NA	NA
AL	NC_063224.1	22400001	22500000	NA	0	NA	NA	NA
AL	NC_063224.1	22500001	22600000	0.0	3	0	7249	90
AL	NC_063224.1	22600001	22700000	0.0	16	0	47593	358
AL	NC_063224.1	22700001	22800000	0.0	73	0	272617	978
AL	NC_063224.1	22800001	22900000	NA	0	NA	NA	NA
AL	NC_063224.1	22900001	23000000	0.0	8	0	29594	108
AL	NC_063225.1	1	100000	0.0001239979236827	73855	34303	276641729	972882
AL	NC_063225.1	100001	200000	0.0001229117326464	82897	33157	269762693	1573498
AL	NC_063225.1	200001	300000	0.00024107744306	84729	60593	251342470	1906984
AL	NC_063225.1	300001	400000	0.0001968456193707	84534	50734	257734971	1822762
AL	NC_063225.1	400001	500000	0.0002777388542975	83366	71476	257349661	1755334
AL	NC_063225.1	500001	600000	0.0002265920376644	84943	59250	261483151	1795102
AL	NC_063225.1	600001	700000	0.0002982991975651	85355	82526	276655119	1634110
AL	NC_063225.1	700001	800000	0.0005088337355137	83021	156435	307438342	1129856
AL	NC_063225.1	800001	900000	0.0003831439639079	82816	121162	316231003	1018762
AL	NC_063225.1	900001	1000000	0.0004027957516704	85464	125077	310522143	1233594
AL	NC_063225.1	1000001	1100000	0.0002321034624867	84642	72153	310865677	1188558
AL	NC_063225.1	1100001	1200000	0.0003550182817509	83914	111825	314983779	1092714
AL	NC_063225.1	1200001	1300000	0.0005074194583787	85479	156565	308551431	1258926
AL	NC_063225.1	1300001	1400000	0.0003317088263977	85480	98647	297390338	1392604
AL	NC_063225.1	1400001	1500000	0.0001211472492435	83632	34416	284084040	1442056
AL	NC_063225.1	1500001	1600000	0.0002036020232842	84810	55997	275031648	1623544
AL	NC_063225.1	1600001	1700000	0.0001602192714341	84718	44112	275322685	1610366
AL	NC_063225.1	1700001	1800000	0.0001123183058323	86331	32111	285892845	1577346
AL	NC_063225.1	1800001	1900000	0.0001581532475959	85381	45413	287145542	1508872
AL	NC_063225.1	1900001	2000000	0.0001600153777447	84998	45009	281279216	1555112
AL	NC_063225.1	2000001	2100000	0.0002056945397011	86433	61013	296619444	1450780
AL	NC_063225.1	2100001	2200000	0.0004762324624825	86426	140340	294688017	1477710
AL	NC_063225.1	2200001	2300000	0.000539064461382	85352	154320	286273741	1519638
AL	NC_063225.1	2300001	2400000	0.0004020613213406	86348	113730	282867299	1615338
AL	NC_063225.1	2400001	2500000	0.000312893856324	86367	88319	282265050	1619112
AL	NC_063225.1	2500001	2600000	0.0003169944520689	85885	97230	306724611	1306622
AL	NC_063225.1	2600001	2700000	0.0002878016522034	83325	79941	277764215	1502942
AL	NC_063225.1	2700001	2800000	0.0002327799152728	84393	60335	259193324	1792180
AL	NC_063225.1	2800001	2900000	0.0003260722344987	83908	93886	287930066	1417996
AL	NC_063225.1	2900001	3000000	0.000213866448936	83996	63069	294898991	1340282
AL	NC_063225.1	3000001	3100000	4.0344834593207205e-05	84732	11049	273864055	1631970
AL	NC_063225.1	3100001	3200000	0.000182976865313	84284	53593	292894951	1372858
AL	NC_063225.1	3200001	3300000	0.0003923848893613	86340	114744	292427163	1499738
AL	NC_063225.1	3300001	3400000	0.0004297393394785	85277	135426	315135217	1164290
AL	NC_063225.1	3400001	3500000	0.0005757077810611	84968	178617	310256359	1208258
AL	NC_063225.1	3500001	3600000	0.0004710297503691	85502	128185	272137800	1695160
AL	NC_063225.1	3600001	3700000	0.000285680177217	85416	80150	280558493	1591582
AL	NC_063225.1	3700001	3800000	0.0004479116293677	85807	123992	276822462	1664368
AL	NC_063225.1	3800001	3900000	0.0005033113471983	85071	141394	280927503	1560902
AL	NC_063225.1	3900001	4000000	0.000145951097674	84102	39269	269055873	1652462
AL	NC_063225.1	4000001	4100000	0.0005393791614961	83098	150947	279853229	1463158
AL	NC_063225.1	4100001	4200000	0.0009006852147668	84711	247778	275099442	1612496
AL	NC_063225.1	4200001	4300000	0.0008886951516478	84611	232263	261352838	1773592
AL	NC_063225.1	4300001	4400000	0.000831447958516	85657	234034	281477629	1590202
AL	NC_063225.1	4400001	4500000	0.0007135050302557	84319	204071	286011999	1460766
AL	NC_063225.1	4500001	4600000	0.0004731419362734	86352	146202	309002413	1298582
AL	NC_063225.1	4600001	4700000	0.0007042326903046	85440	214847	305079561	1299958
AL	NC_063225.1	4700001	4800000	0.0004847725639506	86055	134110	276645194	1671472
AL	NC_063225.1	4800001	4900000	0.0003050193862289	85552	92144	302092274	1340484
AL	NC_063225.1	4900001	5000000	0.0005301037333562	86431	156121	294510282	1475432
AL	NC_063225.1	5000001	5100000	0.0003588969312312	86065	106978	298074435	1409510
AL	NC_063225.1	5100001	5200000	0.0005248082208647	86063	170870	325585601	1093962
AL	NC_063225.1	5200001	5300000	0.0005136297640216	79015	155248	302256627	969182
AL	NC_063225.1	5300001	5400000	0.0004711853780175	86297	145075	307893680	1318460
AL	NC_063225.1	5400001	5500000	0.0003956608584973	86449	127210	321512723	1157926
AL	NC_063225.1	5500001	5600000	0.0004363337345478	82493	141588	324494736	901268
AL	NC_063225.1	5600001	5700000	0.0009117732673349	85295	302124	331358695	979190
AL	NC_063225.1	5700001	5800000	0.0003269713672311	85943	101476	310351334	1255368
AL	NC_063225.1	5800001	5900000	0.0006192931193034	87071	186471	301102974	1432888
AL	NC_063225.1	5900001	6000000	0.0005010085983996	85986	140036	279508177	1628374
AL	NC_063225.1	6000001	6100000	0.0008812871499316	86462	239582	271854639	1751546
AL	NC_063225.1	6100001	6200000	0.0005807719970525	85458	155065	266998066	1752500
AL	NC_063225.1	6200001	6300000	0.0006846810982801	87640	192692	281433211	1704858
AL	NC_063225.1	6300001	6400000	0.0003218123701539	85137	97218	302095286	1311792
AL	NC_063225.1	6400001	6500000	0.0003108705710282	85047	92332	297011067	1364502
AL	NC_063225.1	6500001	6600000	0.0005760934683523	84839	163897	284497237	1502714
AL	NC_063225.1	6600001	6700000	0.0006331707008898	86488	192269	303660608	1371152
AL	NC_063225.1	6700001	6800000	0.0009331495563646	84554	254776	273028046	1624116
AL	NC_063225.1	6800001	6900000	0.0004568632853209	88401	136170	298054154	1547016
AL	NC_063225.1	6900001	7000000	0.0007702692495988	80234	220394	286125923	1219106
AL	NC_063225.1	7000001	7100000	0.0005390989898386	84102	170678	316598627	1082194
AL	NC_063225.1	7100001	7200000	0.0001928564149692	84467	61825	320575284	1059396
AL	NC_063225.1	7200001	7300000	0.000417210569649	84086	126944	304268418	1226332
AL	NC_063225.1	7300001	7400000	0.0004031580361932	84837	108764	269780062	1681408
AL	NC_063225.1	7400001	7500000	0.0007229571493276	84607	195430	270320309	1660362
AL	NC_063225.1	7500001	7600000	0.0005312879109034	81962	148452	279419119	1400338
AL	NC_063225.1	7600001	7700000	0.0006992651041785	85133	198634	284061079	1525006
AL	NC_063225.1	7700001	7800000	0.0006613137495552	84766	179700	271731837	1654446
AL	NC_063225.1	7800001	7900000	0.0007957234394361	83692	212185	266656717	1653382
AL	NC_063225.1	7900001	8000000	0.0006256314121477	82739	166426	266012858	1608616
AL	NC_063225.1	8000001	8100000	0.0005614102369378	83500	145745	259605170	1729316
AL	NC_063225.1	8100001	8200000	0.0002148218977072	83233	56741	264130429	1658642
AL	NC_063225.1	8200001	8300000	0.0006806775045402	84506	184302	270762584	1653816
AL	NC_063225.1	8300001	8400000	0.0006752343398291	85097	180952	267984001	1719266
AL	NC_063225.1	8400001	8500000	0.0003853757396771	75200	110828	287584268	924112
AL	NC_063225.1	8500001	8600000	0.0004252470590279	84463	112599	264784900	1723676
AL	NC_063225.1	8600001	8700000	0.0003221691156722	79089	79004	245225244	1649580
AL	NC_063225.1	8700001	8800000	0.0004314045616841	84701	115558	267864576	1697764
AL	NC_063225.1	8800001	8900000	0.0005674914728145	84419	155345	273739796	1613332
AL	NC_063225.1	8900001	9000000	0.000528741500824	84619	147246	278483909	1566466
AL	NC_063225.1	9000001	9100000	0.0005511820119423	83577	162277	294416357	1314162
AL	NC_063225.1	9100001	9200000	0.0004369356698703	87441	121477	278020332	1733380
AL	NC_063225.1	9200001	9300000	0.0004439026074425	84539	122503	275968192	1593068
AL	NC_063225.1	9300001	9400000	0.0004199026657903	85350	124706	296987874	1383516
AL	NC_063225.1	9400001	9500000	0.0004033563774632	83058	115621	286647259	1376034
AL	NC_063225.1	9500001	9600000	0.0004299335513729	84731	123519	287297885	1468458
AL	NC_063225.1	9600001	9700000	0.0004819233597958	85034	138784	287979400	1475320
AL	NC_063225.1	9700001	9800000	0.0004334576728908	86721	133677	308396894	1330736
AL	NC_063225.1	9800001	9900000	0.0005326052356439	86795	149958	281555625	1651978
AL	NC_063225.1	9900001	10000000	0.0004999178112855	83612	144254	288555432	1389112
AL	NC_063225.1	10000001	10100000	0.0004023327950494	84423	117116	291092353	1401098
AL	NC_063225.1	10100001	10200000	0.0004780506764671	86694	146408	306260418	1352316
AL	NC_063225.1	10200001	10300000	0.0005002998598247	84886	154111	308037264	1229376
AL	NC_063225.1	10300001	10400000	0.0005195142917703	84850	165104	317804539	1113202
AL	NC_063225.1	10400001	10500000	0.0006516544685238	85762	212051	325404045	1075014
AL	NC_063225.1	10500001	10600000	0.0005861291088452	83730	185153	315891153	1066934
AL	NC_063225.1	10600001	10700000	0.0004458192301494	79599	133307	299015814	1030312
AL	NC_063225.1	10700001	10800000	0.0005402187265541	87250	170696	315975718	1267540
AL	NC_063225.1	10800001	10900000	0.0005273209224248	84905	154366	292736346	1414344
AL	NC_063225.1	10900001	11000000	0.0005259441886816	85356	154912	294540758	1410132
AL	NC_063225.1	11000001	11100000	0.000477245521734	84370	134798	282450005	1500366
AL	NC_063225.1	11100001	11200000	0.0003805886616942	84838	107884	283466143	1519970
AL	NC_063225.1	11200001	11300000	0.0005363042249533	82729	158515	295569180	1253836
AL	NC_063225.1	11300001	11400000	0.000437970326704	84869	132399	302301302	1292360
AL	NC_063225.1	11400001	11500000	0.0006347948391553	80471	197194	310642097	945674
AL	NC_063225.1	11500001	11600000	0.0005789619122997	80421	178811	308847605	966362
AL	NC_063225.1	11600001	11700000	0.000447075582461	83312	135391	302836937	1200486
AL	NC_063225.1	11700001	11800000	0.0005460934068163	77726	153340	280794454	1137108
AL	NC_063225.1	11800001	11900000	0.0005566747905554	77248	160564	288434114	1024916
AL	NC_063225.1	11900001	12000000	0.0006733192358601	73393	191092	283805942	858064
AL	NC_063225.1	12000001	12100000	0.000763678254639	61102	183348	240085401	673854
AL	NC_063225.1	12100001	12200000	0.0003800357292717	59331	86892	228641660	706116
AL	NC_063225.1	12200001	12300000	0.0005338954954916	62054	119201	223266540	924088
AL	NC_063225.1	12300001	12400000	0.0003066427757846	71934	83528	272395134	907436
AL	NC_063225.1	12400001	12500000	0.0003370479742233	80389	107087	317720349	863466
AL	NC_063225.1	12500001	12600000	0.0004937054739938	81530	158523	321088196	888672
AL	NC_063225.1	12600001	12700000	0.0004684187430554	76626	141526	302135647	830754
AL	NC_063225.1	12700001	12800000	0.0003848318931906	76043	105358	273776685	1133698
AL	NC_063225.1	12800001	12900000	0.0003268468557346	72380	77459	236988665	1370438
AL	NC_063225.1	12900001	13000000	0.000261585815257	76828	69397	265293437	1282070
AL	NC_063225.1	13000001	13100000	5.883107883365839e-05	86980	18457	313728736	1281640
AL	NC_063225.1	13100001	13200000	0.0001905438598592	87185	54418	285593039	1632070
AL	NC_063225.1	13200001	13300000	0.0001569720420501	84955	44635	284349999	1516334
AL	NC_063225.1	13300001	13400000	0.0002289794193672	84023	64978	283772228	1466548
AL	NC_063225.1	13400001	13500000	0.0002071978252973	84286	60439	291697077	1395766
AL	NC_063225.1	13500001	13600000	0.0001924264271362	83114	52203	271288101	1571982
AL	NC_063225.1	13600001	13700000	0.0001812335905912	81784	49538	273337850	1468492
AL	NC_063225.1	13700001	13800000	0.0001651888821619	84861	47056	284861786	1505184
AL	NC_063225.1	13800001	13900000	6.350759118676717e-05	85565	17726	279116239	1618566
AL	NC_063225.1	13900001	14000000	0.0001023770594707	86873	27612	269708860	1807724
AL	NC_063225.1	14000001	14100000	5.053578035031788e-05	84095	14349	283937438	1472352
AL	NC_063225.1	14100001	14200000	1.6571431632765453e-05	83555	4380	264310296	1680052
AL	NC_063225.1	14200001	14300000	1.0927082411108916e-05	84492	3209	293674000	1382432
AL	NC_063225.1	14300001	14400000	2.333488745559709e-05	84862	6883	294966068	1388096
AL	NC_063225.1	14400001	14500000	3.564482898433574e-05	85695	10418	292272408	1463668
AL	NC_063225.1	14500001	14600000	9.622634411416273e-05	80982	25254	262443723	1552466
AL	NC_063225.1	14600001	14700000	0.0003100605864075	81261	78042	251699195	1695390
AL	NC_063225.1	14700001	14800000	0.0002008085135059	77048	54513	271467574	1213036
AL	NC_063225.1	14800001	14900000	0.000279628265366	84019	78282	279950240	1517340
AL	NC_063225.1	14900001	15000000	0.0001625370790538	81987	46722	287454409	1315250
AL	NC_063225.1	15000001	15100000	0.0001404633011294	83516	37841	269401329	1611894
AL	NC_063225.1	15100001	15200000	6.821423478551017e-05	83627	18269	267818001	1637866
AL	NC_063225.1	15200001	15300000	6.796088097930809e-05	84166	18317	269522698	1650764
AL	NC_063225.1	15300001	15400000	2.696892117109643e-05	83150	7856	291298267	1333690
AL	NC_063225.1	15400001	15500000	9.25897757801069e-05	83416	25435	274706357	1545766
AL	NC_063225.1	15500001	15600000	0.0002045390379426	87377	60272	294672355	1533622
AL	NC_063225.1	15600001	15700000	0.0002525066490495	82070	69850	276626379	1442242
AL	NC_063225.1	15700001	15800000	0.0003505851844731	80361	97757	278839507	1318910
AL	NC_063225.1	15800001	15900000	0.0001775978353302	85733	49335	277790548	1642740
AL	NC_063225.1	15900001	16000000	0.0001497076322732	83460	41133	274755531	1544602
AL	NC_063225.1	16000001	16100000	0.0001435414322238	83052	38927	271189993	1565646
AL	NC_063225.1	16100001	16200000	0.0001656673814848	85441	50680	305914173	1288418
AL	NC_063225.1	16200001	16300000	0.0001339830923236	85271	36519	272564242	1674208
AL	NC_063225.1	16300001	16400000	0.0001840481077933	85188	54054	293694951	1418522
AL	NC_063225.1	16400001	16500000	0.0002365561038635	84217	65576	277211194	1558168
AL	NC_063225.1	16500001	16600000	0.00029484004603	87143	82455	279660111	1697206
AL	NC_063225.1	16600001	16700000	0.000230536607451	84765	61579	267111591	1713414
AL	NC_063225.1	16700001	16800000	0.0001681045884536	82037	47708	283799511	1358934
AL	NC_063225.1	16800001	16900000	0.0001904235423736	87547	53449	280684832	1708100
AL	NC_063225.1	16900001	17000000	0.000138692087689	83274	39049	281551750	1454332
AL	NC_063225.1	17000001	17100000	0.0001111444483133	82759	32423	291719474	1302288
AL	NC_063225.1	17100001	17200000	0.0001471967710658	85249	45155	306766240	1265156
AL	NC_063225.1	17200001	17300000	7.464718061216663e-05	83778	21314	285529873	1433846
AL	NC_063225.1	17300001	17400000	7.790283842599457e-05	41572	11801	151483569	595374
AL	NC_063225.1	17400001	17500000	NA	0	NA	NA	NA
AL	NC_063225.1	17500001	17600000	NA	0	NA	NA	NA
AL	NC_063225.1	17600001	17700000	NA	0	NA	NA	NA
AL	NC_063225.1	17700001	17800000	NA	0	NA	NA	NA
AL	NC_063225.1	17800001	17900000	0.0	5	0	15015	110
AL	NC_063225.1	17900001	18000000	NA	0	NA	NA	NA
AL	NC_063225.1	18000001	18100000	NA	0	NA	NA	NA
AL	NC_063225.1	18100001	18200000	NA	0	NA	NA	NA
AL	NC_063225.1	18200001	18300000	NA	0	NA	NA	NA
AL	NC_063225.1	18300001	18400000	0.0	14	0	65384	40
AL	NC_063225.1	18400001	18500000	0.0	12	0	37135	250
AL	NC_063225.1	18500001	18600000	0.0	134	0	508816	1720
AL	NC_063225.1	18600001	18700000	0.0	89	0	312730	1440
AL	NC_063225.1	18700001	18800000	0.0001498742675128	6184	3777	25201124	58184
AL	NC_063225.1	18800001	18900000	0.0001613281511397	82245	42414	262905139	1620086
AL	NC_063225.1	18900001	19000000	0.0001601691311088	86597	48562	303192005	1387714
AL	NC_063225.1	19000001	19100000	0.0002355622038021	84766	69373	294499707	1387954
AL	NC_063225.1	19100001	19200000	0.0004158733773485	84261	122485	294524744	1359732
AL	NC_063225.1	19200001	19300000	0.0003976531519771	84912	112981	284119463	1515570
AL	NC_063225.1	19300001	19400000	0.0004745172570682	81884	138340	291538396	1256080
AL	NC_063225.1	19400001	19500000	0.0002593492051596	84710	74769	288294695	1454674
AL	NC_063225.1	19500001	19600000	0.0004053971120938	85821	121235	299052451	1389134
AL	NC_063225.1	19600001	19700000	0.0004396815500849	86758	127197	289293467	1555682
AL	NC_063225.1	19700001	19800000	0.0005258942116357	87127	153119	291159318	1558440
AL	NC_063225.1	19800001	19900000	0.0005140230316938	84754	162611	316349638	1120908
AL	NC_063225.1	19900001	20000000	0.0005831977009527	83446	192950	330848355	879010
AL	NC_063225.1	20000001	20100000	0.0004326491042044	82940	142705	329840045	866398
AL	NC_063225.1	20100001	20200000	0.0004533971301922	80571	139183	306978123	999814
AL	NC_063225.1	20200001	20300000	0.0007263017363595	74610	207015	285026167	915058
AL	NC_063225.1	20300001	20400000	0.000537074362237	60850	113677	211659703	997058
AL	NC_063225.1	20400001	20500000	0.0008955540545085	54135	162197	181113579	973118
AL	NC_063225.1	20500001	20600000	0.0013417376005676	31533	133708	99652868	643132
AL	NC_063225.1	20600001	20700000	0.0012346823476119	51048	230297	186523279	731514
AL	NC_063225.1	20700001	20800000	0.0004677838737306	78176	139600	298428415	961226
AL	NC_063225.1	20800001	20900000	0.0011398653347681	70702	308676	270800410	862156
AL	NC_063225.1	20900001	21000000	0.0008263296437496	80635	255169	308798071	976694
AL	NC_063225.1	21000001	21100000	0.0007326591933149	83407	233986	319365405	1010906
AL	NC_063225.1	21100001	21200000	0.0005634724612163	81812	181279	321717586	892644
AL	NC_063225.1	21200001	21300000	0.0004403832590132	76614	123827	281180080	1074640
AL	NC_063225.1	21300001	21400000	0.0005978565959653	76924	174192	291360840	974992
AL	NC_063225.1	21400001	21500000	0.0007340372637345	78799	208658	284260773	1154810
AL	NC_063225.1	21500001	21600000	0.0007691877575981	81233	237916	309308095	1011630
AL	NC_063225.1	21600001	21700000	0.0006546464581345	78737	199721	305082228	918436
AL	NC_063225.1	21700001	21800000	0.0005980306163819	78584	180248	301402629	946398
AL	NC_063225.1	21800001	21900000	0.0007696426087379	81421	244221	317317411	922014
AL	NC_063225.1	21900001	22000000	0.0006155617431601	82686	201271	326971262	882764
AL	NC_063225.1	22000001	22100000	0.0004733779102522	76092	139911	295558785	875374
AL	NC_063225.1	22100001	22200000	0.0005643105007524	83667	182947	324195633	971050
AL	NC_063225.1	22200001	22300000	0.0008676099277663	52325	175865	202700539	609246
AL	NC_063225.1	22300001	22400000	0.0	58	0	170213	1334
AL	NC_063226.1	1	100000	0.0001854951626981	55848	35781	192894518	928100
AL	NC_063226.1	100001	200000	6.435939616357955e-05	86293	19208	298449040	1421844
AL	NC_063226.1	200001	300000	5.409025607852684e-05	85049	15857	293158161	1414858
AL	NC_063226.1	300001	400000	0.0002623199898959	83321	80837	308161799	1139006
AL	NC_063226.1	400001	500000	0.000332074344832	85674	101871	306771666	1289924
AL	NC_063226.1	500001	600000	0.0003436786730419	84693	110130	320444673	1072706
AL	NC_063226.1	600001	700000	0.0003483699444273	84441	106618	306048216	1223612
AL	NC_063226.1	700001	800000	0.0004968095641836	83099	153433	308836647	1116654
AL	NC_063226.1	800001	900000	0.0003996620850348	86016	129604	324283951	1100946
AL	NC_063226.1	900001	1000000	0.0002255606837921	84002	73600	326298000	964680
AL	NC_063226.1	1000001	1100000	0.0005121387426101	78463	149939	292770274	1050800
AL	NC_063226.1	1100001	1200000	0.0006747358891433	82493	228446	338570993	741738
AL	NC_063226.1	1200001	1300000	0.0006096268773159	83693	203110	333171006	868784
AL	NC_063226.1	1300001	1400000	0.0007342640059757	85999	229419	312447564	1238196
AL	NC_063226.1	1400001	1500000	0.0007205786067956	79549	196581	272809931	1336438
AL	NC_063226.1	1500001	1600000	0.0003398834880316	83438	92266	271463614	1581212
AL	NC_063226.1	1600001	1700000	0.0004361089490588	81671	115439	264702204	1558124
AL	NC_063226.1	1700001	1800000	0.0006390425443708	82358	168049	262969972	1619288
AL	NC_063226.1	1800001	1900000	0.0007689396920035	82811	206695	268805216	1575300
AL	NC_063226.1	1900001	2000000	0.0009331775481625	83697	262523	281321599	1480638
AL	NC_063226.1	2000001	2100000	0.0004703938160779	68290	106628	226678150	1240964
AL	NC_063226.1	2100001	2200000	0.0003740611648232	77533	94626	252969324	1461908
AL	NC_063226.1	2200001	2300000	0.0004935732319184	80851	129110	261582257	1549082
AL	NC_063226.1	2300001	2400000	0.0005546426470081	81527	140426	253182839	1693134
AL	NC_063226.1	2400001	2500000	0.0007983075592743	82893	208061	260627621	1680706
AL	NC_063226.1	2500001	2600000	0.0005304840862825	83789	142972	269512326	1624496
AL	NC_063226.1	2600001	2700000	0.000315517939087	81946	86849	275258517	1452406
AL	NC_063226.1	2700001	2800000	0.0008138366068932	83097	219715	269974339	1578166
AL	NC_063226.1	2800001	2900000	0.0003685730050965	83358	95765	259826408	1718832
AL	NC_063226.1	2900001	3000000	0.0006797362638984	83645	187174	275362681	1547898
AL	NC_063226.1	3000001	3100000	0.0008181169535802	83492	212502	259745259	1726690
AL	NC_063226.1	3100001	3200000	0.0011031363613741	81550	275207	249476864	1739448
AL	NC_063226.1	3200001	3300000	0.0008782853085703	83939	237197	270068277	1626770
AL	NC_063226.1	3300001	3400000	0.0007318368946637	80474	184086	251539655	1651634
AL	NC_063226.1	3400001	3500000	0.0007855284443585	81717	201401	256389188	1665564
AL	NC_063226.1	3500001	3600000	0.0006759165663976	74532	162333	240167216	1440944
AL	NC_063226.1	3600001	3700000	0.0006144653147462	81231	156232	254256825	1661210
AL	NC_063226.1	3700001	3800000	0.0008519833405205	79005	206419	242280559	1678710
AL	NC_063226.1	3800001	3900000	0.0006543145056523	80457	165866	253495832	1626500
AL	NC_063226.1	3900001	4000000	0.0010260296808667	83616	273875	266926976	1646064
AL	NC_063226.1	4000001	4100000	0.0007650220375568	82424	195494	255540351	1715770
AL	NC_063226.1	4100001	4200000	0.0008729600047923	83813	243888	279380497	1504450
AL	NC_063226.1	4200001	4300000	0.0007476812154987	83070	217525	290932814	1328180
AL	NC_063226.1	4300001	4400000	0.0008112558027124	83145	233573	287915352	1367532
AL	NC_063226.1	4400001	4500000	0.0006247933800307	84078	175829	281419435	1500970
AL	NC_063226.1	4500001	4600000	0.0006825881138362	82395	198694	291089159	1287774
AL	NC_063226.1	4600001	4700000	0.0008359143153466	82810	222725	266444773	1602830
AL	NC_063226.1	4700001	4800000	0.0005864269281148	82733	176220	300497797	1195482
AL	NC_063226.1	4800001	4900000	0.0006635634061656	79416	194728	293458015	1091002
AL	NC_063226.1	4900001	5000000	0.0003926812327708	82602	110558	281546432	1407096
AL	NC_063226.1	5000001	5100000	0.0002854345968834	82083	79938	280057151	1396574
AL	NC_063226.1	5100001	5200000	0.000394792300926	78966	117973	298822950	997868
AL	NC_063226.1	5200001	5300000	0.0005289526553702	77188	154896	292835282	969844
AL	NC_063226.1	5300001	5400000	0.0006265437045184	77610	181027	288929565	1035910
AL	NC_063226.1	5400001	5500000	0.0004165192112278	78545	128515	308545192	862140
AL	NC_063226.1	5500001	5600000	0.0007585844468949	79813	232450	306426003	956718
AL	NC_063226.1	5600001	5700000	0.0007314364548621	74444	209175	285978363	900194
AL	NC_063226.1	5700001	5800000	0.0006240790725894	75372	182577	292554274	870116
AL	NC_063226.1	5800001	5900000	0.0006822515519178	71005	185524	271929026	861760
AL	NC_063226.1	5900001	6000000	0.0007913491321514	73035	219010	276755216	921164
AL	NC_063226.1	6000001	6100000	0.0007675390897075	74171	223953	291780579	808102
AL	NC_063226.1	6100001	6200000	0.0010095423929901	75762	295982	293184320	880072
AL	NC_063226.1	6200001	6300000	0.0008311792255867	73608	240000	288746389	811814
AL	NC_063226.1	6300001	6400000	0.0006137356324055	76918	182229	296917745	906062
AL	NC_063226.1	6400001	6500000	0.0001587859313351	80659	50790	319864610	852912
AL	NC_063226.1	6500001	6600000	0.0003839616203159	83018	121261	315815419	1031714
AL	NC_063226.1	6600001	6700000	0.0004359323790614	85379	143743	329736920	1003036
AL	NC_063226.1	6700001	6800000	0.0003537775483848	85727	114553	323799519	1091846
AL	NC_063226.1	6800001	6900000	0.0002621058247876	83956	77902	297215829	1306958
AL	NC_063226.1	6900001	7000000	0.0001601315561233	83154	45334	283104724	1430256
AL	NC_063226.1	7000001	7100000	0.0004041115363008	86147	128949	319092598	1169760
AL	NC_063226.1	7100001	7200000	0.0002859823021421	84067	85280	298200271	1300006
AL	NC_063226.1	7200001	7300000	0.0001596022743856	83617	48075	301217512	1237900
AL	NC_063226.1	7300001	7400000	0.0002662194211795	77989	76858	288701702	1062624
AL	NC_063226.1	7400001	7500000	0.0003931019955655	78130	111470	283565083	1127314
AL	NC_063226.1	7500001	7600000	0.0003993403925171	82002	122700	307256672	1072192
AL	NC_063226.1	7600001	7700000	0.0004263687247171	79232	121533	285042014	1177420
AL	NC_063226.1	7700001	7800000	0.0001314297837054	83331	39511	300624401	1226290
AL	NC_063226.1	7800001	7900000	0.000200675813399	83139	60874	303344977	1181146
AL	NC_063226.1	7900001	8000000	0.0001764902012081	83754	54734	310124866	1141948
AL	NC_063226.1	8000001	8100000	0.0003345538038977	70385	84981	254012954	1037200
AL	NC_063226.1	8100001	8200000	0.0001425865664309	11460	6122	42935321	149742
AL	NC_063226.1	8200001	8300000	NA	0	NA	NA	NA
AL	NC_063226.1	8300001	8400000	0.0	11	0	44976	100
AL	NC_063226.1	8400001	8500000	NA	0	NA	NA	NA
AL	NC_063226.1	8500001	8600000	0.0	40	0	134785	734
AL	NC_063226.1	8600001	8700000	0.0	13	0	45993	218
AL	NC_063226.1	8700001	8800000	NA	0	NA	NA	NA
AL	NC_063226.1	8800001	8900000	NA	0	NA	NA	NA
AL	NC_063226.1	8900001	9000000	NA	0	NA	NA	NA
AL	NC_063226.1	9000001	9100000	0.0	26	0	94531	370
AL	NC_063226.1	9100001	9200000	NA	0	NA	NA	NA
AL	NC_063226.1	9200001	9300000	NA	0	NA	NA	NA
AL	NC_063226.1	9300001	9400000	NA	0	NA	NA	NA
AL	NC_063226.1	9400001	9500000	NA	0	NA	NA	NA
AL	NC_063226.1	9500001	9600000	NA	0	NA	NA	NA
AL	NC_063226.1	9600001	9700000	NA	0	NA	NA	NA
AL	NC_063226.1	9700001	9800000	0.0	12	0	48109	126
AL	NC_063226.1	9800001	9900000	NA	0	NA	NA	NA
AL	NC_063226.1	9900001	10000000	0.0	6	0	25116	48
AL	NC_063226.1	10000001	10100000	0.0	25	0	80763	486
AL	NC_063226.1	10100001	10200000	NA	0	NA	NA	NA
AL	NC_063226.1	10200001	10300000	NA	0	NA	NA	NA
AL	NC_063226.1	10300001	10400000	0.0003411739908566	33799	42394	124259179	471102
AL	NC_063226.1	10400001	10500000	0.0001870240208496	77515	53771	287508523	1050118
AL	NC_063226.1	10500001	10600000	0.0001248451734384	85093	35845	287115625	1487530
AL	NC_063226.1	10600001	10700000	0.0001565690891718	77750	42630	272275966	1239740
AL	NC_063226.1	10700001	10800000	0.0002749251778459	59350	60967	221758518	786252
AL	NC_063226.1	10800001	10900000	0.0004420298964406	80416	119403	270124263	1423362
AL	NC_063226.1	10900001	11000000	0.0002703463962051	80185	79483	294004289	1129530
AL	NC_063226.1	11000001	11100000	0.0002411270310199	86333	71228	295396164	1463620
AL	NC_063226.1	11100001	11200000	0.0004622115770915	85538	131722	284982044	1539704
AL	NC_063226.1	11200001	11300000	0.0001920935738876	84208	53061	276224753	1567302
AL	NC_063226.1	11300001	11400000	0.0001498341956888	78591	38404	256309982	1480440
AL	NC_063226.1	11400001	11500000	0.0001339028301127	80252	35228	263086299	1497666
AL	NC_063226.1	11500001	11600000	0.0001208275260971	81178	33384	276294658	1389324
AL	NC_063226.1	11600001	11700000	0.0003254619894899	79211	94667	290869604	1108476
AL	NC_063226.1	11700001	11800000	0.0002547331772409	85983	74226	291387250	1494384
AL	NC_063226.1	11800001	11900000	0.0004348036583473	85864	127035	292166355	1477954
AL	NC_063226.1	11900001	12000000	0.0001456304119563	82827	46964	322487586	945432
AL	NC_063226.1	12000001	12100000	0.0001230709944485	83968	37353	303507745	1234678
AL	NC_063226.1	12100001	12200000	0.0001675867744163	75018	42582	254089263	1306026
AL	NC_063226.1	12200001	12300000	0.0005487981151325	78742	134331	244773071	1631290
AL	NC_063226.1	12300001	12400000	0.0003916657975071	84469	103137	263329095	1741070
AL	NC_063226.1	12400001	12500000	0.0004170322549323	78884	107752	258378096	1474840
AL	NC_063226.1	12500001	12600000	0.0003367496918787	77361	84883	252065561	1462506
AL	NC_063226.1	12600001	12700000	0.0002837840646553	83484	76870	270874970	1593796
AL	NC_063226.1	12700001	12800000	0.0001838920700449	84488	52376	284819242	1482092
AL	NC_063226.1	12800001	12900000	0.0001465103392737	82515	40958	279557062	1438560
AL	NC_063226.1	12900001	13000000	0.0001534295473529	80283	43037	280500078	1293464
AL	NC_063226.1	13000001	13100000	0.0004289085343855	85653	121967	284365990	1556080
AL	NC_063226.1	13100001	13200000	0.0004656676290466	83668	125094	268633661	1628950
AL	NC_063226.1	13200001	13300000	0.0003989473941631	81606	101046	253281514	1696532
AL	NC_063226.1	13300001	13400000	5.688461374695088e-05	81512	14697	258365119	1631498
AL	NC_063226.1	13400001	13500000	4.519775249823565e-05	75526	11216	248153932	1404576
AL	NC_063226.1	13500001	13600000	5.35820987962829e-05	82856	13426	250568759	1804730
AL	NC_063226.1	13600001	13700000	0.0004506979974067	81014	117361	260398317	1578158
AL	NC_063226.1	13700001	13800000	0.0005203973398814	80812	126850	243756050	1768852
AL	NC_063226.1	13800001	13900000	0.0003162718704383	77452	80938	255912737	1424318
AL	NC_063226.1	13900001	14000000	0.0003145120750674	70217	75456	239914477	1194434
AL	NC_063226.1	14000001	14100000	0.0002150703375689	81935	57743	268484258	1527328
AL	NC_063226.1	14100001	14200000	0.000148968342834	83183	41596	279227111	1472238
AL	NC_063226.1	14200001	14300000	0.0005152316734074	82372	151069	293205965	1263790
AL	NC_063226.1	14300001	14400000	0.0003352884280223	83724	103323	308161545	1163982
AL	NC_063226.1	14400001	14500000	0.0003606202087941	86700	114224	316743203	1229922
AL	NC_063226.1	14500001	14600000	0.0003021401869895	85994	86594	286602060	1548952
AL	NC_063226.1	14600001	14700000	0.0007505101496004	82920	205980	274453317	1520318
AL	NC_063226.1	14700001	14800000	0.0004654214412776	82050	137849	296181026	1212484
AL	NC_063226.1	14800001	14900000	0.0004761678388511	84579	138528	290922630	1414816
AL	NC_063226.1	14900001	15000000	0.0003054592653965	84807	80983	265118820	1740764
AL	NC_063226.1	15000001	15100000	0.0002028909513747	86697	56593	278933090	1683888
AL	NC_063226.1	15100001	15200000	0.0002792890328466	87747	83147	297709506	1513536
AL	NC_063226.1	15200001	15300000	0.0006247684972641	14155	30953	49543151	227038
AL	NC_063226.1	15300001	15400000	0.0	73	0	265939	1038
AL	NC_063226.1	15400001	15500000	NA	0	NA	NA	NA
AL	NC_063226.1	15500001	15600000	0.00043021940071	74050	112706	261973309	1155438
AL	NC_063226.1	15600001	15700000	0.0003814564300411	86408	118131	309684123	1298114
AL	NC_063226.1	15700001	15800000	0.0007221400380056	82959	209763	290474131	1322550
AL	NC_063226.1	15800001	15900000	0.000452276946087	83372	138117	305381473	1173094
AL	NC_063226.1	15900001	16000000	0.0004722032987509	83348	140553	297653575	1266258
AL	NC_063226.1	16000001	16100000	0.0006430376580039	84102	190585	296382331	1322178
AL	NC_063226.1	16100001	16200000	0.0003726396832143	84901	110312	296028590	1373528
AL	NC_063226.1	16200001	16300000	0.0004805959608037	83309	129555	269571554	1602984
AL	NC_063226.1	16300001	16400000	0.0006798960770369	84908	199162	292930062	1408724
AL	NC_063226.1	16400001	16500000	0.0005119825047613	86249	152930	298701613	1416170
AL	NC_063226.1	16500001	16600000	0.0003777366412297	85501	103303	273478897	1676450
AL	NC_063226.1	16600001	16700000	0.0005766287212353	86320	155693	270005628	1768040
AL	NC_063226.1	16700001	16800000	0.0004399778297446	86162	126424	287341751	1550994
AL	NC_063226.1	16800001	16900000	0.0004022343460538	83211	111391	276930603	1506694
AL	NC_063226.1	16900001	17000000	0.0002225766587633	79640	59297	266411583	1424186
AL	NC_063226.1	17000001	17100000	0.0006804488874179	72496	158279	232609683	1415650
AL	NC_063226.1	17100001	17200000	0.0006470978296418	82750	160581	248155677	1828518
AL	NC_063226.1	17200001	17300000	0.0005858714286373	83098	146062	249307259	1835298
AL	NC_063226.1	17300001	17400000	0.0003988535544413	80490	105073	263437542	1511700
AL	NC_063226.1	17400001	17500000	0.0007394394583988	80520	183891	248689731	1691690
AL	NC_063226.1	17500001	17600000	0.0006957336536487	78983	164306	236162214	1754360
AL	NC_063226.1	17600001	17700000	0.0005155791726485	81244	128146	248547666	1734948
AL	NC_063226.1	17700001	17800000	0.0005536161867928	80672	137515	248394110	1702524
AL	NC_063226.1	17800001	17900000	0.0005810263855786	82863	153349	263927773	1641906
AL	NC_063226.1	17900001	18000000	0.0005620825356099	82736	144807	257625866	1709788
AL	NC_063226.1	18000001	18100000	0.0005516079097084	81073	135742	246084216	1755068
AL	NC_063226.1	18100001	18200000	0.0005731088868438	82207	147129	256720849	1688722
AL	NC_063226.1	18200001	18300000	0.0004740948201313	82449	121845	257005550	1701536
AL	NC_063226.1	18300001	18400000	0.0004887595680897	80415	140768	288010730	1218704
AL	NC_063226.1	18400001	18500000	0.0003522862609086	81922	97775	277544176	1416208
AL	NC_063226.1	18500001	18600000	0.0004809383919849	82765	131357	273126459	1519918
AL	NC_063226.1	18600001	18700000	0.0004709554762602	84702	132921	282236871	1521354
AL	NC_063226.1	18700001	18800000	0.0006678831858578	83533	203340	304454438	1200976
AL	NC_063226.1	18800001	18900000	0.0005176704862054	83018	161705	312370522	1077620
AL	NC_063226.1	18900001	19000000	0.0005762052400022	84588	179359	311276239	1176258
AL	NC_063226.1	19000001	19100000	0.0003981677650876	80412	118515	297650916	1097688
AL	NC_063226.1	19100001	19200000	0.0003273113226423	84986	105216	321455424	1079704
AL	NC_063226.1	19200001	19300000	0.0004150404488176	76287	123386	297286687	867254
AL	NC_063226.1	19300001	19400000	0.0002793596196676	79990	84857	303755425	1004678
AL	NC_063226.1	19400001	19500000	0.0001575169735563	82020	49757	315883418	973396
AL	NC_063226.1	19500001	19600000	3.553054113659619e-05	78940	10734	302106291	963258
AL	NC_063226.1	19600001	19700000	9.218339581712367e-05	79984	28255	306508561	966558
AL	NC_063226.1	19700001	19800000	4.777108646823495e-05	82496	15177	317702634	976940
AL	NC_063226.1	19800001	19900000	9.550098133199638e-05	79997	30179	316007224	857684
AL	NC_063226.1	19900001	20000000	0.0001144647563994	79565	34842	304390636	966684
AL	NC_063226.1	20000001	20100000	0.0001791985140522	81933	51753	288802618	1285376
AL	NC_063226.1	20100001	20200000	0.0005081193109318	81378	139423	274390280	1425304
AL	NC_063226.1	20200001	20300000	0.0004516765091487	84395	133420	295388397	1345970
AL	NC_063226.1	20300001	20400000	0.0006270452077853	83823	184725	294595984	1324556
AL	NC_063226.1	20400001	20500000	0.0004828274854701	82211	138589	287036269	1320066
AL	NC_063226.1	20500001	20600000	0.0003340409595212	83532	104228	312021616	1103816
AL	NC_063226.1	20600001	20700000	0.0005565165728273	81068	170884	307060038	1027116
AL	NC_063226.1	20700001	20800000	0.0003701380023841	85084	107219	289673039	1456034
AL	NC_063226.1	20800001	20900000	0.0004067147185839	83608	111155	273299674	1565788
AL	NC_063226.1	20900001	21000000	0.0005204711920892	81795	152974	293914442	1219888
AL	NC_063226.1	21000001	21100000	0.0004161703052978	78686	121986	293115579	1048338
AL	NC_063226.1	21100001	21200000	0.0004058290326277	78720	126017	310517459	849346
AL	NC_063226.1	21200001	21300000	0.0006359575445067	76534	189903	298609556	867768
AL	NC_063226.1	21300001	21400000	0.0003054503957508	79762	87870	287673551	1174722
AL	NC_063226.1	21400001	21500000	0.0001069694692971	81874	32389	302787330	1120396
AL	NC_063226.1	21500001	21600000	0.0004788883898293	85519	143917	300523051	1349446
AL	NC_063226.1	21600001	21700000	0.0003650555002868	81044	113483	310865060	972520
AL	NC_063226.1	21700001	21800000	0.0003568941594063	80962	113365	317643192	890240
AL	NC_063226.1	21800001	21900000	0.0005033576892672	82633	164310	326427913	886098
AL	NC_063226.1	21900001	22000000	0.0008633361617146	75522	247495	286672806	947660
AL	NC_063226.1	22000001	22100000	0.0008358005662352	66429	205492	245862480	912452
AL	NC_063226.1	22100001	22200000	0.0006413742510014	75176	188350	293666295	843938
AL	NC_063226.1	22200001	22300000	0.000885920312063	71753	247988	279921339	811326
AL	NC_063226.1	22300001	22400000	0.0009185478560518	70362	247054	268961490	860348
AL	NC_063226.1	22400001	22500000	0.0008185498069556	67906	198214	242152644	1039512
AL	NC_063226.1	22500001	22600000	0.0005780851986633	68373	146536	253485127	932038
AL	NC_063226.1	22600001	22700000	0.000478182789162	63751	104161	217826744	1099244
AL	NC_063226.1	22700001	22800000	0.0005475344235	74873	148938	272015774	1087752
AL	NC_063226.1	22800001	22900000	0.0005056190214527	77465	151861	300346691	895310
AL	NC_063226.1	22900001	23000000	0.0002054499380183	82361	63088	307072373	1094458
AL	NC_063226.1	23000001	23100000	0.0001061820582021	84188	32534	306398280	1213296
AL	NC_063226.1	23100001	23200000	0.0001434438932642	43887	21552	150246898	746960
AL	NC_063226.1	23200001	23300000	0.0005577032160885	681	819	1468523	23126
AL	NC_063227.1	1	100000	0.00012699441901	12189	6139	48340707	129838
AL	NC_063227.1	100001	200000	6.379133501383906e-05	9266	2422	37967539	84522
AL	NC_063227.1	200001	300000	0.0001279455419483	84045	36422	284667988	1464268
AL	NC_063227.1	300001	400000	8.928479950199279e-05	85487	26736	299446268	1371788
AL	NC_063227.1	400001	500000	0.0002851891405835	85754	91916	322298387	1115298
AL	NC_063227.1	500001	600000	0.0003359717500263	83660	114066	339510688	798392
AL	NC_063227.1	600001	700000	0.0005101062845871	81875	164303	322095620	901468
AL	NC_063227.1	700001	800000	0.0005599143373226	81143	189636	338687523	666318
AL	NC_063227.1	800001	900000	0.0006968834698968	75100	214790	308215088	673904
AL	NC_063227.1	900001	1000000	0.0005137290922923	77971	163886	319012496	711124
AL	NC_063227.1	1000001	1100000	0.0006574958712894	79053	216490	329264425	657818
AL	NC_063227.1	1100001	1200000	0.0005857715204023	79443	192314	328308894	688672
AL	NC_063227.1	1200001	1300000	0.0005919698684965	75119	174238	294335927	837158
AL	NC_063227.1	1300001	1400000	0.0002190292066221	74568	64956	296563189	778702
AL	NC_063227.1	1400001	1500000	0.0003011249306204	77719	92742	307985127	825214
AL	NC_063227.1	1500001	1600000	0.000299890455588	80742	90718	302503792	1054496
AL	NC_063227.1	1600001	1700000	0.0003193963765473	79087	96090	300848748	979196
AL	NC_063227.1	1700001	1800000	0.0003344486030074	77268	103394	309147651	784234
AL	NC_063227.1	1800001	1900000	0.0003911479062543	72720	104606	267433363	1018050
AL	NC_063227.1	1900001	2000000	0.0001333054546197	74287	34114	255908508	1241396
AL	NC_063227.1	2000001	2100000	0.0001321040114646	71573	35610	269560323	921782
AL	NC_063227.1	2100001	2200000	0.0003958252320436	77066	119373	301580067	858290
AL	NC_063227.1	2200001	2300000	0.0002883930580585	77886	86799	300974651	912546
AL	NC_063227.1	2300001	2400000	0.0004010737860042	78209	125288	312381423	798502
AL	NC_063227.1	2400001	2500000	0.000594218093695	78104	181970	306234364	862448
AL	NC_063227.1	2500001	2600000	0.0004803759696968	80245	145591	303077192	1022084
AL	NC_063227.1	2600001	2700000	0.000388359106917	80225	119698	308214737	959930
AL	NC_063227.1	2700001	2800000	0.0004679075146572	82634	140823	300963322	1178316
AL	NC_063227.1	2800001	2900000	0.0007210200550956	82026	226685	314394861	988686
AL	NC_063227.1	2900001	3000000	0.0004749079244597	78638	135725	285792241	1131982
AL	NC_063227.1	3000001	3100000	0.000564416926842	81842	160865	285010942	1321644
AL	NC_063227.1	3100001	3200000	0.0002482124523181	83598	71431	287781694	1389180
AL	NC_063227.1	3200001	3300000	0.0006966631319171	81759	204369	293354120	1224604
AL	NC_063227.1	3300001	3400000	0.0004089482371853	82237	110967	271347300	1511500
AL	NC_063227.1	3400001	3500000	0.0003363513374849	81620	96656	287366183	1285402
AL	NC_063227.1	3500001	3600000	0.0004176883639053	77306	115439	276375906	1175292
AL	NC_063227.1	3600001	3700000	7.398774418176087e-05	67543	16910	228551366	1183616
AL	NC_063227.1	3700001	3800000	6.820099408889678e-05	81115	19918	292048529	1204994
AL	NC_063227.1	3800001	3900000	0.0001302657020957	73151	31607	242634857	1344970
AL	NC_063227.1	3900001	4000000	0.0002271808948059	80254	69050	303942812	1018088
AL	NC_063227.1	4000001	4100000	0.0004716966099518	85254	147863	313470559	1181658
AL	NC_063227.1	4100001	4200000	0.0004847887657753	85057	147213	303664215	1292270
AL	NC_063227.1	4200001	4300000	0.0003617324887092	80028	108462	299840361	1049422
AL	NC_063227.1	4300001	4400000	0.0004661218058391	85016	131618	282368253	1540190
AL	NC_063227.1	4400001	4500000	0.0006669307842743	83894	182055	272974354	1587956
AL	NC_063227.1	4500001	4600000	0.000684036561754	84433	194069	283711443	1488142
AL	NC_063227.1	4600001	4700000	0.0004484602527919	83934	127408	284100986	1454356
AL	NC_063227.1	4700001	4800000	0.0004965971789999	85416	143247	288457136	1492136
AL	NC_063227.1	4800001	4900000	0.0003718471676048	82698	113548	305362014	1134588
AL	NC_063227.1	4900001	5000000	0.0003316699286881	86050	106598	321397844	1138072
AL	NC_063227.1	5000001	5100000	0.0002799090119069	83405	79627	284474585	1418906
AL	NC_063227.1	5100001	5200000	0.0006144567148384	85419	175707	285955049	1517210
AL	NC_063227.1	5200001	5300000	0.0004792884398608	85106	136204	284179606	1520572
AL	NC_063227.1	5300001	5400000	0.0004384747620823	84498	124146	283131461	1500870
AL	NC_063227.1	5400001	5500000	0.0005671243882002	84629	157037	276900453	1582682
AL	NC_063227.1	5500001	5600000	0.0005530462322603	83351	161314	291682667	1331790
AL	NC_063227.1	5600001	5700000	0.0005939701604413	86831	201650	339495169	973906
AL	NC_063227.1	5700001	5800000	0.0004435926929212	83398	134005	302090188	1213352
AL	NC_063227.1	5800001	5900000	0.0005221766025452	84718	167130	320064130	1080524
AL	NC_063227.1	5900001	6000000	0.0003875355348677	85901	123910	319738421	1149922
AL	NC_063227.1	6000001	6100000	0.0005514223612504	86618	165905	300867378	1407284
AL	NC_063227.1	6100001	6200000	0.000617171456999	85235	170901	276910084	1617612
AL	NC_063227.1	6200001	6300000	0.0004598553027065	84777	128158	278692013	1568682
AL	NC_063227.1	6300001	6400000	0.0006200121898207	84654	176083	283999255	1496914
AL	NC_063227.1	6400001	6500000	0.0005677406562666	78236	160210	282188704	1151376
AL	NC_063227.1	6500001	6600000	0.0006360815168337	84391	194316	305489147	1228534
AL	NC_063227.1	6600001	6700000	0.0002037208951752	87445	67922	333407135	1075958
AL	NC_063227.1	6700001	6800000	0.0004162684808682	79094	124557	299222751	1006210
AL	NC_063227.1	6800001	6900000	0.0004291193510778	79307	128333	299061321	1019858
AL	NC_063227.1	6900001	7000000	0.0006674863236564	83369	213938	320512934	994040
AL	NC_063227.1	7000001	7100000	0.0004483230436916	85835	145920	325479589	1075722
AL	NC_063227.1	7100001	7200000	0.000825738466038	82501	260832	315877255	1000246
AL	NC_063227.1	7200001	7300000	0.0006438072228958	83955	197666	307026689	1191642
AL	NC_063227.1	7300001	7400000	0.0005334754868084	83505	165396	310034864	1126604
AL	NC_063227.1	7400001	7500000	0.0007217346068398	83252	223793	310076582	1116276
AL	NC_063227.1	7500001	7600000	0.0003730412133978	81562	101784	272849209	1456734
AL	NC_063227.1	7600001	7700000	0.0005985776980599	85023	170750	285259542	1502272
AL	NC_063227.1	7700001	7800000	0.0005893747724359	83365	170079	288575297	1372002
AL	NC_063227.1	7800001	7900000	0.0003155845745623	84711	93085	294960551	1373846
AL	NC_063227.1	7900001	8000000	0.0006647992551336	87098	208185	313154683	1292498
AL	NC_063227.1	8000001	8100000	0.0004525489922581	84573	138227	305440963	1242158
AL	NC_063227.1	8100001	8200000	7.477787808663576e-05	81242	20613	275656391	1400202
AL	NC_063227.1	8200001	8300000	0.0002628110327157	83577	80402	305930840	1177572
AL	NC_063227.1	8300001	8400000	0.0003262870254686	84818	98958	303285121	1285030
AL	NC_063227.1	8400001	8500000	0.0002930170531459	83568	89633	305896872	1178280
AL	NC_063227.1	8500001	8600000	0.0004536329518044	85045	133219	293671347	1405422
AL	NC_063227.1	8600001	8700000	0.0002371271760457	83797	63323	267042357	1656682
AL	NC_063227.1	8700001	8800000	7.088815767456349e-05	82776	18746	264444734	1627468
AL	NC_063227.1	8800001	8900000	0.0002315030684536	81790	61334	264938173	1566606
AL	NC_063227.1	8900001	9000000	0.0005720176635691	77749	151292	264488336	1334764
AL	NC_063227.1	9000001	9100000	0.0004716385139547	81329	128557	272575280	1445500
AL	NC_063227.1	9100001	9200000	0.0003834811937923	80460	108990	284212112	1256120
AL	NC_063227.1	9200001	9300000	0.0003321238204825	82808	99757	300360871	1198546
AL	NC_063227.1	9300001	9400000	0.0001984280698031	84170	59860	301671029	1263790
AL	NC_063227.1	9400001	9500000	0.0003439010936551	81969	106081	308463689	1055354
AL	NC_063227.1	9500001	9600000	0.0002571647811528	84080	71194	276841952	1553128
AL	NC_063227.1	9600001	9700000	0.000347872064464	84214	98894	284282672	1470376
AL	NC_063227.1	9700001	9800000	0.0003161579423633	81501	93657	296234848	1172236
AL	NC_063227.1	9800001	9900000	0.0002646734382254	83730	79879	301802102	1239348
AL	NC_063227.1	9900001	10000000	0.0002691413374109	84180	86704	322150439	1021362
AL	NC_063227.1	10000001	10100000	0.0003299131740526	84561	98717	299221152	1317508
AL	NC_063227.1	10100001	10200000	0.0002655933450935	81806	81006	305000112	1086928
AL	NC_063227.1	10200001	10300000	0.000272611332122	80906	79098	290149347	1211298
AL	NC_063227.1	10300001	10400000	0.0004964631154945	81390	136763	275474644	1411592
AL	NC_063227.1	10400001	10500000	0.0004624813130707	80796	123434	266895108	1480984
AL	NC_063227.1	10500001	10600000	0.0001696259127132	84415	48200	284154698	1486744
AL	NC_063227.1	10600001	10700000	4.93069385116792e-05	73759	12574	255014819	1218486
AL	NC_063227.1	10700001	10800000	3.388808556596508e-05	83031	9202	271540863	1553062
AL	NC_063227.1	10800001	10900000	2.2024180396082937e-05	77035	5685	258125383	1366526
AL	NC_063227.1	10900001	11000000	4.653896236858581e-05	80714	13124	282000271	1298258
AL	NC_063227.1	11000001	11100000	4.59463607439954e-05	78825	12988	282677448	1179852
AL	NC_063227.1	11100001	11200000	0.0001747317074165	78473	50904	291326633	1060194
AL	NC_063227.1	11200001	11300000	0.0003461736054545	80422	101244	292465972	1157192
AL	NC_063227.1	11300001	11400000	0.0002838939070764	82743	84762	298569282	1216264
AL	NC_063227.1	11400001	11500000	0.0002886538279003	81913	85804	297255715	1189390
AL	NC_063227.1	11500001	11600000	0.0002539585640382	82417	74948	295119010	1238408
AL	NC_063227.1	11600001	11700000	0.0003198426277417	65531	75689	236644504	963540
AL	NC_063227.1	11700001	11800000	0.0	8	0	31183	90
AL	NC_063227.1	11800001	11900000	NA	0	NA	NA	NA
AL	NC_063227.1	11900001	12000000	0.0	5	0	9334	192
AL	NC_063227.1	12000001	12100000	NA	0	NA	NA	NA
AL	NC_063227.1	12100001	12200000	NA	0	NA	NA	NA
AL	NC_063227.1	12200001	12300000	NA	0	NA	NA	NA
AL	NC_063227.1	12300001	12400000	NA	0	NA	NA	NA
AL	NC_063227.1	12400001	12500000	NA	0	NA	NA	NA
AL	NC_063227.1	12500001	12600000	NA	0	NA	NA	NA
AL	NC_063227.1	12600001	12700000	NA	0	NA	NA	NA
AL	NC_063227.1	12700001	12800000	NA	0	NA	NA	NA
AL	NC_063227.1	12800001	12900000	NA	0	NA	NA	NA
AL	NC_063227.1	12900001	13000000	NA	0	NA	NA	NA
AL	NC_063227.1	13000001	13100000	0.0004421306965774	12483	21788	49279546	134888
AL	NC_063227.1	13100001	13200000	0.0001580419557837	74394	40132	253932570	1267788
AL	NC_063227.1	13200001	13300000	0.0002080619488819	74942	53900	259057460	1238616
AL	NC_063227.1	13300001	13400000	8.712172234043903e-05	66119	20656	237093568	992700
AL	NC_063227.1	13400001	13500000	0.0002696021829863	70637	67526	250465331	1096102
AL	NC_063227.1	13500001	13600000	0.0001145432611511	76911	27505	240127614	1581248
AL	NC_063227.1	13600001	13700000	0.0001091150851348	76908	27809	254859353	1406838
AL	NC_063227.1	13700001	13800000	0.0001688094857416	79315	42693	252906404	1569092
AL	NC_063227.1	13800001	13900000	0.0001524880075203	80988	38753	254138018	1653612
AL	NC_063227.1	13900001	14000000	0.0002837736825964	81129	71522	252038876	1683980
AL	NC_063227.1	14000001	14100000	0.0002347880916166	80348	60484	257611021	1572886
AL	NC_063227.1	14100001	14200000	0.0002586410802142	67559	61623	238256815	1061838
AL	NC_063227.1	14200001	14300000	0.0001694193504651	70670	41096	242569694	1191164
AL	NC_063227.1	14300001	14400000	0.0001730147459741	78000	43597	251984302	1501548
AL	NC_063227.1	14400001	14500000	0.0001876969878074	75849	52823	281426999	1027974
AL	NC_063227.1	14500001	14600000	0.0002277446659723	75441	56214	246829052	1414356
AL	NC_063227.1	14600001	14700000	0.0003585767102369	79101	97879	272965302	1313280
AL	NC_063227.1	14700001	14800000	0.0002795352353856	81736	73191	261831035	1602890
AL	NC_063227.1	14800001	14900000	0.0004337719363448	74527	103699	239063414	1454488
AL	NC_063227.1	14900001	15000000	0.0005134678434876	77235	130416	253990589	1432626
AL	NC_063227.1	15000001	15100000	0.0004414003970562	75085	108345	245457414	1411928
AL	NC_063227.1	15100001	15200000	0.0002912907409674	80153	73755	253200633	1615282
AL	NC_063227.1	15200001	15300000	0.0003566136886881	74515	80601	226017684	1615652
AL	NC_063227.1	15300001	15400000	0.0003435736125073	83367	86359	251355159	1825638
AL	NC_063227.1	15400001	15500000	0.0004143896516391	76481	95692	230922755	1670878
AL	NC_063227.1	15500001	15600000	0.0001627603113176	81178	42748	262643882	1557116
AL	NC_063227.1	15600001	15700000	0.0001786189524146	78167	45080	252380833	1505770
AL	NC_063227.1	15700001	15800000	0.000137380797665	83357	37440	272527170	1564656
AL	NC_063227.1	15800001	15900000	9.091720696965466e-05	82042	23276	256013144	1688032
AL	NC_063227.1	15900001	16000000	4.769681046142234e-05	79986	12623	264650820	1463992
AL	NC_063227.1	16000001	16100000	0.0001562795507102	83400	42623	272735619	1567434
AL	NC_063227.1	16100001	16200000	0.0001877697997302	83463	51030	271768943	1580214
AL	NC_063227.1	16200001	16300000	0.0001684211373349	84394	47051	279365172	1542928
AL	NC_063227.1	16300001	16400000	0.000143120467432	85133	43464	303688220	1295564
AL	NC_063227.1	16400001	16500000	0.0002790081848984	85213	85742	307309981	1257026
AL	NC_063227.1	16500001	16600000	0.0004321262802038	84139	136307	315433257	1104474
AL	NC_063227.1	16600001	16700000	0.000165760714563	83574	45601	275101372	1543200
AL	NC_063227.1	16700001	16800000	0.0003820189668748	77540	105009	274879022	1199580
AL	NC_063227.1	16800001	16900000	0.000231340090992	76805	59883	258852669	1346450
AL	NC_063227.1	16900001	17000000	0.000281156475392	85099	77313	274982107	1632454
AL	NC_063227.1	17000001	17100000	0.0002924735006873	80916	76765	262468223	1547746
AL	NC_063227.1	17100001	17200000	0.0005208357929908	85011	141719	272099195	1670542
AL	NC_063227.1	17200001	17300000	0.0004342885187713	82897	117934	271556799	1550046
AL	NC_063227.1	17300001	17400000	0.0006177640962997	84400	166046	268785449	1670718
AL	NC_063227.1	17400001	17500000	0.0007879841548206	73751	223189	283240467	892038
AL	NC_063227.1	17500001	17600000	0.0005726668297584	74730	151944	265327049	1158910
AL	NC_063227.1	17600001	17700000	0.0005369904453138	76253	158181	294569487	893838
AL	NC_063227.1	17700001	17800000	0.0006012217772777	83322	194879	324138292	950312
AL	NC_063227.1	17800001	17900000	0.0004549358070765	84320	148796	327070320	971968
AL	NC_063227.1	17900001	18000000	0.0005610679428949	82709	181542	323565091	921974
AL	NC_063227.1	18000001	18100000	0.0007286051716316	81302	232440	319020519	899050
AL	NC_063227.1	18100001	18200000	0.0005845552876664	84718	174530	298568850	1330948
AL	NC_063227.1	18200001	18300000	0.0006036095766888	78350	181511	300709278	946220
AL	NC_063227.1	18300001	18400000	0.0002685081994935	12783	13179	49082300	154092
AL	NC_063227.1	18400001	18500000	0.0003132210279922	81680	85543	273107462	1462324
AL	NC_063227.1	18500001	18600000	0.0007113954158695	76279	207866	292194742	930376
AL	NC_063227.1	18600001	18700000	0.0011325694559678	64822	279496	246780450	804756
AL	NC_063227.1	18700001	18800000	0.0007268844879868	71667	193676	266446737	967538
AL	NC_063227.1	18800001	18900000	0.0005177053427076	58729	95481	184431166	1201416
AL	NC_063227.1	18900001	19000000	0.0005844938059834	66585	132487	226669639	1144214
AL	NC_063227.1	19000001	19100000	0.0007390657854471	58946	157667	213332836	863000
AL	NC_063227.1	19100001	19200000	0.0009005771153289	68957	237514	263735327	839726
AL	NC_063227.1	19200001	19300000	0.0010911010403013	70503	301893	276686566	775296
AL	NC_063227.1	19300001	19400000	0.0004694358425583	76409	138519	295075466	899224
AL	NC_063227.1	19400001	19500000	0.0005112730106722	74675	146055	285669294	921224
AL	NC_063227.1	19500001	19600000	0.0005129900899249	78824	162475	316721518	786684
AL	NC_063227.1	19600001	19700000	0.0005208679852842	82307	166700	320042707	940134
AL	NC_063227.1	19700001	19800000	0.0005821671685068	80061	187219	321589760	797852
AL	NC_063227.1	19800001	19900000	0.000373911890569	76675	114000	304884661	800658
AL	NC_063227.1	19900001	20000000	0.0007193919968446	79843	222891	309832471	921270
AL	NC_063227.1	20000001	20100000	0.0005746974847493	79961	175918	306105394	966488
AL	NC_063227.1	20100001	20200000	0.0005206626433738	82366	165033	316967238	977020
AL	NC_063227.1	20200001	20300000	0.0006561742040022	81787	218289	332669280	769212
AL	NC_063227.1	20300001	20400000	0.000672408976082	80759	213857	318046022	883112
AL	NC_063227.1	20400001	20500000	0.0004220793996398	82319	126868	300578517	1171306
AL	NC_063227.1	20500001	20600000	0.000439030378418	81556	131912	300462124	1127904
AL	NC_063227.1	20600001	20700000	0.0003165699277828	85513	93263	294604736	1421772
AL	NC_063227.1	20700001	20800000	0.0001912277902538	85814	55148	288389046	1515444
AL	NC_063227.1	20800001	20900000	7.703518309147693e-05	58965	15889	206256406	948848
AL	NC_063227.1	20900001	21000000	7.942056446494508e-06	21385	639	80457751	278566
AL	NC_063227.1	21000001	21100000	0.0	499	0	1770952	7828
AL	NC_063228.1	1	100000	0.0002425678427509	72647	63891	263394353	1060602
AL	NC_063228.1	100001	200000	0.0001737211583259	85328	50810	292480205	1441398
AL	NC_063228.1	200001	300000	0.0002811126123064	84471	82491	293444678	1381592
AL	NC_063228.1	300001	400000	0.0001794143772403	85878	51685	288076133	1528126
AL	NC_063228.1	400001	500000	0.0004531208125949	85651	139211	307227115	1283510
AL	NC_063228.1	500001	600000	0.0006369878425881	85821	184675	289919191	1494022
AL	NC_063228.1	600001	700000	0.0004997698014555	83766	143117	286365842	1418956
AL	NC_063228.1	700001	800000	0.0006806193159983	85706	218866	321568893	1117742
AL	NC_063228.1	800001	900000	0.0006413869424957	85497	196227	305941682	1285840
AL	NC_063228.1	900001	1000000	0.0007099869414939	83738	226714	319321366	1031004
AL	NC_063228.1	1000001	1100000	0.0006558153259598	85215	211301	322195886	1082536
AL	NC_063228.1	1100001	1200000	0.0005638548919265	83761	174165	308882662	1165216
AL	NC_063228.1	1200001	1300000	0.000598225828618	84640	188563	315203709	1131718
AL	NC_063228.1	1300001	1400000	0.000550505707018	83137	160498	291546478	1329376
AL	NC_063228.1	1400001	1500000	0.0004210522904528	84754	128887	306106873	1243406
AL	NC_063228.1	1500001	1600000	0.0002658555036715	86502	80227	301769190	1395964
AL	NC_063228.1	1600001	1700000	0.0002985155778132	84619	89525	299900597	1309586
AL	NC_063228.1	1700001	1800000	0.0001189734198133	86228	34507	290039574	1522364
AL	NC_063228.1	1800001	1900000	0.0002784249578193	83574	77509	278383808	1508352
AL	NC_063228.1	1900001	2000000	0.0001846490308044	82679	55909	302785234	1167864
AL	NC_063228.1	2000001	2100000	0.0001570532812214	83778	45760	291366087	1365722
AL	NC_063228.1	2100001	2200000	0.0001974115956764	83095	57087	289177542	1354832
AL	NC_063228.1	2200001	2300000	0.0002716632632309	83418	79391	292240471	1336298
AL	NC_063228.1	2300001	2400000	0.00013478423154	86497	39046	289692641	1545554
AL	NC_063228.1	2400001	2500000	0.0003880234389801	84041	113629	292840557	1361562
AL	NC_063228.1	2500001	2600000	0.0004642686662172	84204	132671	285763416	1455280
AL	NC_063228.1	2600001	2700000	0.0005426550384637	84828	159352	293652484	1394336
AL	NC_063228.1	2700001	2800000	0.0006049326879699	84529	163959	271036767	1650734
AL	NC_063228.1	2800001	2900000	0.0008470561960822	84455	226445	267331732	1688612
AL	NC_063228.1	2900001	3000000	0.0008255280619091	83445	232227	281307215	1459766
AL	NC_063228.1	3000001	3100000	0.0007557007941998	85688	209550	277292285	1638886
AL	NC_063228.1	3100001	3200000	0.0006430629115609	83662	189394	294518618	1314932
AL	NC_063228.1	3200001	3300000	0.0008278356868706	84629	237417	286792420	1462620
AL	NC_063228.1	3300001	3400000	0.0006261824821203	86353	179683	286949899	1560126
AL	NC_063228.1	3400001	3500000	0.0005022330431009	85478	154944	308510167	1256570
AL	NC_063228.1	3500001	3600000	0.0008069869789369	84600	233600	289471833	1432558
AL	NC_063228.1	3600001	3700000	0.0007140401192539	85267	227310	318343457	1130666
AL	NC_063228.1	3700001	3800000	0.0004242506661052	86462	128017	301748495	1393842
AL	NC_063228.1	3800001	3900000	0.000542554838739	84730	160179	295230986	1375676
AL	NC_063228.1	3900001	4000000	0.0006424143316346	82548	205348	319650403	960954
AL	NC_063228.1	4000001	4100000	0.0005776191225208	85718	189557	328169537	1040622
AL	NC_063228.1	4100001	4200000	0.0005714506847685	83956	185914	325336910	976292
AL	NC_063228.1	4200001	4300000	0.000628938403069	83878	202591	322115805	1003870
AL	NC_063228.1	4300001	4400000	0.0005270387180385	83950	164235	311618472	1128416
AL	NC_063228.1	4400001	4500000	0.0005479606725244	86027	160657	293190749	1466634
AL	NC_063228.1	4500001	4600000	0.0003254268165021	84963	91973	282622683	1532798
AL	NC_063228.1	4600001	4700000	0.0004729770156204	84590	131993	279068529	1557662
AL	NC_063228.1	4700001	4800000	0.0004688341948128	84002	145366	310058442	1155540
AL	NC_063228.1	4800001	4900000	0.0006163934764092	81210	195718	317521206	911044
AL	NC_063228.1	4900001	5000000	0.0004897974127983	86383	147955	302073870	1386432
AL	NC_063228.1	5000001	5100000	0.0006468806709345	85741	200480	309918056	1256052
AL	NC_063228.1	5100001	5200000	0.0002850679303961	85218	78262	274538072	1649784
AL	NC_063228.1	5200001	5300000	0.0002272452984083	83142	59591	262232048	1678824
AL	NC_063228.1	5300001	5400000	0.0006185991900348	83271	161017	260292937	1706274
AL	NC_063228.1	5400001	5500000	0.0005252342809712	84705	149883	285364085	1485666
AL	NC_063228.1	5500001	5600000	0.0006589654087652	85538	203502	308820459	1253842
AL	NC_063228.1	5600001	5700000	0.0005046378969075	85970	150141	297522245	1412214
AL	NC_063228.1	5700001	5800000	0.0007606928345507	80726	232538	305692376	1023192
AL	NC_063228.1	5800001	5900000	0.0006483623707347	78939	200297	308927552	882172
AL	NC_063228.1	5900001	6000000	0.0006464517977088	79116	194399	300716930	988116
AL	NC_063228.1	6000001	6100000	0.0005615817285766	85464	169402	301651552	1334800
AL	NC_063228.1	6100001	6200000	0.0006847671590291	80772	202504	295726799	1139306
AL	NC_063228.1	6200001	6300000	0.0005223054804753	79109	157356	301271968	979452
AL	NC_063228.1	6300001	6400000	0.000678782735269	81529	219890	323947544	851996
AL	NC_063228.1	6400001	6500000	0.0003667432302158	84386	103292	281646644	1517496
AL	NC_063228.1	6500001	6600000	0.0005716801046326	82345	181668	317779119	972110
AL	NC_063228.1	6600001	6700000	0.0005808727744549	80135	182639	314421691	886382
AL	NC_063228.1	6700001	6800000	0.0003906916790677	80605	122839	314414170	909696
AL	NC_063228.1	6800001	6900000	0.0006101450125972	75887	158160	259217066	1294376
AL	NC_063228.1	6900001	7000000	0.0007116109300535	73933	190165	267231702	1091064
AL	NC_063228.1	7000001	7100000	0.000516127599639	78732	148942	288575926	1116516
AL	NC_063228.1	7100001	7200000	0.0006784242901057	78603	199630	294255384	1034300
AL	NC_063228.1	7200001	7300000	0.0008046312482168	77720	248748	309145339	808034
AL	NC_063228.1	7300001	7400000	0.0010360950420773	73619	299615	289177139	809062
AL	NC_063228.1	7400001	7500000	0.0009001064980592	74997	261394	290403414	869128
AL	NC_063228.1	7500001	7600000	0.0007689287823668	73925	221107	287551988	846300
AL	NC_063228.1	7600001	7700000	0.000769530635864	75141	228443	296860176	805988
AL	NC_063228.1	7700001	7800000	0.0008144257589009	70848	216238	265509775	927450
AL	NC_063228.1	7800001	7900000	0.0006709293342926	75550	190442	283848075	983658
AL	NC_063228.1	7900001	8000000	0.0006538163685395	77782	199986	305874875	851226
AL	NC_063228.1	8000001	8100000	0.0005267815485087	80036	161242	306088929	974310
AL	NC_063228.1	8100001	8200000	0.0004645180106614	79615	145166	312508873	877074
AL	NC_063228.1	8200001	8300000	0.0006325398881216	66154	148198	234290363	1046978
AL	NC_063228.1	8300001	8400000	0.0006344888448363	78587	193031	304230723	916342
AL	NC_063228.1	8400001	8500000	0.0005594225478739	76932	169500	302991005	836486
AL	NC_063228.1	8500001	8600000	0.0007154961303471	78991	221318	309321030	882040
AL	NC_063228.1	8600001	8700000	0.0006066357298355	79147	186693	307751408	910900
AL	NC_063228.1	8700001	8800000	0.0003774334265537	83836	124725	330455628	910344
AL	NC_063228.1	8800001	8900000	0.0005445068412261	85247	185658	340965413	866874
AL	NC_063228.1	8900001	9000000	0.000451060687525	83047	152764	338677265	768586
AL	NC_063228.1	9000001	9100000	0.0007047948389565	84610	234148	332221502	927956
AL	NC_063228.1	9100001	9200000	0.0005933352328718	85543	180930	304937226	1304112
AL	NC_063228.1	9200001	9300000	0.0005939147565138	82985	153553	258543837	1715882
AL	NC_063228.1	9300001	9400000	0.0003625143108879	83902	98615	272030640	1604832
AL	NC_063228.1	9400001	9500000	5.951824074269799e-05	85577	16145	271261378	1709720
AL	NC_063228.1	9500001	9600000	0.0002183312871982	83973	58759	269127713	1640002
AL	NC_063228.1	9600001	9700000	0.0003648389886464	85910	99041	271464956	1725776
AL	NC_063228.1	9700001	9800000	0.0003647921349258	83432	96712	265115365	1659086
AL	NC_063228.1	9800001	9900000	0.0005417229894908	84030	158092	291831809	1376726
AL	NC_063228.1	9900001	10000000	0.0003980162038817	83485	110813	278413288	1508244
AL	NC_063228.1	10000001	10100000	0.000615867751791	83981	177483	288183623	1417614
AL	NC_063228.1	10100001	10200000	0.0005265612118289	85558	149111	283178853	1567694
AL	NC_063228.1	10200001	10300000	0.0002953452371937	86386	81526	276036278	1700052
AL	NC_063228.1	10300001	10400000	0.0002013339218353	86249	55924	277767400	1670852
AL	NC_063228.1	10400001	10500000	0.0004700447949024	85884	136722	290870150	1497428
AL	NC_063228.1	10500001	10600000	0.0006860664824009	85660	195003	284233387	1558258
AL	NC_063228.1	10600001	10700000	0.0005384836194816	82621	142032	263762898	1631344
AL	NC_063228.1	10700001	10800000	0.0006569520383569	85808	178021	270980208	1725608
AL	NC_063228.1	10800001	10900000	0.0006871740458043	83427	182410	265449490	1652008
AL	NC_063228.1	10900001	11000000	0.0006010001562889	83286	171153	284780292	1409904
AL	NC_063228.1	11000001	11100000	0.0004973888564442	84833	137005	275448471	1615750
AL	NC_063228.1	11100001	11200000	0.0006414964211697	85942	179448	279733439	1624658
AL	NC_063228.1	11200001	11300000	0.0007662167356514	87163	242735	316796787	1258558
AL	NC_063228.1	11300001	11400000	0.0005744684570932	83434	170270	296395734	1283228
AL	NC_063228.1	11400001	11500000	0.0005707574782925	84761	178316	312419910	1170208
AL	NC_063228.1	11500001	11600000	0.0002057449912608	85427	60731	295176080	1413564
AL	NC_063228.1	11600001	11700000	0.000269036893766	85539	77227	287049850	1512432
AL	NC_063228.1	11700001	11800000	0.0003835661129774	86384	104961	273645133	1726494
AL	NC_063228.1	11800001	11900000	0.0006024786031838	85156	162980	270515831	1692386
AL	NC_063228.1	11900001	12000000	0.0004606464792957	83280	122882	266759881	1627798
AL	NC_063228.1	12000001	12100000	0.0004691639350514	84003	126788	270242426	1626112
AL	NC_063228.1	12100001	12200000	0.0002095056217142	84559	56014	267362754	1695992
AL	NC_063228.1	12200001	12300000	0.0002445714163008	83187	65649	268424663	1605462
AL	NC_063228.1	12300001	12400000	0.0001741808170587	82575	46306	265850171	1598766
AL	NC_063228.1	12400001	12500000	0.0001714816876739	83062	44681	260558434	1695044
AL	NC_063228.1	12500001	12600000	0.0003477339873039	81004	90401	259971712	1580824
AL	NC_063228.1	12600001	12700000	0.0001387631400625	82092	35569	256328878	1685964
AL	NC_063228.1	12700001	12800000	0.0006926534573055	81660	174432	251831559	1717370
AL	NC_063228.1	12800001	12900000	0.0005494212224767	82501	147538	268533493	1561450
AL	NC_063228.1	12900001	13000000	0.0007913825101662	81642	211748	267567197	1522470
AL	NC_063228.1	13000001	13100000	0.0005355912634128	82604	149021	278236428	1449448
AL	NC_063228.1	13100001	13200000	0.0007539252057964	84486	205647	272768437	1624246
AL	NC_063228.1	13200001	13300000	0.0005385192741858	84724	148300	275384758	1609220
AL	NC_063228.1	13300001	13400000	0.0004846514497869	84228	129119	266416205	1687638
AL	NC_063228.1	13400001	13500000	0.0003321298160529	85363	99493	299560579	1351478
AL	NC_063228.1	13500001	13600000	0.0004423686856628	85577	129204	292073115	1460142
AL	NC_063228.1	13600001	13700000	0.0003975730504203	86319	131514	330792039	1045222
AL	NC_063228.1	13700001	13800000	0.0001000472576072	83346	32195	321797926	980500
AL	NC_063228.1	13800001	13900000	0.0001326699269062	81235	40180	302856879	1084102
AL	NC_063228.1	13900001	14000000	0.0002959719292932	80061	90074	304332915	1000846
AL	NC_063228.1	14000001	14100000	0.0003551688353728	82258	109667	308774276	1072208
AL	NC_063228.1	14100001	14200000	0.0002114676455453	83396	66729	315551818	1055516
AL	NC_063228.1	14200001	14300000	0.0004648678498843	82359	139672	300455280	1173172
AL	NC_063228.1	14300001	14400000	0.0003937876086772	81969	117042	297221135	1187670
AL	NC_063228.1	14400001	14500000	0.0005193358286762	68135	114471	220418068	1333772
AL	NC_063228.1	14500001	14600000	0.0004670032631617	76368	130672	279809608	1075304
AL	NC_063228.1	14600001	14700000	0.0008081823724953	80094	235579	291492376	1144712
AL	NC_063228.1	14700001	14800000	0.0007188195403152	64709	170015	236519725	922090
AL	NC_063228.1	14800001	14900000	0.0005709230043157	67522	139842	244940209	987350
AL	NC_063228.1	14900001	15000000	0.0004033522338399	66181	93661	232206474	1059952
AL	NC_063228.1	15000001	15100000	0.000845569285241	61337	185715	219633096	930764
AL	NC_063228.1	15100001	15200000	0.0005393365421529	74408	152021	281866679	938826
AL	NC_063228.1	15200001	15300000	0.0006767549467591	78916	206273	304797181	928030
AL	NC_063228.1	15300001	15400000	0.0004746051284526	75218	135711	285945077	940182
AL	NC_063228.1	15400001	15500000	0.0005588999101275	78904	169694	303621448	938880
AL	NC_063228.1	15500001	15600000	0.0002927262275184	73324	82336	281273054	887932
AL	NC_063228.1	15600001	15700000	0.0001010490658971	74934	30396	300804364	750872
AL	NC_063228.1	15700001	15800000	0.0004078797774761	71193	113079	277236103	808606
AL	NC_063228.1	15800001	15900000	0.0003503410710203	74718	98745	281853908	956648
AL	NC_063228.1	15900001	16000000	3.39988401297064e-05	76011	9896	291068753	925130
AL	NC_063228.1	16000001	16100000	0.0005044612342413	76990	148666	294702526	934668
AL	NC_063228.1	16100001	16200000	0.0002906990082149	81622	90474	311229132	1008280
AL	NC_063228.1	16200001	16300000	0.000559308549236	80481	172212	307901605	978234
AL	NC_063228.1	16300001	16400000	0.0007399678955694	71213	185645	250882506	1122984
AL	NC_063228.1	16400001	16500000	0.0005897875656713	75892	159097	269753059	1164570
AL	NC_063228.1	16500001	16600000	0.0006782413524954	75255	184362	271823591	1104350
AL	NC_063228.1	16600001	16700000	0.000249063889686	58269	52996	212780745	829466
AL	NC_063228.1	16700001	16800000	0.0	4	0	13284	72
AL	NC_063228.1	16800001	16900000	NA	0	NA	NA	NA
AL	NC_063228.1	16900001	17000000	0.0	12	0	35709	270
AL	NC_063228.1	17000001	17100000	NA	0	NA	NA	NA
AL	NC_063228.1	17100001	17200000	0.0	18	0	57515	362
AL	NC_063228.1	17200001	17300000	0.0	5	0	14556	116
AL	NC_063229.1	1	100000	0.0002508325831428	3441	2591	10329599	78126
AL	NC_063229.1	100001	200000	0.0001279733439513	2072	817	6384142	44748
AL	NC_063229.1	200001	300000	0.0002595049870729	4193	3260	12562379	95014
AL	NC_063229.1	300001	400000	0.0002994943925512	1706	1475	4924967	41130
AL	NC_063229.1	400001	500000	4.872290561754478e-05	1373	189	3879079	33854
AL	NC_063229.1	500001	600000	0.0005171775271536	554	715	1382504	16184
AL	NC_063229.1	600001	700000	5.129143953765108e-05	2087	325	6336340	46308
AL	NC_063229.1	700001	800000	0.0	886	0	2587685	21174
AL	NC_063229.1	800001	900000	0.0	1191	0	2911890	35944
AL	NC_063229.1	900001	1000000	0.0	842	0	2745915	16042
AL	NC_063229.1	1000001	1100000	0.0002898971210903	5861	4864	16778366	144280
AL	NC_063229.1	1100001	1200000	0.0004932308542198	43902	77120	156356804	675040
AL	NC_063229.1	1200001	1300000	0.0004535202371631	71625	119600	263714803	990414
AL	NC_063229.1	1300001	1400000	0.0003853952177325	82107	114745	297733326	1196328
AL	NC_063229.1	1400001	1500000	0.0003586690121697	85197	112094	312527696	1195100
AL	NC_063229.1	1500001	1600000	0.0003521711084215	85108	106336	301944133	1315646
AL	NC_063229.1	1600001	1700000	0.0004330642467786	82822	127865	295256422	1263732
AL	NC_063229.1	1700001	1800000	0.0005072836911838	83263	169986	335090607	822534
AL	NC_063229.1	1800001	1900000	0.000438154442513	78539	132370	302108086	938720
AL	NC_063229.1	1900001	2000000	0.0004302381429796	80293	134216	311957464	924940
AL	NC_063229.1	2000001	2100000	0.0007059622752513	76889	204608	289828518	991360
AL	NC_063229.1	2100001	2200000	0.0006465673615484	72360	171592	265389208	1016464
AL	NC_063229.1	2200001	2300000	0.0006492966792336	71863	164703	253663703	1127422
AL	NC_063229.1	2300001	2400000	0.000712893829872	69673	181754	254952410	986216
AL	NC_063229.1	2400001	2500000	0.0004839659978823	62705	116115	239923880	767524
AL	NC_063229.1	2500001	2600000	0.0002856846835567	7377	7012	24544543	135646
AL	NC_063229.1	2600001	2700000	6.221725892360397e-05	8673	1728	27773644	172404
AL	NC_063229.1	2700001	2800000	0.0	8497	0	25527296	189100
AL	NC_063229.1	2800001	2900000	0.0002597377956586	73650	70775	272486335	1004130
AL	NC_063229.1	2900001	3000000	0.0002262648459648	79295	65146	287919229	1145722
AL	NC_063229.1	3000001	3100000	0.00030656598815	74610	90391	294850060	803072
AL	NC_063229.1	3100001	3200000	0.0002048975368969	81615	61035	297880594	1161248
AL	NC_063229.1	3200001	3300000	3.897279712552831e-05	41911	5934	152260049	607794
AL	NC_063229.1	3300001	3400000	0.0	13432	0	47869805	207078
AL	NC_063229.1	3400001	3500000	1.1302194299235834e-06	19818	83	73437067	271010
AL	NC_063229.1	3500001	3600000	0.0004745011099524	75656	140285	295647359	847890
AL	NC_063229.1	3600001	3700000	0.000790338360183	75525	228719	289393773	909674
AL	NC_063229.1	3700001	3800000	0.0007544834854324	75901	218001	288940718	935568
AL	NC_063229.1	3800001	3900000	0.0003860561042971	73341	108627	281376201	878778
AL	NC_063229.1	3900001	4000000	0.0005984351551362	75941	172935	288978678	939416
AL	NC_063229.1	4000001	4100000	0.0007011495959543	77751	214670	306168614	848792
AL	NC_063229.1	4100001	4200000	0.0005384919376431	76273	162796	302318361	809130
AL	NC_063229.1	4200001	4300000	0.0005373633367336	69740	144994	269824884	811632
AL	NC_063229.1	4300001	4400000	0.0005749621692775	77342	170858	297163899	923034
AL	NC_063229.1	4400001	4500000	0.0005787232139332	78322	170800	295132450	1000956
AL	NC_063229.1	4500001	4600000	0.0006180246618265	80415	190798	308722308	968204
AL	NC_063229.1	4600001	4700000	0.0007091734970215	79548	223560	315240207	843050
AL	NC_063229.1	4700001	4800000	0.0005138455857198	81463	143547	279358243	1366102
AL	NC_063229.1	4800001	4900000	0.0007614477750771	82308	211120	277261300	1442440
AL	NC_063229.1	4900001	5000000	0.0002374704214992	82914	64356	271006383	1551658
AL	NC_063229.1	5000001	5100000	2.833253352055196e-05	82767	7896	278690220	1452676
AL	NC_063229.1	5100001	5200000	0.0002542706430134	81526	71032	279355883	1371354
AL	NC_063229.1	5200001	5300000	0.0003049135973946	81098	85792	281364953	1322446
AL	NC_063229.1	5300001	5400000	0.0005469463323572	83190	158127	289108804	1349784
AL	NC_063229.1	5400001	5500000	0.0003993912651601	82037	115517	289232665	1282850
AL	NC_063229.1	5500001	5600000	0.0004929512618193	80715	148353	300948616	1069556
AL	NC_063229.1	5600001	5700000	0.0007572899042645	81608	239205	315869786	950732
AL	NC_063229.1	5700001	5800000	0.0007149682474546	83929	230457	322331797	1006522
AL	NC_063229.1	5800001	5900000	0.0006881565827423	86029	221090	321278624	1138612
AL	NC_063229.1	5900001	6000000	0.0007621635081016	83766	220854	289772467	1377018
AL	NC_063229.1	6000001	6100000	0.0006194214607728	85158	172214	278023948	1598984
AL	NC_063229.1	6100001	6200000	0.000451336237787	84764	125565	278207220	1573256
AL	NC_063229.1	6200001	6300000	0.0006527169554933	84890	180787	276976105	1596262
AL	NC_063229.1	6300001	6400000	0.0005503982956638	82076	155098	281792297	1376166
AL	NC_063229.1	6400001	6500000	0.0003650027570596	84786	103398	283280052	1514072
AL	NC_063229.1	6500001	6600000	0.0008820807718921	85310	254571	288602822	1480836
AL	NC_063229.1	6600001	6700000	0.0008056016968496	83351	240583	298637653	1250978
AL	NC_063229.1	6700001	6800000	0.0005591340573152	84207	162008	289748045	1402402
AL	NC_063229.1	6800001	6900000	0.0007501192391513	85017	227192	302874514	1295592
AL	NC_063229.1	6900001	7000000	0.0007126914271318	83870	225361	316211184	1076136
AL	NC_063229.1	7000001	7100000	0.0007549480239348	76132	223948	296640289	863758
AL	NC_063229.1	7100001	7200000	0.0005577452940934	82585	172844	309897729	1075594
AL	NC_063229.1	7200001	7300000	0.0006072715362219	82919	198950	327612918	890776
AL	NC_063229.1	7300001	7400000	0.0006076452046102	84414	190427	313385177	1141598
AL	NC_063229.1	7400001	7500000	0.0004770552845766	85674	153556	321883029	1111046
AL	NC_063229.1	7500001	7600000	0.0005058091564646	83748	166711	329592689	915158
AL	NC_063229.1	7600001	7700000	0.0006053594285528	85709	199250	329143300	1026100
AL	NC_063229.1	7700001	7800000	0.0006003619598891	83463	197811	329486232	899332
AL	NC_063229.1	7800001	7900000	0.0007022558357323	84158	223568	318356913	1067294
AL	NC_063229.1	7900001	8000000	0.0006120521803132	84815	175184	286223962	1483200
AL	NC_063229.1	8000001	8100000	0.0005074274878533	85741	141658	279168952	1624916
AL	NC_063229.1	8100001	8200000	0.0006057791160825	85460	177905	293679652	1434840
AL	NC_063229.1	8200001	8300000	0.0004633090038903	84751	153011	330256910	961952
AL	NC_063229.1	8300001	8400000	0.0005282906137132	84662	173326	328088358	982956
AL	NC_063229.1	8400001	8500000	0.0004720262720924	71170	111710	236660556	1301784
AL	NC_063229.1	8500001	8600000	0.0004851325467582	76447	134452	277144877	1115346
AL	NC_063229.1	8600001	8700000	0.0004598180976623	80968	140718	306029712	1032120
AL	NC_063229.1	8700001	8800000	0.0005801793195912	79241	177659	306213948	926980
AL	NC_063229.1	8800001	8900000	0.0005285484593359	80034	158390	299669779	1058090
AL	NC_063229.1	8900001	9000000	0.0005593044945809	82346	180549	322809850	917028
AL	NC_063229.1	9000001	9100000	0.0003871707896978	74047	101811	262961470	1148160
AL	NC_063229.1	9100001	9200000	0.0003700759567182	77028	101363	273897826	1190804
AL	NC_063229.1	9200001	9300000	0.0002569856103382	70604	62218	242106941	1197966
AL	NC_063229.1	9300001	9400000	0.000109238331998	76792	31099	284689444	1046736
AL	NC_063229.1	9400001	9500000	8.206869259479269e-05	79166	25313	308436740	903064
AL	NC_063229.1	9500001	9600000	0.0001091368751607	82976	32761	300182683	1215210
AL	NC_063229.1	9600001	9700000	0.0003895230470041	76131	108762	279218395	1072038
AL	NC_063229.1	9700001	9800000	0.0004453216785189	80616	135135	303454798	1040396
AL	NC_063229.1	9800001	9900000	0.0004864215379552	76764	139981	287777142	1009428
AL	NC_063229.1	9900001	10000000	0.0004377715874599	82758	138024	315287707	1020362
AL	NC_063229.1	10000001	10100000	0.0002842813435484	80104	83086	292266805	1136494
AL	NC_063229.1	10100001	10200000	0.0003753605884416	81789	119281	317777102	936272
AL	NC_063229.1	10200001	10300000	0.0004094264736482	83802	131113	320235765	1022198
AL	NC_063229.1	10300001	10400000	0.0003258435609269	82809	105506	323793417	924650
AL	NC_063229.1	10400001	10500000	0.0005707892225137	84169	168439	295098424	1336220
AL	NC_063229.1	10500001	10600000	0.0003875508596556	83268	120831	311781014	1091716
AL	NC_063229.1	10600001	10700000	0.0005234330737765	82706	156483	298955125	1210454
AL	NC_063229.1	10700001	10800000	0.000631640989191	83452	190672	301867680	1217184
AL	NC_063229.1	10800001	10900000	0.0004538774413194	83980	137882	303786854	1222924
AL	NC_063229.1	10900001	11000000	0.0003946183774277	83341	120501	305360842	1171024
AL	NC_063229.1	11000001	11100000	0.0005195687241339	84544	158520	305099196	1241728
AL	NC_063229.1	11100001	11200000	0.0002939557394467	71468	75363	256375331	1068570
AL	NC_063229.1	11200001	11300000	0.0004452267006089	82132	138011	309979163	1047778
AL	NC_063229.1	11300001	11400000	0.0007236033533106	84668	231007	319245342	1083052
AL	NC_063229.1	11400001	11500000	0.0007055420942878	82780	221747	314293083	1034474
AL	NC_063229.1	11500001	11600000	0.0006404607332658	85095	210239	328262123	1005918
AL	NC_063229.1	11600001	11700000	0.0006241196868653	86648	208914	334733873	1018670
AL	NC_063229.1	11700001	11800000	0.0007279559997604	84451	227712	312810115	1152310
AL	NC_063229.1	11800001	11900000	0.0007310589969168	83639	227927	311776479	1114894
AL	NC_063229.1	11900001	12000000	0.0006583994117483	86197	196000	297691639	1421726
AL	NC_063229.1	12000001	12100000	0.0006943124576472	84738	201107	289649131	1433922
AL	NC_063229.1	12100001	12200000	0.0008237888859169	85028	237233	287977908	1472512
AL	NC_063229.1	12200001	12300000	0.0006521074250849	84634	178555	273812248	1619744
AL	NC_063229.1	12300001	12400000	0.0007350674511106	84335	198919	270613261	1642882
AL	NC_063229.1	12400001	12500000	0.0004134238133648	82905	108474	262379661	1660034
AL	NC_063229.1	12500001	12600000	0.0006214549741406	85660	160617	258453157	1872566
AL	NC_063229.1	12600001	12700000	0.0004351810653135	84893	120192	276188487	1613414
AL	NC_063229.1	12700001	12800000	0.000584035928077	86103	164217	281176195	1616662
AL	NC_063229.1	12800001	12900000	0.0004195162084714	77708	111265	265222172	1328856
AL	NC_063229.1	12900001	13000000	0.0003519617092344	84478	108897	309400134	1191468
AL	NC_063229.1	13000001	13100000	0.0003791745912712	83401	107363	283149247	1440678
AL	NC_063229.1	13100001	13200000	0.0005746797885752	84430	177517	308897239	1191746
AL	NC_063229.1	13200001	13300000	0.0005474030003898	84939	166246	303699468	1285700
AL	NC_063229.1	13300001	13400000	0.0006462115717557	85997	190911	295431107	1444718
AL	NC_063229.1	13400001	13500000	0.0004175922624138	84955	115339	276200041	1611186
AL	NC_063229.1	13500001	13600000	0.0006907588073621	82655	206429	298843819	1208662
AL	NC_063229.1	13600001	13700000	0.0007150272697774	83383	225766	315744601	1052642
AL	NC_063229.1	13700001	13800000	0.0004975745036047	83347	157478	316491297	1042258
AL	NC_063229.1	13800001	13900000	0.0006164981464436	85591	189034	306625415	1284862
AL	NC_063229.1	13900001	14000000	0.0006215835215068	85323	184556	296912633	1382234
AL	NC_063229.1	14000001	14100000	0.0007802359420548	84591	228633	293030592	1385884
AL	NC_063229.1	14100001	14200000	0.0004739660571552	79466	146181	308420820	920824
AL	NC_063229.1	14200001	14300000	0.0005514377337	80343	157133	284951483	1238350
AL	NC_063229.1	14300001	14400000	0.0004277708082827	78292	111965	261740628	1395192
AL	NC_063229.1	14400001	14500000	0.0005408660480098	79145	151448	280010181	1227098
AL	NC_063229.1	14500001	14600000	0.000187704094817	78678	55379	295033521	1025438
AL	NC_063229.1	14600001	14700000	0.0004564953230257	80494	129547	283786040	1258504
AL	NC_063229.1	14700001	14800000	0.0005302048714182	81937	164886	310985449	1028186
AL	NC_063229.1	14800001	14900000	0.0005119350998193	83062	149536	292099526	1309260
AL	NC_063229.1	14900001	15000000	0.0005965361356469	84332	175125	293569810	1366100
AL	NC_063229.1	15000001	15100000	0.0006284861116202	82640	180710	287532209	1337246
AL	NC_063229.1	15100001	15200000	0.0004542268607691	82289	136911	301415464	1157996
AL	NC_063229.1	15200001	15300000	0.0003132947348389	84538	96142	306873973	1219382
AL	NC_063229.1	15300001	15400000	0.0003412235880045	83080	113152	331606618	854708
AL	NC_063229.1	15400001	15500000	0.000193527407447	83801	62165	321220652	1008676
AL	NC_063229.1	15500001	15600000	0.0001765286502835	82641	55012	311632134	1058576
AL	NC_063229.1	15600001	15700000	0.0007414830605293	83407	239233	322641221	976554
AL	NC_063229.1	15700001	15800000	0.0006196344546416	86142	191281	308699748	1294416
AL	NC_063229.1	15800001	15900000	0.0004546248472838	84116	154344	339497502	823452
AL	NC_063229.1	15900001	16000000	0.0005062054784616	80073	159588	315263281	876434
AL	NC_063229.1	16000001	16100000	0.0005982459481407	83267	199236	333033597	849434
AL	NC_063229.1	16100001	16200000	0.0006929925607301	84448	233382	336774178	870564
AL	NC_063229.1	16200001	16300000	0.0004094977500398	84595	133233	325357099	1013806
AL	NC_063229.1	16300001	16400000	0.0002840612423284	84906	86687	305170108	1268912
AL	NC_063229.1	16400001	16500000	0.0001375770098083	87774	38031	276434268	1775864
AL	NC_063229.1	16500001	16600000	0.0002366046260037	85650	64597	273016640	1695080
AL	NC_063229.1	16600001	16700000	0.0002496919318412	83042	66098	264718205	1645518
AL	NC_063229.1	16700001	16800000	5.592105931279995e-05	74172	13546	242234324	1402192
AL	NC_063229.1	16800001	16900000	3.7626000910414846e-05	4082	560	14883325	59374
AL	NC_063229.1	16900001	17000000	0.0	419	0	1581232	5468
AL	NC_063230.1	1	100000	0.0007694997149134	64671	170966	222178120	1087084
AL	NC_063230.1	100001	200000	0.0006723841824137	82495	211409	314416974	1015824
AL	NC_063230.1	200001	300000	0.0007151299599359	82957	212970	297806010	1241072
AL	NC_063230.1	300001	400000	0.0004490013573325	69765	111332	247954707	1077718
AL	NC_063230.1	400001	500000	0.0005351944226959	71597	145159	271226668	905324
AL	NC_063230.1	500001	600000	0.0006527738122989	74139	193337	296177629	757906
AL	NC_063230.1	600001	700000	0.0006080172039275	76837	182860	300748069	856410
AL	NC_063230.1	700001	800000	0.0006898179846661	74943	200218	290247579	878798
AL	NC_063230.1	800001	900000	0.0003385436225428	82602	111116	328217673	864526
AL	NC_063230.1	900001	1000000	6.559028696595439e-05	81074	20650	314833201	930454
AL	NC_063230.1	1000001	1100000	6.111215874305533e-05	86045	19160	313521898	1226264
AL	NC_063230.1	1100001	1200000	1.83241556232332e-05	86676	5650	308336172	1330624
AL	NC_063230.1	1200001	1300000	0.0003481550343306	85027	110425	317171918	1133392
AL	NC_063230.1	1300001	1400000	0.0002790624724123	78499	80671	289078640	1085972
AL	NC_063230.1	1400001	1500000	0.0003222268450842	83215	93659	290661692	1335524
AL	NC_063230.1	1500001	1600000	9.300485157225036e-05	81003	28029	301371375	1085070
AL	NC_063230.1	1600001	1700000	0.0002082047456944	75327	59925	287817647	922638
AL	NC_063230.1	1700001	1800000	0.0004179757761539	69049	107632	257507746	918536
AL	NC_063230.1	1800001	1900000	0.0002881323309649	47617	44672	155039873	915466
AL	NC_063230.1	1900001	2000000	0.0003117400623739	66494	73313	235173495	1041354
AL	NC_063230.1	2000001	2100000	0.0005523076905491	72472	150758	272960168	938648
AL	NC_063230.1	2100001	2200000	0.0004890725056457	79285	148208	303038912	968804
AL	NC_063230.1	2200001	2300000	0.0003287105638507	66151	74441	226463668	1130300
AL	NC_063230.1	2300001	2400000	5.290329139779207e-05	63808	12753	241062506	818324
AL	NC_063230.1	2400001	2500000	0.0006543964424255	69058	171127	261503561	871950
AL	NC_063230.1	2500001	2600000	0.0006202292887311	70515	172432	278013314	760904
AL	NC_063230.1	2600001	2700000	0.0005564596926007	65305	140507	252501667	762646
AL	NC_063230.1	2700001	2800000	0.0007578042220408	58675	173034	228336020	666524
AL	NC_063230.1	2800001	2900000	0.0003613667501323	69165	97850	270777541	767034
AL	NC_063230.1	2900001	3000000	0.0005149011475374	70692	144463	280564533	743310
AL	NC_063230.1	3000001	3100000	0.0004906035130027	74666	143332	292154451	829490
AL	NC_063230.1	3100001	3200000	0.0005272251158569	75578	154000	292095341	880798
AL	NC_063230.1	3200001	3300000	0.0002916743887315	70284	76980	263924441	917206
AL	NC_063230.1	3300001	3400000	0.0004863764167616	72423	135684	278969118	859104
AL	NC_063230.1	3400001	3500000	0.0005107696378967	74273	141886	277788634	981528
AL	NC_063230.1	3500001	3600000	0.0002135385800992	62597	48523	227232943	904318
AL	NC_063230.1	3600001	3700000	NA	0	NA	NA	NA
AL	NC_063230.1	3700001	3800000	0.001835777432498	20405	142706	77736003	253614
AL	NC_063230.1	3800001	3900000	NA	0	NA	NA	NA
AL	NC_063230.1	3900001	4000000	NA	0	NA	NA	NA
AL	NC_063230.1	4000001	4100000	NA	0	NA	NA	NA
AL	NC_063230.1	4100001	4200000	NA	0	NA	NA	NA
AL	NC_063230.1	4200001	4300000	NA	0	NA	NA	NA
AL	NC_063230.1	4300001	4400000	NA	0	NA	NA	NA
AL	NC_063230.1	4400001	4500000	0.0	13	0	34823	342
AL	NC_063230.1	4500001	4600000	0.000324555715313	41867	52354	161309746	496288
AL	NC_063230.1	4600001	4700000	0.000200715871779	70904	51881	258479808	1017456
AL	NC_063230.1	4700001	4800000	0.0001443137335547	84283	41993	290984087	1395230
AL	NC_063230.1	4800001	4900000	0.0002845991353535	87652	91405	321171039	1231818
AL	NC_063230.1	4900001	5000000	0.0002086162645796	86771	68014	326024436	1127772
AL	NC_063230.1	5000001	5100000	0.0007476278511279	69201	193831	259261342	911112
AL	NC_063230.1	5100001	5200000	0.0002534919201938	86540	82393	325032056	1127696
AL	NC_063230.1	5200001	5300000	0.0002571536004757	85092	77659	301994605	1315318
AL	NC_063230.1	5300001	5400000	0.000339861499927	86249	99817	293699051	1477678
AL	NC_063230.1	5400001	5500000	0.000309733988406	84969	91886	296661017	1371626
AL	NC_063230.1	5500001	5600000	0.0002829424312033	85330	88369	312321484	1205424
AL	NC_063230.1	5600001	5700000	0.0003405926844232	80586	92145	270543098	1429212
AL	NC_063230.1	5700001	5800000	0.0002401350558431	87607	71650	298373762	1497176
AL	NC_063230.1	5800001	5900000	0.0003938204597384	83981	114737	291343421	1376410
AL	NC_063230.1	5900001	6000000	0.0003480225938112	86884	109450	314491076	1267056
AL	NC_063230.1	6000001	6100000	0.000434203523115	83714	128202	295257853	1312830
AL	NC_063230.1	6100001	6200000	0.0003387200133006	87275	103960	306920158	1379368
AL	NC_063230.1	6200001	6300000	0.0003693820867332	83690	101133	273789671	1567946
AL	NC_063230.1	6300001	6400000	0.0003925725766685	85965	120721	307512565	1304714
AL	NC_063230.1	6400001	6500000	0.0004374681647199	80200	134898	308360724	962168
AL	NC_063230.1	6500001	6600000	0.0005255370622578	69251	138288	263136532	864204
AL	NC_063230.1	6600001	6700000	0.0002211047750327	82599	66245	299609088	1202388
AL	NC_063230.1	6700001	6800000	0.0004715680592987	87671	135913	288215025	1628730
AL	NC_063230.1	6800001	6900000	0.000278214282552	86783	83801	301210273	1415738
AL	NC_063230.1	6900001	7000000	0.0004327933108975	84529	131210	303170120	1264180
AL	NC_063230.1	7000001	7100000	0.0003052330063582	84370	99981	327556319	975018
AL	NC_063230.1	7100001	7200000	0.0001861626822095	84076	56327	302568696	1246992
AL	NC_063230.1	7200001	7300000	0.0003586335875325	83160	104688	291907963	1320954
AL	NC_063230.1	7300001	7400000	0.0003202507078635	84684	89780	280342862	1550900
AL	NC_063230.1	7400001	7500000	0.0003206833207057	85224	99506	310293656	1227400
AL	NC_063230.1	7500001	7600000	0.0004636157099068	87077	146812	316667440	1254900
AL	NC_063230.1	7600001	7700000	0.000418797534868	83831	124518	297322667	1296086
AL	NC_063230.1	7700001	7800000	0.0002917161658818	84578	81520	279449717	1554366
AL	NC_063230.1	7800001	7900000	0.0003273745581511	88130	96570	294983216	1572240
AL	NC_063230.1	7900001	8000000	0.0005479123730917	84374	157454	287370769	1443942
AL	NC_063230.1	8000001	8100000	0.0003769695329225	86134	106237	281818531	1617498
AL	NC_063230.1	8100001	8200000	0.000215139048449	85263	61817	287335100	1499236
AL	NC_063230.1	8200001	8300000	6.5522502330573e-05	84048	18900	288450522	1414108
AL	NC_063230.1	8300001	8400000	0.0001231712986103	83745	36051	292689940	1346444
AL	NC_063230.1	8400001	8500000	0.0003699190471741	85457	120057	324549387	1068294
AL	NC_063230.1	8500001	8600000	0.0004382952937753	85712	135362	308837448	1266392
AL	NC_063230.1	8600001	8700000	0.0006197843035428	87056	185297	298970140	1461056
AL	NC_063230.1	8700001	8800000	0.0004682571538231	86838	141495	302173707	1405130
AL	NC_063230.1	8800001	8900000	0.0004692676425624	86208	142995	304719497	1338854
AL	NC_063230.1	8900001	9000000	0.0005486977883404	85149	166596	303620688	1292052
AL	NC_063230.1	9000001	9100000	0.0005962367619157	85391	190446	319413381	1120762
AL	NC_063230.1	9100001	9200000	0.0004872812569222	85774	149944	307715509	1281254
AL	NC_063230.1	9200001	9300000	0.0006615470535706	86143	193878	293067589	1473618
AL	NC_063230.1	9300001	9400000	0.0006222182467155	85582	178703	287203085	1513934
AL	NC_063230.1	9400001	9500000	0.0007154686933955	84574	193545	270514981	1657518
AL	NC_063230.1	9500001	9600000	0.0007506438141123	85791	209637	279276264	1624836
AL	NC_063230.1	9600001	9700000	0.0004118215162722	85361	136970	332595541	973090
AL	NC_063230.1	9700001	9800000	0.0006817620141576	83527	199736	292970268	1328500
AL	NC_063230.1	9800001	9900000	0.0004194704752088	86497	120438	287119135	1575046
AL	NC_063230.1	9900001	10000000	0.0004287705572895	82706	129696	302483456	1172504
AL	NC_063230.1	10000001	10100000	0.0006819553086702	85447	220637	323535864	1081204
AL	NC_063230.1	10100001	10200000	0.0005843400800312	84875	202797	347053038	775768
AL	NC_063230.1	10200001	10300000	0.0006339370387904	82080	211021	332873751	779210
AL	NC_063230.1	10300001	10400000	0.000591468423401	79520	191507	323782289	744638
AL	NC_063230.1	10400001	10500000	0.0010616721186767	73824	300839	283363380	891000
AL	NC_063230.1	10500001	10600000	0.0009563247009157	71205	248803	260165820	1017300
AL	NC_063230.1	10600001	10700000	0.0007352638165384	74531	208128	283065745	934474
AL	NC_063230.1	10700001	10800000	0.0004326129885513	76801	124100	286861475	1016766
AL	NC_063230.1	10800001	10900000	0.0004990715174756	80209	151078	302718137	1023666
AL	NC_063230.1	10900001	11000000	0.0005890945082737	72355	153810	261095627	1073574
AL	NC_063230.1	11000001	11100000	0.000617601841582	74424	175714	284510162	909756
AL	NC_063230.1	11100001	11200000	0.0006848152856998	77359	201490	294225325	963594
AL	NC_063230.1	11200001	11300000	0.0008330664450065	75924	249343	299307458	821308
AL	NC_063230.1	11300001	11400000	0.0010727501991201	73311	298920	278648282	916400
AL	NC_063230.1	11400001	11500000	0.0009416857141625	75751	269264	285938287	969766
AL	NC_063230.1	11500001	11600000	0.000791169828997	83451	260307	329015327	905150
AL	NC_063230.1	11600001	11700000	0.0004782352675054	81618	149430	312461272	994632
AL	NC_063230.1	11700001	11800000	0.0009919830445029	77111	286997	289316437	1009258
AL	NC_063230.1	11800001	11900000	0.000578352900297	82315	182656	315821015	993406
AL	NC_063230.1	11900001	12000000	0.0003950849650611	83852	117744	298021971	1289034
AL	NC_063230.1	12000001	12100000	0.0002869514281963	84822	91426	318611413	1106838
AL	NC_063230.1	12100001	12200000	0.000278493332572	84516	86414	310291091	1181650
AL	NC_063230.1	12200001	12300000	0.0001630972741693	85023	53284	326700739	1018502
AL	NC_063230.1	12300001	12400000	0.0002234322954007	85727	67266	301057642	1358336
AL	NC_063230.1	12400001	12500000	0.000189476955507	84091	63879	337133346	848552
AL	NC_063230.1	12500001	12600000	0.0001137608161315	85522	32619	286733175	1517954
AL	NC_063230.1	12600001	12700000	0.000187270541985	83988	60517	323152800	1002280
AL	NC_063230.1	12700001	12800000	0.000470604896162	83671	146933	312221571	1111606
AL	NC_063230.1	12800001	12900000	0.0005017603464362	83040	151659	302253857	1188006
AL	NC_063230.1	12900001	13000000	0.0004067600889455	83633	124496	306067393	1186642
AL	NC_063230.1	13000001	13100000	0.000512449747292	84998	157554	307452586	1248268
AL	NC_063230.1	13100001	13200000	0.0007079417124127	86612	216294	305525153	1356630
AL	NC_063230.1	13200001	13300000	0.00063390482717	84499	206169	325236520	1007204
AL	NC_063230.1	13300001	13400000	0.0007292251508586	84920	249631	342323629	830758
AL	NC_063230.1	13400001	13500000	0.0006850424313458	84866	226794	331065624	958024
AL	NC_063230.1	13500001	13600000	0.0008593765912453	80371	278640	324235036	787028
AL	NC_063230.1	13600001	13700000	0.000575254337026	84080	177382	308354042	1179916
AL	NC_063230.1	13700001	13800000	0.0005271245495765	83994	159141	301903981	1247102
AL	NC_063230.1	13800001	13900000	0.0004650491180629	84478	137921	296572974	1336748
AL	NC_063230.1	13900001	14000000	0.0005769421306738	84002	168757	292502473	1356926
AL	NC_063230.1	14000001	14100000	0.000539952992315	78489	149863	277548235	1217774
AL	NC_063230.1	14100001	14200000	9.89451936909062e-05	85628	29912	302308772	1337912
AL	NC_063230.1	14200001	14300000	0.0002763885623797	85959	85161	308120565	1286050
AL	NC_063230.1	14300001	14400000	0.0005110053485675	84448	156382	306028108	1227728
AL	NC_063230.1	14400001	14500000	0.0002433686379065	83716	74703	306954095	1173626
AL	NC_063230.1	14500001	14600000	0.0005603150619059	84045	167937	299718875	1274350
AL	NC_063230.1	14600001	14700000	0.000231890703779	84954	69292	298813186	1341300
AL	NC_063230.1	14700001	14800000	0.0004071739586914	81645	125966	309366543	1029510
AL	NC_063230.1	14800001	14900000	0.0005376379693353	83393	169337	314964734	1065688
AL	NC_063230.1	14900001	15000000	0.0007921865953861	83700	247560	312502132	1110608
AL	NC_063230.1	15000001	15100000	0.000218807716265	83256	65777	300615541	1224150
AL	NC_063230.1	15100001	15200000	0.0002371526353609	85106	63698	268594949	1712710
AL	NC_063230.1	15200001	15300000	0.0003426295834987	85066	90199	263255143	1777962
AL	NC_063230.1	15300001	15400000	0.0005016738385759	85468	132734	264582264	1785656
AL	NC_063230.1	15400001	15500000	0.000100974458865	80440	30929	306305182	994980
AL	NC_063230.1	15500001	15600000	0.0001085963491653	13212	5263	48463876	186576
AL	NC_063231.1	1	100000	0.0002235174780813	37159	31415	140548293	475442
AL	NC_063231.1	100001	200000	0.0001094996540163	82858	30527	278786269	1466614
AL	NC_063231.1	200001	300000	0.0001442628167696	87471	45721	316928513	1276914
AL	NC_063231.1	300001	400000	6.687286398833914e-05	83372	20836	311576307	1103642
AL	NC_063231.1	400001	500000	0.0001056278015636	75396	27191	257422758	1300044
AL	NC_063231.1	500001	600000	0.0003075650002619	68612	66342	215700746	1403348
AL	NC_063231.1	600001	700000	8.090507795381606e-05	71870	20415	252332740	1143096
AL	NC_063231.1	700001	800000	0.0001932973019414	69641	47768	247121918	1094648
AL	NC_063231.1	800001	900000	0.000323575236829	75533	89748	277363623	1065054
AL	NC_063231.1	900001	1000000	0.000179206944545	77694	54544	304363205	859166
AL	NC_063231.1	1000001	1100000	8.35575415735925e-05	60834	17035	203871484	1097880
AL	NC_063231.1	1100001	1200000	0.0002616717968599	51322	41824	159833809	1083206
AL	NC_063231.1	1200001	1300000	0.0004906031132022	55003	88364	180113003	1039502
AL	NC_063231.1	1300001	1400000	0.0007136863590213	56762	129727	181770323	1124530
AL	NC_063231.1	1400001	1500000	0.0008353785018237	66432	202952	242946161	940318
AL	NC_063231.1	1500001	1600000	0.0006952974017755	68875	182523	262510689	851194
AL	NC_063231.1	1600001	1700000	0.0009768806025639	68433	266040	272336250	712760
AL	NC_063231.1	1700001	1800000	0.00062166291627	76593	184863	297368550	877608
AL	NC_063231.1	1800001	1900000	0.0006585975583448	79825	197680	300152950	1030720
AL	NC_063231.1	1900001	2000000	0.0008091617003772	79529	236121	291809412	1110420
AL	NC_063231.1	2000001	2100000	0.0010056862842743	77372	290158	288517408	1026696
AL	NC_063231.1	2100001	2200000	0.0009269940959953	78769	263623	284384767	1151766
AL	NC_063231.1	2200001	2300000	0.0005565804070654	78095	164724	295957238	981232
AL	NC_063231.1	2300001	2400000	0.0007101385184181	78854	207860	292703458	1060276
AL	NC_063231.1	2400001	2500000	0.0007575579346396	76144	229976	303575462	784764
AL	NC_063231.1	2500001	2600000	0.000606164623635	78166	184630	304587224	886968
AL	NC_063231.1	2600001	2700000	0.0003304727533066	74003	95244	288205303	845350
AL	NC_063231.1	2700001	2800000	0.0004175832583992	79863	125961	301642840	1018244
AL	NC_063231.1	2800001	2900000	0.0005178856445428	83067	160354	309632062	1101904
AL	NC_063231.1	2900001	3000000	0.0003416669597908	79474	98717	288927557	1147022
AL	NC_063231.1	3000001	3100000	0.0003150521525575	81701	82897	263121516	1579788
AL	NC_063231.1	3100001	3200000	0.0002380352598204	80483	64032	269002164	1439268
AL	NC_063231.1	3200001	3300000	0.0002734699455183	78092	72502	265118713	1347078
AL	NC_063231.1	3300001	3400000	0.0003363678950364	84050	104257	309949319	1155682
AL	NC_063231.1	3400001	3500000	0.0002909812893514	82959	79226	272271802	1544288
AL	NC_063231.1	3500001	3600000	0.0003000956082817	81884	86679	288837949	1287694
AL	NC_063231.1	3600001	3700000	0.0004561397104448	73825	121955	267363260	1080676
AL	NC_063231.1	3700001	3800000	0.0001204639045048	7523	3569	29627132	82004
AL	NC_063231.1	3800001	3900000	NA	0	NA	NA	NA
AL	NC_063231.1	3900001	4000000	0.0001231284880902	66674	29652	240821604	981272
AL	NC_063231.1	4000001	4100000	5.034456301689484e-05	84342	14871	295384429	1348830
AL	NC_063231.1	4100001	4200000	3.737843908578929e-05	85813	11048	295571465	1434306
AL	NC_063231.1	4200001	4300000	3.4897820780178776e-05	78747	9644	276349634	1252248
AL	NC_063231.1	4300001	4400000	3.117158724736575e-05	85923	9677	310442966	1266696
AL	NC_063231.1	4400001	4500000	5.192661078366e-05	83931	14953	287964105	1413498
AL	NC_063231.1	4500001	4600000	5.362430868279368e-05	85086	16012	298595924	1348288
AL	NC_063231.1	4600001	4700000	4.687130219356447e-05	84747	14653	312621995	1169470
AL	NC_063231.1	4700001	4800000	5.64218178650553e-05	81474	16343	289657452	1251008
AL	NC_063231.1	4800001	4900000	7.731297335925963e-05	80640	22269	288037040	1223712
AL	NC_063231.1	4900001	5000000	3.121046382018697e-05	80242	8601	275580653	1348294
AL	NC_063231.1	5000001	5100000	5.179152081460927e-05	80967	13676	264058668	1528244
AL	NC_063231.1	5100001	5200000	6.14074218162879e-05	85290	19154	311916694	1206652
AL	NC_063231.1	5200001	5300000	0.0002422649150834	81510	72095	297587457	1161526
AL	NC_063231.1	5300001	5400000	0.0001051552979701	83287	28018	266444017	1637306
AL	NC_063231.1	5400001	5500000	0.0001542158279719	81457	43799	284011055	1317582
AL	NC_063231.1	5500001	5600000	0.0003024626531422	79223	83095	274728133	1299554
AL	NC_063231.1	5600001	5700000	0.0006606227804548	75321	161571	244573764	1431924
AL	NC_063231.1	5700001	5800000	0.0004716016057101	79081	122446	259638641	1471050
AL	NC_063231.1	5800001	5900000	0.0004028488523647	73101	96426	239360245	1367234
AL	NC_063231.1	5900001	6000000	0.0002962713883298	76389	74501	251462014	1413744
AL	NC_063231.1	6000001	6100000	0.0003051153452216	85072	85014	278629054	1593364
AL	NC_063231.1	6100001	6200000	0.0003481007442669	85186	95383	274009756	1655472
AL	NC_063231.1	6200001	6300000	0.0003345070129649	79306	85457	255471475	1533274
AL	NC_063231.1	6300001	6400000	0.0002576958085999	80538	71994	279375906	1322596
AL	NC_063231.1	6400001	6500000	0.0002598673485956	84636	77945	299941491	1307514
AL	NC_063231.1	6500001	6600000	0.0002671702145822	83136	84562	316509833	1032758
AL	NC_063231.1	6600001	6700000	0.0001665551162036	84464	49875	299450423	1305042
AL	NC_063231.1	6700001	6800000	0.0001149340287103	84671	38319	333399955	917126
AL	NC_063231.1	6800001	6900000	6.387580814648987e-05	78907	19160	299957066	986056
AL	NC_063231.1	6900001	7000000	4.207600652329143e-05	79211	13065	310509506	884304
AL	NC_063231.1	7000001	7100000	1.3228200077497196e-05	84418	4155	314101690	1132196
AL	NC_063231.1	7100001	7200000	0.0003778812184983	79521	115654	306059138	946232
AL	NC_063231.1	7200001	7300000	0.0003120219076121	84689	102703	329153170	971720
AL	NC_063231.1	7300001	7400000	0.000519065863202	84222	158899	306124928	1218880
AL	NC_063231.1	7400001	7500000	0.00064112200723	85057	204579	319095270	1111552
AL	NC_063231.1	7500001	7600000	0.0005970392872262	86170	180592	302479257	1365518
AL	NC_063231.1	7600001	7700000	0.000396699082199	85389	121723	306839631	1269902
AL	NC_063231.1	7700001	7800000	0.000480732086348	81114	145650	302975408	1075008
AL	NC_063231.1	7800001	7900000	0.0005582181620698	82804	175999	315287126	1023892
AL	NC_063231.1	7900001	8000000	0.0005155816395702	80366	157970	306391826	991892
AL	NC_063231.1	8000001	8100000	0.0003323276792925	80488	95407	287087131	1225370
AL	NC_063231.1	8100001	8200000	0.0006709776030859	80981	201441	300220155	1099694
AL	NC_063231.1	8200001	8300000	0.0006377700499105	83595	201522	315979090	1060088
AL	NC_063231.1	8300001	8400000	0.0006707280003391	81115	205010	305652962	1044808
AL	NC_063231.1	8400001	8500000	0.0006039612323888	76567	183731	304209923	798942
AL	NC_063231.1	8500001	8600000	0.000518502118802	77817	145155	279950640	1154924
AL	NC_063231.1	8600001	8700000	0.0005801150838774	81692	172798	297868483	1166978
AL	NC_063231.1	8700001	8800000	0.000256751463667	82288	82115	319822909	939942
AL	NC_063231.1	8800001	8900000	0.0007198381436519	79215	216923	301349688	979852
AL	NC_063231.1	8900001	9000000	0.0008055671570897	81403	265098	329082433	786986
AL	NC_063231.1	9000001	9100000	0.0005719661375033	79580	175732	307241965	933342
AL	NC_063231.1	9100001	9200000	0.0006492240603621	19064	44046	67844066	291444
AL	NC_063231.1	9200001	9300000	0.0005748436611607	19193	41147	71579462	254576
AL	NC_063231.1	9300001	9400000	0.0004081714756768	85384	120085	294202332	1415664
AL	NC_063231.1	9400001	9500000	0.0006861612446039	83817	203021	295879433	1311898
AL	NC_063231.1	9500001	9600000	0.0006577520993425	83540	197278	299927587	1248058
AL	NC_063231.1	9600001	9700000	0.0006912797620765	82048	214768	310681741	1037982
AL	NC_063231.1	9700001	9800000	0.0004769702216861	83963	129265	271012726	1615288
AL	NC_063231.1	9800001	9900000	0.0004491069274319	83363	130453	290472028	1351564
AL	NC_063231.1	9900001	10000000	0.0004676800062116	84106	143727	307319103	1186946
AL	NC_063231.1	10000001	10100000	0.0005310763488979	84922	154619	291142696	1424936
AL	NC_063231.1	10100001	10200000	0.0004817477025666	82837	153003	317599854	999544
AL	NC_063231.1	10200001	10300000	0.0006067861025662	81106	178363	293947075	1177346
AL	NC_063231.1	10300001	10400000	0.0002480159113957	83272	72122	290795859	1336746
AL	NC_063231.1	10400001	10500000	0.0003009240640891	83918	90908	302096146	1241564
AL	NC_063231.1	10500001	10600000	0.0002110697386361	84544	61209	289994200	1422496
AL	NC_063231.1	10600001	10700000	0.0001359497371455	84574	41411	304605223	1248170
AL	NC_063231.1	10700001	10800000	0.0003249015366938	83908	103826	319561431	1036530
AL	NC_063231.1	10800001	10900000	0.0002728676281264	80759	87672	321298648	839524
AL	NC_063231.1	10900001	11000000	0.0005446934521374	78442	167805	308072365	858646
AL	NC_063231.1	11000001	11100000	0.0006946435671013	76567	213231	306964622	770928
AL	NC_063231.1	11100001	11200000	0.0006184016423446	76982	192430	311173171	743570
AL	NC_063231.1	11200001	11300000	0.0006488808512442	77880	202879	312659866	775972
AL	NC_063231.1	11300001	11400000	0.0005879853126689	74157	172738	293779447	783246
AL	NC_063231.1	11400001	11500000	0.0006166321062406	72352	178155	288916192	739704
AL	NC_063231.1	11500001	11600000	0.0009651572297303	74251	272522	282360212	925244
AL	NC_063231.1	11600001	11700000	0.0006166363856479	83219	188006	304889566	1167480
AL	NC_063231.1	11700001	11800000	0.0007192994319324	78992	220757	306905567	907322
AL	NC_063231.1	11800001	11900000	0.0008069670563237	78590	247047	306142609	890710
AL	NC_063231.1	11900001	12000000	0.0008259367319635	74304	226773	274564614	1024060
AL	NC_063231.1	12000001	12100000	0.0007360485540491	64787	168772	229294656	1015972
AL	NC_063231.1	12100001	12200000	0.0008009050956315	71454	216510	270331655	909842
AL	NC_063231.1	12200001	12300000	0.0006556647051415	78914	202092	308224613	885766
AL	NC_063231.1	12300001	12400000	0.0005127229511919	84568	162604	317138134	1101028
AL	NC_063231.1	12400001	12500000	0.000556395426576	83232	162640	292310095	1313826
AL	NC_063231.1	12500001	12600000	0.000481838626428	83283	140055	290667855	1341134
AL	NC_063231.1	12600001	12700000	0.0004436457470584	80022	125935	283863873	1235014
AL	NC_063231.1	12700001	12800000	0.0002524196934502	19701	18955	75093190	244656
AL	NC_063232.1	1	100000	1.9668526203265943e-05	58959	4261	216640533	826194
AL	NC_063232.1	100001	200000	1.107885372582854e-05	85143	3203	289109332	1473684
AL	NC_063232.1	200001	300000	5.427283890303475e-05	86866	17609	324453269	1150982
AL	NC_063232.1	300001	400000	3.3758161397369046e-05	84925	11545	341991374	836096
AL	NC_063232.1	400001	500000	9.810757815857713e-05	81599	31449	320556277	899362
AL	NC_063232.1	500001	600000	5.2137628188099926e-05	83830	18074	346659421	728510
AL	NC_063232.1	600001	700000	0.0001705907115772	83294	55742	326758705	922958
AL	NC_063232.1	700001	800000	0.0002443760187736	85958	81702	334329041	986710
AL	NC_063232.1	800001	900000	0.0004033484632216	83783	138622	343678017	757098
AL	NC_063232.1	900001	1000000	0.000343676520853	84304	117248	341158016	813616
AL	NC_063232.1	1000001	1100000	0.0003821078354426	83786	126959	332259609	882046
AL	NC_063232.1	1100001	1200000	0.0005254437329596	79757	174315	331748176	670700
AL	NC_063232.1	1200001	1300000	0.0004229115191508	78323	128520	303893354	904872
AL	NC_063232.1	1300001	1400000	0.0004146589269216	79647	127530	307553972	943436
AL	NC_063232.1	1400001	1500000	0.0005154889309456	80297	158218	306928026	977112
AL	NC_063232.1	1500001	1600000	0.0003048559459751	76476	90039	295349332	901616
AL	NC_063232.1	1600001	1700000	0.0005884023088895	81958	197832	336218939	737234
AL	NC_063232.1	1700001	1800000	0.0004585753102481	82582	148871	324638062	905324
AL	NC_063232.1	1800001	1900000	0.0004533535097087	77526	141549	312226545	767630
AL	NC_063232.1	1900001	2000000	0.0006269775857037	83219	185076	295187586	1283616
AL	NC_063232.1	2000001	2100000	0.0007808572032626	80667	242077	310014429	967202
AL	NC_063232.1	2100001	2200000	0.0005068628612386	83409	155901	307580239	1148422
AL	NC_063232.1	2200001	2300000	0.0007079347504396	82893	219835	310530031	1085126
AL	NC_063232.1	2300001	2400000	0.0006625970944544	78561	197189	297600158	993856
AL	NC_063232.1	2400001	2500000	0.0007081837514034	81427	207210	292593553	1220258
AL	NC_063232.1	2500001	2600000	0.0006356334469043	84287	188836	297083171	1326478
AL	NC_063232.1	2600001	2700000	0.0004714789078804	82536	142344	301909582	1169084
AL	NC_063232.1	2700001	2800000	0.0007013668286834	84797	214233	305450716	1255668
AL	NC_063232.1	2800001	2900000	0.0007284054860581	81460	228857	314189012	966824
AL	NC_063232.1	2900001	3000000	0.0004509986042432	81554	128863	285728157	1304086
AL	NC_063232.1	3000001	3100000	0.0004941821094579	78665	150957	305468363	904286
AL	NC_063232.1	3100001	3200000	0.0004925977295231	80201	151524	307601905	970098
AL	NC_063232.1	3200001	3300000	0.0003405151906582	84139	109580	321806495	1025198
AL	NC_063232.1	3300001	3400000	0.0005105220345673	84524	159470	312366537	1160958
AL	NC_063232.1	3400001	3500000	0.0004876424790264	85415	145343	298052377	1377314
AL	NC_063232.1	3500001	3600000	0.0002727776295683	84529	84962	311469823	1168766
AL	NC_063232.1	3600001	3700000	0.0002694740694312	83817	83932	311465961	1128834
AL	NC_063232.1	3700001	3800000	0.0003516060563555	85654	106408	302634150	1337540
AL	NC_063232.1	3800001	3900000	0.0003976506901845	79507	116458	292865077	1106714
AL	NC_063232.1	3900001	4000000	0.000188847198041	85729	57056	302127861	1347346
AL	NC_063232.1	4000001	4100000	0.0005770050883982	87585	178465	309295366	1366968
AL	NC_063232.1	4100001	4200000	0.0005049343984257	76782	129342	256156048	1386928
AL	NC_063232.1	4200001	4300000	0.0006819915242372	72159	171708	251774390	1171976
AL	NC_063232.1	4300001	4400000	0.0006148169851258	78959	176984	287864526	1131536
AL	NC_063232.1	4400001	4500000	0.0005868447536825	78033	165554	282108682	1147632
AL	NC_063232.1	4500001	4600000	0.0005748608412058	75904	142759	248336623	1425242
AL	NC_063232.1	4600001	4700000	0.0004872130860286	82259	150002	307877609	1085722
AL	NC_063232.1	4700001	4800000	0.0004156065356942	75284	116632	280630813	1017254
AL	NC_063232.1	4800001	4900000	0.000315716951839	78887	89764	284317961	1168122
AL	NC_063232.1	4900001	5000000	0.0005520835039286	81041	169834	307623754	1017776
AL	NC_063232.1	5000001	5100000	0.0003619810445955	85050	114563	316488948	1139768
AL	NC_063232.1	5100001	5200000	0.0003349047415615	83564	101605	303384776	1207528
AL	NC_063232.1	5200001	5300000	0.0003207546120689	76933	93913	292787684	953092
AL	NC_063232.1	5300001	5400000	0.0005958218735692	80927	181349	304367812	1051836
AL	NC_063232.1	5400001	5500000	0.0004207228935604	81901	131264	311996333	1017466
AL	NC_063232.1	5500001	5600000	0.0007401086466299	72065	193639	261635911	1044238
AL	NC_063232.1	5600001	5700000	0.0007381667030969	74922	220695	298977181	766902
AL	NC_063232.1	5700001	5800000	0.0004846250783176	81949	147171	303680116	1106620
AL	NC_063232.1	5800001	5900000	0.0004510550765833	84543	145643	322894049	1036074
AL	NC_063232.1	5900001	6000000	0.0004715650632159	81146	139462	295742859	1157178
AL	NC_063232.1	6000001	6100000	0.0003251348148936	83242	103462	318212616	1019552
AL	NC_063232.1	6100001	6200000	0.0001964989873841	74679	53605	272800388	1065700
AL	NC_063232.1	6200001	6300000	0.0003895974084893	78905	114122	292922893	1066738
AL	NC_063232.1	6300001	6400000	0.0003797451577098	78145	115808	304962414	884872
AL	NC_063232.1	6400001	6500000	0.0004342885748696	81659	125872	289834933	1254730
AL	NC_063232.1	6500001	6600000	0.0003063811078547	83264	88034	287334949	1376142
AL	NC_063232.1	6600001	6700000	0.0001097164385956	84868	31885	290612787	1435170
AL	NC_063232.1	6700001	6800000	0.0003242715627956	85836	94203	290506510	1489636
AL	NC_063232.1	6800001	6900000	0.0004007838117493	85700	121807	303921956	1317928
AL	NC_063232.1	6900001	7000000	0.0003860422781321	87791	115913	300259859	1483998
AL	NC_063232.1	7000001	7100000	0.0004625318503114	83055	138994	300506873	1215610
AL	NC_063232.1	7100001	7200000	0.0003796991798578	85208	123459	325149504	1043192
AL	NC_063232.1	7200001	7300000	0.0002710703175708	82303	89585	330486203	822358
AL	NC_063232.1	7300001	7400000	0.0002840163017775	84859	83087	292543067	1411550
AL	NC_063232.1	7400001	7500000	0.0002896372034298	86322	87679	302720089	1374838
AL	NC_063232.1	7500001	7600000	0.0002457505066672	84112	68931	280491792	1509624
AL	NC_063232.1	7600001	7700000	0.0003722447072927	85215	108910	292576356	1429068
AL	NC_063232.1	7700001	7800000	0.0003136147583946	86261	97856	312026132	1259388
AL	NC_063232.1	7800001	7900000	0.0004768107834341	80977	138248	289943107	1217022
AL	NC_063232.1	7900001	8000000	0.0005145457559786	75463	149983	291486225	885762
AL	NC_063232.1	8000001	8100000	0.0006276047528056	76657	186658	297413299	885414
AL	NC_063232.1	8100001	8200000	0.0002937321134428	73257	77792	264839956	1071492
AL	NC_063232.1	8200001	8300000	0.0008098661940841	79737	215896	266582309	1429338
AL	NC_063232.1	8300001	8400000	0.0003506557254987	81139	104023	296652792	1146668
AL	NC_063232.1	8400001	8500000	0.0005286344694771	77547	144576	273489544	1216940
AL	NC_063232.1	8500001	8600000	0.0007056165714279	75467	192534	272859238	1107072
AL	NC_063232.1	8600001	8700000	0.0004134334920521	82092	114586	277157033	1430158
AL	NC_063232.1	8700001	8800000	0.0005275528178718	84243	146533	277759866	1548368
AL	NC_063232.1	8800001	8900000	0.0004237189392061	85135	128915	304246490	1282912
AL	NC_063232.1	8900001	9000000	0.0003525974695171	78925	102430	290501234	1089504
AL	NC_063232.1	9000001	9100000	0.0003676644729452	81080	112419	305765197	1033854
AL	NC_063232.1	9100001	9200000	0.0002789280752033	85312	87056	312109134	1202364
AL	NC_063232.1	9200001	9300000	0.0004018423321526	76665	114235	284278163	1036054
AL	NC_063232.1	9300001	9400000	2.5502717511202763e-05	83666	8222	322397015	989730
AL	NC_063232.1	9400001	9500000	3.633118299093533e-05	80928	11399	313752514	937836
AL	NC_063232.1	9500001	9600000	2.732067483243437e-05	83333	8127	297467030	1261200
AL	NC_063232.1	9600001	9700000	2.554860744490333e-05	83697	7837	306748617	1173778
AL	NC_063232.1	9700001	9800000	0.0001437246901345	81219	45032	313321253	956578
AL	NC_063232.1	9800001	9900000	0.0005509209003661	79676	173875	315607921	845342
AL	NC_063232.1	9900001	10000000	0.0003931896162219	74646	112669	286551311	894274
AL	NC_063232.1	10000001	10100000	0.0006026772680443	73821	176102	292199506	782080
AL	NC_063232.1	10100001	10200000	0.0008567296071839	67335	229608	268005212	697804
AL	NC_063232.1	10200001	10300000	0.0004323483907092	68109	115853	267962140	742748
AL	NC_063232.1	10300001	10400000	0.0004177297824191	67437	106287	254439603	863550
AL	NC_063232.1	10400001	10500000	0.0002640059930156	67847	67351	255111633	879650
AL	NC_063232.1	10500001	10600000	0.0005411976408441	64157	117090	216353493	1136986
AL	NC_063232.1	10600001	10700000	0.0005931623988695	71916	154923	261181424	1047392
AL	NC_063232.1	10700001	10800000	7.434125779756252e-05	78035	22834	307151112	851052
AL	NC_063232.1	10800001	10900000	0.0	79105	0	310452355	874006
AL	NC_063232.1	10900001	11000000	0.0	78062	0	302733015	899922
AL	NC_063232.1	11000001	11100000	6.96362877308521e-07	75719	194	278590382	1053464
AL	NC_063232.1	11100001	11200000	1.3923734245407936e-06	80711	415	298052227	1107726
AL	NC_063232.1	11200001	11300000	1.2440802621294249e-05	27948	1452	116712727	229866
AL	NC_063232.1	11300001	11400000	0.0	5	0	21670	32
AL	NC_063232.1	11400001	11500000	NA	0	NA	NA	NA
AL	NC_063232.1	11500001	11600000	NA	0	NA	NA	NA
AL	NC_063232.1	11600001	11700000	NA	0	NA	NA	NA
AL	NC_063232.1	11700001	11800000	NA	0	NA	NA	NA
AL	NC_063232.1	11800001	11900000	0.0	3	0	3978	144
AL	NC_063232.1	11900001	12000000	NA	0	NA	NA	NA
AL	NC_063232.1	12000001	12100000	NA	0	NA	NA	NA
AL	NC_063232.1	12100001	12200000	NA	0	NA	NA	NA
AL	NC_063232.1	12200001	12300000	NA	0	NA	NA	NA
AL	NC_063232.1	12300001	12400000	NA	0	NA	NA	NA
AL	NC_063232.1	12400001	12500000	NA	0	NA	NA	NA
AL	NC_063232.1	12500001	12600000	NA	0	NA	NA	NA
AL	NC_063232.1	12600001	12700000	NA	0	NA	NA	NA
AL	NC_063232.1	12700001	12800000	0.0	1	0	1431	46
AL	NC_063232.1	12800001	12900000	0.0	7	0	28940	60
AL	NC_063232.1	12900001	13000000	NA	0	NA	NA	NA
AL	NC_063232.1	13000001	13100000	NA	0	NA	NA	NA
AL	NC_063232.1	13100001	13200000	NA	0	NA	NA	NA
AL	NC_063232.1	13200001	13300000	NA	0	NA	NA	NA
AL	NC_063232.1	13300001	13400000	0.0001562166933312	1523	1015	6497385	10962
AL	NC_063232.1	13400001	13500000	2.523282664099212e-05	50277	5228	207190422	444416
AL	NC_063232.1	13500001	13600000	0.0001204121616918	14576	6826	56688626	167620
AL	NC_063232.1	13600001	13700000	7.508087886750502e-05	20366	5465	72788173	307606
AL	NC_063232.1	13700001	13800000	0.0	196	0	769557	2198
AL	NC_063232.1	13800001	13900000	0.0	6310	0	23195874	89900
AL	NC_063233.1	1	100000	4.270695975300234e-05	66141	9741	228089287	1105574
AL	NC_063233.1	100001	200000	3.5439994664685e-05	83304	10238	288882662	1372284
AL	NC_063233.1	200001	300000	2.4234628634630406e-05	85955	7231	298374698	1401728
AL	NC_063233.1	300001	400000	0.0002120640431005	85494	70554	332701381	978862
AL	NC_063233.1	400001	500000	0.0002155626040334	83543	74515	345676841	720034
AL	NC_063233.1	500001	600000	0.0005525361248437	81127	188570	341280853	640890
AL	NC_063233.1	600001	700000	0.0006281960072983	83043	217241	345817225	694130
AL	NC_063233.1	700001	800000	0.0003306424073747	82153	111209	336342216	751380
AL	NC_063233.1	800001	900000	0.000273544295715	81256	88231	322547395	858202
AL	NC_063233.1	900001	1000000	0.0003016178690203	84343	92946	308158135	1198590
AL	NC_063233.1	1000001	1100000	0.0004624653975462	80934	151933	328528363	771594
AL	NC_063233.1	1100001	1200000	0.0003970892369002	83478	129484	326082875	938218
AL	NC_063233.1	1200001	1300000	0.0002046667746257	85826	69512	339635000	917592
AL	NC_063233.1	1300001	1400000	0.000292239100849	84673	88150	301636570	1293344
AL	NC_063233.1	1400001	1500000	0.0004973388995209	85417	168425	338652376	906924
AL	NC_063233.1	1500001	1600000	0.0005331754755947	87375	168783	316561822	1273992
AL	NC_063233.1	1600001	1700000	0.0004226973794267	85025	133983	316971447	1134398
AL	NC_063233.1	1700001	1800000	0.0004922428237954	80645	152167	309129951	977110
AL	NC_063233.1	1800001	1900000	0.0004398970031254	82897	142410	323734872	937300
AL	NC_063233.1	1900001	2000000	0.0004767744608139	83847	154962	325021604	971580
AL	NC_063233.1	2000001	2100000	0.0003523844740755	86464	113393	321787730	1158644
AL	NC_063233.1	2100001	2200000	0.0002593088776153	83479	80729	311323703	1112774
AL	NC_063233.1	2200001	2300000	0.00076925674781	78362	238484	310018730	839500
AL	NC_063233.1	2300001	2400000	0.0005035055176032	79495	153148	304163499	968230
AL	NC_063233.1	2400001	2500000	0.0004568158607043	79486	146942	321665714	769164
AL	NC_063233.1	2500001	2600000	0.000293456575679	82425	86432	294530800	1246412
AL	NC_063233.1	2600001	2700000	0.0005301512492026	83655	174519	329187190	909544
AL	NC_063233.1	2700001	2800000	0.0005778614579277	78344	171524	296825472	995056
AL	NC_063233.1	2800001	2900000	0.0007901124145942	76877	233552	295593381	921194
AL	NC_063233.1	2900001	3000000	0.0006500682140848	76964	195197	300271565	866022
AL	NC_063233.1	3000001	3100000	0.000691587894372	76090	206833	299069723	830554
AL	NC_063233.1	3100001	3200000	0.0007230796652899	79751	220124	304425654	973744
AL	NC_063233.1	3200001	3300000	0.0007012915844335	78492	213293	304143105	906846
AL	NC_063233.1	3300001	3400000	0.0007251967336897	73851	210248	289918570	813672
AL	NC_063233.1	3400001	3500000	0.0007139667523627	80341	226578	317350912	861076
AL	NC_063233.1	3500001	3600000	0.0007177237706513	80504	225950	314814709	902046
AL	NC_063233.1	3600001	3700000	0.0005235588187213	79105	159458	304565589	936802
AL	NC_063233.1	3700001	3800000	0.0005195311314646	77877	158470	305025032	864900
AL	NC_063233.1	3800001	3900000	0.0005949081784052	82015	188551	316941348	962812
AL	NC_063233.1	3900001	4000000	0.0006168754527971	81306	200559	325120734	830156
AL	NC_063233.1	4000001	4100000	0.0004240308653366	80049	122970	290002474	1165336
AL	NC_063233.1	4100001	4200000	0.0005113155971961	83988	153090	299404127	1276410
AL	NC_063233.1	4200001	4300000	0.000689374017195	81482	211470	306756557	1050742
AL	NC_063233.1	4300001	4400000	0.0006068469680697	84353	197478	325416473	995746
AL	NC_063233.1	4400001	4500000	0.0004636211657744	84399	129404	279115816	1544364
AL	NC_063233.1	4500001	4600000	0.0004977615048274	84810	153334	308047124	1223880
AL	NC_063233.1	4600001	4700000	0.0005322423968851	84401	171482	322187787	1035622
AL	NC_063233.1	4700001	4800000	0.0003550941709883	83487	109778	309151794	1141168
AL	NC_063233.1	4800001	4900000	0.0004653074699549	82365	138296	297214227	1211670
AL	NC_063233.1	4900001	5000000	0.0003744175729925	79945	110866	296102555	1088886
AL	NC_063233.1	5000001	5100000	0.0009373614525053	78818	262811	280373168	1211672
AL	NC_063233.1	5100001	5200000	0.0006867783759914	84845	195324	284406159	1506974
AL	NC_063233.1	5200001	5300000	0.0007317383833959	84666	234656	320682918	1068900
AL	NC_063233.1	5300001	5400000	0.0006026264397631	76853	178730	296585062	908304
AL	NC_063233.1	5400001	5500000	0.0006121929058499	83225	199560	325975682	925776
AL	NC_063233.1	5500001	5600000	0.0003658919463763	86392	117162	320209289	1168806
AL	NC_063233.1	5600001	5700000	0.0002627096872036	87483	86336	328636530	1140392
AL	NC_063233.1	5700001	5800000	0.000121202072286	84787	36802	303641673	1276530
AL	NC_063233.1	5800001	5900000	0.0002280807878417	85359	70892	310819691	1225974
AL	NC_063233.1	5900001	6000000	0.0001449822504629	84762	46094	317928573	1107190
AL	NC_063233.1	6000001	6100000	0.0001920876210108	78298	53893	280564670	1188828
AL	NC_063233.1	6100001	6200000	9.252366070275005e-05	85319	29347	317183732	1147428
AL	NC_063233.1	6200001	6300000	0.0002807524423093	87348	86741	308959022	1353188
AL	NC_063233.1	6300001	6400000	0.0003572621102424	83901	107836	301840013	1244602
AL	NC_063233.1	6400001	6500000	0.000406620725017	82743	122798	301996412	1182180
AL	NC_063233.1	6500001	6600000	0.0005176475643022	79593	144286	278734046	1269752
AL	NC_063233.1	6600001	6700000	0.0004696799412575	82997	125860	267969715	1593446
AL	NC_063233.1	6700001	6800000	0.0002419640841889	82101	68009	281070640	1385532
AL	NC_063233.1	6800001	6900000	0.0004587632288625	79516	128759	280665476	1243080
AL	NC_063233.1	6900001	7000000	0.000623940262492	73504	165621	265443681	1079982
AL	NC_063233.1	7000001	7100000	0.0005097057144345	82414	147774	289920234	1299084
AL	NC_063233.1	7100001	7200000	0.0003178653884474	78816	85383	268613706	1343020
AL	NC_063233.1	7200001	7300000	0.0004260452049992	80031	115186	270360982	1393416
AL	NC_063233.1	7300001	7400000	0.0004250706258866	79143	119493	281113285	1213802
AL	NC_063233.1	7400001	7500000	0.0007278906874366	81234	211684	290818393	1216398
AL	NC_063233.1	7500001	7600000	0.0006317466836597	80994	190109	300925996	1085400
AL	NC_063233.1	7600001	7700000	0.0002772315223585	79766	86727	312832391	878762
AL	NC_063233.1	7700001	7800000	0.0002249760027291	81055	73032	324621289	816130
AL	NC_063233.1	7800001	7900000	0.0005819090249839	80016	185855	319388413	818790
AL	NC_063233.1	7900001	8000000	0.0004131163702332	83434	133323	322725047	970610
AL	NC_063233.1	8000001	8100000	0.0003619666003028	85715	112537	310904376	1237388
AL	NC_063233.1	8100001	8200000	0.0003856439191712	84082	116085	301016026	1263868
AL	NC_063233.1	8200001	8300000	0.0005613200924633	82388	159483	284121310	1362412
AL	NC_063233.1	8300001	8400000	0.0004609518609892	80736	132669	287815304	1223920
AL	NC_063233.1	8400001	8500000	0.0004239371795064	78714	121986	287745463	1111026
AL	NC_063233.1	8500001	8600000	0.0002023051883743	79315	58460	288969356	1130740
AL	NC_063233.1	8600001	8700000	0.0001797758444652	73854	50466	280716245	917102
AL	NC_063233.1	8700001	8800000	0.0004077733353813	74453	119355	292699374	813256
AL	NC_063233.1	8800001	8900000	0.0002988725769689	64797	64948	217310001	1159562
AL	NC_063233.1	8900001	9000000	0.0008082476867736	69712	212983	263512044	888472
AL	NC_063233.1	9000001	9100000	0.000527695837464	76435	153981	291798777	933954
AL	NC_063233.1	9100001	9200000	0.0008191400825802	74853	240225	293264858	827328
AL	NC_063233.1	9200001	9300000	0.0004805109109774	78514	148855	309784849	845310
AL	NC_063233.1	9300001	9400000	0.0005079364619441	78581	155667	306469434	887176
AL	NC_063233.1	9400001	9500000	0.0003359365189624	79903	106806	317935068	830772
AL	NC_063233.1	9500001	9600000	0.0006457963652435	82473	207009	320548413	946234
AL	NC_063233.1	9600001	9700000	0.0002755447215741	80699	87730	318387518	869728
AL	NC_063233.1	9700001	9800000	0.0006136484811068	77774	186901	304573393	862430
AL	NC_063233.1	9800001	9900000	0.0005557801268126	78867	168870	303843178	939600
AL	NC_063233.1	9900001	10000000	0.0006991587796677	75907	208199	297785004	843220
AL	NC_063233.1	10000001	10100000	0.0008105662579349	74888	231754	285916170	918564
AL	NC_063233.1	10100001	10200000	0.0005681316957651	76220	171073	301115043	815570
AL	NC_063233.1	10200001	10300000	0.0005575437831972	77436	170691	306148154	826508
AL	NC_063233.1	10300001	10400000	0.0006136525099579	70665	157462	256597989	1031122
AL	NC_063233.1	10400001	10500000	0.0003556678574247	75611	99455	279628867	1040614
AL	NC_063233.1	10500001	10600000	0.0001958632672875	79847	62126	317190665	835626
AL	NC_063233.1	10600001	10700000	0.0001869714222843	76050	53850	288011929	965342
AL	NC_063233.1	10700001	10800000	0.0004142180016112	73244	107545	259633815	1142682
AL	NC_063233.1	10800001	10900000	0.0001276516473788	76027	34047	266718062	1214056
AL	NC_063233.1	10900001	11000000	0.0001027193734078	81948	31236	304090640	1112112
AL	NC_063233.1	11000001	11100000	0.0001314521201423	68276	34485	262338865	820694
AL	NC_063233.1	11100001	11200000	0.0002286777381249	27380	24819	108532646	290868
AL	NC_063233.1	11200001	11300000	0.0	15	0	53428	228
AL	NC_063233.1	11300001	11400000	0.0	9	0	38836	60
AL	NC_063233.1	11400001	11500000	NA	0	NA	NA	NA
AL	NC_063233.1	11500001	11600000	0.0	10	0	26804	264
AL	NC_063233.1	11600001	11700000	0.0	67	0	272312	628
AL	NC_063233.1	11700001	11800000	NA	0	NA	NA	NA
AL	NC_063233.1	11800001	11900000	NA	0	NA	NA	NA
AL	NC_063233.1	11900001	12000000	0.0	38	0	152891	378
AL	NC_063233.1	12000001	12100000	0.0	11	0	44871	102
AL	NC_063233.1	12100001	12200000	NA	0	NA	NA	NA
AL	NC_063233.1	12200001	12300000	0.0326532485011623	14	2135	65384	40
AL	NC_063233.1	12300001	12400000	0.0	14	0	51447	194
AL	NC_063233.1	12400001	12500000	NA	0	NA	NA	NA
AL	NC_063233.1	12500001	12600000	NA	0	NA	NA	NA
AL	NC_063233.1	12600001	12700000	0.0	6	0	21592	88
AL	NC_063233.1	12700001	12800000	0.0	8	0	31738	84
AL	NC_063233.1	12800001	12900000	NA	0	NA	NA	NA
AL	NC_063233.1	12900001	13000000	0.0	81	0	345549	594
AL	NC_063233.1	13000001	13100000	0.0	1459	0	5433807	19606
AL	NC_063234.1	1	100000	NA	0	NA	NA	NA
AL	NC_063234.1	100001	200000	0.0	599	0	1827092	13164
AL	NC_063234.1	200001	300000	0.0002633729091363	74643	71925	273091869	1057186
AL	NC_063234.1	300001	400000	0.0002988922875732	84951	91353	305638532	1259156
AL	NC_063234.1	400001	500000	0.0003362445574218	83084	111756	332365231	844482
AL	NC_063234.1	500001	600000	0.000388185082052	84401	113540	292489344	1383540
AL	NC_063234.1	600001	700000	0.0004766680307406	83945	145815	305904719	1202118
AL	NC_063234.1	700001	800000	0.0006140100556336	84439	187132	304770253	1244786
AL	NC_063234.1	800001	900000	0.0003588278587432	84789	111775	311500340	1183732
AL	NC_063234.1	900001	1000000	0.0003443620673835	84123	112254	325976670	977840
AL	NC_063234.1	1000001	1100000	0.0005518704251853	81102	180094	326333849	802270
AL	NC_063234.1	1100001	1200000	0.0005039834907953	83112	161377	320202949	986590
AL	NC_063234.1	1200001	1300000	0.0005635321110226	83545	178145	316122181	1055130
AL	NC_063234.1	1300001	1400000	0.0004574749796789	78571	144079	314944000	792028
AL	NC_063234.1	1400001	1500000	0.0006446910217606	70379	172185	267081430	883536
AL	NC_063234.1	1500001	1600000	0.0009584185126373	67121	226397	236219352	1063988
AL	NC_063234.1	1600001	1700000	0.0011715288886403	57028	234356	200042869	912190
AL	NC_063234.1	1700001	1800000	0.0008826343856576	61033	198922	225373046	843984
AL	NC_063234.1	1800001	1900000	0.0005674281151342	62334	132107	232817156	825184
AL	NC_063234.1	1900001	2000000	0.0004267703762013	69354	112012	262464328	877968
AL	NC_063234.1	2000001	2100000	0.0005724347925932	67232	149746	261594861	766318
AL	NC_063234.1	2100001	2200000	0.0004350879273765	80175	129949	298672962	1071024
AL	NC_063234.1	2200001	2300000	0.0006826179617355	78843	211644	310047511	863502
AL	NC_063234.1	2300001	2400000	0.0006328241622164	77137	188731	298236084	905516
AL	NC_063234.1	2400001	2500000	0.0007247486635231	80141	220606	304389661	1000026
AL	NC_063234.1	2500001	2600000	0.000506186668302	84471	155136	306479822	1225592
AL	NC_063234.1	2600001	2700000	0.0008495688558142	84968	253451	298328968	1352336
AL	NC_063234.1	2700001	2800000	0.0004842581307231	82008	140058	289221783	1283882
AL	NC_063234.1	2800001	2900000	0.000447902667501	83309	135282	302034370	1208480
AL	NC_063234.1	2900001	3000000	0.0004568731215687	82713	131029	286795160	1355604
AL	NC_063234.1	3000001	3100000	0.0006023340807752	85068	190037	315500992	1152648
AL	NC_063234.1	3100001	3200000	0.0004408476669878	78190	128228	290866913	1043710
AL	NC_063234.1	3200001	3300000	0.0006893982654645	77160	200604	290984196	987496
AL	NC_063234.1	3300001	3400000	0.0006966490013797	77442	204901	294123726	964148
AL	NC_063234.1	3400001	3500000	0.0005329328442685	77994	158251	296943605	962982
AL	NC_063234.1	3500001	3600000	0.0004778107687878	77608	145968	305493324	845864
AL	NC_063234.1	3600001	3700000	0.0008047896448935	81493	265723	330176962	781880
AL	NC_063234.1	3700001	3800000	0.0005842516104478	79841	187716	321293081	791746
AL	NC_063234.1	3800001	3900000	0.0009494927080644	79206	303399	319537999	775554
AL	NC_063234.1	3900001	4000000	0.0006966964320524	84471	238687	342598281	803210
AL	NC_063234.1	4000001	4100000	0.0007895972904983	64523	169235	214330776	1195500
AL	NC_063234.1	4100001	4200000	0.0007597375714108	84094	241817	318290169	1070614
AL	NC_063234.1	4200001	4300000	0.000676643961679	86642	231767	342524301	924806
AL	NC_063234.1	4300001	4400000	0.0005827951244704	83748	185284	317923044	1048456
AL	NC_063234.1	4400001	4500000	0.0002428047756526	84565	71477	294380536	1372564
AL	NC_063234.1	4500001	4600000	0.0006257389353793	78280	185050	295730359	1001234
AL	NC_063234.1	4600001	4700000	0.0005675967535078	81286	173110	304987650	1055836
AL	NC_063234.1	4700001	4800000	0.0004607747401065	80646	132876	288375183	1214666
AL	NC_063234.1	4800001	4900000	0.0003741505284698	84303	104581	279515842	1534648
AL	NC_063234.1	4900001	5000000	0.0005745017742915	74122	151894	264392569	1128590
AL	NC_063234.1	5000001	5100000	0.0004268553257516	78130	118327	277206334	1205524
AL	NC_063234.1	5100001	5200000	0.000414589714948	84957	119403	288002803	1474654
AL	NC_063234.1	5200001	5300000	0.0003953027685435	84898	121384	307065899	1241338
AL	NC_063234.1	5300001	5400000	0.0003078665286926	85161	96436	313239638	1184464
AL	NC_063234.1	5400001	5500000	0.0004118173435673	59645	91934	223239748	781980
AL	NC_063234.1	5500001	5600000	0.000447442854682	75050	123953	277025320	1030160
AL	NC_063234.1	5600001	5700000	0.0002127730650838	66398	52910	248668693	871854
AL	NC_063234.1	5700001	5800000	0.0002307102392787	81218	63968	277265544	1385392
AL	NC_063234.1	5800001	5900000	0.0002611771795345	44478	44034	168598191	561778
AL	NC_063234.1	5900001	6000000	NA	0	NA	NA	NA
AL	NC_063234.1	6000001	6100000	0.0005485448144164	17645	38157	69560406	191624
AL	NC_063234.1	6100001	6200000	0.0004703860562444	82946	145390	309086543	1108642
AL	NC_063234.1	6200001	6300000	0.0006386523093272	86512	207336	324646129	1122254
AL	NC_063234.1	6300001	6400000	0.0003205473759935	82538	99093	309136831	1078498
AL	NC_063234.1	6400001	6500000	0.0002258092500598	80144	68871	304996363	989994
AL	NC_063234.1	6500001	6600000	9.896513698629656e-05	79076	30895	312180642	850476
AL	NC_063234.1	6600001	6700000	0.0003791921305773	72806	107287	282935724	833280
AL	NC_063234.1	6700001	6800000	0.0006946243024055	76178	205835	296325653	867790
AL	NC_063234.1	6800001	6900000	0.0005985983007111	73263	169995	283988444	846204
AL	NC_063234.1	6900001	7000000	0.0006286883725643	67309	159630	253909579	868366
AL	NC_063234.1	7000001	7100000	0.0004803272786215	79042	147333	306734609	912822
AL	NC_063234.1	7100001	7200000	0.0003902419906407	81244	119168	305369496	1053376
AL	NC_063234.1	7200001	7300000	0.0005833902805028	81258	186736	320087609	883886
AL	NC_063234.1	7300001	7400000	0.0007017265923363	76762	215979	307782265	773334
AL	NC_063234.1	7400001	7500000	0.001412516304685	58095	303372	214774158	800368
AL	NC_063234.1	7500001	7600000	0.000975239557588	51919	190258	195088477	681618
AL	NC_063234.1	7600001	7700000	0.0009881614857886	55355	204667	207118981	731082
AL	NC_063234.1	7700001	7800000	0.0009586823700169	26432	84513	88155371	482122
AL	NC_063234.1	7800001	7900000	0.0006704914048573	49825	108112	161242932	969100
AL	NC_063234.1	7900001	8000000	0.0007322132920135	53980	144749	197686933	769814
AL	NC_063234.1	8000001	8100000	0.0004038094740503	69348	104432	258617013	933126
AL	NC_063234.1	8100001	8200000	0.0003231267351158	78802	95869	296691637	1021750
AL	NC_063234.1	8200001	8300000	0.000275822750385	75930	79788	289272730	939348
AL	NC_063234.1	8300001	8400000	0.0003716114977057	80440	114887	309158895	961050
AL	NC_063234.1	8400001	8500000	0.0003692952670651	61769	76532	207237966	1105912
AL	NC_063234.1	8500001	8600000	0.0003072990423218	64357	71095	231354447	965798
AL	NC_063234.1	8600001	8700000	0.000240344430614	53699	47533	197770341	741610
AL	NC_063235.1	1	100000	0.00034390983459	56968	74244	215882166	720188
AL	NC_063235.1	100001	200000	0.0003232826418188	82312	98260	303944559	1131274
AL	NC_063235.1	200001	300000	0.0003614084644049	80736	111816	309389544	974824
AL	NC_063235.1	300001	400000	0.0002087462294045	76995	59916	287027939	1029246
AL	NC_063235.1	400001	500000	0.0003021183706649	74050	87384	289237625	831078
AL	NC_063235.1	500001	600000	0.0003484547883515	72445	99608	285856310	778992
AL	NC_063235.1	600001	700000	0.0002512835960505	65403	64589	257036277	714762
AL	NC_063235.1	700001	800000	0.0005137422316591	71553	142883	278121967	819678
AL	NC_063235.1	800001	900000	0.0005279003913154	66418	132741	251450846	841380
AL	NC_063235.1	900001	1000000	0.000535967068728	59304	119508	222976386	772196
AL	NC_063235.1	1000001	1100000	0.0007341246179417	55303	140268	191068378	920760
AL	NC_063235.1	1100001	1200000	0.0007073398716808	50517	125051	176790543	817182
AL	NC_063235.1	1200001	1300000	0.0009108378284656	57651	212453	233250084	557876
AL	NC_063235.1	1300001	1400000	0.0010107149732933	67050	269171	266317416	704128
AL	NC_063235.1	1400001	1500000	0.0009097588292777	69674	250195	275012445	748742
AL	NC_063235.1	1500001	1600000	0.0004371193524102	53073	88529	202528210	653632
AL	NC_063235.1	1600001	1700000	0.0006491250007355	71100	181014	278858463	782602
AL	NC_063235.1	1700001	1800000	0.0006954427536408	69130	180983	260241406	890388
AL	NC_063235.1	1800001	1900000	0.0007761180492367	68136	187772	241937422	1050444
AL	NC_063235.1	1900001	2000000	0.0005401175136719	64408	121238	224465967	1052386
AL	NC_063235.1	2000001	2100000	0.0004966702031681	75324	146327	294616023	841106
AL	NC_063235.1	2100001	2200000	0.0004025662675206	76654	118242	293720586	925116
AL	NC_063235.1	2200001	2300000	0.0001933603914516	83895	60710	313973299	1096046
AL	NC_063235.1	2300001	2400000	0.0001794342151303	82026	56337	313970220	995728
AL	NC_063235.1	2400001	2500000	0.0002925042272387	80934	87268	298347825	1116670
AL	NC_063235.1	2500001	2600000	0.000198484220972	81199	57721	290809011	1226086
AL	NC_063235.1	2600001	2700000	0.0002859129930734	68294	72527	253668080	921496
AL	NC_063235.1	2700001	2800000	0.0002501017014379	83691	73656	294504194	1320880
AL	NC_063235.1	2800001	2900000	0.0001615334286011	81663	45656	282641187	1350198
AL	NC_063235.1	2900001	3000000	0.0003711159203347	15073	19925	53689424	230628
AL	NC_063235.1	3000001	3100000	0.0	605	0	1940673	12050
AL	NC_063235.1	3100001	3200000	NA	0	NA	NA	NA
AL	NC_063235.1	3200001	3300000	NA	0	NA	NA	NA
AL	NC_063235.1	3300001	3400000	NA	0	NA	NA	NA
AL	NC_063235.1	3400001	3500000	0.000304698266803	20507	24346	79901997	234026
AL	NC_063235.1	3500001	3600000	5.127350429039556e-05	71850	13076	255024504	1109872
AL	NC_063235.1	3600001	3700000	0.0001114989912468	72318	26952	241724160	1294464
AL	NC_063235.1	3700001	3800000	0.0002098269904186	71095	54505	259761625	1010658
AL	NC_063235.1	3800001	3900000	0.0005206046268562	85203	173083	332465351	965086
AL	NC_063235.1	3900001	4000000	0.0007171441399543	84103	246684	343981058	770832
AL	NC_063235.1	4000001	4100000	0.0007809259756619	83580	263281	337139509	818086
AL	NC_063235.1	4100001	4200000	0.0006859539932163	82568	228116	332552915	813698
AL	NC_063235.1	4200001	4300000	0.0003697136459195	80731	120564	326101028	783196
AL	NC_063235.1	4300001	4400000	0.0006071849426116	81183	189851	312674091	960622
AL	NC_063235.1	4400001	4500000	0.0007077901059661	75249	206559	291836518	872504
AL	NC_063235.1	4500001	4600000	0.0007232197395149	72200	188890	261179265	1069598
AL	NC_063235.1	4600001	4700000	0.0006766898714088	79768	212124	313472994	881532
AL	NC_063235.1	4700001	4800000	0.0007098064591934	79568	216002	304311122	971268
AL	NC_063235.1	4800001	4900000	0.0005836899461767	81655	176430	302266642	1118808
AL	NC_063235.1	4900001	5000000	0.0008595852215634	69562	207395	241273343	1148418
AL	NC_063235.1	5000001	5100000	0.000877469216045	71620	245249	279495845	805662
AL	NC_063235.1	5100001	5200000	0.0006769949101935	71020	180592	266755329	917510
AL	NC_063235.1	5200001	5300000	7.868683257574257e-05	72526	21810	277174710	885028
AL	NC_063235.1	5300001	5400000	0.0002431325118477	70807	67234	276532330	796976
AL	NC_063235.1	5400001	5500000	0.0005817451168991	63882	146257	251410791	695866
AL	NC_063235.1	5500001	5600000	0.0007358451981609	63878	177098	240672903	822370
AL	NC_063235.1	5600001	5700000	0.0005062909796466	57392	97480	192537501	1026614
AL	NC_063235.1	5700001	5800000	0.0004979075003451	52193	79045	158754387	1137822
AL	NC_063235.1	5800001	5900000	0.0005546490628432	63255	128328	231367920	900428
AL	NC_063235.1	5900001	6000000	0.000830952760293	59610	176827	212800304	914048
AL	NC_063235.1	6000001	6100000	0.0006758444727966	69490	168964	250004264	1037544
AL	NC_063235.1	6100001	6200000	0.0006342092699162	65513	148292	233821874	1004088
AL	NC_063235.1	6200001	6300000	0.0008985458412043	75221	254393	283116329	969554
AL	NC_063235.1	6300001	6400000	0.0007348053923388	68954	184165	250630986	1002396
AL	NC_063235.1	6400001	6500000	0.0006466773207368	70685	167161	258492133	1010002
AL	NC_063235.1	6500001	6600000	0.0005269200345413	82826	167344	317588987	1001714
AL	NC_063235.1	6600001	6700000	0.0005384461561346	80820	171526	318557386	874964
AL	NC_063235.1	6700001	6800000	0.0005128552749054	79070	156279	304723394	943524
AL	NC_063235.1	6800001	6900000	0.000571999787356	70247	149593	261526321	943594
AL	NC_063235.1	6900001	7000000	0.000530830216814	75522	154242	290567483	899354
AL	NC_063235.1	7000001	7100000	0.0006537341278391	68742	165715	253489902	959820
AL	NC_063235.1	7100001	7200000	0.0004962866444522	64516	111991	225657896	1050200
AL	NC_063235.1	7200001	7300000	0.0003755107162218	81345	118129	314582234	950624
AL	NC_063235.1	7300001	7400000	0.0004935997818366	73942	137728	279027676	951368
AL	NC_063235.1	7400001	7500000	0.0004046054541967	70069	103402	255562546	1004968
AL	NC_063235.1	7500001	7600000	0.0005753772192092	63485	121397	210986803	1158958
AL	NC_063235.1	7600001	7700000	0.0003433134419684	71473	84327	245626852	1202404
AL	NC_063235.1	7700001	7800000	0.0004957095473216	77865	142562	287591798	1065240
AL	NC_063235.1	7800001	7900000	0.0003834821261385	44189	61112	159360752	653956
AL	NC_063235.1	7900001	8000000	0.0	696	0	2235995	13714
AL	NC_063236.1	1	100000	0.000658269195465	40164	90001	136723700	696408
AL	NC_063236.1	100001	200000	0.0002294834922285	43026	29929	130418967	949122
AL	NC_063236.1	200001	300000	0.00049200511881	50797	88906	180701372	784004
AL	NC_063236.1	300001	400000	0.0005313677879981	29931	56111	105597293	478002
AL	NC_063236.1	400001	500000	0.0004939078238141	60992	108253	219176524	914744
AL	NC_063236.1	500001	600000	0.0001013821982956	77214	29943	295347709	939838
AL	NC_063236.1	600001	700000	0.000223780428845	77842	66754	298301332	945336
AL	NC_063236.1	700001	800000	0.0008659635178378	73514	234884	271240064	1017232
AL	NC_063236.1	800001	900000	0.0007461656871032	40584	91127	122127031	905370
AL	NC_063236.1	900001	1000000	0.0007090034497505	30405	66296	93505892	654268
AL	NC_063236.1	1000001	1100000	0.0006816271974461	35529	72748	106726962	793320
AL	NC_063236.1	1100001	1200000	0.0009524059346008	40914	117783	123668906	906692
AL	NC_063236.1	1200001	1300000	0.0007373989450346	56743	129169	175168409	1200818
AL	NC_063236.1	1300001	1400000	0.0007087422395822	50708	118157	166713642	952180
AL	NC_063236.1	1400001	1500000	0.0009345187056431	47158	128864	137893441	1101294
AL	NC_063236.1	1500001	1600000	0.0009422794942923	42008	119412	126726731	938706
AL	NC_063236.1	1600001	1700000	0.0008512941983415	52951	150107	176327996	967324
AL	NC_063236.1	1700001	1800000	0.000921735607672	28858	77467	84044708	680784
AL	NC_063236.1	1800001	1900000	0.0008330178762473	29865	74951	89975260	665636
AL	NC_063236.1	1900001	2000000	0.0008764396637985	43744	124047	141535128	849256
AL	NC_063236.1	2000001	2100000	0.0011401800520166	64211	264946	232372071	937742
AL	NC_063236.1	2100001	2200000	0.0006089264907725	69297	158630	260507635	896710
AL	NC_063236.1	2200001	2300000	0.0006105393290651	76244	176295	288752897	959526
AL	NC_063236.1	2300001	2400000	0.0005658312211454	37638	74023	130821696	617736
AL	NC_063236.1	2400001	2500000	0.0013927498809179	44395	226660	162742789	628954
AL	NC_063236.1	2500001	2600000	0.0008410844994242	24410	77529	92177421	310462
AL	NC_063236.1	2600001	2700000	0.0	35	0	153474	208
AL	NC_063236.1	2700001	2800000	0.0	26	0	85701	486
AL	NC_063236.1	2800001	2900000	0.0	555	0	2161225	6410
AL	NC_063236.1	2900001	3000000	0.0	2959	0	9527944	58692
AL	NC_063236.1	3000001	3100000	0.0	12	0	47883	122
AL	NC_063236.1	3100001	3200000	NA	0	NA	NA	NA
AL	NC_063236.1	3200001	3300000	NA	0	NA	NA	NA
AL	NC_063236.1	3300001	3400000	NA	0	NA	NA	NA
AL	NC_063236.1	3400001	3500000	0.0	16	0	48612	352
AL	NC_063236.1	3500001	3600000	NA	0	NA	NA	NA
AL	NC_063236.1	3600001	3700000	0.0	8	0	18518	252
AL	NC_063236.1	3700001	3800000	0.000235808778909	11816	10929	46346875	131234
AL	NC_063236.1	3800001	3900000	0.0002163172235808	22952	19085	88226909	278318
AL	NC_063236.1	3900001	4000000	0.0	7877	0	31808408	76996
AL	NC_063236.1	4000001	4100000	0.0	135	0	517329	1666
AL	NC_063236.1	4100001	4200000	0.0	33	0	110096	588
AL	NC_063236.1	4200001	4300000	NA	0	NA	NA	NA
AL	NC_063236.1	4300001	4400000	0.0	6	0	20268	104
AL	NC_063236.1	4400001	4500000	0.0002275001949384	34494	30518	134144940	395728
AL	NC_063236.1	4500001	4600000	0.0002599982809666	27028	25960	99846814	373212
AL	NC_063236.1	4600001	4700000	0.0002825898197617	50606	46007	162804874	994548
AL	NC_063236.1	4700001	4800000	0.000196251434198	67554	46358	236217382	1091764
AL	NC_063236.1	4800001	4900000	0.0003388945363011	72053	90736	267741112	965932
AL	NC_063236.1	4900001	5000000	0.0007828282363302	72634	205345	262311693	1066246
AL	NC_063236.1	5000001	5100000	0.0002915682536549	79415	87710	300821502	1000800
AL	NC_063236.1	5100001	5200000	0.0003090095330687	78724	93351	302097476	947560
AL	NC_063236.1	5200001	5300000	0.0003328423825768	73754	91871	276019536	971424
AL	NC_063236.1	5300001	5400000	0.0003928724826499	38395	58971	150102139	431742
AL	NC_063236.1	5400001	5500000	0.0004437218695073	78910	130384	293841726	1049892
AL	NC_063236.1	5500001	5600000	0.0001135444385709	75375	30151	265543609	1188042
AL	NC_063236.1	5600001	5700000	0.0003020920191482	76160	85188	281993547	1038498
AL	NC_063236.1	5700001	5800000	0.0004267387547184	81548	134220	314524984	965456
AL	NC_063236.1	5800001	5900000	0.0004349606310554	78769	134073	308241690	877616
AL	NC_063236.1	5900001	6000000	0.00047519543893	80403	147117	309592618	950232
AL	NC_063236.1	6000001	6100000	0.0003711324959382	79610	109944	296239217	1064518
AL	NC_063236.1	6100001	6200000	0.0001766001254233	74783	47066	266511702	1138872
AL	NC_063236.1	6200001	6300000	0.00040813746794	76988	113904	279082439	1115074
AL	NC_063236.1	6300001	6400000	0.0004244636744243	63986	96404	227119553	993310
AL	NC_063236.1	6400001	6500000	0.0006597761714863	63435	142108	215388197	1104930
AL	NC_063236.1	6500001	6600000	0.0008255803292503	73189	220099	266599133	1048082
AL	NC_063236.1	6600001	6700000	0.0006097885808859	72702	171996	282058414	842324
AL	NC_063236.1	6700001	6800000	0.0005084843271093	62730	125243	246306510	689404
AL	NC_063236.1	6800001	6900000	0.0004387664102638	81680	136848	311892608	1002896
AL	NC_063236.1	6900001	7000000	0.0008505654796759	78488	257666	302934937	923118
AL	NC_063236.1	7000001	7100000	0.0004970675829003	76695	143134	287956819	997118
AL	NC_063236.1	7100001	7200000	0.0003053999513769	80776	91613	299977127	1090794
AL	NC_063236.1	7200001	7300000	0.0003999420908136	79811	122530	306369354	959752
AL	NC_063236.1	7300001	7400000	0.0002569631135598	77141	76259	296770221	920474
AL	NC_063236.1	7400001	7500000	0.000242144422772	80304	75736	312772019	914850
AL	NC_063236.1	7500001	7600000	0.0004571945762504	83912	146129	319621027	1037794
AL	NC_063236.1	7600001	7700000	0.0007648840908393	77239	214224	280073808	1124892
AL	NC_063236.1	7700001	7800000	0.0004701825336301	77182	133197	283287852	1083288
AL	NC_063236.1	7800001	7900000	0.0005384464995348	81248	170926	317442866	913804
AL	NC_063236.1	7900001	8000000	0.0005164106652012	79085	156151	302377566	968104
AL	NC_063236.1	8000001	8100000	0.0005692104373067	63831	126681	222555652	1041396
AL	NC_063236.1	8100001	8200000	0.0006911655170626	74035	191765	277451631	968670
AL	NC_063236.1	8200001	8300000	0.0008585314843777	72184	225725	262919886	1036460
AL	NC_063236.1	8300001	8400000	0.0006692536073982	70562	180511	269719876	862224
AL	NC_063236.1	8400001	8500000	0.000877006120092	66957	218849	249541018	893856
AL	NC_063236.1	8500001	8600000	0.0006183150396974	58459	124989	202144525	971682
AL	NC_063236.1	8600001	8700000	0.0007840953520946	62181	170705	217709491	999686
AL	NC_063236.1	8700001	8800000	0.000805288443917	65800	195541	242821068	905304
AL	NC_063236.1	8800001	8900000	0.0007031407037148	55260	128516	182774229	1017606
AL	NC_063236.1	8900001	9000000	0.0005731705642228	57876	114603	199945718	963524
AL	NC_063236.1	9000001	9100000	0.0008329380114863	48862	123638	148436016	1068848
AL	NC_063236.1	9100001	9200000	0.0005955593753257	69586	155696	261428174	903412
AL	NC_063236.1	9200001	9300000	0.0008368277164973	65649	210647	251720869	793834
AL	NC_063236.1	9300001	9400000	8.336519512341805e-05	60237	17326	207832537	1009642
AL	NC_063236.1	9400001	9500000	0.0001969417667532	70199	50900	258452033	974898
AL	NC_063236.1	9500001	9600000	0.0005605391685327	71676	157708	281350544	792064
AL	NC_063236.1	9600001	9700000	0.0004199391368647	76222	124531	296545354	876452
AL	NC_063236.1	9700001	9800000	0.0003403137941352	78812	102271	300519702	968756
AL	NC_063236.1	9800001	9900000	0.0005739900277661	72378	163871	285494507	784698
AL	NC_063236.1	9900001	10000000	0.0005744290527384	78623	182506	317717217	762770
AL	NC_063236.1	10000001	10100000	0.0005090327236958	77353	158246	310875888	772732
AL	NC_063236.1	10100001	10200000	0.0005788419616919	78789	183395	316830866	781384
AL	NC_063236.1	10200001	10300000	0.0006716209830212	78845	213103	317296519	780310
AL	NC_063236.1	10300001	10400000	0.0004465118747537	78412	139661	312782275	805474
AL	NC_063236.1	10400001	10500000	0.0004743317249198	79968	154401	325512699	748066
AL	NC_063236.1	10500001	10600000	0.000366594133314	78570	116337	317345504	767560
AL	NC_063236.1	10600001	10700000	6.014323907829335e-07	77566	186	309261694	805012
AL	NC_063236.1	10700001	10800000	0.0	81303	0	320425688	879820
AL	NC_063236.1	10800001	10900000	0.0	81242	0	322141939	855858
AL	NC_063236.1	10900001	11000000	0.0	81881	0	324760508	865980
AL	NC_063236.1	11000001	11100000	1.5906990209818167e-05	80938	4934	310178100	980288
AL	NC_063236.1	11100001	11200000	0.0	79997	0	306987206	961632
AL	NC_063236.1	11200001	11300000	3.033760784205756e-07	81381	89	293365253	1199482
AL	NC_063236.1	11300001	11400000	0.0	15526	0	57579832	209872
AL	NC_063237.1	1	100000	0.0003483829922478	4012	5062	14529986	59916
AL	NC_063237.1	100001	200000	0.0	829	0	2507304	18212
AL	NC_063237.1	200001	300000	0.0	1356	0	4355301	26702
AL	NC_063237.1	300001	400000	0.0005257782062946	39671	82699	157288756	419932
AL	NC_063237.1	400001	500000	0.0002685000063031	84791	84918	316268149	1127906
AL	NC_063237.1	500001	600000	0.0001680755906014	82186	51219	304737885	1112454
AL	NC_063237.1	600001	700000	0.000411950832275	82366	121240	294306967	1242930
AL	NC_063237.1	700001	800000	0.0006853935842322	81947	196116	286136323	1318430
AL	NC_063237.1	800001	900000	0.0007936779799353	79009	228988	288514997	1117042
AL	NC_063237.1	900001	1000000	0.0005038744445975	79437	156110	309819245	897106
AL	NC_063237.1	1000001	1100000	0.0005354069508532	79369	163054	304542180	951196
AL	NC_063237.1	1100001	1200000	0.0005700022379823	78284	175938	308661946	844724
AL	NC_063237.1	1200001	1300000	0.0006104670531127	74845	180940	296396012	795660
AL	NC_063237.1	1300001	1400000	0.0005944150738289	76388	179650	302229886	812700
AL	NC_063237.1	1400001	1500000	0.0009083531749482	76304	275651	303462362	793324
AL	NC_063237.1	1500001	1600000	0.0007183983636506	75513	213631	297371223	816150
AL	NC_063237.1	1600001	1700000	0.0005726013056133	78772	177698	310334605	851646
AL	NC_063237.1	1700001	1800000	0.0006160391271219	75824	186329	302462931	776730
AL	NC_063237.1	1800001	1900000	0.0004444093156564	79437	137259	308857162	910256
AL	NC_063237.1	1900001	2000000	0.0007488881036372	72755	215581	287868106	782560
AL	NC_063237.1	2000001	2100000	0.0009035126580645	70380	225336	249399937	1098030
AL	NC_063237.1	2100001	2200000	0.0005906333711302	74418	168379	285082097	903326
AL	NC_063237.1	2200001	2300000	0.00065078914747	72297	178492	274270093	908298
AL	NC_063237.1	2300001	2400000	0.0004617354062133	81119	142789	309244208	1004308
AL	NC_063237.1	2400001	2500000	0.0004043545302316	76795	120452	297887104	883348
AL	NC_063237.1	2500001	2600000	0.0003941057152691	79602	124553	316039568	835104
AL	NC_063237.1	2600001	2700000	0.0006748769038153	78720	211088	312780003	822018
AL	NC_063237.1	2700001	2800000	0.0006034317768765	75094	178326	295519737	815846
AL	NC_063237.1	2800001	2900000	0.0004825958424628	77567	146835	304260806	855152
AL	NC_063237.1	2900001	3000000	0.0004113824881349	82445	135347	329005254	845544
AL	NC_063237.1	3000001	3100000	0.0006339653319854	83499	210099	331404557	874610
AL	NC_063237.1	3100001	3200000	0.0006022889966638	82839	197752	328334074	873960
AL	NC_063237.1	3200001	3300000	0.0005621825914531	82119	183978	327256665	847106
AL	NC_063237.1	3300001	3400000	0.0007616572765519	77305	226658	297585288	923244
AL	NC_063237.1	3400001	3500000	0.0007321619440437	78697	219513	299814818	974672
AL	NC_063237.1	3500001	3600000	0.0003408391285719	82474	109068	319998471	951434
AL	NC_063237.1	3600001	3700000	0.0006406931340812	74838	176941	276171213	1025006
AL	NC_063237.1	3700001	3800000	0.0004389723034991	81659	130822	298018802	1159992
AL	NC_063237.1	3800001	3900000	0.0004881461086073	83909	158321	324331173	982810
AL	NC_063237.1	3900001	4000000	0.0003252418758339	83125	102925	316456790	1027528
AL	NC_063237.1	4000001	4100000	0.0004006197527213	78999	118140	294893098	1044752
AL	NC_063237.1	4100001	4200000	0.000299538089282	79624	87994	293765645	1092262
AL	NC_063237.1	4200001	4300000	0.0007204524675603	80652	216406	300375125	1073726
AL	NC_063237.1	4300001	4400000	0.0005149618210266	79178	148976	289295233	1120358
AL	NC_063237.1	4400001	4500000	0.0004418534317223	81197	133674	302530184	1082324
AL	NC_063237.1	4500001	4600000	0.0004535725758489	81530	147254	324653667	845346
AL	NC_063237.1	4600001	4700000	0.0004245372867865	78489	132483	312064462	817904
AL	NC_063237.1	4700001	4800000	0.0005902924696653	79597	185263	313849506	858248
AL	NC_063237.1	4800001	4900000	0.0005614637436761	78598	169394	301700692	945152
AL	NC_063237.1	4900001	5000000	0.0004594992205843	77559	139753	304141974	855888
AL	NC_063237.1	5000001	5100000	0.0008540326859958	77273	249113	291690241	982122
AL	NC_063237.1	5100001	5200000	0.0007046365318282	78608	220567	313022374	815380
AL	NC_063237.1	5200001	5300000	0.0006478450929972	82115	202218	312139433	1019458
AL	NC_063237.1	5300001	5400000	0.0004129806048141	67210	98350	238146777	1055622
AL	NC_063237.1	5400001	5500000	0.0004918387040812	78733	142541	289812491	1093670
AL	NC_063237.1	5500001	5600000	0.0005591695222591	79823	172788	309008258	931824
AL	NC_063237.1	5600001	5700000	0.0005903508742573	77216	183279	310457743	769202
AL	NC_063237.1	5700001	5800000	0.0004796807001701	78604	150121	312960267	815586
AL	NC_063237.1	5800001	5900000	0.0006384886170969	78687	189036	296067925	1009842
AL	NC_063237.1	5900001	6000000	0.0004581918725703	78822	136597	298121831	998266
AL	NC_063237.1	6000001	6100000	0.0005535302537219	80250	174886	315946597	872782
AL	NC_063237.1	6100001	6200000	0.0005980814740154	71780	151454	253233057	1133590
AL	NC_063237.1	6200001	6300000	0.0006339936941723	76674	186838	294700092	918912
AL	NC_063237.1	6300001	6400000	0.000749792020937	72994	203781	271783367	989978
AL	NC_063237.1	6400001	6500000	0.0005417199362512	74111	153933	284156055	901734
AL	NC_063237.1	6500001	6600000	0.0008046944462591	76677	245011	304477061	806562
AL	NC_063237.1	6600001	6700000	0.0004813042836142	83909	164228	341214499	787566
AL	NC_063237.1	6700001	6800000	0.0004194455264506	87130	151738	361758537	735254
AL	NC_063237.1	6800001	6900000	0.0005912200520595	82656	197063	333315826	809548
AL	NC_063237.1	6900001	7000000	0.0004482840270935	82092	143806	320792157	924006
AL	NC_063237.1	7000001	7100000	0.0002146216533051	83088	66054	307769505	1135958
AL	NC_063237.1	7100001	7200000	7.5452670493482e-05	86263	25397	336595111	974558
AL	NC_063237.1	7200001	7300000	1.867182826773918e-05	62554	4485	240201438	752380
AL	NC_063238.1	1	100000	0.0003463717717429	72251	76063	219599304	1561172
AL	NC_063238.1	100001	200000	0.000541131743721	77613	136010	251343599	1487670
AL	NC_063238.1	200001	300000	0.0003132267522308	83521	83247	265772318	1660000
AL	NC_063238.1	300001	400000	0.0004570920680727	82692	120184	262931712	1645888
AL	NC_063238.1	400001	500000	0.0003730612514009	85055	98295	263482202	1777384
AL	NC_063238.1	500001	600000	0.0001250694044188	74332	30372	242841166	1399980
AL	NC_063238.1	600001	700000	0.000218558034058	84353	61085	279490984	1538036
AL	NC_063238.1	700001	800000	0.0003830077378595	83200	108315	282801075	1434474
AL	NC_063238.1	800001	900000	0.0004563183192445	83758	127282	278932479	1511610
AL	NC_063238.1	900001	1000000	0.000486709382509	82827	126495	259898421	1690562
AL	NC_063238.1	1000001	1100000	0.0004189328653189	79132	101635	242604504	1682704
AL	NC_063238.1	1100001	1200000	0.0001925974039689	80945	48657	252635804	1667860
AL	NC_063238.1	1200001	1300000	0.0002071413837821	79684	53279	257210795	1534562
AL	NC_063238.1	1300001	1400000	0.0002401230653417	83212	59483	247718810	1861844
AL	NC_063238.1	1400001	1500000	0.0002439607090579	82190	66378	272084797	1503502
AL	NC_063238.1	1500001	1600000	0.0005965886130617	83552	172805	289655210	1371708
AL	NC_063238.1	1600001	1700000	0.0007056360383746	85214	194219	275239627	1637154
AL	NC_063238.1	1700001	1800000	0.0005415836842794	85477	150230	277390188	1628668
AL	NC_063238.1	1800001	1900000	0.0005299640982982	85262	153633	289893222	1466092
AL	NC_063238.1	1900001	2000000	0.0005985438389768	79567	162634	271716104	1358548
AL	NC_063238.1	2000001	2100000	0.0004589371421801	84895	128136	279201634	1575472
AL	NC_063238.1	2100001	2200000	0.0003985884786849	82399	105567	264852111	1602550
AL	NC_063238.1	2200001	2300000	0.0004075619846361	81284	110089	270115968	1481256
AL	NC_063238.1	2300001	2400000	0.0005611427677204	83167	149156	265807578	1633088
AL	NC_063238.1	2400001	2500000	0.0004181347828855	84041	115889	277157043	1551886
AL	NC_063238.1	2500001	2600000	0.0005027581060728	86087	138083	274650967	1697022
AL	NC_063238.1	2600001	2700000	0.0005452544470744	84813	142833	261956598	1781848
AL	NC_063238.1	2700001	2800000	0.0005989047658061	81150	154467	257915797	1616942
AL	NC_063238.1	2800001	2900000	0.0003745509852715	77774	89201	238154493	1660670
AL	NC_063238.1	2900001	3000000	0.0007051477829193	76923	166178	235664075	1639462
AL	NC_063238.1	3000001	3100000	0.0007142555126442	77292	178267	249584353	1493878
AL	NC_063238.1	3100001	3200000	0.0006395667219608	77422	153449	239926492	1616192
AL	NC_063238.1	3200001	3300000	0.0004848593748526	79275	113235	233541942	1806544
AL	NC_063238.1	3300001	3400000	0.0005649776292309	79654	128269	227033768	1914216
AL	NC_063238.1	3400001	3500000	0.0007855124373439	76434	181009	230434289	1677278
AL	NC_063238.1	3500001	3600000	0.0007578079263771	69305	167643	221220964	1369204
AL	NC_063238.1	3600001	3700000	0.0009681465292417	78121	221213	228491239	1801630
AL	NC_063238.1	3700001	3800000	0.0003148912927413	74374	72852	231356032	1543720
AL	NC_063238.1	3800001	3900000	0.0003381199044154	80561	87325	258266369	1576506
AL	NC_063238.1	3900001	4000000	0.0004416206828387	84077	111852	253276181	1845066
AL	NC_063238.1	4000001	4100000	0.0004048151613085	82512	101208	250010399	1795762
AL	NC_063238.1	4100001	4200000	0.0004426773036246	84388	113469	256324413	1825958
AL	NC_063238.1	4200001	4300000	0.0003882479604874	80998	99082	255202886	1640156
AL	NC_063238.1	4300001	4400000	0.0003029328822354	81136	74918	247308907	1746826
AL	NC_063238.1	4400001	4500000	0.0001084509218683	80949	27925	257489743	1606102
AL	NC_063238.1	4500001	4600000	5.646608292289904e-05	68814	13115	232263322	1203628
AL	NC_063238.1	4600001	4700000	0.0003873123990533	76705	97614	252029112	1426812
AL	NC_063238.1	4700001	4800000	0.0004031806141883	83864	113360	281164312	1495264
AL	NC_063238.1	4800001	4900000	8.821625604291361e-05	79974	23582	267320345	1441742
AL	NC_063238.1	4900001	5000000	0.0001564892061348	73451	37090	237013152	1420508
AL	NC_063238.1	5000001	5100000	0.0001021217644369	78193	23958	234602292	1728396
AL	NC_063238.1	5100001	5200000	4.191659381422058e-05	81776	10613	253193283	1711338
AL	NC_063238.1	5200001	5300000	8.997334572069285e-05	83747	23231	258198690	1764904
AL	NC_063238.1	5300001	5400000	9.053176873955073e-05	83582	23951	264559064	1675920
AL	NC_063238.1	5400001	5500000	0.0001312189001472	74766	34677	264268333	1169614
AL	NC_063238.1	5500001	5600000	0.0001008011085265	83399	27380	271623997	1581954
AL	NC_063238.1	5600001	5700000	0.000109392541852	82658	31300	286125539	1363482
AL	NC_063238.1	5700001	5800000	0.000151584099509	81710	44311	292319578	1233612
AL	NC_063238.1	5800001	5900000	0.0003821310405033	81400	96689	253025768	1687544
AL	NC_063238.1	5900001	6000000	0.0004201849263185	81083	106563	253609764	1662148
AL	NC_063238.1	6000001	6100000	0.0002354747540612	78837	63633	270232791	1331918
AL	NC_063238.1	6100001	6200000	0.0001532493130377	74623	36574	238656861	1463834
AL	NC_063238.1	6200001	6300000	0.0001361883161626	84541	37445	274950165	1604266
AL	NC_063238.1	6300001	6400000	0.0002237096764242	80014	61643	275549100	1333984
AL	NC_063238.1	6400001	6500000	0.0001841708519946	65842	41240	223922513	1133846
AL	NC_063238.1	6500001	6600000	0.0001494522440799	80616	39682	265516254	1493820
AL	NC_063238.1	6600001	6700000	0.000262911538649	84554	68113	259071931	1800450
AL	NC_063238.1	6700001	6800000	0.0002543311448421	83227	63275	248789821	1849538
AL	NC_063238.1	6800001	6900000	0.0002428545749909	80105	60452	248922632	1666076
AL	NC_063238.1	6900001	7000000	0.0002464687063177	78270	60632	246002833	1592686
AL	NC_063238.1	7000001	7100000	0.00027386127806	81932	67838	247709353	1786518
AL	NC_063238.1	7100001	7200000	0.0004783850866658	79273	122100	255233709	1536690
AL	NC_063238.1	7200001	7300000	0.0003407735303709	82621	90720	266217860	1600660
AL	NC_063238.1	7300001	7400000	0.000329295165614	84506	93322	283399241	1507142
AL	NC_063238.1	7400001	7500000	0.0001693871754783	82892	45073	266094525	1617598
AL	NC_063238.1	7500001	7600000	0.0003836539691326	85127	114945	299605919	1342430
AL	NC_063238.1	7600001	7700000	0.0004562305856279	82768	121103	265442528	1616760
AL	NC_063238.1	7700001	7800000	0.0003135727880402	83868	82591	263387013	1706366
AL	NC_063238.1	7800001	7900000	0.0004371549618776	81257	108462	248108816	1743892
AL	NC_063238.1	7900001	8000000	0.0003567791088999	79513	90994	255042960	1553532
AL	NC_063238.1	8000001	8100000	0.0002426151225909	85185	62093	255932109	1876794
AL	NC_063238.1	8100001	8200000	0.000259335878871	78783	63381	244397344	1643004
AL	NC_063238.1	8200001	8300000	0.0005453361281042	69663	116299	213261132	1484244
AL	NC_063238.1	8300001	8400000	0.0004066094686651	32117	44308	108969425	555594
AL	NC_063238.1	8400001	8500000	0.0005772170049868	79856	152279	263815859	1468034
AL	NC_063238.1	8500001	8600000	0.0005122018530399	81899	135462	264469953	1577962
AL	NC_063238.1	8600001	8700000	0.0005565482335045	78607	135637	243711132	1638748
AL	NC_063238.1	8700001	8800000	0.0004985173539085	80859	127179	255114489	1631154
AL	NC_063238.1	8800001	8900000	0.0002800319770736	79390	74709	266787389	1404342
AL	NC_063238.1	8900001	9000000	0.0002435224790438	76962	67765	278269999	1133378
AL	NC_063238.1	9000001	9100000	0.0001458436976258	83883	37600	257810249	1775842
AL	NC_063238.1	9100001	9200000	4.9067196618925815e-05	81643	13067	266308265	1541122
AL	NC_063238.1	9200001	9300000	0.0001231905145563	83992	32708	265507455	1686330
AL	NC_063238.1	9300001	9400000	8.317711756095187e-05	83279	22361	268835957	1606394
AL	NC_063238.1	9400001	9500000	0.0001123560015209	83219	29812	265335181	1643570
AL	NC_063238.1	9500001	9600000	8.741427062793987e-05	80331	24137	276121963	1349294
AL	NC_063238.1	9600001	9700000	8.49344892518309e-05	84947	23798	280192419	1563542
AL	NC_063238.1	9700001	9800000	0.0001926143809798	86218	57102	296457615	1445122
AL	NC_063238.1	9800001	9900000	0.0002428407855535	83876	70147	288860044	1402696
AL	NC_063238.1	9900001	10000000	0.0003385797235443	79489	94928	280371190	1255624
AL	NC_063238.1	10000001	10100000	0.0003295553918532	73845	81261	246577668	1326684
AL	NC_063238.1	10100001	10200000	0.0003843508850721	83858	101631	264422443	1694298
AL	NC_063238.1	10200001	10300000	0.0003676340872206	80195	99466	270557066	1405584
AL	NC_063238.1	10300001	10400000	0.0005471569656048	82856	134982	246697033	1854270
AL	NC_063238.1	10400001	10500000	0.0006364253988146	83187	162567	255437637	1767410
AL	NC_063238.1	10500001	10600000	0.0005427136382328	81012	133893	246710218	1745524
AL	NC_063238.1	10600001	10700000	0.0005544934171089	83928	136906	246902841	1916382
AL	NC_063238.1	10700001	10800000	0.0005105451784341	83924	129329	253315486	1835140
AL	NC_063238.1	10800001	10900000	0.0006649434302666	84215	185826	279461367	1536102
AL	NC_063238.1	10900001	11000000	0.0004830242227454	84786	130928	271058870	1666996
AL	NC_063238.1	11000001	11100000	0.0003410957332777	80492	93449	273967074	1382972
AL	NC_063238.1	11100001	11200000	0.0005662578367257	84341	164789	291014074	1404816
AL	NC_063238.1	11200001	11300000	0.0006603195133605	83763	176445	267211549	1653570
AL	NC_063238.1	11300001	11400000	0.0004235068440854	82085	111565	263431398	1601416
AL	NC_063238.1	11400001	11500000	0.0007161113543667	79596	195466	272954756	1344456
AL	NC_063238.1	11500001	11600000	0.0007299388901075	84529	188006	257564027	1816582
AL	NC_063238.1	11600001	11700000	0.0005133667761638	80111	139495	271725804	1385172
AL	NC_063238.1	11700001	11800000	0.0006186795628658	83511	177873	287504244	1401932
AL	NC_063238.1	11800001	11900000	0.0007536153701551	82724	196779	261113305	1668334
AL	NC_063238.1	11900001	12000000	0.0006662763752334	81216	173972	261110864	1581616
AL	NC_063238.1	12000001	12100000	0.0004539773057469	78858	115950	255409243	1512386
AL	NC_063238.1	12100001	12200000	0.0006485238512534	85331	176677	272429456	1682372
AL	NC_063238.1	12200001	12300000	0.0006261588785433	83327	168001	268304109	1618234
AL	NC_063238.1	12300001	12400000	0.0006608900102586	81503	177946	269252065	1499514
AL	NC_063238.1	12400001	12500000	0.0006153485505599	83785	163651	265948461	1672058
AL	NC_063238.1	12500001	12600000	0.0005663517500535	86277	149730	264376335	1835142
AL	NC_063238.1	12600001	12700000	0.0005958228710527	80831	151705	254614261	1636130
AL	NC_063238.1	12700001	12800000	0.0007401230854014	82003	197755	267192044	1553452
AL	NC_063238.1	12800001	12900000	0.00060365733171	81301	157715	261265774	1583488
AL	NC_063238.1	12900001	13000000	0.0002976606443779	80159	78838	264858662	1475552
AL	NC_063238.1	13000001	13100000	0.0005277780335669	83207	130735	247708301	1861386
AL	NC_063238.1	13100001	13200000	0.0004403041361966	79629	112416	255314431	1559150
AL	NC_063238.1	13200001	13300000	0.0004604293537572	80793	117323	254812164	1634908
AL	NC_063238.1	13300001	13400000	0.0004626383280082	81750	113778	245932931	1797474
AL	NC_063238.1	13400001	13500000	0.0001851854335827	81499	48873	263913846	1569304
AL	NC_063238.1	13500001	13600000	0.0003731857915348	79824	90790	243283646	1718596
AL	NC_063238.1	13600001	13700000	0.000313092581163	77859	73568	234972032	1705076
AL	NC_063238.1	13700001	13800000	0.0002549519522108	78865	58977	231325940	1810044
AL	NC_063238.1	13800001	13900000	0.0002817751903266	73209	62073	220292638	1611104
AL	NC_063238.1	13900001	14000000	0.0002274365745867	80797	55766	245193633	1753538
AL	NC_063238.1	14000001	14100000	0.0002470311158661	79847	64568	261375980	1503004
AL	NC_063238.1	14100001	14200000	0.0004626668637841	83977	117524	254014301	1830530
AL	NC_063238.1	14200001	14300000	0.0001413182837363	80112	35498	251191842	1640044
AL	NC_063238.1	14300001	14400000	0.0004777549883249	78175	109143	228449734	1805896
AL	NC_063238.1	14400001	14500000	0.0004655708966777	76351	101179	217322433	1839130
AL	NC_063238.1	14500001	14600000	0.0003608137389543	76875	82974	229963527	1708686
AL	NC_063238.1	14600001	14700000	0.0006377067144121	76241	152619	239324750	1554920
AL	NC_063238.1	14700001	14800000	0.0004144834248671	82223	104405	251891858	1752408
AL	NC_063238.1	14800001	14900000	0.0003599484431178	78657	87549	243226500	1648460
AL	NC_063238.1	14900001	15000000	0.0002644211331672	79401	66213	250407368	1606388
AL	NC_063238.1	15000001	15100000	0.0002756256115933	79689	75421	273635674	1343512
AL	NC_063238.1	15100001	15200000	0.0004052872432917	74862	97764	241221508	1448112
AL	NC_063238.1	15200001	15300000	0.0004821560950927	73326	115828	240229256	1372064
AL	NC_063238.1	15300001	15400000	0.0007167673591097	84326	193984	270637324	1646752
AL	NC_063238.1	15400001	15500000	0.0005238462522702	82032	153226	292501854	1248628
AL	NC_063238.1	15500001	15600000	0.0006221384007039	82519	172345	277020354	1464496
AL	NC_063238.1	15600001	15700000	0.0003048922154405	77047	81048	265825088	1277820
AL	NC_063238.1	15700001	15800000	0.0001765744340619	84145	50272	284707128	1467044
AL	NC_063238.1	15800001	15900000	0.0002459951654355	83226	67504	274411897	1538590
AL	NC_063238.1	15900001	16000000	0.0004007966459719	84819	110696	276189936	1602988
AL	NC_063238.1	16000001	16100000	0.0001722084167578	81779	49831	289364486	1276024
AL	NC_063238.1	16100001	16200000	0.0002164492045627	72951	54773	253052443	1195638
AL	NC_063238.1	16200001	16300000	0.0003362957895061	82526	95062	282673774	1398668
AL	NC_063238.1	16300001	16400000	0.0002361885685296	82300	61211	259161569	1667390
AL	NC_063238.1	16400001	16500000	0.0003190632768546	79069	75477	236558092	1755052
AL	NC_063238.1	16500001	16600000	0.0004809309147815	76221	114962	239040570	1558712
AL	NC_063238.1	16600001	16700000	0.0003578899400992	71533	78706	219916771	1516014
AL	NC_063238.1	16700001	16800000	0.0001246990831605	76813	28612	229448359	1712374
AL	NC_063238.1	16800001	16900000	0.0003000062538566	77535	70446	234815105	1688514
AL	NC_063238.1	16900001	17000000	0.0002778673521451	74800	64289	231365792	1567880
AL	NC_063238.1	17000001	17100000	0.0	79400	0	250905596	1599864
AL	NC_063238.1	17100001	17200000	0.0001048171998239	81745	25165	240084643	1873062
AL	NC_063238.1	17200001	17300000	0.0001262716864552	77289	29829	236228729	1654138
AL	NC_063238.1	17300001	17400000	0.0002081140417855	77407	48788	234429160	1683012
AL	NC_063238.1	17400001	17500000	0.000156319036609	82777	39848	254914570	1747368
AL	NC_063238.1	17500001	17600000	0.0002576980346937	80627	73048	283463551	1279606
AL	NC_063238.1	17600001	17700000	0.0002942971287611	84344	80429	273291827	1616778
AL	NC_063238.1	17700001	17800000	0.0005500458906081	85720	152989	278138611	1637658
AL	NC_063238.1	17800001	17900000	0.0006734077613717	81406	167622	248916050	1739724
AL	NC_063238.1	17900001	18000000	0.0005911721712545	80501	149083	252182033	1648250
AL	NC_063238.1	18000001	18100000	0.0005598589959503	81438	143889	257009356	1646136
AL	NC_063238.1	18100001	18200000	0.0006364968588184	75077	157873	248034217	1382338
AL	NC_063238.1	18200001	18300000	0.000248679855352	76886	58436	234984856	1645728
AL	NC_063238.1	18300001	18400000	0.0005709863830304	80306	135220	236818257	1826734
AL	NC_063238.1	18400001	18500000	0.0006014022621117	78946	145750	242350269	1678462
AL	NC_063238.1	18500001	18600000	0.0004007667811223	80131	97086	242250617	1749914
AL	NC_063238.1	18600001	18700000	0.0005822774509635	82759	138575	237987921	1960986
AL	NC_063238.1	18700001	18800000	8.216071842227619e-05	80102	19966	243011507	1738362
AL	NC_063238.1	18800001	18900000	0.0004653827312493	74770	105741	227212986	1616772
AL	NC_063238.1	18900001	19000000	0.0003599468927573	77867	85952	238790782	1656632
AL	NC_063238.1	19000001	19100000	4.339117719785786e-05	75899	10168	234333352	1596028
AL	NC_063238.1	19100001	19200000	0.0003140908190252	81678	82292	262000654	1595148
AL	NC_063238.1	19200001	19300000	0.0002289963640696	80508	60234	263034744	1520800
AL	NC_063238.1	19300001	19400000	0.0002204834668863	82586	59108	268083593	1574494
AL	NC_063238.1	19400001	19500000	1.684899119933906e-05	82229	4317	256217120	1695476
AL	NC_063238.1	19500001	19600000	0.0004291955634921	78799	113876	265324271	1388702
AL	NC_063238.1	19600001	19700000	0.0003138580174348	79859	88907	283271400	1237156
AL	NC_063238.1	19700001	19800000	0.0003346567446466	81679	85037	254102155	1692166
AL	NC_063238.1	19800001	19900000	0.000362373729013	79550	95332	263076466	1458724
AL	NC_063238.1	19900001	20000000	0.0001952582102117	81605	52270	267696810	1519136
AL	NC_063238.1	20000001	20100000	0.0001335775377799	83685	37902	283745311	1451158
AL	NC_063238.1	20100001	20200000	0.0003244791326174	84607	87708	270303977	1665466
AL	NC_063238.1	20200001	20300000	0.0002845846379303	85392	77551	272505925	1684046
AL	NC_063238.1	20300001	20400000	0.0003308551733929	81152	85378	258052486	1612772
AL	NC_063238.1	20400001	20500000	0.0002049673462918	78036	50658	247151563	1564082
AL	NC_063238.1	20500001	20600000	0.0002826682378371	84829	74612	263956080	1753628
AL	NC_063238.1	20600001	20700000	0.0003218619072159	83567	86008	267220190	1641840
AL	NC_063238.1	20700001	20800000	0.0001029720759798	80971	27112	263294682	1540280
AL	NC_063238.1	20800001	20900000	0.00036958319033	78177	100315	271427388	1281492
AL	NC_063238.1	20900001	21000000	0.0002508027414186	84247	68640	273681219	1598766
AL	NC_063238.1	21000001	21100000	0.0002856663199281	83562	80971	283446085	1449782
AL	NC_063238.1	21100001	21200000	0.0002864661516074	83427	80657	281558570	1466056
AL	NC_063238.1	21200001	21300000	0.0003789796627539	80822	105875	279368553	1338550
AL	NC_063238.1	21300001	21400000	0.0003506246437636	84032	99321	283268737	1473430
AL	NC_063238.1	21400001	21500000	0.0002657908311773	84230	79040	297376699	1318634
AL	NC_063238.1	21500001	21600000	0.0004755854027951	84554	133153	279977054	1546740
AL	NC_063238.1	21600001	21700000	0.0003606539368835	80508	96426	267364335	1461650
AL	NC_063238.1	21700001	21800000	0.0005305121115143	83367	145067	273447103	1552590
AL	NC_063238.1	21800001	21900000	0.0004371075592938	82001	130136	297720772	1182700
AL	NC_063238.1	21900001	22000000	0.0005669219898203	78441	154213	272018025	1286930
AL	NC_063238.1	22000001	22100000	0.0003883154098116	84971	110844	285448368	1502012
AL	NC_063238.1	22100001	22200000	0.0005701035639459	80768	139163	244101263	1760602
AL	NC_063238.1	22200001	22300000	5.702375339414596e-05	80864	15278	267923437	1473870
AL	NC_063238.1	22300001	22400000	0.0004620046608788	83043	120909	261705152	1678948
AL	NC_063238.1	22400001	22500000	0.0004370425964546	83696	123865	283416310	1454780
AL	NC_063238.1	22500001	22600000	0.0004866268783562	82892	133512	274362157	1522550
AL	NC_063238.1	22600001	22700000	0.0003908841812467	83765	104341	266935847	1654286
AL	NC_063238.1	22700001	22800000	0.0002257020664611	82683	62298	276018740	1483116
AL	NC_063238.1	22800001	22900000	9.122333064887238e-05	80898	23173	254024928	1646472
AL	NC_063238.1	22900001	23000000	0.0002794241876229	81921	81512	291714188	1252676
AL	NC_063238.1	23000001	23100000	0.0001222802988115	80638	31206	255200554	1617836
AL	NC_063238.1	23100001	23200000	1.6266200077066717e-05	82392	4035	248060394	1807860
AL	NC_063238.1	23200001	23300000	0.0002197203836415	81222	52774	240187092	1838096
AL	NC_063238.1	23300001	23400000	0.0003792026258389	82365	96854	255414898	1717960
AL	NC_063238.1	23400001	23500000	0.0003281324060858	86336	89074	271457492	1754768
AL	NC_063238.1	23500001	23600000	0.0005086322960795	74609	136634	268630209	1113970
AL	NC_063238.1	23600001	23700000	0.0003577573810217	83689	100589	281165408	1481612
AL	NC_063238.1	23700001	23800000	0.0002737837747762	80931	79158	289125972	1226796
AL	NC_063238.1	23800001	23900000	0.0004339593822732	82988	128475	296053053	1260214
AL	NC_063238.1	23900001	24000000	0.0003881052314467	83871	123471	318137943	1052134
AL	NC_063238.1	24000001	24100000	0.0006193768759335	82984	178468	288141206	1355508
AL	NC_063238.1	24100001	24200000	0.0003588454604581	85313	105000	292605067	1432878
AL	NC_063238.1	24200001	24300000	0.000533652955764	81543	151220	283367680	1325988
AL	NC_063238.1	24300001	24400000	0.0002750667171873	82512	75189	273348229	1510350
AL	NC_063238.1	24400001	24500000	0.0005455365798061	81492	164463	301470160	1115032
AL	NC_063238.1	24500001	24600000	0.0006614504247406	83354	190883	288582474	1378676
AL	NC_063238.1	24600001	24700000	0.0007794526226718	81590	223906	287260564	1289816
AL	NC_063238.1	24700001	24800000	0.0002931692582977	81573	75005	255841968	1666980
AL	NC_063238.1	24800001	24900000	0.0003298811202156	79070	76724	232580755	1806098
AL	NC_063238.1	24900001	25000000	0.0002067462444282	81184	49035	237174804	1875384
AL	NC_063238.1	25000001	25100000	0.0003323267893022	80769	76436	230002523	1944214
AL	NC_063238.1	25100001	25200000	0.0003183720405618	81254	81439	255798216	1648832
AL	NC_063238.1	25200001	25300000	0.0005771904101975	83560	155305	269070652	1618240
AL	NC_063238.1	25300001	25400000	0.0003502680213567	81075	91686	261759551	1565110
AL	NC_063238.1	25400001	25500000	0.0003579560896342	83846	94099	262878612	1716976
AL	NC_063238.1	25500001	25600000	0.0002257211665974	79819	53684	237833256	1783980
AL	NC_063238.1	25600001	25700000	0.0004727933294352	82212	116738	246911267	1820730
AL	NC_063238.1	25700001	25800000	0.0004377908802605	81917	107411	245347733	1817874
AL	NC_063238.1	25800001	25900000	0.0004572669646631	82753	124807	272941213	1526986
AL	NC_063238.1	25900001	26000000	0.0001172789548417	80174	30597	260890797	1521078
AL	NC_063238.1	26000001	26100000	2.9505208100280185e-05	73909	7461	252870611	1255582
AL	NC_063238.1	26100001	26200000	0.000288095227583	78866	73604	255484968	1509440
AL	NC_063238.1	26200001	26300000	0.0002677209759937	81451	71463	266930896	1519756
AL	NC_063238.1	26300001	26400000	0.0001756937617707	82182	45828	260840223	1641146
AL	NC_063238.1	26400001	26500000	0.0001880579630788	81155	46346	246445294	1757920
AL	NC_063238.1	26500001	26600000	0.0002525175996426	80377	61160	242200940	1763700
AL	NC_063238.1	26600001	26700000	0.0002832108970262	82143	68426	241607935	1876646
AL	NC_063238.1	26700001	26800000	0.0002082687835187	81514	52472	251943662	1712012
AL	NC_063238.1	26800001	26900000	0.0004347734887648	77617	104528	240419443	1621390
AL	NC_063238.1	26900001	27000000	0.0002980918041087	82356	77672	260564024	1652640
AL	NC_063238.1	27000001	27100000	0.0004707405574726	82900	127599	271060137	1562310
AL	NC_063238.1	27100001	27200000	0.0004973181711764	84119	139599	280703598	1512088
AL	NC_063238.1	27200001	27300000	0.0003108038958381	80157	83394	268317100	1430860
AL	NC_063238.1	27300001	27400000	0.0005752781117824	81370	160102	278303653	1385294
AL	NC_063238.1	27400001	27500000	0.0003434181564594	78310	93668	272752032	1271728
AL	NC_063238.1	27500001	27600000	0.0002452414641633	75648	62417	254512426	1333892
AL	NC_063238.1	27600001	27700000	0.0001908698619381	69495	42873	224619013	1337618
AL	NC_063238.1	27700001	27800000	0.0001221407937904	74879	29647	242728077	1432594
AL	NC_063238.1	27800001	27900000	0.000154273691686	71497	34813	225657399	1442822
AL	NC_063238.1	27900001	28000000	0.0003081740566694	70525	71896	233296731	1292542
AL	NC_063238.1	28000001	28100000	0.0005366592330388	74376	121317	226059653	1607158
AL	NC_063238.1	28100001	28200000	0.0004099630502844	72861	93523	228125437	1493490
AL	NC_063238.1	28200001	28300000	0.0006979788506608	74922	162696	233095888	1555344
AL	NC_063238.1	28300001	28400000	0.0004852454077488	75343	112346	231524087	1597822
AL	NC_063238.1	28400001	28500000	0.0003644170087413	66570	80051	219668671	1224290
AL	NC_063238.1	28500001	28600000	0.0003143387310504	71036	69722	221805311	1464074
AL	NC_063238.1	28600001	28700000	0.0002115014155392	75687	46286	218844871	1778470
AL	NC_063238.1	28700001	28800000	0.0004758700602324	77294	108796	228625436	1755200
AL	NC_063238.1	28800001	28900000	0.0006148153043448	72887	136180	221497414	1581368
AL	NC_063238.1	28900001	29000000	0.0003089297211644	74872	69612	225332803	1648986
AL	NC_063238.1	29000001	29100000	0.0004632685667597	74825	107794	232681446	1558096
AL	NC_063238.1	29100001	29200000	0.0008314174175271	75548	189197	227559582	1659588
AL	NC_063238.1	29200001	29300000	0.000786805215186	76165	192741	244966602	1486456
AL	NC_063238.1	29300001	29400000	0.0008243113302872	76470	198391	240674843	1550762
AL	NC_063238.1	29400001	29500000	0.0005700187183126	75232	128806	225968018	1659900
AL	NC_063238.1	29500001	29600000	0.0002360608839656	69880	52850	223882920	1369448
AL	NC_063238.1	29600001	29700000	0.0005809140695928	73182	135613	233447608	1447240
AL	NC_063238.1	29700001	29800000	0.0006384172508219	77053	151295	236984511	1632870
AL	NC_063238.1	29800001	29900000	0.0004488574776975	77202	106329	236888111	1642346
AL	NC_063238.1	29900001	30000000	0.0004885442477628	81963	125143	256154894	1684744
AL	NC_063238.1	30000001	30100000	0.0004673331845675	76396	112368	240445155	1548722
AL	NC_063238.1	30100001	30200000	0.0002575307973067	83070	67978	263960663	1655450
AL	NC_063238.1	30200001	30300000	0.000186155223804	81620	48327	259605930	1621380
AL	NC_063238.1	30300001	30400000	0.0002394972160349	83676	61269	255823433	1787462
AL	NC_063238.1	30400001	30500000	0.0001218462383905	81453	31194	256011186	1656176
AL	NC_063238.1	30500001	30600000	0.0001071261055186	81331	28723	268123254	1497328
AL	NC_063238.1	30600001	30700000	0.0001019887129109	77914	26947	264215512	1351040
AL	NC_063238.1	30700001	30800000	0.0001020233112275	76942	29009	284336978	1058548
AL	NC_063238.1	30800001	30900000	7.226862643904096e-05	81221	19956	276136423	1397318
AL	NC_063238.1	30900001	31000000	5.775462313018167e-05	80007	15708	271978227	1379998
AL	NC_063238.1	31000001	31100000	0.0001074573525385	81790	28964	269539490	1505404
AL	NC_063238.1	31100001	31200000	0.0002675524397171	84729	76786	286994206	1466264
AL	NC_063238.1	31200001	31300000	0.0002218659498793	84528	64613	291225400	1406472
AL	NC_063238.1	31300001	31400000	0.0001282960629262	82802	34627	269899163	1565362
AL	NC_063238.1	31400001	31500000	0.0002130672348762	79906	58217	273233001	1357654
AL	NC_063238.1	31500001	31600000	4.719571225626488e-05	79369	12975	274919042	1303392
AL	NC_063238.1	31600001	31700000	9.949024756481404e-05	81189	27214	273534348	1428604
AL	NC_063238.1	31700001	31800000	0.0001163498011528	80229	31914	274293550	1361504
AL	NC_063238.1	31800001	31900000	0.000293015629645	83484	82198	280524285	1477942
AL	NC_063238.1	31900001	32000000	0.0002441380954673	83376	70030	286845852	1400928
AL	NC_063238.1	32000001	32100000	0.0001236745094788	83465	34554	279394680	1488036
AL	NC_063238.1	32100001	32200000	0.0002331721711869	83998	59268	254181276	1827552
AL	NC_063238.1	32200001	32300000	0.0001758482990931	83636	50142	285143503	1430010
AL	NC_063238.1	32300001	32400000	0.0001612022304766	83053	45420	281757888	1433860
AL	NC_063238.1	32400001	32500000	3.875536077612167e-05	81451	10269	264969795	1541558
AL	NC_063238.1	32500001	32600000	6.41431263859565e-05	73322	15992	249317439	1263346
AL	NC_063238.1	32600001	32700000	2.9588839455627337e-05	82834	8249	278787548	1459600
AL	NC_063238.1	32700001	32800000	0.0001322173051595	84228	34897	263936706	1717740
AL	NC_063238.1	32800001	32900000	0.0001992313282435	82467	51544	258714332	1682540
AL	NC_063238.1	32900001	33000000	0.0004335205525723	82035	111283	256696019	1680470
AL	NC_063238.1	33000001	33100000	0.0002734866317026	83425	72952	266747956	1637692
AL	NC_063238.1	33100001	33200000	0.0002062931491111	84710	59938	290547700	1423552
AL	NC_063238.1	33200001	33300000	0.0003521159376332	85539	102941	292349732	1451812
AL	NC_063238.1	33300001	33400000	0.000423178030794	83708	121635	287432218	1408172
AL	NC_063238.1	33400001	33500000	0.0002035428909424	86911	61195	300649164	1432788
AL	NC_063238.1	33500001	33600000	0.0003661402825283	82956	99499	271751033	1551590
AL	NC_063238.1	33600001	33700000	0.0005104554431281	85305	139388	273065949	1671938
AL	NC_063238.1	33700001	33800000	0.0004243720629064	80474	122314	288223497	1210686
AL	NC_063238.1	33800001	33900000	0.0005023410650616	81870	145961	290561553	1264470
AL	NC_063238.1	33900001	34000000	0.0002710708372844	83661	75008	276709958	1529816
AL	NC_063238.1	34000001	34100000	0.0004958908381698	79616	133421	269053166	1385860
AL	NC_063238.1	34100001	34200000	0.0004666391031734	83238	128235	274805517	1535886
AL	NC_063238.1	34200001	34300000	0.0002344121989591	84786	63771	272046422	1656996
AL	NC_063238.1	34300001	34400000	0.0003111433675938	82446	85555	274969705	1481646
AL	NC_063238.1	34400001	34500000	0.0005409294862115	73373	133806	247363110	1287232
AL	NC_063238.1	34500001	34600000	0.000160637093706	77135	41168	256279537	1397482
AL	NC_063238.1	34600001	34700000	5.33659789213074e-05	78532	13325	249690913	1559110
AL	NC_063238.1	34700001	34800000	7.998827979056801e-05	83546	21508	268889393	1618974
AL	NC_063238.1	34800001	34900000	0.0001916458289127	82582	50331	262625074	1639148
AL	NC_063238.1	34900001	35000000	0.0005340880536962	83993	137389	257240354	1788312
AL	NC_063238.1	35000001	35100000	0.0005055163990534	85260	130662	258472327	1847946
AL	NC_063238.1	35100001	35200000	0.0004546045786213	81172	123639	271970424	1444872
AL	NC_063238.1	35200001	35300000	4.139475824005544e-05	85248	12612	304676257	1282670
AL	NC_063238.1	35300001	35400000	2.261071258090871e-06	84475	636	281282599	1520982
AL	NC_063238.1	35400001	35500000	3.4610807934605024e-05	84480	9335	269713438	1663556
AL	NC_063238.1	35500001	35600000	0.0003159270784757	82721	82245	260329062	1678160
AL	NC_063238.1	35600001	35700000	0.0004266212671855	82699	107387	251715065	1781050
AL	NC_063238.1	35700001	35800000	0.0004116709813252	80984	103291	250906682	1688100
AL	NC_063238.1	35800001	35900000	0.0001627880900187	84702	44313	272212789	1644630
AL	NC_063238.1	35900001	36000000	8.509024192412189e-05	84287	23338	274273518	1597848
AL	NC_063238.1	36000001	36100000	7.284119981696933e-05	81812	19905	273265680	1470160
AL	NC_063238.1	36100001	36200000	4.375734540638419e-05	82369	11811	269920396	1538172
AL	NC_063238.1	36200001	36300000	0.0004823382159535	80572	131863	273382858	1390116
AL	NC_063238.1	36300001	36400000	0.0002677280873556	79586	68388	255438272	1553952
AL	NC_063238.1	36400001	36500000	0.0003160475638209	79637	82357	260584195	1497206
AL	NC_063238.1	36500001	36600000	0.0007000987975566	80456	179499	256390956	1589736
AL	NC_063238.1	36600001	36700000	0.0009308024682559	79372	232732	250033716	1605072
AL	NC_063238.1	36700001	36800000	0.0006780002781527	80893	175881	259411398	1579008
AL	NC_063238.1	36800001	36900000	0.0006186138663819	81782	159676	258119012	1648248
AL	NC_063238.1	36900001	37000000	0.0004715416202393	81651	124433	263885508	1569940
AL	NC_063238.1	37000001	37100000	0.0004306307382235	80870	112154	260441232	1564808
AL	NC_063238.1	37100001	37200000	0.0004705543594024	80219	127891	271787940	1392932
AL	NC_063238.1	37200001	37300000	0.0003594233908364	80077	93100	259025991	1540206
AL	NC_063238.1	37300001	37400000	0.0002026086261449	82223	54717	270062539	1528382
AL	NC_063238.1	37400001	37500000	0.000356889952527	83406	92841	260139013	1716190
AL	NC_063238.1	37500001	37600000	0.0003756868272541	82127	104734	278780070	1415760
AL	NC_063238.1	37600001	37700000	0.0004718112269232	82511	130747	277117187	1456318
AL	NC_063238.1	37700001	37800000	0.0008589784209152	78311	229350	267003215	1335390
AL	NC_063238.1	37800001	37900000	0.0004735523864041	85270	126804	267771853	1731926
AL	NC_063238.1	37900001	38000000	0.0002641218771207	80172	65692	248718511	1666738
AL	NC_063238.1	38000001	38100000	0.0004123781994372	79105	109174	264742414	1409792
AL	NC_063238.1	38100001	38200000	0.0005413490501215	80381	141075	260598961	1535098
AL	NC_063238.1	38200001	38300000	0.0003849675174302	79261	103651	269246093	1367010
AL	NC_063238.1	38300001	38400000	0.0008331725423526	80738	226104	271377162	1422780
AL	NC_063238.1	38400001	38500000	0.0003677850272101	77776	94979	258245967	1413130
AL	NC_063238.1	38500001	38600000	0.0005512020884403	68308	131154	237941769	1107374
AL	NC_063238.1	38600001	38700000	0.0003925195122059	81794	103245	263031510	1591196
AL	NC_063238.1	38700001	38800000	0.0004624526906723	79606	114341	247249075	1653850
AL	NC_063238.1	38800001	38900000	0.000370711589928	76584	87945	237232939	1598754
AL	NC_063238.1	38900001	39000000	0.0005039909221928	79564	122737	243530180	1696424
AL	NC_063238.1	39000001	39100000	0.000879832205216	77815	220553	250676207	1509350
AL	NC_063238.1	39100001	39200000	0.0004608612492656	76000	113378	246013307	1457762
AL	NC_063238.1	39200001	39300000	0.0008918208451116	74610	227327	254902093	1272630
AL	NC_063238.1	39300001	39400000	0.0007369137373038	77260	177039	240243859	1602362
AL	NC_063238.1	39400001	39500000	0.0004457476019266	74881	110491	247877946	1369032
AL	NC_063238.1	39500001	39600000	0.0006075533055733	73617	140917	231941788	1490804
AL	NC_063238.1	39600001	39700000	0.0005962792193532	73683	141805	237816438	1422704
AL	NC_063238.1	39700001	39800000	0.0005175563046055	71649	123145	237935465	1300546
AL	NC_063238.1	39800001	39900000	0.0007500468367389	77315	184378	245821982	1536600
AL	NC_063238.1	39900001	40000000	0.0006605605825969	73859	159262	241101277	1391314
AL	NC_063238.1	40000001	40100000	0.0006664410244727	78253	167666	251584152	1519252
AL	NC_063238.1	40100001	40200000	0.0005594476903579	82899	147164	263052297	1653210
AL	NC_063238.1	40200001	40300000	0.0001019757024201	81359	26684	261670176	1577956
AL	NC_063238.1	40300001	40400000	0.0002304652956485	80282	60662	263215335	1497986
AL	NC_063238.1	40400001	40500000	0.0002025350770783	81351	54402	268605324	1494644
AL	NC_063238.1	40500001	40600000	0.0001411428523026	79759	35976	254890697	1566578
AL	NC_063238.1	40600001	40700000	0.0004128958382213	82964	113607	275146876	1508968
AL	NC_063238.1	40700001	40800000	0.0003450592974355	83209	94741	274564403	1529918
AL	NC_063238.1	40800001	40900000	0.0003882334045766	82110	98635	254061085	1714718
AL	NC_063238.1	40900001	41000000	0.0001992431693197	79287	49851	250201802	1597864
AL	NC_063238.1	41000001	41100000	0.0002494678738245	80658	63099	252934372	1645368
AL	NC_063238.1	41100001	41200000	6.974947713455085e-05	78469	18213	261120237	1421234
AL	NC_063238.1	41200001	41300000	0.0001487361677307	80349	42278	284248281	1252722
AL	NC_063238.1	41300001	41400000	0.0003673501540216	81583	101862	277288573	1407626
AL	NC_063238.1	41400001	41500000	0.0005085346185757	78464	133102	261736360	1408760
AL	NC_063238.1	41500001	41600000	0.00040399772146	81845	112450	278343154	1404416
AL	NC_063238.1	41600001	41700000	0.0002644107576237	81798	73876	279398617	1394766
AL	NC_063238.1	41700001	41800000	0.0001276761767825	82663	37483	293578653	1270306
AL	NC_063238.1	41800001	41900000	6.319889817350253e-05	78856	18840	298106463	999146
AL	NC_063238.1	41900001	42000000	0.0004570016370591	79221	121493	265848063	1401086
AL	NC_063238.1	42000001	42100000	0.0004950923007191	68835	113677	229607691	1238702
AL	NC_063238.1	42100001	42200000	0.000686212998051	75558	172367	251185857	1368518
AL	NC_063238.1	42200001	42300000	0.0007011475534485	72487	172723	246343297	1246122
AL	NC_063238.1	42300001	42400000	0.0005917728574648	77496	142832	241362878	1599812
AL	NC_063238.1	42400001	42500000	0.0007690293620203	75757	187833	244246851	1464254
AL	NC_063238.1	42500001	42600000	0.0006755380042022	76514	160601	237737920	1585992
AL	NC_063238.1	42600001	42700000	0.0010953963197824	78455	272571	248833226	1564352
AL	NC_063238.1	42700001	42800000	0.0007218454445445	77689	181012	250762821	1494626
AL	NC_063238.1	42800001	42900000	0.0007810119672694	75926	192773	246824643	1437554
AL	NC_063238.1	42900001	43000000	0.000589725881292	73555	145661	246997808	1297532
AL	NC_063238.1	43000001	43100000	0.0004975109976627	72766	122715	246657864	1257400
AL	NC_063238.1	43100001	43200000	0.0005006128212378	77168	131865	263407157	1312222
AL	NC_063238.1	43200001	43300000	0.0004758915905969	80344	130744	274734840	1358448
AL	NC_063238.1	43300001	43400000	0.0006373914093794	77580	179429	281505206	1118436
AL	NC_063238.1	43400001	43500000	0.0002812891339479	74102	75147	267152161	1090038
AL	NC_063238.1	43500001	43600000	0.0008199819696599	73972	203419	248077406	1310972
AL	NC_063238.1	43600001	43700000	0.0007542501823993	71921	186843	247720192	1196260
AL	NC_063238.1	43700001	43800000	0.0007261800474685	67996	167019	229996680	1180000
AL	NC_063238.1	43800001	43900000	0.0006939427648244	70192	161326	232477386	1277380
AL	NC_063238.1	43900001	44000000	0.0006838326624976	75526	187343	273960298	1089956
AL	NC_063238.1	44000001	44100000	0.0008158942303872	71643	215709	264383534	981632
AL	NC_063238.1	44100001	44200000	0.0007958841665313	73740	210332	264274638	1103452
AL	NC_063238.1	44200001	44300000	0.0008179131096656	72448	228595	279485678	854548
AL	NC_063238.1	44300001	44400000	0.0009075633850473	66942	230427	253896316	837272
AL	NC_063238.1	44400001	44500000	0.0007630698302913	59199	167680	219743978	800680
AL	NC_063238.1	44500001	44600000	0.0003792297551165	9274	11772	31041868	167152
AL	NC_063238.1	44600001	44700000	0.0007185094666451	17586	47114	65571857	236054
AL	NC_063238.1	44700001	44800000	0.0007752323642704	56274	162168	209186313	758046
AL	NC_063238.1	44800001	44900000	0.0005564766573406	57342	122022	219276044	702912
AL	NC_063238.1	44900001	45000000	0.0012201389672674	19827	77512	63527190	394160
AL	NC_063238.1	45000001	45100000	0.0007958362014984	28027	77150	96942059	471526
AL	NC_063238.1	45100001	45200000	0.0005946358116617	29041	59244	99630730	492640
AL	NC_063238.1	45200001	45300000	0.0009992573917692	18859	64694	64742078	322248
AL	NC_063238.1	45300001	45400000	0.0004702364096636	12755	17725	37693806	295664
AL	NC_063238.1	45400001	45500000	0.0009792026408653	17579	52544	53659986	382504
AL	NC_063238.1	45500001	45600000	0.0010521165553776	14445	44489	42285239	338574
AL	NC_063238.1	45600001	45700000	0.0008482222997377	50174	132695	156438943	1051346
AL	NC_063238.1	45700001	45800000	0.0002914425894716	60995	60847	208778683	1042542
AL	NC_063238.1	45800001	45900000	0.0001456412947683	78417	43909	301487295	936142
AL	NC_063238.1	45900001	46000000	0.0002046095217689	77159	59665	291604220	980588
AL	NC_063238.1	46000001	46100000	0.0006378408846129	15360	38681	60643651	166234
AL	NC_063239.1	1	100000	0.0007855506132946	64731	190337	242297564	852668
AL	NC_063239.1	100001	200000	0.0005514111654452	73500	148502	269312646	1028452
AL	NC_063239.1	200001	300000	0.0005042033910414	75902	145662	288895320	938552
AL	NC_063239.1	300001	400000	0.0006033384473721	77851	179155	296939472	954284
AL	NC_063239.1	400001	500000	0.0008563196541494	76488	242689	283409354	1034420
AL	NC_063239.1	500001	600000	0.0006562176508274	76894	175350	267213172	1247488
AL	NC_063239.1	600001	700000	0.0006786120362027	73491	175759	258997764	1152436
AL	NC_063239.1	700001	800000	0.0007053807062981	79967	190713	270368892	1391284
AL	NC_063239.1	800001	900000	0.0006876135960046	76921	190622	277222558	1133760
AL	NC_063239.1	900001	1000000	0.000537204037743	81705	157940	294003747	1211902
AL	NC_063239.1	1000001	1100000	0.0008376906655333	81047	237673	283724064	1295140
AL	NC_063239.1	1100001	1200000	0.0006295713660151	79452	179362	284895422	1186324
AL	NC_063239.1	1200001	1300000	0.0007329745303753	76488	208167	284003047	1028362
AL	NC_063239.1	1300001	1400000	0.0007710076031002	73491	224760	291514635	774406
AL	NC_063239.1	1400001	1500000	0.0010325773659572	69456	282391	273481687	753378
AL	NC_063239.1	1500001	1600000	0.0006013486665291	69831	165372	275001857	759898
AL	NC_063239.1	1600001	1700000	0.0009199990421973	60345	222190	241511121	615914
AL	NC_063239.1	1700001	1800000	0.0007630950925073	63947	184400	241647472	818812
AL	NC_063239.1	1800001	1900000	0.0009312009887314	61916	203257	218274038	979012
AL	NC_063239.1	1900001	2000000	0.000891535264657	60203	188669	211622588	958124
AL	NC_063239.1	2000001	2100000	0.0009055300985369	43445	121853	134565378	919032
AL	NC_063239.1	2100001	2200000	0.0008837059961181	39818	119817	135584686	694676
AL	NC_063239.1	2200001	2300000	0.0011300736785482	59858	242091	214225855	906826
AL	NC_063239.1	2300001	2400000	0.0010578971302127	62794	245984	232521663	858890
AL	NC_063239.1	2400001	2500000	0.0007283976797549	75086	212278	291431461	865046
AL	NC_063239.1	2500001	2600000	0.0005478724286818	79440	170977	312074474	869644
AL	NC_063239.1	2600001	2700000	0.0003484988627867	81678	112740	323501773	863478
AL	NC_063239.1	2700001	2800000	0.0004399768072703	79944	142862	324703479	756026
AL	NC_063239.1	2800001	2900000	0.0007404314770995	73554	209916	283504965	875238
AL	NC_063239.1	2900001	3000000	0.0006815051845084	68389	161414	236849262	1144560
AL	NC_063239.1	3000001	3100000	0.0006018706152602	76650	175187	291070864	967176
AL	NC_063239.1	3100001	3200000	0.0005609030985155	77915	165272	294653391	993414
AL	NC_063239.1	3200001	3300000	0.0006646814193154	79865	211035	317497968	832716
AL	NC_063239.1	3300001	3400000	0.0002987597665755	82661	99824	334127989	801266
AL	NC_063239.1	3400001	3500000	0.0003036684862387	87099	98780	325288940	1152652
AL	NC_063239.1	3500001	3600000	0.0002465687038018	83974	74362	301587342	1259620
AL	NC_063239.1	3600001	3700000	0.0009349610548145	40952	155216	166013332	392400
AL	NC_063239.1	3700001	3800000	0.0	3955	0	13334815	70126
AL	NC_063239.1	3800001	3900000	0.0	3329	0	11311280	57820
AL	NC_063239.1	3900001	4000000	0.0004538079603282	52932	92085	202916229	642446
AL	NC_063239.1	4000001	4100000	0.0002624524883804	21213	20825	79347695	281670
AL	NC_063239.1	4100001	4200000	0.0007985453210665	21841	66848	83712218	264944
AL	NC_063239.1	4200001	4300000	0.0	57	0	111172	2116
AL	NC_063239.1	4300001	4400000	0.0	268	0	841562	5564
AL	NC_063239.1	4400001	4500000	0.015066176085933	34	1728	114694	604
AL	NC_063239.1	4500001	4600000	NA	0	NA	NA	NA
AL	NC_063239.1	4600001	4700000	NA	0	NA	NA	NA
AL	NC_063239.1	4700001	4800000	NA	0	NA	NA	NA
AL	NC_063239.1	4800001	4900000	NA	0	NA	NA	NA
AL	NC_063239.1	4900001	5000000	0.0	2	0	5112	56
AL	NC_063239.1	5000001	5100000	NA	0	NA	NA	NA
AL	NC_063239.1	5100001	5200000	0.0	2	0	6006	44
AL	NC_063239.1	5200001	5300000	0.0	22	0	60843	554
AL	NC_063239.1	5300001	5400000	NA	0	NA	NA	NA
AL	NC_063239.1	5400001	5500000	0.0	13	0	36156	324
AL	NC_063239.1	5500001	5600000	NA	0	NA	NA	NA
AL	NC_063239.1	5600001	5700000	NA	0	NA	NA	NA
AL	NC_063239.1	5700001	5800000	0.0	2	0	5112	56
AL	NC_063239.1	5800001	5900000	NA	0	NA	NA	NA
AL	NC_063239.1	5900001	6000000	NA	0	NA	NA	NA
AL	NC_063239.1	6000001	6100000	0.0	4	0	11251	98
AL	NC_063239.1	6100001	6200000	NA	0	NA	NA	NA
AL	NC_063239.1	6200001	6300000	0.0	16	0	47911	354
AL	NC_063240.1	1	100000	0.0	1149	0	4504326	12864
AL	NC_063240.1	100001	200000	NA	0	NA	NA	NA
AL	NC_063240.1	200001	300000	NA	0	NA	NA	NA
AL	NC_063240.1	300001	400000	NA	0	NA	NA	NA
AL	NC_063240.1	400001	500000	NA	0	NA	NA	NA
AL	NC_063240.1	500001	600000	NA	0	NA	NA	NA
AL	NC_063240.1	600001	700000	NA	0	NA	NA	NA
AL	NC_063240.1	700001	800000	NA	0	NA	NA	NA
AL	NC_063240.1	800001	900000	0.0	1	0	2556	28
AL	NC_063240.1	900001	1000000	0.0	37	0	97946	992
AL	NC_063240.1	1000001	1100000	NA	0	NA	NA	NA
AL	NC_063240.1	1100001	1200000	NA	0	NA	NA	NA
AL	NC_063240.1	1200001	1300000	NA	0	NA	NA	NA
AL	NC_063240.1	1300001	1400000	NA	0	NA	NA	NA
AL	NC_063240.1	1400001	1500000	NA	0	NA	NA	NA
AL	NC_063240.1	1500001	1600000	NA	0	NA	NA	NA
AL	NC_063240.1	1600001	1700000	NA	0	NA	NA	NA
AL	NC_063240.1	1700001	1800000	NA	0	NA	NA	NA
AL	NC_063240.1	1800001	1900000	0.0003914474421	8482	13422	34288128	83000
AL	NC_063240.1	1900001	2000000	0.0004517539851542	60249	97949	216819338	895120
AL	NC_063240.1	2000001	2100000	0.0005174604289919	81985	153342	296335703	1199758
AL	NC_063240.1	2100001	2200000	0.0004041526302768	84098	127098	314480200	1112744
AL	NC_063240.1	2200001	2300000	0.0004425302649594	81935	133792	302334124	1129596
AL	NC_063240.1	2300001	2400000	0.0005687040200801	80052	184021	323579566	776028
AL	NC_063240.1	2400001	2500000	0.0006504725541635	79388	200355	308014533	923790
AL	NC_063240.1	2500001	2600000	0.0007678638563713	79170	230933	300747324	986944
AL	NC_063240.1	2600001	2700000	0.0005265855201377	67492	124388	236216142	1089388
AL	NC_063240.1	2700001	2800000	0.0006690844628168	67346	156393	233741790	1106604
AL	NC_063240.1	2800001	2900000	0.0004351333085022	51461	67269	154594003	1149726
AL	NC_063240.1	2900001	3000000	0.0015706823394187	65230	358995	228559901	1044966
AL	NC_063240.1	3000001	3100000	0.000676006832375	63500	157795	233422197	883518
AL	NC_063240.1	3100001	3200000	0.0009626666524752	59070	203504	211396125	894222
AL	NC_063240.1	3200001	3300000	0.0005558306044956	67261	134340	241692341	1005434
AL	NC_063240.1	3300001	3400000	0.000538827348904	70440	138387	256829948	1010896
AL	NC_063240.1	3400001	3500000	0.0004350882853078	70955	112375	258280914	1021448
AL	NC_063240.1	3500001	3600000	0.0006937666416666	77709	203001	292607035	1000662
AL	NC_063240.1	3600001	3700000	0.0006317841335182	65381	153458	242896255	885022
AL	NC_063240.1	3700001	3800000	0.0007495631500022	44232	121395	161954333	624382
AL	NC_063240.1	3800001	3900000	0.0004109664863008	63405	97986	238428201	818442
AL	NC_063240.1	3900001	4000000	0.0007761731549163	65900	180342	232347639	1038754
AL	NC_063240.1	4000001	4100000	0.0005353587619638	72792	149219	278727109	883694
AL	NC_063240.1	4100001	4200000	0.0004461030492517	72676	125119	280471071	856866
AL	NC_063240.1	4200001	4300000	0.0005453582308161	73522	144124	264273998	1102308
AL	NC_063240.1	4300001	4400000	0.0005507977295272	83749	182613	331542761	889946
AL	NC_063240.1	4400001	4500000	0.0006103299090349	84551	190818	312647303	1154230
AL	NC_063240.1	4500001	4600000	0.0005744227310238	82344	183972	320272841	940702
AL	NC_063240.1	4600001	4700000	0.0003774369632447	81770	120909	320342234	907932
AL	NC_063240.1	4700001	4800000	0.0006101216298057	74519	166557	272989830	1053640
AL	NC_063240.1	4800001	4900000	0.0007255696552198	70677	172916	238317574	1254728
AL	NC_063240.1	4900001	5000000	0.000431001994097	74874	114730	266193664	1163144
AL	NC_063240.1	5000001	5100000	0.0005291219074815	55560	93881	177427921	1111342
AL	NC_063240.1	5100001	5200000	0.0002869183193323	77428	81374	283613818	1092684
AL	NC_063240.1	5200001	5300000	0.0002401881018994	53673	42791	178156202	991952
AL	NC_063240.1	5300001	5400000	0.0005027623192472	62686	106291	211414014	1105340
AL	NC_063240.1	5400001	5500000	0.0005897610236541	50386	94788	160722727	1010050
AL	NC_063240.1	5500001	5600000	0.0005500722480314	49836	91793	166874443	900282
AL	NC_063240.1	5600001	5700000	0.0009277543660191	29099	76769	82747118	711216
AL	NC_063240.1	5700001	5800000	0.0006864747125533	27555	56639	82507045	621138
AL	NC_063240.1	5800001	5900000	0.0005013331581996	31084	46076	91906947	715386
AL	NC_063240.1	5900001	6000000	0.0005769985978242	57860	123440	213934662	794092
AL	NC_063240.1	6000001	6100000	0.0007188633514367	43537	97146	135138340	923132
AL	NC_063240.1	6100001	6200000	0.0004102013083881	67701	105190	256435067	858342
AL	NC_063240.1	6200001	6300000	0.0005205990433	74207	145750	279965939	947934
AL	NC_063240.1	6300001	6400000	0.0007391785258296	64652	167536	226651606	1039668
AL	NC_063240.1	6400001	6500000	0.0007943765104094	57957	158304	199280817	984154
AL	NC_063240.1	6500001	6600000	0.0010340063210537	66078	254773	246394045	880286
AL	NC_063240.1	6600001	6700000	0.0007329965112643	62372	161811	220752756	977272
AL	NC_063240.1	6700001	6800000	0.0004816716835986	65109	113412	235454987	956646
AL	NC_063240.1	6800001	6900000	0.000845112245956	57262	169497	200561524	923496
AL	NC_063240.1	6900001	7000000	0.0009802645588368	51235	166114	169458335	951518
AL	NC_063240.1	7000001	7100000	0.0004494589013357	78314	137886	306782221	873398
AL	NC_063240.1	7100001	7200000	0.0003091256675021	80174	97657	315913592	868720
AL	NC_063240.1	7200001	7300000	0.0003894316195535	77565	122299	314044864	744228
AL	NC_063240.1	7300001	7400000	0.0004881552070945	80303	156031	319633997	834882
AL	NC_063240.1	7400001	7500000	9.418566620585388e-05	83659	28563	303262706	1208416
AL	NC_063240.1	7500001	7600000	2.8604385058997907e-05	84460	8875	310267114	1179244
AL	NC_063240.1	7600001	7700000	3.605750010225501e-05	76714	10115	280524162	1091932
AL	NC_063240.1	7700001	7800000	5.446748951088194e-05	1839	396	7270392	19956
AL	NC_063241.1	1	100000	NA	0	NA	NA	NA
AL	NC_063241.1	100001	200000	0.0001374606569406	4350	2108	15335297	69318
AL	NC_063241.1	200001	300000	9.812315198348704e-05	21807	7913	80643557	299202
AL	NC_063241.1	300001	400000	0.0001352175278646	72541	33162	245249270	1276312
AL	NC_063241.1	400001	500000	0.0003979788340258	78912	111560	280316415	1219290
AL	NC_063241.1	500001	600000	0.0004747816528498	75461	132442	278953492	1034804
AL	NC_063241.1	600001	700000	0.0004696660869227	68359	115331	245559565	1025274
AL	NC_063241.1	700001	800000	0.0006134568633361	74943	169142	275719468	1041524
AL	NC_063241.1	800001	900000	0.0005814557116099	70795	154179	265160350	930440
AL	NC_063241.1	900001	1000000	0.0005080650304012	53585	83504	164356913	1150362
AL	NC_063241.1	1000001	1100000	0.0007054817844496	46708	91166	129225165	1183878
AL	NC_063241.1	1100001	1200000	0.0006158929186346	52538	98540	159995345	1151366
AL	NC_063241.1	1200001	1300000	0.0002773178775334	76188	83064	299526308	834304
AL	NC_063241.1	1300001	1400000	0.0003009145844812	66323	74393	247222979	889838
AL	NC_063241.1	1400001	1500000	0.0007389898227159	57094	148790	201342421	903198
AL	NC_063241.1	1500001	1600000	0.0010789097232457	28603	97057	89958407	590086
AL	NC_063241.1	1600001	1700000	0.0026739770850725	7297	63925	23906338	137856
AL	NC_063241.1	1700001	1800000	0.0013061376527483	29430	110356	84490329	706750
AL	NC_063241.1	1800001	1900000	0.0015563271004888	17533	74828	48079867	451582
AL	NC_063241.1	1900001	2000000	0.0004993446306203	20469	28999	58074120	504020
AL	NC_063241.1	2000001	2100000	0.0006525623442652	51431	115733	177351637	867170
AL	NC_063241.1	2100001	2200000	0.0008490952978439	40191	106856	125846887	837214
AL	NC_063241.1	2200001	2300000	0.0007025509868298	38016	82837	117908880	802184
AL	NC_063241.1	2300001	2400000	0.0008628474074917	70485	224947	260703107	965438
AL	NC_063241.1	2400001	2500000	0.000542204120357	71731	152084	280492151	801830
AL	NC_063241.1	2500001	2600000	0.0005857589413552	59857	140374	239644656	607116
AL	NC_063241.1	2600001	2700000	0.0007633287496568	62874	186709	244598412	722440
AL	NC_063241.1	2700001	2800000	0.0010127770111541	24283	88427	87311421	365914
AL	NC_063241.1	2800001	2900000	0.0005065108548847	44808	76564	151159643	791490
AL	NC_063241.1	2900001	3000000	0.0002075931423518	35966	24467	117860348	683328
AL	NC_063241.1	3000001	3100000	0.0003330018780124	39610	44212	132768020	713656
AL	NC_063241.1	3100001	3200000	0.0001667790570183	39920	23427	140467277	637590
AL	NC_063241.1	3200001	3300000	7.363012763735544e-05	62275	16264	220887842	973704
AL	NC_063241.1	3300001	3400000	7.162668926945601e-05	68749	17817	248748060	1012348
AL	NC_063241.1	3400001	3500000	4.557836888621477e-05	26305	4245	93136286	409960
AL	NC_063242.1	1	100000	0.0003429551656637	25834	30263	88241855	438650
AL	NC_063242.1	100001	200000	0.0003946930104558	80431	99493	252076924	1646748
AL	NC_063242.1	200001	300000	0.0004163297126525	82095	114166	274220159	1471630
AL	NC_063242.1	300001	400000	0.0002811923772527	82742	72534	257951516	1708512
AL	NC_063242.1	400001	500000	0.000306796000816	79405	77549	252770570	1572704
AL	NC_063242.1	500001	600000	0.0003007627946946	83672	79375	263912297	1689494
AL	NC_063242.1	600001	700000	0.0003974600693257	82462	103967	261578478	1647532
AL	NC_063242.1	700001	800000	0.0005206385237828	83857	133345	256118197	1796050
AL	NC_063242.1	800001	900000	0.0004110984404822	79683	101710	247410328	1655660
AL	NC_063242.1	900001	1000000	0.0004290959379652	83420	113280	263996906	1672964
AL	NC_063242.1	1000001	1100000	0.0001904314262049	82164	52596	276193909	1453382
AL	NC_063242.1	1100001	1200000	0.0004258494815254	80984	119198	279906411	1338834
AL	NC_063242.1	1200001	1300000	0.0003806990426388	83061	104120	273496879	1536822
AL	NC_063242.1	1300001	1400000	0.0002943566072914	83569	78099	265321036	1670012
AL	NC_063242.1	1400001	1500000	0.0002582610534143	80897	69646	269672872	1459164
AL	NC_063242.1	1500001	1600000	0.0001001437253092	83490	26476	264380019	1673682
AL	NC_063242.1	1600001	1700000	0.0003104582708495	82437	83632	269382419	1554726
AL	NC_063242.1	1700001	1800000	0.0005503234843675	82835	142602	259123959	1698750
AL	NC_063242.1	1800001	1900000	0.000456479843731	82415	113623	248911319	1799510
AL	NC_063242.1	1900001	2000000	0.0004343901839083	77499	104264	240023840	1621452
AL	NC_063242.1	2000001	2100000	0.0004916319976135	80179	118374	240777656	1770164
AL	NC_063242.1	2100001	2200000	0.0004816684255183	82179	129092	268010094	1560552
AL	NC_063242.1	2200001	2300000	0.0002047348320554	82615	50540	246855894	1840424
AL	NC_063242.1	2300001	2400000	0.0003346632791384	81974	84518	252546381	1731350
AL	NC_063242.1	2400001	2500000	0.0003058766771226	82070	73571	240525040	1885824
AL	NC_063242.1	2500001	2600000	0.0001746139226532	79263	41401	237100223	1761686
AL	NC_063242.1	2600001	2700000	0.0003055408552073	81401	81818	267780883	1520598
AL	NC_063242.1	2700001	2800000	0.0005246305772093	79815	124731	237750153	1787378
AL	NC_063242.1	2800001	2900000	0.000350942774214	82180	86745	247177051	1809026
AL	NC_063242.1	2900001	3000000	0.0004430772509754	76887	101615	229339240	1717548
AL	NC_063242.1	3000001	3100000	0.000469368518095	75883	110552	235533479	1581102
AL	NC_063242.1	3100001	3200000	0.0005403023300773	82311	132666	245540307	1836150
AL	NC_063242.1	3200001	3300000	0.0004992939774554	82329	122164	244673490	1849776
AL	NC_063242.1	3300001	3400000	0.0004786778608724	85069	129949	271474849	1683618
AL	NC_063242.1	3400001	3500000	0.0005640605267356	82624	152483	270330918	1549436
AL	NC_063242.1	3500001	3600000	0.0007785691253736	80827	193271	248238716	1713756
AL	NC_063242.1	3600001	3700000	0.0005341994343731	81502	129813	243004750	1819148
AL	NC_063242.1	3700001	3800000	0.0003649562853044	79946	91856	251690418	1622364
AL	NC_063242.1	3800001	3900000	0.000444974152489	83351	112572	252985481	1803458
AL	NC_063242.1	3900001	4000000	0.0004183600502972	83658	112234	268271313	1633662
AL	NC_063242.1	4000001	4100000	0.0005065756691128	82960	132443	261447614	1678308
AL	NC_063242.1	4100001	4200000	0.0005251280961383	81984	144811	275763192	1452936
AL	NC_063242.1	4200001	4300000	0.0003279877928483	83719	85108	259485267	1743206
AL	NC_063242.1	4300001	4400000	0.0003746111915809	82405	91923	245382418	1843056
AL	NC_063242.1	4400001	4500000	0.0004258856788649	82368	111590	262018672	1641776
AL	NC_063242.1	4500001	4600000	0.0004162628943636	85298	112359	269923170	1711860
AL	NC_063242.1	4600001	4700000	0.0005376790264411	82551	151723	282181362	1406120
AL	NC_063242.1	4700001	4800000	0.0004744393602012	83671	126038	265656711	1666470
AL	NC_063242.1	4800001	4900000	0.0004177130172796	82010	108902	260710094	1633252
AL	NC_063242.1	4900001	5000000	0.00031034624759	81423	86645	279188167	1376430
AL	NC_063242.1	5000001	5100000	0.000314232438464	75822	78373	249410915	1403914
AL	NC_063242.1	5100001	5200000	0.000447738495218	83333	121360	271051074	1580600
AL	NC_063242.1	5200001	5300000	0.0004742994564158	85503	130585	275321842	1656104
AL	NC_063242.1	5300001	5400000	0.0003340645518781	83342	94701	283481140	1436144
AL	NC_063242.1	5400001	5500000	0.0005672000726102	86382	163843	288862798	1542396
AL	NC_063242.1	5500001	5600000	0.0005638058213807	85050	156183	277015586	1608460
AL	NC_063242.1	5600001	5700000	0.0004064831129724	84282	106593	262232296	1743224
AL	NC_063242.1	5700001	5800000	0.0004014601186671	83829	115763	288354919	1402550
AL	NC_063242.1	5800001	5900000	0.0003672652230042	84540	110780	301634876	1285024
AL	NC_063242.1	5900001	6000000	0.0005483009564157	81669	148731	271257962	1484224
AL	NC_063242.1	6000001	6100000	0.0003093085866324	75881	76177	246281556	1447188
AL	NC_063242.1	6100001	6200000	0.0006105234541719	79015	162837	266717026	1386512
AL	NC_063242.1	6200001	6300000	0.000359571000085	81555	95211	264790542	1553392
AL	NC_063242.1	6300001	6400000	0.0004575607611798	78028	115055	251452943	1511282
AL	NC_063242.1	6400001	6500000	0.0003405731636268	82953	92781	272426045	1543394
AL	NC_063242.1	6500001	6600000	0.0003572471052453	85616	104344	292077944	1459056
AL	NC_063242.1	6600001	6700000	0.0004842219564391	81299	134943	278680052	1372324
AL	NC_063242.1	6700001	6800000	0.0002987090776597	81521	79572	266386280	1533596
AL	NC_063242.1	6800001	6900000	0.0005989193241204	83412	157619	263172340	1680144
AL	NC_063242.1	6900001	7000000	0.0005950430030636	84269	162610	273274367	1608390
AL	NC_063242.1	7000001	7100000	0.0002635821313136	84908	70903	268997749	1697014
AL	NC_063242.1	7100001	7200000	0.0001967037402203	82131	54690	278032334	1426264
AL	NC_063242.1	7200001	7300000	0.000378700576704	83512	95874	253165709	1811470
AL	NC_063242.1	7300001	7400000	0.0002869935538206	83601	75192	261998916	1705812
AL	NC_063242.1	7400001	7500000	0.0003843146103825	82912	106073	276005640	1499328
AL	NC_063242.1	7500001	7600000	0.0005003241620106	81773	137498	274817829	1448818
AL	NC_063242.1	7600001	7700000	0.0005483159893399	77966	142845	260515839	1398626
AL	NC_063242.1	7700001	7800000	0.0006511839412186	83213	177494	272571218	1557840
AL	NC_063242.1	7800001	7900000	0.0007975975268247	81220	198349	248683068	1732544
AL	NC_063242.1	7900001	8000000	0.0001172871158122	65156	24518	209042569	1272486
AL	NC_063242.1	8000001	8100000	7.848148053475533e-05	19986	4805	61224635	426570
AL	NC_063242.1	8100001	8200000	6.416378778049737e-05	77454	15598	243096621	1580574
AL	NC_063242.1	8200001	8300000	0.0007623089889969	79395	179283	235184161	1792338
AL	NC_063242.1	8300001	8400000	0.000717989493864	81011	175428	244332266	1778600
AL	NC_063242.1	8400001	8500000	0.000695314436687	78707	171150	246147629	1617370
AL	NC_063242.1	8500001	8600000	0.0004587458869924	77254	105694	230397706	1724196
AL	NC_063242.1	8600001	8700000	0.0005956411648251	77245	138922	233231026	1688240
AL	NC_063242.1	8700001	8800000	0.0005632976207218	78049	135147	239921127	1653638
AL	NC_063242.1	8800001	8900000	0.0005596246521359	76474	132960	237587818	1588772
AL	NC_063242.1	8900001	9000000	0.0007011796816456	69371	155913	222358126	1357480
AL	NC_063242.1	9000001	9100000	0.0008121042474655	76877	191818	236198740	1630804
AL	NC_063242.1	9100001	9200000	0.0006602395169596	72770	156937	237697072	1373808
AL	NC_063242.1	9200001	9300000	0.0007931763038047	76812	181832	229245376	1712704
AL	NC_063242.1	9300001	9400000	0.0006669351992295	76373	164956	247334374	1464832
AL	NC_063242.1	9400001	9500000	0.0005701569619878	81106	148396	260272188	1585616
AL	NC_063242.1	9500001	9600000	0.0005303634175549	77951	125600	236818747	1685638
AL	NC_063242.1	9600001	9700000	0.000662389871038	76810	158722	239620210	1583956
AL	NC_063242.1	9700001	9800000	0.0003133178104345	78888	75763	241808788	1680688
AL	NC_063242.1	9800001	9900000	0.0003564612331474	81224	87827	246385839	1762866
AL	NC_063242.1	9900001	10000000	0.0005426611285908	75421	128349	236517770	1540352
AL	NC_063242.1	10000001	10100000	0.0004769673156639	76476	108232	226917016	1723360
AL	NC_063242.1	10100001	10200000	0.0006802301869163	79926	171169	251633937	1622806
AL	NC_063242.1	10200001	10300000	0.0007033808301844	78613	172842	245730325	1615186
AL	NC_063242.1	10300001	10400000	0.000486973594789	73177	116072	238353786	1388352
AL	NC_063242.1	10400001	10500000	0.0005473297749236	75025	124421	227323646	1629904
AL	NC_063242.1	10500001	10600000	0.0006502459890995	77078	149223	229486998	1725428
AL	NC_063242.1	10600001	10700000	0.0006390493259354	79529	153726	240554201	1738106
AL	NC_063242.1	10700001	10800000	0.0006187724862984	76245	151461	244776559	1489718
AL	NC_063242.1	10800001	10900000	0.0005345708057588	76530	128727	240804396	1553480
AL	NC_063242.1	10900001	11000000	0.0006036941811417	72782	136438	226005160	1513512
AL	NC_063242.1	11000001	11100000	0.0006603606476561	75860	151950	230101537	1648710
AL	NC_063242.1	11100001	11200000	0.0006568958258741	75947	151307	230336370	1650880
AL	NC_063242.1	11200001	11300000	0.0006532734277192	76388	147710	226107467	1730554
AL	NC_063242.1	11300001	11400000	0.000794040329444	72842	185327	233397465	1430230
AL	NC_063242.1	11400001	11500000	0.000564548155761	73408	127186	225288133	1561310
AL	NC_063242.1	11500001	11600000	0.0007181351266926	81375	178063	247951943	1752878
AL	NC_063242.1	11600001	11700000	0.0008019637540199	77600	196854	245464959	1559090
AL	NC_063242.1	11700001	11800000	0.0005000052434359	78430	127208	254413332	1499568
AL	NC_063242.1	11800001	11900000	0.0006439611096461	75900	160848	249779059	1407154
AL	NC_063242.1	11900001	12000000	0.0004258332922623	72217	98144	230475169	1425954
AL	NC_063242.1	12000001	12100000	0.0005188572100556	77757	126364	243542920	1593076
AL	NC_063242.1	12100001	12200000	0.0007607777316356	81260	185736	244139638	1791388
AL	NC_063242.1	12200001	12300000	0.0006852792154313	77115	175100	255516286	1408832
AL	NC_063242.1	12300001	12400000	0.0006163335555199	77520	151782	246266001	1543302
AL	NC_063242.1	12400001	12500000	0.0009431742836451	82550	240545	255037700	1729632
AL	NC_063242.1	12500001	12600000	0.000509290854415	84968	150401	295314551	1384786
AL	NC_063242.1	12600001	12700000	0.0003245294429316	85616	88587	272970610	1691356
AL	NC_063242.1	12700001	12800000	0.0004478314696681	84817	118324	264215465	1750570
AL	NC_063242.1	12800001	12900000	0.0004557404537553	84203	121347	266263394	1692688
AL	NC_063242.1	12900001	13000000	0.0005372159249689	80807	160327	298440520	1113244
AL	NC_063242.1	13000001	13100000	0.0006217105770514	83963	163211	262519259	1722598
AL	NC_063242.1	13100001	13200000	0.0005171828439166	84145	146020	282337285	1494890
AL	NC_063242.1	13200001	13300000	0.000722547039353	79280	208871	289075989	1134142
AL	NC_063242.1	13300001	13400000	0.0004501735487418	83378	121120	269051792	1610720
AL	NC_063242.1	13400001	13500000	0.0006025398615081	80396	155896	258731430	1558380
AL	NC_063242.1	13500001	13600000	0.0008594725446335	81236	221829	258098995	1618634
AL	NC_063242.1	13600001	13700000	0.0007791044667062	80446	199180	255652494	1602020
AL	NC_063242.1	13700001	13800000	0.0006434536170798	78038	154253	239726681	1654846
AL	NC_063242.1	13800001	13900000	0.0004627450996119	84476	119999	259319872	1791800
AL	NC_063242.1	13900001	14000000	0.0007327088832631	84004	191310	261099605	1741286
AL	NC_063242.1	14000001	14100000	0.000671714512844	69419	161203	239987371	1146070
AL	NC_063242.1	14100001	14200000	0.0004519123683354	81231	115325	255193281	1651258
AL	NC_063242.1	14200001	14300000	0.0006170392530458	82733	170301	275997028	1486484
AL	NC_063242.1	14300001	14400000	0.0004780271765373	82831	127592	266913695	1603790
AL	NC_063242.1	14400001	14500000	0.0006791743261916	81504	183718	270501980	1481984
AL	NC_063242.1	14500001	14600000	0.0006705536989085	81738	184151	274625284	1445032
AL	NC_063242.1	14600001	14700000	0.0006315592777976	83962	178915	283290906	1472596
AL	NC_063242.1	14700001	14800000	0.0005864668519138	86094	164164	279920339	1633090
AL	NC_063242.1	14800001	14900000	0.000723686728127	83505	200932	277650525	1514066
AL	NC_063242.1	14900001	15000000	0.0004603264845532	84745	120195	261108157	1784242
AL	NC_063242.1	15000001	15100000	0.001426596117102	78926	348829	244518400	1647584
AL	NC_063242.1	15100001	15200000	0.0001155878639209	84445	28812	249264923	1916470
AL	NC_063242.1	15200001	15300000	0.0004992615221255	81655	125985	252342699	1712070
AL	NC_063242.1	15300001	15400000	0.000456803435919	83553	118143	258629841	1748138
AL	NC_063242.1	15400001	15500000	0.0004997132559052	83224	130376	260901624	1697104
AL	NC_063242.1	15500001	15600000	0.0005339768404952	82525	141381	264769910	1613360
AL	NC_063242.1	15600001	15700000	0.0003407558297736	84191	90771	266381356	1687996
AL	NC_063242.1	15700001	15800000	5.365060853945366e-05	82865	13618	253827503	1764942
AL	NC_063242.1	15800001	15900000	0.0002126402288782	72952	48730	229166420	1483464
AL	NC_063242.1	15900001	16000000	0.0001092912255116	80977	27387	250587363	1694126
AL	NC_063242.1	16000001	16100000	0.0003551950330376	82984	97171	273570830	1531644
AL	NC_063242.1	16100001	16200000	0.0003019129630578	75466	80427	266391344	1182080
AL	NC_063242.1	16200001	16300000	0.0001082808065818	83400	29872	275875300	1525248
AL	NC_063242.1	16300001	16400000	0.000364710955689	80670	95297	261294591	1546786
AL	NC_063242.1	16400001	16500000	0.0002236786963129	78150	57270	256036900	1461320
AL	NC_063242.1	16500001	16600000	0.0001458840840767	81702	36516	250308320	1741288
AL	NC_063242.1	16600001	16700000	0.0001790110120254	81321	43587	243487814	1802176
AL	NC_063242.1	16700001	16800000	0.0001022617519821	79595	25958	253838796	1573628
AL	NC_063242.1	16800001	16900000	0.0001292213405149	83304	36202	280154964	1471008
AL	NC_063242.1	16900001	17000000	8.507159430352211e-05	81854	23756	279247147	1399186
AL	NC_063242.1	17000001	17100000	9.188943718806072e-05	84396	24995	272011678	1632004
AL	NC_063242.1	17100001	17200000	9.806309676270984e-05	84788	26408	269296003	1687738
AL	NC_063242.1	17200001	17300000	8.604136815336895e-05	74650	20787	241593090	1438284
AL	NC_063242.1	17300001	17400000	4.299630635829882e-05	75747	10758	250207539	1393830
AL	NC_063242.1	17400001	17500000	2.144482232770792e-05	78324	5419	252695029	1513206
AL	NC_063242.1	17500001	17600000	2.627809032462076e-05	77816	6446	245299408	1574888
AL	NC_063242.1	17600001	17700000	3.2182518542833914e-05	79536	8295	257748628	1522504
AL	NC_063242.1	17700001	17800000	0.0001612579577947	80774	40413	250610888	1682736
AL	NC_063242.1	17800001	17900000	0.0001325453129086	85063	34673	261593558	1798424
AL	NC_063242.1	17900001	18000000	6.451947507581222e-05	78599	17476	270863952	1311380
AL	NC_063242.1	18000001	18100000	2.2668260098610927e-05	85046	6071	267819408	1721664
AL	NC_063242.1	18100001	18200000	6.514735219190676e-05	84018	18023	276649770	1552044
AL	NC_063242.1	18200001	18300000	5.585391941994446e-05	83867	15551	278422717	1525930
AL	NC_063242.1	18300001	18400000	3.4977964105426814e-05	82667	9419	269283826	1567728
AL	NC_063242.1	18400001	18500000	5.014529854016127e-05	81857	13289	265009889	1571242
AL	NC_063242.1	18500001	18600000	4.548603718581264e-05	82148	12288	270148836	1524344
AL	NC_063242.1	18600001	18700000	9.507464085108672e-05	83378	26395	277623978	1509732
AL	NC_063242.1	18700001	18800000	5.752544340051002e-05	79068	16403	285143391	1165602
AL	NC_063242.1	18800001	18900000	8.760416079062483e-05	86017	25893	295568153	1439506
AL	NC_063242.1	18900001	19000000	0.0001097016367404	85516	31048	283022213	1562374
AL	NC_063242.1	19000001	19100000	9.545782705862018e-05	83004	26976	282595999	1425658
AL	NC_063242.1	19100001	19200000	0.0001369568696443	84481	37118	271019629	1645810
AL	NC_063242.1	19200001	19300000	0.000287833381278	85333	83740	290932204	1461900
AL	NC_063242.1	19300001	19400000	0.0003899072930825	85515	114147	292754206	1448056
AL	NC_063242.1	19400001	19500000	0.0004551184204675	75704	111016	243927723	1466722
AL	NC_063242.1	19500001	19600000	0.0003995396259818	81102	108658	271958006	1442668
AL	NC_063242.1	19600001	19700000	0.0005008439176613	81024	143677	286869811	1257362
AL	NC_063242.1	19700001	19800000	0.0002835501816334	86140	79010	278645563	1649106
AL	NC_063242.1	19800001	19900000	0.0004184467862958	85738	116844	279232638	1619412
AL	NC_063242.1	19900001	20000000	0.0001265532492969	85447	34848	275362349	1648834
AL	NC_063242.1	20000001	20100000	0.0002354469287052	83710	64008	271857443	1595162
AL	NC_063242.1	20100001	20200000	0.0001705086971782	85406	46885	274971311	1651730
AL	NC_063242.1	20200001	20300000	0.0002246507558088	85768	63733	283698133	1569310
AL	NC_063242.1	20300001	20400000	5.869920023699662e-05	80113	15754	268385258	1427712
AL	NC_063242.1	20400001	20500000	5.305735349293766e-06	84912	1557	293456024	1402904
AL	NC_063242.1	20500001	20600000	0.000194937869705	84565	57481	294868309	1365978
AL	NC_063242.1	20600001	20700000	0.0001806452894567	84868	51177	283301049	1522942
AL	NC_063242.1	20700001	20800000	0.0004301835428863	81397	113786	264505702	1549888
AL	NC_063242.1	20800001	20900000	0.0003798461216612	85293	100101	263530399	1787526
AL	NC_063242.1	20900001	21000000	0.0004927326670679	85158	131785	267457404	1730336
AL	NC_063242.1	21000001	21100000	0.0002877440030225	83440	74819	260019320	1721136
AL	NC_063242.1	21100001	21200000	0.0004443469245113	83016	118606	266922068	1613008
AL	NC_063242.1	21200001	21300000	0.0006054851888534	76769	141650	233944616	1651692
AL	NC_063242.1	21300001	21400000	0.0005566040083346	82146	136000	244338880	1841056
AL	NC_063242.1	21400001	21500000	0.0003083259534221	79572	72783	236058623	1791314
AL	NC_063242.1	21500001	21600000	0.0001465006323288	79259	33929	231596270	1829960
AL	NC_063242.1	21600001	21700000	0.0002236743842415	80817	54860	245267245	1750922
AL	NC_063242.1	21700001	21800000	0.0003926849241247	47208	56581	144087528	1012968
AL	NC_063242.1	21800001	21900000	0.0003221671527654	27656	28110	87252843	560538
AL	NC_063242.1	21900001	22000000	0.0002691375786482	71793	61190	227355839	1438686
AL	NC_063242.1	22000001	22100000	0.0005591396883638	3705	7221	12914483	59966
AL	NC_063243.1	1	100000	0.0005573730421051	24383	45218	81126995	446806
AL	NC_063243.1	100001	200000	0.0002596679732252	31060	29499	113602766	443012
AL	NC_063243.1	200001	300000	7.791084210838246e-05	30643	9018	115747690	392680
AL	NC_063243.1	300001	400000	7.002530796066936e-05	29553	7842	111988083	375238
AL	NC_063243.1	400001	500000	2.339430458493358e-05	19419	1764	75402968	226292
AL	NC_063243.1	500001	600000	1.2459079583833991e-05	32522	1537	123363848	413864
AL	NC_063243.1	600001	700000	2.200125024495957e-05	24221	2024	91994772	305924
AL	NC_063243.1	700001	800000	3.194975155190449e-06	39573	482	150861893	492346
AL	NC_063243.1	800001	900000	9.11191960445606e-06	45073	1624	178228087	485990
AL	NC_063243.1	900001	1000000	0.0001298962196065	42173	21332	164223409	486138
AL	NC_063243.1	1000001	1100000	0.0	37931	0	149380301	416250
AL	NC_063243.1	1100001	1200000	0.0	31194	0	121091025	363430
AL	NC_063243.1	1200001	1300000	6.924788404747174e-07	30901	83	119859258	361704
AL	NC_063243.1	1300001	1400000	3.623417724884421e-06	34296	477	131643668	417184
AL	NC_063243.1	1400001	1500000	1.609401725962514e-05	24767	1525	94755708	305468
AL	NC_063243.1	1500001	1600000	0.0	12400	0	45912793	171246
AL	NC_063243.1	1600001	1700000	3.174734979055149e-06	37759	463	145838945	448418
AL	NC_063243.1	1700001	1800000	2.534366798644198e-06	44372	444	175191689	481806
AL	NC_063243.1	1800001	1900000	9.23662079300643e-05	49787	18002	194898117	557578
AL	NC_063243.1	1900001	2000000	3.561847209247414e-05	38856	5229	146805848	499104
AL	NC_063243.1	2000001	2100000	0.0	27985	0	108579250	327760
AL	NC_063243.1	2100001	2200000	4.697804563528446e-06	37406	672	143045542	461220
AL	NC_063243.1	2200001	2300000	0.0011765011993235	39882	177926	151233165	505942
AL	NC_063243.1	2300001	2400000	5.935984237499714e-05	47721	10608	178706674	630384
AL	NC_063243.1	2400001	2500000	4.128977371124665e-06	52367	834	201987060	621460
AL	NC_063243.1	2500001	2600000	0.0001177243671171	58101	25783	219011583	745934
AL	NC_063243.1	2600001	2700000	1.4470172558036643e-05	48409	2826	195298293	476274
AL	NC_063243.1	2700001	2800000	5.456623518668814e-06	6523	144	26389946	63888
AL	NC_063243.1	2800001	2900000	0.0	332	0	1192505	5022
AL	NC_063243.1	2900001	3000000	0.0	1267	0	4427677	21050
AL	NC_063243.1	3000001	3100000	0.0	682	0	2801669	6334
AL	NC_063243.1	3100001	3200000	0.0	13	0	39831	278
AL	NC_063243.1	3200001	3300000	0.0	11	0	23248	380
AL	NC_063243.1	3300001	3400000	0.0	101	0	440856	628
AL	NC_063243.1	3400001	3500000	0.0	33	0	142432	220
AL	NC_063243.1	3500001	3600000	0.0	26	0	114690	148
AL	NC_063243.1	3600001	3700000	0.0	19	0	88586	56
AL	NC_063243.1	3700001	3800000	NA	0	NA	NA	NA
AL	NC_063243.1	3800001	3900000	0.0	91	0	275148	1996
AL	NC_063243.1	3900001	4000000	0.0	34	0	144965	246
AL	NC_063243.1	4000001	4100000	0.0	23	0	88611	270
AL	NC_063243.1	4100001	4200000	0.0	29	0	100166	488
AL	NC_063243.1	4200001	4300000	0.0	6	0	24030	60
AL	NC_063243.1	4300001	4400000	0.0	6	0	27754	20
AL	NC_063243.1	4400001	4500000	0.0	10	0	46762	28
AL	NC_063243.1	4500001	4600000	0.0	4	0	9942	116
AL	NC_063243.1	4600001	4700000	0.0	973	0	3239451	17806
AL	NC_063243.1	4700001	4800000	0.0	375	0	1252228	6724
AL	NC_063244.1	1	100000	0.0	6	0	18034	132
AL	NC_063244.1	100001	200000	0.0	1693	0	6318804	22692
AL	NC_063244.1	200001	300000	9.0354283451387e-05	50153	15234	168602964	899380
AL	NC_063244.1	300001	400000	0.000222430296871	28989	16677	74976297	806338
AL	NC_063244.1	400001	500000	0.0005053319121503	41494	64192	127029381	900006
AL	NC_063244.1	500001	600000	0.0009517077472402	31688	80302	84376743	850994
AL	NC_063244.1	600001	700000	0.0006883676730918	30097	61694	89623616	687444
AL	NC_063244.1	700001	800000	0.0010927261115495	9488	36523	33423746	151796
AL	NC_063245.1	1	100000	0.0007596171099285	41812	119709	157591237	537422
AL	NC_063245.1	100001	200000	0.0005701025848778	56643	112196	196799669	929162
AL	NC_063245.1	200001	300000	0.0002854077839024	66477	75841	265728562	678728
AL	NC_063245.1	300001	400000	8.164231607056908e-05	54803	17629	215929690	596696
AL	NC_063245.1	400001	500000	8.81699837038544e-05	15757	5186	58818203	211246
AL	NC_063246.1	1	100000	0.0010475992462282	25645	68263	65161368	731252
AL	NC_063246.1	100001	200000	0.0	399	0	956823	12134
AL	NC_063247.1	1	100000	0.0004560648279467	31408	52808	115790556	435784
AL	NC_063247.1	100001	200000	0.0002477217063498	25944	23542	95034062	367780
AL	NC_063247.1	200001	300000	8.52067488497987e-05	19964	6167	72376896	292192
AL	NC_063247.1	300001	400000	0.0002594018587801	30746	30011	115693080	396888
AL	NC_063247.1	400001	500000	0.0002950075810766	32464	37369	126671321	367214
AL	NC_063247.1	500001	600000	0.0003860124990629	36657	52392	135726175	500582
AL	NC_063247.1	600001	700000	0.0005089306007855	55493	105092	206495738	744280
AL	NC_063247.1	700001	800000	0.0003744148896565	54172	76858	205274956	683912
AL	NC_063247.1	800001	900000	0.0008636211947931	30412	99228	114897597	389742
AL	NC_063247.1	900001	1000000	0.0005643101131759	20529	43174	76507578	273888
AL	NC_063247.1	1000001	1100000	0.0003121187397628	13494	16329	52316628	157232
AL	NC_063247.1	1100001	1200000	0.0005371904904042	6670	12902	24017551	99002
AL	NC_063247.1	1200001	1300000	0.0008840045825025	45583	154168	174397286	556360
AL	NC_063247.1	1300001	1400000	0.0001904123883939	10270	7992	41972059	94978
AL	NC_063248.1	1	100000	0.0	6	0	13285	198
AL	NC_063248.1	100001	200000	0.0001970807726387	3546	2496	12664858	54164
AL	NC_063248.1	200001	300000	3.822001754743938e-05	46292	5976	156357856	814280
AL	NC_063248.1	300001	400000	0.0003957032212587	67933	93751	236922509	1103026
AL	NC_063248.1	400001	500000	0.0004339094240588	57052	82652	190482150	1035724
AL	NC_063248.1	500001	600000	0.0008624969503915	54173	153477	177944977	1023850
AL	NC_063248.1	600001	700000	0.0006116352109521	81749	197608	323081465	876786
AL	NC_063248.1	700001	800000	0.0006074274480797	80077	194051	319463667	824286
AL	NC_063248.1	800001	900000	0.0006153228513468	73791	168700	274165017	992362
AL	NC_063248.1	900001	1000000	0.0001095151297221	14901	5504	50257896	261068
AL	NC_063248.1	1000001	1100000	0.0005948738712891	76797	179346	301485758	844688
AL	NC_063248.1	1100001	1200000	0.000822330216105	72484	228128	277416536	885736
AL	NC_063248.1	1200001	1300000	0.0010451566482549	48955	167444	160209477	928634
AL	NC_063248.1	1300001	1400000	0.0012192587001366	61308	277836	227872887	826674
AL	NC_063248.1	1400001	1500000	0.000893151778971	40369	115747	129593875	799110
AL	NC_063248.1	1500001	1600000	0.0009769148100374	37527	118752	121558194	730320
AL	NC_063248.1	1600001	1700000	0.0007433660385438	34574	87984	118358918	594780
AL	NC_063248.1	1700001	1800000	0.0007996774807135	18064	40221	50296527	455274
AL	NC_063249.1	1	100000	0.0008690142899965	29101	90977	104689878	433656
AL	NC_063249.1	100001	200000	0.0005888250047528	35811	78415	133171994	482456
AL	NC_063249.1	200001	300000	0.000108473168913	50099	20070	185022713	691306
AL	NC_063249.1	300001	400000	0.0003169085118542	5074	6392	20169859	52970
AL	NC_063250.1	1	100000	0.0005751449589678	33347	59134	102815819	712814
AL	NC_063250.1	100001	200000	0.0009365330498671	16532	44418	47428118	398308
AL	NC_063250.1	200001	300000	0.0005593486050825	7473	10939	19556677	205290
AL	NC_063251.1	1	100000	0.0002913302169476	31161	25309	86873927	785062
AL	NC_063251.1	100001	200000	3.140531481377516e-05	32374	3819	121603621	426094
AL	NC_063252.1	1	100000	0.0010301614401536	25627	90630	87976502	437696
AL	NC_063252.1	100001	200000	0.0018044602685177	39614	229910	127412060	782840
AL	NC_063252.1	200001	300000	0.0010613987209302	22961	81073	76383171	422734
AL	NC_063252.1	300001	400000	1.8676514544278057e-05	4059	243	13010993	80978
AL	NC_063253.1	1	100000	0.0005573108344381	8860	15577	27950291	181202
AL	NC_063253.1	100001	200000	0.001211312206576	456	1755	1448842	9388
