pop	chromosome	window_pos_1	window_pos_2	avg_pi	no_sites	count_diffs	count_comparisons	count_missing
AL	NC_063213.1	1	100000	0.0003266698524911	70072	1157929	3544646043	1944010
AL	NC_063213.1	100001	200000	0.0002077075769829	84714	914353	4402116732	1974908
AL	NC_063213.1	200001	300000	0.0004233257028182	79469	1761010	4159941124	1757850
AL	NC_063213.1	300001	400000	0.0005689554379151	44804	1195115	2100542363	1782634
AL	NC_063213.1	400001	500000	0.0008759051755347	36984	1454480	1660545046	1711956
AL	NC_063213.1	500001	600000	0.0004747637333201	69578	1686619	3552543890	1826200
AL	NC_063213.1	600001	700000	0.0002732373206757	70906	1010345	3697683016	1615436
AL	NC_063213.1	700001	800000	0.0006815831459669	68764	2501832	3670618933	1303774
AL	NC_063213.1	800001	900000	0.0006634167716047	73853	2613824	3939942600	1401938
AL	NC_063213.1	900001	1000000	0.0005184348931836	58445	1476003	2847036377	1976248
AL	NC_063213.1	1000001	1100000	0.0006827562669085	67436	2423529	3549625419	1434906
AL	NC_063213.1	1100001	1200000	0.0008539243429738	61951	2668413	3124882224	1751318
AL	NC_063213.1	1200001	1300000	0.00069734756194	64711	2383779	3418351379	1332408
AL	NC_063213.1	1300001	1400000	0.0005090065451525	71408	1932798	3797196752	1390832
AL	NC_063213.1	1400001	1500000	0.0004453159469231	48111	1119198	2513267283	1082592
AL	NC_063213.1	1500001	1600000	0.0009015729598546	51644	2389754	2650649594	1323220
AL	NC_063213.1	1600001	1700000	0.0004995805788463	71962	1838016	3679118200	1861836
AL	NC_063213.1	1700001	1800000	0.0007310054934956	72020	2650543	3625886568	2038616
AL	NC_063213.1	1800001	1900000	0.0010223002662572	74049	3800721	3717812785	2128384
AL	NC_063213.1	1900001	2000000	0.0004277887850459	79310	1722166	4025739010	2142304
AL	NC_063213.1	2000001	2100000	0.0003634278053942	72630	1410348	3880682708	1360068
AL	NC_063213.1	2100001	2200000	0.0006937840163336	84238	3022990	4357249416	2020204
AL	NC_063213.1	2200001	2300000	0.00086101536416	78697	3558771	4133225896	1696434
AL	NC_063213.1	2300001	2400000	0.0006471405547364	76574	2608921	4031459597	1622370
AL	NC_063213.1	2400001	2500000	0.0006665849893526	81929	2738725	4108590868	2371858
AL	NC_063213.1	2500001	2600000	0.0006047254504305	81260	2462267	4071710556	2367224
AL	NC_063213.1	2600001	2700000	0.000689505307616	77205	2763143	4007428180	1815122
AL	NC_063213.1	2700001	2800000	0.00027217824701	73970	1007651	3702173157	2170410
AL	NC_063213.1	2800001	2900000	2.7400744950379705e-05	74867	102795	3751540339	2174544
AL	NC_063213.1	2900001	3000000	1.0292544944693736e-05	80508	41157	3998719483	2455818
AL	NC_063213.1	3000001	3100000	0.0002320717943281	75222	830650	3579280293	2797122
AL	NC_063213.1	3100001	3200000	0.0005071566904782	78808	1895356	3737219750	2972932
AL	NC_063213.1	3200001	3300000	0.0004197266469414	77301	1543506	3677407692	2874226
AL	NC_063213.1	3300001	3400000	0.0007657526781437	77488	2869294	3747024440	2689512
AL	NC_063213.1	3400001	3500000	0.0005263876640468	75138	1872446	3557161628	2851076
AL	NC_063213.1	3500001	3600000	0.0006604323373068	80741	2531396	3832937694	3031942
AL	NC_063213.1	3600001	3700000	0.0004379471826564	80912	1712272	3909768273	2814790
AL	NC_063213.1	3700001	3800000	0.000276886696314	79994	1093133	3947943381	2514722
AL	NC_063213.1	3800001	3900000	0.0003038847345756	80886	1204254	3962864412	2638116
AL	NC_063213.1	3900001	4000000	0.000561617382976	81513	2277977	4056101305	2459280
AL	NC_063213.1	4000001	4100000	0.0005871981690453	78756	2393095	4075446972	1885168
AL	NC_063213.1	4100001	4200000	0.0007271358604567	82434	3035564	4174686142	2260184
AL	NC_063213.1	4200001	4300000	0.000725878076364	81451	2953321	4068618541	2415452
AL	NC_063213.1	4300001	4400000	0.0004170108919864	85003	1759686	4219760284	2600710
AL	NC_063213.1	4400001	4500000	0.0006251371098198	84692	2729738	4366622869	2075966
AL	NC_063213.1	4500001	4600000	0.0004696883976225	84907	1999646	4257388537	2462524
AL	NC_063213.1	4600001	4700000	0.0004837661286204	68102	1663721	3439101875	1898334
AL	NC_063213.1	4700001	4800000	0.0006143937133547	85758	2713023	4415772722	2118848
AL	NC_063213.1	4800001	4900000	0.0007979108212008	82391	3409999	4273659298	1938738
AL	NC_063213.1	4900001	5000000	0.000555247629831	83735	2397919	4318647881	2049300
AL	NC_063213.1	5000001	5100000	0.0006943459378133	80346	2661632	3833293831	2970174
AL	NC_063213.1	5100001	5200000	0.0004784423083676	80350	1760376	3679390324	3467660
AL	NC_063213.1	5200001	5300000	0.0005098921502477	84091	2060315	4040687818	3002514
AL	NC_063213.1	5300001	5400000	0.0003724829131649	85815	1540088	4134654089	3022356
AL	NC_063213.1	5400001	5500000	0.0007610491812124	79214	3022970	3972108603	2297614
AL	NC_063213.1	5500001	5600000	0.0001492063012788	81967	618038	4142170905	2277060
AL	NC_063213.1	5600001	5700000	0.0005092451445959	82342	2089065	4102277699	2469598
AL	NC_063213.1	5700001	5800000	0.0008063879096804	82629	3303126	4096199807	2544340
AL	NC_063213.1	5800001	5900000	0.0004136419547908	86069	1751379	4234045845	2752688
AL	NC_063213.1	5900001	6000000	0.0004620835356092	84744	1845964	3994870749	3272342
AL	NC_063213.1	6000001	6100000	0.000475301222346	80353	1906310	4010740790	2396422
AL	NC_063213.1	6100001	6200000	0.0002286590855681	86821	953284	4169018684	3113530
AL	NC_063213.1	6200001	6300000	3.18147321333147e-05	78059	123277	3874840105	2389596
AL	NC_063213.1	6300001	6400000	0.0003750140335686	84682	1506195	4016369696	3195700
AL	NC_063213.1	6400001	6500000	0.0006568526649156	85162	2748318	4184070716	2748956
AL	NC_063213.1	6500001	6600000	0.0005741476266199	82843	2226426	3877793614	3291962
AL	NC_063213.1	6600001	6700000	0.0002477227483132	83122	1004611	4055384525	2772666
AL	NC_063213.1	6700001	6800000	0.0006004330135078	77351	2251865	3750401709	2654748
AL	NC_063213.1	6800001	6900000	0.0003962316074312	83288	1558397	3933045650	3193580
AL	NC_063213.1	6900001	7000000	0.000746976536186	84026	2953634	3954118847	3265510
AL	NC_063213.1	7000001	7100000	0.0005516594162414	84517	2234187	4049939028	3050618
AL	NC_063213.1	7100001	7200000	0.0004542265923084	81280	1770291	3897374196	2930352
AL	NC_063213.1	7200001	7300000	0.0003702495765191	84217	1471708	3974907990	3239678
AL	NC_063213.1	7300001	7400000	0.0003666855765682	81472	1417782	3866478778	3066612
AL	NC_063213.1	7400001	7500000	1.933290031760301e-05	83719	76575	3960864575	3186408
AL	NC_063213.1	7500001	7600000	1.5134704231560356e-05	83900	60128	3972855966	3181124
AL	NC_063213.1	7600001	7700000	0.0003781476800036	81105	1509983	3993103964	2591162
AL	NC_063213.1	7700001	7800000	0.0009636963823712	82068	3964197	4113533134	2385876
AL	NC_063213.1	7800001	7900000	0.0005265554454308	79891	2125599	4036799958	2224258
AL	NC_063213.1	7900001	8000000	0.0006596415038031	81668	2689954	4077902898	2426148
AL	NC_063213.1	8000001	8100000	0.0003845906251862	84487	1524460	3963851171	3333504
AL	NC_063213.1	8100001	8200000	0.0006875350765489	83465	2798731	4070673767	2791004
AL	NC_063213.1	8200001	8300000	0.0002739341618723	86190	1097471	4006331275	3515974
AL	NC_063213.1	8300001	8400000	0.0006024976447044	84793	2409983	3999987421	3268096
AL	NC_063213.1	8400001	8500000	0.0005709074615007	83755	2176957	3813152125	3682332
AL	NC_063213.1	8500001	8600000	0.0005588436043629	82320	2160731	3866432367	3235106
AL	NC_063213.1	8600001	8700000	0.0005478523158874	81521	2086039	3807666664	3278306
AL	NC_063213.1	8700001	8800000	0.000631498810816	83296	2532584	4010433522	2956652
AL	NC_063213.1	8800001	8900000	0.0005487079678486	84757	2230924	4065776571	3045932
AL	NC_063213.1	8900001	9000000	0.0002780864486875	82332	1069280	3845135227	3309938
AL	NC_063213.1	9000001	9100000	0.0003688997040864	81241	1394972	3781439737	3298960
AL	NC_063213.1	9100001	9200000	0.0005197127760394	80353	1888972	3634646072	3612202
AL	NC_063213.1	9200001	9300000	0.0002504793575472	82199	910020	3633113758	3980594
AL	NC_063213.1	9300001	9400000	0.0004421383228376	81855	1638177	3705123296	3668798
AL	NC_063213.1	9400001	9500000	0.0005468865800584	81358	1998153	3653688119	3744822
AL	NC_063213.1	9500001	9600000	0.0003911293874148	78114	1417369	3623785493	3220418
AL	NC_063213.1	9600001	9700000	0.0004108092879174	81672	1517089	3692927703	3681066
AL	NC_063213.1	9700001	9800000	2.8395036940286654e-05	79012	103301	3637994915	3344850
AL	NC_063213.1	9800001	9900000	0.0002302981475495	80304	852973	3703777078	3376708
AL	NC_063213.1	9900001	10000000	0.0003817281522784	74731	1322333	3464069894	3085370
AL	NC_063213.1	10000001	10100000	5.930029786548212e-05	84446	234620	3956472538	3351808
AL	NC_063213.1	10100001	10200000	3.944837156809666e-05	86788	157667	3996793625	3662118
AL	NC_063213.1	10200001	10300000	0.0002962298344605	82982	1184534	3998699193	2925082
AL	NC_063213.1	10300001	10400000	0.0006389803372786	83583	2592139	4056680384	2857990
AL	NC_063213.1	10400001	10500000	0.0001447634703986	82942	579687	4004373468	2909852
AL	NC_063213.1	10500001	10600000	1.1576273574509196e-05	78103	44873	3876290562	2400410
AL	NC_063213.1	10600001	10700000	3.05438720893749e-05	84769	126845	4152878837	2771672
AL	NC_063213.1	10700001	10800000	1.9798612177189667e-05	83328	79124	3996441735	3000322
AL	NC_063213.1	10800001	10900000	2.733324035599956e-05	80626	102302	3742768829	3304306
AL	NC_063213.1	10900001	11000000	0.000394374862808	82078	1535206	3892758248	3100508
AL	NC_063213.1	11000001	11100000	0.0006117998979854	74116	2078461	3397288896	3187736
AL	NC_063213.1	11100001	11200000	0.0003728339747389	80054	1312761	3521033728	3937820
AL	NC_063213.1	11200001	11300000	0.0005110921001356	76078	1730014	3384935904	3615412
AL	NC_063213.1	11300001	11400000	0.0003236588791239	79883	1130045	3491469176	4002718
AL	NC_063213.1	11400001	11500000	0.0005440016280486	80047	1864445	3427278346	4255802
AL	NC_063213.1	11500001	11600000	0.000130205512761	79697	459404	3528299150	3843110
AL	NC_063213.1	11600001	11700000	0.0004016571232739	74399	1360150	3386346018	3280018
AL	NC_063213.1	11700001	11800000	0.0003967301839952	82101	1507148	3798924460	3414578
AL	NC_063213.1	11800001	11900000	0.0004917172618175	82386	1828046	3717677092	3733644
AL	NC_063213.1	11900001	12000000	0.0001551509389747	82699	573334	3695330520	3870822
AL	NC_063213.1	12000001	12100000	0.0002153438061274	81528	829392	3851478317	3129198
AL	NC_063213.1	12100001	12200000	0.0004792712974784	82302	1795306	3745907609	3625994
AL	NC_063213.1	12200001	12300000	0.0003147454141124	82180	1147460	3645676628	3939624
AL	NC_063213.1	12300001	12400000	0.000251254842182	78457	867882	3454190146	3848446
AL	NC_063213.1	12400001	12500000	0.0006415366210057	80289	2238045	3488569361	4091000
AL	NC_063213.1	12500001	12600000	0.0005458805719406	82163	1939644	3553238748	4243982
AL	NC_063213.1	12600001	12700000	0.0006172268644947	79680	2197861	3560864127	3730330
AL	NC_063213.1	12700001	12800000	0.0004499793360245	79897	1539378	3420997092	4243978
AL	NC_063213.1	12800001	12900000	0.0005182094451785	82930	1912413	3690424823	3929838
AL	NC_063213.1	12900001	13000000	0.0003629996214172	82205	1351868	3724158154	3677774
AL	NC_063213.1	13000001	13100000	0.0005495286802682	84088	2091719	3806387319	3772282
AL	NC_063213.1	13100001	13200000	0.0004253035343524	77452	1522068	3578780511	3240066
AL	NC_063213.1	13200001	13300000	0.0004719389989612	80534	1763613	3736951182	3308512
AL	NC_063213.1	13300001	13400000	0.0002069161953494	79931	774737	3744206676	3174990
AL	NC_063213.1	13400001	13500000	0.0005002721485383	81513	1896651	3791238440	3331434
AL	NC_063213.1	13500001	13600000	0.0004022784295767	82443	1540176	3828631830	3381250
AL	NC_063213.1	13600001	13700000	0.0005191654377565	81408	1979507	3812863600	3232656
AL	NC_063213.1	13700001	13800000	0.0005153241493225	79441	1868227	3625343393	3470904
AL	NC_063213.1	13800001	13900000	0.0003799763878273	84305	1476220	3885030879	3555332
AL	NC_063213.1	13900001	14000000	0.0002665049652994	83507	993196	3726744824	3922782
AL	NC_063213.1	14000001	14100000	0.0002577425904158	85835	1035355	4017011695	3412872
AL	NC_063213.1	14100001	14200000	0.0002594827612307	81760	998101	3846502154	3188724
AL	NC_063213.1	14200001	14300000	0.0002875163311558	86344	1151077	4003518671	3562194
AL	NC_063213.1	14300001	14400000	0.0004014586650073	80327	1494546	3722789244	3313142
AL	NC_063213.1	14400001	14500000	0.0003869098263684	83423	1521926	3933541865	3234228
AL	NC_063213.1	14500001	14600000	0.0003811606374209	84223	1497898	3929833915	3390600
AL	NC_063213.1	14600001	14700000	0.0003118287955679	83738	1250005	4008625944	3053580
AL	NC_063213.1	14700001	14800000	0.000426130519506	77392	1572282	3689672361	2868926
AL	NC_063213.1	14800001	14900000	0.0003984314754675	82433	1556037	3905406816	3134442
AL	NC_063213.1	14900001	15000000	0.0002442251467721	85157	978354	4005951119	3325268
AL	NC_063213.1	15000001	15100000	0.0005126037907517	82313	2000411	3902450657	3120592
AL	NC_063213.1	15100001	15200000	0.000513168850054	84457	2069227	4032253711	3102084
AL	NC_063213.1	15200001	15300000	0.0004424932365136	85399	1759099	3975425735	3464208
AL	NC_063213.1	15300001	15400000	0.0005088418960006	81559	2062129	4052592792	2486238
AL	NC_063213.1	15400001	15500000	0.000549925789299	85927	2420621	4401723009	2197772
AL	NC_063213.1	15500001	15600000	0.0003578667083985	83190	1475680	4123546464	2570836
AL	NC_063213.1	15600001	15700000	0.0001537132761063	84773	646713	4207268340	2596978
AL	NC_063213.1	15700001	15800000	0.0001167907227699	83601	474138	4059723142	2845806
AL	NC_063213.1	15800001	15900000	0.0001407879655501	81468	576647	4095854342	2332196
AL	NC_063213.1	15900001	16000000	0.0001338191453101	84464	530417	3963685456	3328312
AL	NC_063213.1	16000001	16100000	0.0002799747023875	76619	998067	3564847079	3126064
AL	NC_063213.1	16100001	16200000	0.000292591336923	82496	1080793	3693865346	3843276
AL	NC_063213.1	16200001	16300000	0.0001635354954377	83511	637262	3896780930	3377786
AL	NC_063213.1	16300001	16400000	0.0003545641642772	85998	1444744	4074703948	3256412
AL	NC_063213.1	16400001	16500000	0.0003861353123524	66660	1237192	3204037446	2385780
AL	NC_063213.1	16500001	16600000	0.000477865740027	82236	1869825	3912866823	3076210
AL	NC_063213.1	16600001	16700000	0.000315090384438	84457	1257474	3990835843	3237420
AL	NC_063213.1	16700001	16800000	0.0003114594536626	77451	1136779	3649845868	3002974
AL	NC_063213.1	16800001	16900000	0.0002933935362095	84712	1168624	3983127969	3312494
AL	NC_063213.1	16900001	17000000	0.0004760314115268	83855	1857200	3901423215	3418248
AL	NC_063213.1	17000001	17100000	0.000672570971461	81260	2558713	3804376205	3229270
AL	NC_063213.1	17100001	17200000	0.0003129080284944	85169	1274772	4073951078	3106542
AL	NC_063213.1	17200001	17300000	0.0003101311961763	84565	1194633	3852024610	3708214
AL	NC_063213.1	17300001	17400000	0.0003632968597781	83123	1455350	4005952600	2937022
AL	NC_063213.1	17400001	17500000	0.0003284476356715	80023	1211612	3688904618	3376962
AL	NC_063213.1	17500001	17600000	0.000494042953097	79000	1824930	3693869103	3160778
AL	NC_063213.1	17600001	17700000	0.0004929485355079	85110	1994629	4046323006	3182072
AL	NC_063213.1	17700001	17800000	0.0003226411526511	82264	1251820	3879914232	3179232
AL	NC_063213.1	17800001	17900000	0.0003659946096634	83691	1442432	3941129082	3253282
AL	NC_063213.1	17900001	18000000	0.0005965332738701	80875	2300844	3857025418	2986474
AL	NC_063213.1	18000001	18100000	0.0005216596260607	83590	2053072	3935654395	3251742
AL	NC_063213.1	18100001	18200000	0.0005720778496073	73940	2060998	3602653033	2501502
AL	NC_063213.1	18200001	18300000	0.0004834172105021	80422	1766310	3653800406	3570024
AL	NC_063213.1	18300001	18400000	0.0004795207627983	84171	1803624	3761305328	3940926
AL	NC_063213.1	18400001	18500000	0.0002911747695472	84477	1182519	4061200089	3020512
AL	NC_063213.1	18500001	18600000	0.0002088120925719	80624	816589	3910640375	2771530
AL	NC_063213.1	18600001	18700000	0.0003802256412556	82871	1400408	3683097214	3949898
AL	NC_063213.1	18700001	18800000	0.0001644109392953	80973	605281	3681512937	3580880
AL	NC_063213.1	18800001	18900000	0.0001727209459932	79759	652840	3779738446	3041258
AL	NC_063213.1	18900001	19000000	0.0002632074186754	81293	1023526	3888666988	2968906
AL	NC_063213.1	19000001	19100000	0.0004689487370617	77378	1680811	3584210527	3204670
AL	NC_063213.1	19100001	19200000	0.0001997982888069	80440	705669	3531907126	3976012
AL	NC_063213.1	19200001	19300000	0.0005251830952401	80005	1896679	3611462397	3623744
AL	NC_063213.1	19300001	19400000	0.0003127213418321	80584	1121342	3585754632	3822112
AL	NC_063213.1	19400001	19500000	9.065817499204276e-05	81487	321504	3546332143	4130384
AL	NC_063213.1	19500001	19600000	0.000387026323352	77555	1357991	3508782008	3487518
AL	NC_063213.1	19600001	19700000	0.0001253174807841	81861	464443	3706130997	3674824
AL	NC_063213.1	19700001	19800000	0.0006454656590386	79789	2200157	3408635253	4264888
AL	NC_063213.1	19800001	19900000	0.0003049157370444	76947	1010433	3313810595	4026520
AL	NC_063213.1	19900001	20000000	0.0003335842400173	80307	1175431	3523640685	3984468
AL	NC_063213.1	20000001	20100000	0.0005304960149479	73455	1739752	3279481751	3463296
AL	NC_063213.1	20100001	20200000	0.000473544332119	78751	1653500	3491753333	3783580
AL	NC_063213.1	20200001	20300000	0.0005570441793618	79869	1940684	3483896021	4027160
AL	NC_063213.1	20300001	20400000	0.0004210490571166	74903	1404547	3335827444	3548166
AL	NC_063213.1	20400001	20500000	0.0003387853536524	82141	1207125	3563096772	4205506
AL	NC_063213.1	20500001	20600000	0.0005378420115617	81578	1959660	3643560670	3829400
AL	NC_063213.1	20600001	20700000	0.0004777888508325	82367	1785175	3736326197	3668036
AL	NC_063213.1	20700001	20800000	0.0003166962231211	83379	1207981	3814320828	3603566
AL	NC_063213.1	20800001	20900000	0.0003696430567776	82246	1441891	3900765816	3115220
AL	NC_063213.1	20900001	21000000	0.0005586209103608	81100	1989140	3560804766	4013772
AL	NC_063213.1	21000001	21100000	0.0005049714127405	84107	1989220	3939272501	3355596
AL	NC_063213.1	21100001	21200000	0.0003005118079063	86290	1274647	4241587074	2774952
AL	NC_063213.1	21200001	21300000	0.000273826837635	78694	1041139	3802180272	2745396
AL	NC_063213.1	21300001	21400000	0.0002737284580733	84419	1055650	3856559188	3670566
AL	NC_063213.1	21400001	21500000	0.0001941189150074	81275	779144	4013745904	2555406
AL	NC_063213.1	21500001	21600000	0.0004773696810889	83669	1956417	4098326889	2745408
AL	NC_063213.1	21600001	21700000	0.0004563037726211	81197	1761968	3861392576	3034834
AL	NC_063213.1	21700001	21800000	0.0002644818610888	83138	1012373	3827759665	3514522
AL	NC_063213.1	21800001	21900000	0.0006679538334083	83441	2519356	3771751690	3754590
AL	NC_063213.1	21900001	22000000	0.0006394756227966	82062	2437837	3812243834	3370176
AL	NC_063213.1	22000001	22100000	0.0004366530992762	81701	1629076	3730824315	3560684
AL	NC_063213.1	22100001	22200000	0.0005811712061285	80234	2116837	3642363864	3575532
AL	NC_063213.1	22200001	22300000	0.0007017009631741	67606	2269870	3234811008	2464652
AL	NC_063213.1	22300001	22400000	0.0006564655924697	74649	2388028	3637704744	2504882
AL	NC_063213.1	22400001	22500000	0.0004502827969317	71050	1560070	3464644909	2384362
AL	NC_063213.1	22500001	22600000	0.0009802617931011	66813	3147311	3210684148	2392922
AL	NC_063213.1	22600001	22700000	0.000412632737276	77818	1492490	3616993673	3180554
AL	NC_063213.1	22700001	22800000	0.0008311254583641	70958	2911210	3502732314	2239920
AL	NC_063213.1	22800001	22900000	0.0007668395291123	64178	2391636	3118822008	2189564
AL	NC_063213.1	22900001	23000000	0.0004736055926513	73681	1627277	3435932821	2976016
AL	NC_063213.1	23000001	23100000	0.0003034522993566	74346	1057194	3483888579	2946782
AL	NC_063213.1	23100001	23200000	0.0002792017434759	78755	1030977	3692587973	3110844
AL	NC_063213.1	23200001	23300000	0.0004976422882156	79433	1818731	3654695437	3376168
AL	NC_063213.1	23300001	23400000	0.0001964256883096	73948	682847	3476363025	2905358
AL	NC_063213.1	23400001	23500000	0.0007188748927085	67314	2337672	3251848164	2363268
AL	NC_063213.1	23500001	23600000	0.0004097724604588	71260	1350854	3296595380	2963816
AL	NC_063213.1	23600001	23700000	0.0005370908703257	73134	1793834	3339907824	3186188
AL	NC_063213.1	23700001	23800000	0.0006081050211921	74417	2076041	3413951419	3196404
AL	NC_063213.1	23800001	23900000	0.0004939726358668	76311	1681313	3403656150	3598018
AL	NC_063213.1	23900001	24000000	0.0007743172884623	75365	2674910	3454539941	3246320
AL	NC_063213.1	24000001	24100000	0.0004514738573024	77023	1597800	3539075351	3287056
AL	NC_063213.1	24100001	24200000	0.0007823697308334	76247	2730172	3489618645	3300284
AL	NC_063213.1	24200001	24300000	0.0004888984440721	81340	1808524	3699181337	3593398
AL	NC_063213.1	24300001	24400000	0.0004705930326684	73514	1624850	3452771051	2896758
AL	NC_063213.1	24400001	24500000	0.0007817997651977	71838	2680111	3428129707	2653790
AL	NC_063213.1	24500001	24600000	0.0006578942824002	71888	2202024	3347078792	2923472
AL	NC_063213.1	24600001	24700000	0.0007475927071948	62003	2252164	3012554802	2115362
AL	NC_063213.1	24700001	24800000	0.0007217981955476	71783	2478685	3434041558	2624346
AL	NC_063213.1	24800001	24900000	0.0006036368220493	74934	2213138	3666340288	2479836
AL	NC_063213.1	24900001	25000000	0.0001817218325919	79324	646461	3557420651	3675682
AL	NC_063213.1	25000001	25100000	0.0001440769088591	76269	512065	3554108733	3089552
AL	NC_063213.1	25100001	25200000	0.0008444465221542	77906	3089836	3659007313	3065050
AL	NC_063213.1	25200001	25300000	0.0008131911758688	74613	2804936	3449294684	3122410
AL	NC_063213.1	25300001	25400000	0.0004750993800589	80469	1799249	3787100290	3140222
AL	NC_063213.1	25400001	25500000	0.0004802692499889	76438	1683075	3504440478	3291912
AL	NC_063213.1	25500001	25600000	0.0004070014564977	83867	1514764	3721765551	4009992
AL	NC_063213.1	25600001	25700000	0.0006222464740761	81100	2245059	3607989910	3846236
AL	NC_063213.1	25700001	25800000	0.0005595028524585	81931	2088956	3733593119	3595360
AL	NC_063213.1	25800001	25900000	0.000226688722656	78685	823655	3633418506	3299974
AL	NC_063213.1	25900001	26000000	0.0004627944593542	80350	1690472	3652749003	3561110
AL	NC_063213.1	26000001	26100000	0.0005238517392946	73423	1721465	3286168339	3426528
AL	NC_063213.1	26100001	26200000	0.0006429820770027	76989	2269095	3529017497	3313352
AL	NC_063213.1	26200001	26300000	0.0005029343211185	78303	1741847	3463368728	3787862
AL	NC_063213.1	26300001	26400000	0.0004521706652902	84531	1759464	3891150256	3572998
AL	NC_063213.1	26400001	26500000	0.0003379168491291	80376	1230907	3642632805	3592566
AL	NC_063213.1	26500001	26600000	0.0004250850791864	83075	1617898	3806056903	3575784
AL	NC_063213.1	26600001	26700000	0.0004059616914553	84350	1640068	4039957549	3054002
AL	NC_063213.1	26700001	26800000	0.0002044966126863	86182	820005	4009870820	3500748
AL	NC_063213.1	26800001	26900000	0.0002652718761816	82879	1034739	3900673584	3225846
AL	NC_063213.1	26900001	27000000	0.0003744531311776	83628	1469528	3924464446	3291132
AL	NC_063213.1	27000001	27100000	0.0003711789443177	83316	1481048	3990118574	3017684
AL	NC_063213.1	27100001	27200000	0.0004693554272973	79260	1793577	3821362012	2791136
AL	NC_063213.1	27200001	27300000	0.000584742951183	85265	2366403	4046911545	3209536
AL	NC_063213.1	27300001	27400000	0.0005622237132542	85195	2232625	3971061603	3437760
AL	NC_063213.1	27400001	27500000	0.0005212969751432	83260	2071517	3973775216	3060808
AL	NC_063213.1	27500001	27600000	0.0004414420042298	77704	1654258	3747395998	2735268
AL	NC_063213.1	27600001	27700000	0.0004399555857472	82354	1742299	3960170200	2931212
AL	NC_063213.1	27700001	27800000	0.0005173869626525	80300	2009121	3883207628	2786008
AL	NC_063213.1	27800001	27900000	0.0005053999766571	85657	2069505	4094786497	3121760
AL	NC_063213.1	27900001	28000000	0.0002487407737813	83731	1014623	4079037725	2808684
AL	NC_063213.1	28000001	28100000	0.0004666754754221	83711	1873814	4015239923	3009808
AL	NC_063213.1	28100001	28200000	0.0003743526386763	79321	1417272	3785927635	2923428
AL	NC_063213.1	28200001	28300000	0.0004600909889136	77913	1664721	3618243000	3193010
AL	NC_063213.1	28300001	28400000	0.000333281950528	81005	1233104	3699882331	3520316
AL	NC_063213.1	28400001	28500000	0.0003711901886775	75646	1308670	3525605040	3063932
AL	NC_063213.1	28500001	28600000	0.0004927755771012	79901	1810819	3674733660	3391954
AL	NC_063213.1	28600001	28700000	0.0004613473714294	82275	1706775	3699544217	3771308
AL	NC_063213.1	28700001	28800000	0.000434817840663	78862	1502479	3455421695	3930350
AL	NC_063213.1	28800001	28900000	0.0006758372623883	77515	2332894	3451857614	3671370
AL	NC_063213.1	28900001	29000000	0.0005543742771411	76821	1878719	3388900022	3747166
AL	NC_063213.1	29000001	29100000	0.0006829344705167	79994	2324266	3403351420	4323284
AL	NC_063213.1	29100001	29200000	0.0004565888533123	78314	1545060	3383919666	4058488
AL	NC_063213.1	29200001	29300000	0.0004354049838086	71677	1380875	3171472655	3461700
AL	NC_063213.1	29300001	29400000	0.0003595825375999	77640	1208399	3360560855	4004706
AL	NC_063213.1	29400001	29500000	0.0007195573168509	80772	2412637	3352946240	4651688
AL	NC_063213.1	29500001	29600000	0.000792963222229	74371	2515062	3171725913	3998564
AL	NC_063213.1	29600001	29700000	0.0005819922178774	82033	2003139	3441865610	4598550
AL	NC_063213.1	29700001	29800000	0.0002302341576508	79122	791423	3437469957	4036626
AL	NC_063213.1	29800001	29900000	0.0004646657393199	83745	1748384	3762670350	3850358
AL	NC_063213.1	29900001	30000000	0.0005925481732228	84727	2345013	3957506083	3396040
AL	NC_063213.1	30000001	30100000	0.0004724644149272	82342	1786903	3782090129	3515410
AL	NC_063213.1	30100001	30200000	0.0008475835305864	75931	3158477	3726449236	2467982
AL	NC_063213.1	30200001	30300000	0.000454819989285	81824	1747400	3841959547	3217010
AL	NC_063213.1	30300001	30400000	0.0003929980923042	83402	1513141	3850250242	3499304
AL	NC_063213.1	30400001	30500000	0.0007704234621348	80761	2797796	3631504150	3707750
AL	NC_063213.1	30500001	30600000	0.0008193602259489	81727	3146943	3840731952	3210070
AL	NC_063213.1	30600001	30700000	0.0003092845296548	84035	1225984	3963935737	3240660
AL	NC_063213.1	30700001	30800000	0.0002387777019064	83890	932696	3906126881	3398498
AL	NC_063213.1	30800001	30900000	0.0006089632519846	82129	2286194	3754239673	3556368
AL	NC_063213.1	30900001	31000000	0.0002682973851432	80429	992302	3698515360	3415250
AL	NC_063213.1	31000001	31100000	0.0006546071939195	84164	2530946	3866358365	3585510
AL	NC_063213.1	31100001	31200000	0.000714103929973	83055	2766387	3873927707	3349464
AL	NC_063213.1	31200001	31300000	0.0005645526547873	82001	2184678	3869750645	3162664
AL	NC_063213.1	31300001	31400000	0.0005666039585585	83582	2205376	3892270724	3382340
AL	NC_063213.1	31400001	31500000	0.0005135682265982	80671	1896174	3692155982	3481282
AL	NC_063213.1	31500001	31600000	0.0003411624732435	85325	1347733	3950413969	3531984
AL	NC_063213.1	31600001	31700000	0.0006217445497054	74575	2251306	3620950117	2544108
AL	NC_063213.1	31700001	31800000	0.0004711617291007	81476	1817306	3857074732	3099624
AL	NC_063213.1	31800001	31900000	0.0004929927749977	83037	1938923	3932964332	3154650
AL	NC_063213.1	31900001	32000000	0.0007405148770379	83525	2855209	3855707817	3502872
AL	NC_063213.1	32000001	32100000	0.0005060079068884	83287	1992495	3937675623	3181368
AL	NC_063213.1	32100001	32200000	0.0004035698265093	79194	1483605	3676203974	3245544
AL	NC_063213.1	32200001	32300000	0.0004488372943878	80353	1643816	3662387285	3515480
AL	NC_063213.1	32300001	32400000	0.000197907808196	85799	797534	4029825843	3363816
AL	NC_063213.1	32400001	32500000	0.000411710455948	85391	1709827	4152984155	2883216
AL	NC_063213.1	32500001	32600000	0.0006673845780159	84259	2713821	4066352579	2957248
AL	NC_063213.1	32600001	32700000	0.0004368139931927	85978	1874414	4291103374	2556456
AL	NC_063213.1	32700001	32800000	0.0004246225098623	81729	1597653	3762525450	3459214
AL	NC_063213.1	32800001	32900000	1.584722670211408e-05	84150	63531	4008966439	3117462
AL	NC_063213.1	32900001	33000000	0.0003616807059275	85961	1486521	4110036769	3132456
AL	NC_063213.1	33000001	33100000	0.0004788408445397	84465	1947383	4066869028	2992234
AL	NC_063213.1	33100001	33200000	0.0006121117183921	84369	2370237	3872229413	3612904
AL	NC_063213.1	33200001	33300000	0.0007159109108296	83721	2785505	3890854236	3418498
AL	NC_063213.1	33300001	33400000	0.0005984477796177	85621	2359459	3942631388	3611986
AL	NC_063213.1	33400001	33500000	0.0006750682101706	81947	2641103	3912349834	3013914
AL	NC_063213.1	33500001	33600000	0.0003618490479175	83198	1316547	3638387354	4158080
AL	NC_063213.1	33600001	33700000	0.0002873922726254	83623	1027660	3575809435	4455328
AL	NC_063213.1	33700001	33800000	0.0003927137966732	82448	1429801	3640821922	4011116
AL	NC_063213.1	33800001	33900000	0.000492059882769	82473	1901255	3863869148	3269714
AL	NC_063213.1	33900001	34000000	0.000356749165468	84464	1465988	4109296228	2867840
AL	NC_063213.1	34000001	34100000	0.0003186894346106	84805	1258246	3948188623	3459564
AL	NC_063213.1	34100001	34200000	0.0004984659002185	85134	2002141	4016605748	3284516
AL	NC_063213.1	34200001	34300000	0.0005273513605607	84983	2192548	4157660649	2804180
AL	NC_063213.1	34300001	34400000	0.0004154349861916	82568	1656425	3987206314	2898244
AL	NC_063213.1	34400001	34500000	0.0006130759816792	86678	2605875	4250492725	2815282
AL	NC_063213.1	34500001	34600000	0.0001960988461495	86284	824021	4202069600	2896096
AL	NC_063213.1	34600001	34700000	0.000149353222919	85432	606373	4059992735	3198298
AL	NC_063213.1	34700001	34800000	0.0004621133782024	74959	1538113	3328432096	3582230
AL	NC_063213.1	34800001	34900000	0.0005059822798822	79613	1732593	3424216754	4190838
AL	NC_063213.1	34900001	35000000	0.0004551428759348	84544	1772393	3894146418	3564028
AL	NC_063213.1	35000001	35100000	0.0001632909251698	77727	593577	3635088719	3101704
AL	NC_063213.1	35100001	35200000	1.705017316870467e-05	83819	67447	3955795600	3225998
AL	NC_063213.1	35200001	35300000	5.056976314087526e-05	85326	200165	3958195324	3507524
AL	NC_063213.1	35300001	35400000	3.3744875311160346e-05	80755	123885	3671224115	3569416
AL	NC_063213.1	35400001	35500000	0.0003558745759416	85551	1448990	4071631125	3176460
AL	NC_063213.1	35500001	35600000	0.000418822262226	85694	1809946	4321513356	2406044
AL	NC_063213.1	35600001	35700000	0.0004011273034873	84468	1616953	4031022037	3105782
AL	NC_063213.1	35700001	35800000	0.0002922043697641	82814	1178586	4033430441	2781682
AL	NC_063213.1	35800001	35900000	0.0003463656282447	85230	1448856	4183024763	2767742
AL	NC_063213.1	35900001	36000000	0.000199172766012	84009	791171	3972285046	3206806
AL	NC_063213.1	36000001	36100000	5.98759710472699e-05	84943	228743	3820280423	3892448
AL	NC_063213.1	36100001	36200000	3.0076761077050985e-05	84748	116157	3862018244	3724360
AL	NC_063213.1	36200001	36300000	0.000459685882522	86742	1768809	3847864525	4149746
AL	NC_063213.1	36300001	36400000	0.0005065013065262	82912	1946081	3842203317	3428110
AL	NC_063213.1	36400001	36500000	2.509049180156992e-05	83943	97045	3867799833	3535716
AL	NC_063213.1	36500001	36600000	8.028809491213647e-05	84842	306786	3821064634	3870104
AL	NC_063213.1	36600001	36700000	0.0005731131203401	82330	2231507	3893658897	3146898
AL	NC_063213.1	36700001	36800000	0.0002751910060659	83735	1025141	3725198053	3978492
AL	NC_063213.1	36800001	36900000	1.627215359621174e-05	82911	62397	3834587698	3451066
AL	NC_063213.1	36900001	37000000	6.172636515534925e-05	76666	214697	3478205779	3415942
AL	NC_063213.1	37000001	37100000	0.0006773936020807	83942	2732412	4033713917	2998578
AL	NC_063213.1	37100001	37200000	0.000620734084955	85244	2586964	4167588123	2814258
AL	NC_063213.1	37200001	37300000	0.0003714313543159	82455	1464827	3943735452	3008750
AL	NC_063213.1	37300001	37400000	0.0001246282491192	82849	508473	4079917704	2641642
AL	NC_063213.1	37400001	37500000	9.607498654085398e-05	84528	415944	4329368288	2165232
AL	NC_063213.1	37500001	37600000	0.0006693648658159	84786	2754292	4114784239	2902598
AL	NC_063213.1	37600001	37700000	0.0005827810566426	81293	2089826	3585953895	3958324
AL	NC_063213.1	37700001	37800000	0.0004350719246578	79725	1692354	3889825806	2664526
AL	NC_063213.1	37800001	37900000	0.0002624598050062	82935	1070042	4076974758	2663570
AL	NC_063213.1	37900001	38000000	0.0004005243924334	82603	1559787	3894362065	3202292
AL	NC_063213.1	38000001	38100000	0.0003697750797147	85448	1541927	4169905125	2853870
AL	NC_063213.1	38100001	38200000	0.0002946644356604	83545	1153283	3913885968	3321986
AL	NC_063213.1	38200001	38300000	0.0003009819860456	85044	1216015	4040158735	3187922
AL	NC_063213.1	38300001	38400000	0.0001222930483877	84394	476604	3897228880	3533236
AL	NC_063213.1	38400001	38500000	0.0002036113554052	83504	773680	3799788074	3673980
AL	NC_063213.1	38500001	38600000	0.0001071776852587	84112	407086	3798234670	3805700
AL	NC_063213.1	38600001	38700000	0.000169434634912	82454	644381	3803124434	3463472
AL	NC_063213.1	38700001	38800000	0.0004168486479295	83004	1612687	3868759100	3356992
AL	NC_063213.1	38800001	38900000	0.0004536221291166	80587	1737653	3830617795	3011400
AL	NC_063213.1	38900001	39000000	0.0003387451008415	83974	1280795	3780999332	3829564
AL	NC_063213.1	39000001	39100000	0.0003252445977186	84171	1242122	3819039605	3741876
AL	NC_063213.1	39100001	39200000	0.0004345396910948	83487	1646075	3788088945	3709340
AL	NC_063213.1	39200001	39300000	0.0004723586153697	83785	1865550	3949435745	3243304
AL	NC_063213.1	39300001	39400000	0.0003005295109626	78397	1086212	3614327247	3294836
AL	NC_063213.1	39400001	39500000	0.0004184288769321	82391	1592453	3805791349	3438500
AL	NC_063213.1	39500001	39600000	0.0003960220906377	83117	1518359	3834026020	3493658
AL	NC_063213.1	39600001	39700000	0.0002395640609307	84882	945602	3947178038	3455768
AL	NC_063213.1	39700001	39800000	0.0005216144318558	85051	2072495	3973231708	3405446
AL	NC_063213.1	39800001	39900000	0.0004038043185351	78949	1443391	3574481336	3546994
AL	NC_063213.1	39900001	40000000	0.0005160669126597	80786	1886980	3656463830	3630640
AL	NC_063213.1	40000001	40100000	0.0004826829746083	84530	1934656	4008129770	3190712
AL	NC_063213.1	40100001	40200000	0.0004693768822478	86480	1946738	4147494420	3125600
AL	NC_063213.1	40200001	40300000	0.0005501630900653	82176	2007872	3649594159	3921314
AL	NC_063213.1	40300001	40400000	0.0006260130740084	74857	2036087	3252467216	3814498
AL	NC_063213.1	40400001	40500000	0.000316821527219	86723	1263418	3987790890	3679114
AL	NC_063213.1	40500001	40600000	0.0004794894741061	81380	1869624	3899197169	2947606
AL	NC_063213.1	40600001	40700000	0.0004686702591841	83170	1787744	3814502766	3561480
AL	NC_063213.1	40700001	40800000	0.0005661455536599	83105	2189075	3866629325	3384984
AL	NC_063213.1	40800001	40900000	0.0002649355304005	83226	1010723	3814977170	3584512
AL	NC_063213.1	40900001	41000000	0.0003444751379188	83701	1383664	4016731101	3007016
AL	NC_063213.1	41000001	41100000	0.0003357360643016	86295	1385956	4128111774	3141506
AL	NC_063213.1	41100001	41200000	0.0003831515333185	84402	1507082	3933383711	3407838
AL	NC_063213.1	41200001	41300000	0.0001882380535952	82468	717334	3810781010	3442020
AL	NC_063213.1	41300001	41400000	0.000389592146438	83433	1530549	3928593053	3243808
AL	NC_063213.1	41400001	41500000	0.0001640434738885	83668	631808	3851466840	3541112
AL	NC_063213.1	41500001	41600000	0.0003786059678058	83967	1591438	4203414989	2460188
AL	NC_063213.1	41600001	41700000	5.7921901366336086e-05	82632	229836	3968032723	2964130
AL	NC_063213.1	41700001	41800000	3.511086058847359e-05	84593	135226	3851400898	3718582
AL	NC_063213.1	41800001	41900000	9.747443177017244e-05	82768	365273	3747372448	3710064
AL	NC_063213.1	41900001	42000000	0.0004807738054415	81804	1821473	3788627790	3388388
AL	NC_063213.1	42000001	42100000	0.0005516939320125	83106	2054479	3723947067	3852374
AL	NC_063213.1	42100001	42200000	0.0008547260725786	79670	3093361	3619125588	3534516
AL	NC_063213.1	42200001	42300000	0.0004431652294181	81223	1551431	3500795859	4234264
AL	NC_063213.1	42300001	42400000	0.0004017205702233	80988	1419877	3534489158	4076364
AL	NC_063213.1	42400001	42500000	0.0003563269302314	79351	1223983	3434999985	4090908
AL	NC_063213.1	42500001	42600000	0.0006346757132971	84070	2320240	3655788226	4271784
AL	NC_063213.1	42600001	42700000	0.0008033084405332	82844	2915188	3628977181	4118510
AL	NC_063213.1	42700001	42800000	0.0007436761345184	82780	2729561	3670362505	3964190
AL	NC_063213.1	42800001	42900000	0.0009371347130082	83073	3490802	3724973530	3843758
AL	NC_063213.1	42900001	43000000	0.0003533679071472	83355	1381465	3909424065	3302516
AL	NC_063213.1	43000001	43100000	0.0003631641249134	80495	1327228	3654623100	3575798
AL	NC_063213.1	43100001	43200000	0.0004811586158631	81471	1665554	3461548739	4416456
AL	NC_063213.1	43200001	43300000	0.0005119315545128	74907	1702115	3324887839	3594152
AL	NC_063213.1	43300001	43400000	0.0004987605500585	76428	1645225	3298626966	3976140
AL	NC_063213.1	43400001	43500000	0.0003292943149351	83657	1240159	3766111177	3824704
AL	NC_063213.1	43500001	43600000	0.0002035129503526	81521	770001	3783547920	3353978
AL	NC_063213.1	43600001	43700000	0.0001951107006697	85534	784824	4022454931	3343438
AL	NC_063213.1	43700001	43800000	0.0001690280839655	84720	656189	3882130026	3641588
AL	NC_063213.1	43800001	43900000	0.0001493513129219	81079	538685	3606831366	3850658
AL	NC_063213.1	43900001	44000000	0.0001665574573234	84119	609145	3657266446	4282506
AL	NC_063213.1	44000001	44100000	0.0001312714653893	83763	482782	3677737569	4142596
AL	NC_063213.1	44100001	44200000	0.0002037092362601	82696	778149	3819900434	3457108
AL	NC_063213.1	44200001	44300000	0.0002380701603349	82039	858276	3605138917	4044524
AL	NC_063213.1	44300001	44400000	0.0003092476588306	83221	1180807	3818321550	3569510
AL	NC_063213.1	44400001	44500000	0.000234194649227	84247	913368	3900037866	3496722
AL	NC_063213.1	44500001	44600000	0.0003121369569037	84341	1245241	3989405844	3220746
AL	NC_063213.1	44600001	44700000	0.000146091083947	85458	601086	4114460539	3024446
AL	NC_063213.1	44700001	44800000	0.0001564283674875	82992	579785	3706392960	3889144
AL	NC_063213.1	44800001	44900000	0.0002814900508573	84738	1127398	4005107806	3246824
AL	NC_063213.1	44900001	45000000	0.0005314665536626	82803	2111583	3973124904	2974758
AL	NC_063213.1	45000001	45100000	0.0004800350443959	83621	1918352	3996274902	3062182
AL	NC_063213.1	45100001	45200000	0.0003500976699732	85203	1398140	3993571280	3367510
AL	NC_063213.1	45200001	45300000	0.0005577425741808	82981	2152146	3858672620	3383906
AL	NC_063213.1	45300001	45400000	0.0003845559757208	80549	1448952	3767857195	3215164
AL	NC_063213.1	45400001	45500000	0.0004823098237569	85811	1989558	4125062153	3058044
AL	NC_063213.1	45500001	45600000	0.0004181147846906	84607	1643033	3929621865	3460500
AL	NC_063213.1	45600001	45700000	0.0003812634346493	83786	1507319	3953484292	3231372
AL	NC_063213.1	45700001	45800000	0.0003799511484193	82859	1465059	3855914125	3374084
AL	NC_063213.1	45800001	45900000	0.0002637802869566	85417	1027728	3896151649	3729416
AL	NC_063213.1	45900001	46000000	0.0006523853743573	82904	2507543	3843652998	3429292
AL	NC_063213.1	46000001	46100000	0.0005494292152913	80630	2000976	3641917729	3645314
AL	NC_063213.1	46100001	46200000	0.000519761046124	84330	2034621	3914531524	3457660
AL	NC_063213.1	46200001	46300000	0.0005977173323451	79946	2540340	4250069159	1571118
AL	NC_063213.1	46300001	46400000	0.0005421325888091	82110	2228899	4111354023	2418766
AL	NC_063213.1	46400001	46500000	0.0005406894585877	79657	1976050	3654685640	3420042
AL	NC_063213.1	46500001	46600000	0.0002055314163407	85046	794732	3866717868	3758124
AL	NC_063213.1	46600001	46700000	0.0002827902224162	85865	1165017	4119721644	3084914
AL	NC_063213.1	46700001	46800000	0.0003728246959327	82912	1484065	3980597359	2973514
AL	NC_063213.1	46800001	46900000	0.000551634789295	84722	2221421	4026977709	3168594
AL	NC_063213.1	46900001	47000000	0.0005259575094109	76785	2000499	3803537290	2378870
AL	NC_063213.1	47000001	47100000	0.0003889563343104	83557	1556400	4001477448	3026074
AL	NC_063213.1	47100001	47200000	0.0005845256896066	85794	2375182	4063434751	3253350
AL	NC_063213.1	47200001	47300000	0.0007114154053257	74121	2436899	3425423433	3091560
AL	NC_063213.1	47300001	47400000	0.0007177060619694	76578	2582823	3598719778	2999024
AL	NC_063213.1	47400001	47500000	0.0005377053604422	84460	2099880	3905261421	3515846
AL	NC_063213.1	47500001	47600000	0.0004047329764582	84161	1597768	3947708966	3320446
AL	NC_063213.1	47600001	47700000	0.0005827891671159	82856	2306299	3957347065	3036182
AL	NC_063213.1	47700001	47800000	0.000572139165874	81652	2209079	3861086833	3123902
AL	NC_063213.1	47800001	47900000	0.0003856669029474	82443	1519757	3940594820	3017966
AL	NC_063213.1	47900001	48000000	0.0001406940686198	85500	574005	4079809516	3144112
AL	NC_063213.1	48000001	48100000	0.0005650045344722	81742	2218927	3927272906	2931976
AL	NC_063213.1	48100001	48200000	0.0006083984572157	80364	2329006	3828093205	2982422
AL	NC_063213.1	48200001	48300000	0.0004283515866865	84923	1735810	4052302020	3127894
AL	NC_063213.1	48300001	48400000	0.0001474546585897	84067	588752	3992766357	3153524
AL	NC_063213.1	48400001	48500000	0.0006740552218909	78839	2611386	3874142526	2542698
AL	NC_063213.1	48500001	48600000	0.0004885036122531	83121	1828680	3743431889	3789288
AL	NC_063213.1	48600001	48700000	0.0007186931589729	79390	2633052	3663666430	3335656
AL	NC_063213.1	48700001	48800000	0.0005201772566254	78916	1875539	3605576707	3433370
AL	NC_063213.1	48800001	48900000	0.0003923404158319	86000	1492252	3803462350	4153012
AL	NC_063213.1	48900001	49000000	0.0007628957377054	81120	2967683	3890024355	2934754
AL	NC_063213.1	49000001	49100000	0.0004139240336443	82462	1554048	3754428044	3630084
AL	NC_063213.1	49100001	49200000	0.0006153058300974	82631	2309594	3753570805	3663884
AL	NC_063213.1	49200001	49300000	0.0006075072308161	80908	2157494	3551388182	4000444
AL	NC_063213.1	49300001	49400000	0.0004793746041878	84169	1880190	3922172730	3409022
AL	NC_063213.1	49400001	49500000	0.0003443122006039	85024	1310757	3806885140	3951304
AL	NC_063213.1	49500001	49600000	0.0006836466322143	80552	2607114	3813540325	3076942
AL	NC_063213.1	49600001	49700000	0.0005678670463259	82496	2062588	3632167095	4044154
AL	NC_063213.1	49700001	49800000	0.0005923056922238	83862	2230352	3765542066	3860344
AL	NC_063213.1	49800001	49900000	0.0006379885929491	84873	2433714	3814666950	3895822
AL	NC_063213.1	49900001	50000000	0.0005380435062411	81173	1962654	3647760780	3731322
AL	NC_063213.1	50000001	50100000	0.0003167029070988	83500	1203331	3799557797	3685206
AL	NC_063213.1	50100001	50200000	0.0002282348290088	81787	829016	3632294000	3901326
AL	NC_063213.1	50200001	50300000	0.0001182062346198	84434	447318	3784216640	3911380
AL	NC_063213.1	50300001	50400000	0.0002623944900436	81846	946015	3605315797	4007906
AL	NC_063213.1	50400001	50500000	3.783513002961707e-05	83892	143379	3789573338	3787420
AL	NC_063213.1	50500001	50600000	0.0004669233460364	84306	1843953	3949155714	3344264
AL	NC_063213.1	50600001	50700000	0.0005198485911988	82707	1987310	3822863106	3453826
AL	NC_063213.1	50700001	50800000	0.0003004032776231	83638	1114379	3709609991	4013782
AL	NC_063213.1	50800001	50900000	0.0003265790514966	81586	1207163	3696388346	3656992
AL	NC_063213.1	50900001	51000000	0.0003144934372099	82508	1177573	3744348405	3670838
AL	NC_063213.1	51000001	51100000	0.0003679553644951	82364	1353567	3678617383	3867938
AL	NC_063213.1	51100001	51200000	0.0002866113075372	79383	1029080	3590507328	3578422
AL	NC_063213.1	51200001	51300000	0.0002184203417751	79417	752310	3444322053	4068848
AL	NC_063213.1	51300001	51400000	0.0006369346521215	80097	2178979	3421040122	4282998
AL	NC_063213.1	51400001	51500000	0.0004111380429364	79612	1396582	3396868823	4274914
AL	NC_063213.1	51500001	51600000	0.0003921974301576	80052	1310608	3341704711	4552282
AL	NC_063213.1	51600001	51700000	0.0002718982431401	81204	918434	3377859266	4654652
AL	NC_063213.1	51700001	51800000	0.0004094618567583	81713	1427757	3486910872	4381450
AL	NC_063213.1	51800001	51900000	0.0003555586269812	83015	1298505	3652013765	4080276
AL	NC_063213.1	51900001	52000000	0.0002841903368845	82565	1021177	3593285441	4187616
AL	NC_063213.1	52000001	52100000	0.0002671635212778	81863	923273	3455834822	4516370
AL	NC_063213.1	52100001	52200000	0.0002745336113111	81606	973992	3547806024	4152668
AL	NC_063213.1	52200001	52300000	0.0006930682016899	83973	2560947	3695086564	4118906
AL	NC_063213.1	52300001	52400000	0.0005267294371779	80929	2026448	3847227546	3026518
AL	NC_063213.1	52400001	52500000	0.000449787230973	83626	1748565	3887538106	3418088
AL	NC_063213.1	52500001	52600000	0.0004945791596744	81168	1841564	3723496965	3480142
AL	NC_063213.1	52600001	52700000	0.0005234798005344	80135	1908085	3645002153	3544532
AL	NC_063213.1	52700001	52800000	0.000456182818517	79045	1590797	3487191835	3857284
AL	NC_063213.1	52800001	52900000	0.0004878711168123	82756	1763446	3614573479	4156474
AL	NC_063213.1	52900001	53000000	0.0005020385042812	80401	1795107	3575636101	3826304
AL	NC_063213.1	53000001	53100000	0.0006086686174845	82119	2133848	3505763134	4397330
AL	NC_063213.1	53100001	53200000	0.0007088859443173	79385	2510672	3541715025	3746968
AL	NC_063213.1	53200001	53300000	0.0006007227460436	81820	2155921	3588878587	4057490
AL	NC_063213.1	53300001	53400000	0.0004876972245692	75514	1579758	3239218762	3993360
AL	NC_063213.1	53400001	53500000	0.0003623422176673	79055	1233718	3404841997	4133812
AL	NC_063213.1	53500001	53600000	0.0006627965051849	75150	2181402	3291209267	3747246
AL	NC_063213.1	53600001	53700000	0.0005091431891442	78177	1684844	3309175171	4283756
AL	NC_063213.1	53700001	53800000	0.0005327950736384	75931	1744452	3274151895	3964944
AL	NC_063213.1	53800001	53900000	0.0007469464670163	75281	2446357	3275143679	3827900
AL	NC_063213.1	53900001	54000000	0.0004784886305058	79739	1652500	3453582582	4105466
AL	NC_063213.1	54000001	54100000	0.0007270522676206	80580	2542421	3496888894	4121660
AL	NC_063213.1	54100001	54200000	0.0005572017228708	84126	2046901	3673536739	4222670
AL	NC_063213.1	54200001	54300000	0.0005649948182832	83071	2184333	3866111563	3385704
AL	NC_063213.1	54300001	54400000	0.0005043486845504	83998	1925258	3817315399	3719302
AL	NC_063213.1	54400001	54500000	0.0003913862931642	83646	1494701	3818991687	3642598
AL	NC_063213.1	54500001	54600000	0.0004495520064645	81938	1684849	3747840018	3554088
AL	NC_063213.1	54600001	54700000	0.0006880742183212	82970	2690130	3909650919	3221734
AL	NC_063213.1	54700001	54800000	0.0006464885207191	75105	2342444	3623334251	2643532
AL	NC_063213.1	54800001	54900000	0.0005964651120078	74452	2128419	3568388087	2690762
AL	NC_063213.1	54900001	55000000	0.0004525384736769	81583	1808491	3996325407	2680440
AL	NC_063213.1	55000001	55100000	0.0002782881205487	86495	1153758	4145911790	3121938
AL	NC_063213.1	55100001	55200000	0.0004948326576166	85465	2012721	4067478104	3178650
AL	NC_063213.1	55200001	55300000	0.0005573794152223	83716	2142439	3843771301	3576262
AL	NC_063213.1	55300001	55400000	0.0003307693141484	85319	1340496	4052661304	3198902
AL	NC_063213.1	55400001	55500000	0.0003483022670067	85265	1397504	4012331048	3319658
AL	NC_063213.1	55500001	55600000	0.0004372381032782	86198	1848012	4226557535	2815534
AL	NC_063213.1	55600001	55700000	0.0006231285098239	82472	2335681	3748313491	3649258
AL	NC_063213.1	55700001	55800000	0.0004422941724873	83702	1748256	3952699603	3228062
AL	NC_063213.1	55800001	55900000	0.0001903712376085	83887	739092	3882372197	3482716
AL	NC_063213.1	55900001	56000000	0.0006210117615031	72899	2107452	3393578239	2961888
AL	NC_063213.1	56000001	56100000	0.000631278683689	80344	2342272	3710361304	3364088
AL	NC_063213.1	56100001	56200000	0.0004149189263688	81273	1612360	3885963974	2968502
AL	NC_063213.1	56200001	56300000	0.0001859460122804	82696	717050	3856226822	3336460
AL	NC_063213.1	56300001	56400000	0.0007496391334134	85270	2917609	3892017999	3715654
AL	NC_063213.1	56400001	56500000	0.0007036152965883	83059	2715080	3858756359	3392864
AL	NC_063213.1	56500001	56600000	0.0003382744549327	82035	1241444	3669931270	3831610
AL	NC_063213.1	56600001	56700000	0.0003648508929666	81821	1366110	3744296715	3541660
AL	NC_063213.1	56700001	56800000	0.0007319111172517	83871	2838240	3877847915	3495968
AL	NC_063213.1	56800001	56900000	0.0004921625604987	82219	1871316	3802231519	3428872
AL	NC_063213.1	56900001	57000000	0.0001918867686286	80182	705253	3675360240	3453524
AL	NC_063213.1	57000001	57100000	0.0001885909525057	81141	699180	3707388879	3537172
AL	NC_063213.1	57100001	57200000	0.0003948282958643	79662	1405023	3558567141	3735410
AL	NC_063213.1	57200001	57300000	0.0004990263788461	83139	1933779	3875103766	3358586
AL	NC_063213.1	57300001	57400000	0.0007653481882057	83823	2961376	3869318626	3508994
AL	NC_063213.1	57400001	57500000	0.0005131955874893	85227	2033134	3961713720	3479966
AL	NC_063213.1	57500001	57600000	0.0004654671129387	82618	1724963	3705875135	3817654
AL	NC_063213.1	57600001	57700000	0.0005205903462728	83041	1946898	3739788903	3786588
AL	NC_063213.1	57700001	57800000	0.0005109698078396	82554	1967786	3851080768	3327476
AL	NC_063213.1	57800001	57900000	0.0007088505186892	81517	2707972	3820229976	3240898
AL	NC_063213.1	57900001	58000000	0.0003879071524185	82356	1442167	3717814923	3735938
AL	NC_063213.1	58000001	58100000	0.0003770459945687	80763	1401611	3717347539	3422240
AL	NC_063213.1	58100001	58200000	0.0005265242283344	71821	1725440	3277038182	3139278
AL	NC_063213.1	58200001	58300000	0.0005411460752803	76684	1878440	3471225397	3445374
AL	NC_063213.1	58300001	58400000	0.000891199301915	74941	3031970	3402123401	3335336
AL	NC_063213.1	58400001	58500000	0.0006950198718798	80706	2577375	3708347206	3443088
AL	NC_063213.1	58500001	58600000	0.0005574881239082	73516	1920835	3445517344	2912976
AL	NC_063213.1	58600001	58700000	0.0005889793525636	82338	2268529	3851627379	3285590
AL	NC_063213.1	58700001	58800000	0.0006732274640667	84354	2664013	3957077128	3327140
AL	NC_063213.1	58800001	58900000	0.0006493401329916	77589	2319955	3572788562	3286398
AL	NC_063213.1	58900001	59000000	0.0005845450964151	80144	2051550	3509652228	3998768
AL	NC_063213.1	59000001	59100000	0.000500746197096	81505	1926757	3847771608	3144466
AL	NC_063213.1	59100001	59200000	0.0006308031554129	83548	2469702	3915170650	3308340
AL	NC_063213.1	59200001	59300000	0.0002375834334928	81412	893316	3760009639	3407034
AL	NC_063213.1	59300001	59400000	0.0004353832981739	83760	1639471	3765580827	3849026
AL	NC_063213.1	59400001	59500000	0.0005247295283477	78583	1916286	3651949998	3216410
AL	NC_063213.1	59500001	59600000	0.000729674253016	83826	2918224	3999351749	3090354
AL	NC_063213.1	59600001	59700000	0.0004265956551554	83966	1713973	4017792913	3058026
AL	NC_063213.1	59700001	59800000	0.0003648829817577	85885	1437131	3938607915	3683916
AL	NC_063213.1	59800001	59900000	0.0004594686421729	84616	1800448	3918543802	3499180
AL	NC_063213.1	59900001	60000000	0.0005197884678943	84671	2065628	3973978123	3334232
AL	NC_063213.1	60000001	60100000	0.0006915274614158	79829	2590997	3746773837	3154128
AL	NC_063213.1	60100001	60200000	0.0006113721539081	80876	2239021	3662288159	3624802
AL	NC_063213.1	60200001	60300000	0.0006654821068837	83975	2548886	3830134535	3670696
AL	NC_063213.1	60300001	60400000	0.0004565691118026	76190	1568198	3434743962	3471680
AL	NC_063213.1	60400001	60500000	0.0003597673855554	82680	1360429	3781412809	3584382
AL	NC_063213.1	60500001	60600000	0.0004679462694335	81493	1785124	3814805495	3245724
AL	NC_063213.1	60600001	60700000	0.0005545251588333	82581	2056568	3708700980	3806594
AL	NC_063213.1	60700001	60800000	0.0005813697844173	79534	2046974	3520950099	3841318
AL	NC_063213.1	60800001	60900000	0.0005565545015179	80422	2012708	3616371792	3693764
AL	NC_063213.1	60900001	61000000	0.0008094058261063	84827	3211669	3967934127	3387256
AL	NC_063213.1	61000001	61100000	0.0007216642325989	79866	2684202	3719461044	3239372
AL	NC_063213.1	61100001	61200000	0.0006031169375978	83893	2385561	3955387175	3241516
AL	NC_063213.1	61200001	61300000	0.000904142284283	83660	3532270	3906763417	3363166
AL	NC_063213.1	61300001	61400000	0.0004624996306217	82033	1761302	3808223582	3363566
AL	NC_063213.1	61400001	61500000	0.000392264710985	80360	1496188	3814230437	3026118
AL	NC_063213.1	61500001	61600000	0.0006055643351689	79863	2273862	3754947027	3118976
AL	NC_063213.1	61600001	61700000	0.0005631359598875	80436	2078633	3691174331	3439978
AL	NC_063213.1	61700001	61800000	0.0003059985465938	83875	1171548	3828606420	3652918
AL	NC_063213.1	61800001	61900000	0.0004341156227842	84037	1711381	3942223938	3311558
AL	NC_063213.1	61900001	62000000	0.0004814196963832	82162	1860744	3865118137	3198338
AL	NC_063213.1	62000001	62100000	0.0005578340338507	81441	2169292	3888776712	2994154
AL	NC_063213.1	62100001	62200000	0.0004673727729335	85428	1872609	4006671138	3367892
AL	NC_063213.1	62200001	62300000	0.0006253938702862	82471	2314899	3701505739	3800976
AL	NC_063213.1	62300001	62400000	0.0005672656354882	71717	1837815	3239778483	3239228
AL	NC_063213.1	62400001	62500000	0.0004391643693001	69977	1431900	3260510415	2834540
AL	NC_063213.1	62500001	62600000	0.0005166129452425	80258	1935112	3745767538	3227896
AL	NC_063213.1	62600001	62700000	0.0005282635321819	83634	2144627	4059767274	2862080
AL	NC_063213.1	62700001	62800000	0.0002628709717045	84256	1079356	4106029635	2827146
AL	NC_063213.1	62800001	62900000	0.0004579793315169	82873	1827072	3989420208	2941482
AL	NC_063213.1	62900001	63000000	0.0005220521973855	82650	1994745	3820968497	3436314
AL	NC_063213.1	63000001	63100000	0.0004386134202395	80597	1656527	3776735785	3183416
AL	NC_063213.1	63100001	63200000	0.0003542799368695	85134	1449804	4092255443	3033198
AL	NC_063213.1	63200001	63300000	0.0004721832709057	85238	1936053	4100215148	3024196
AL	NC_063213.1	63300001	63400000	0.0005801008536654	86590	2442157	4209883479	2928942
AL	NC_063213.1	63400001	63500000	0.000473023623268	83444	1824570	3857249216	3482056
AL	NC_063213.1	63500001	63600000	0.0006126238867552	78515	2244255	3663348832	3161126
AL	NC_063213.1	63600001	63700000	0.0005671257459446	83308	2259661	3984409130	3045228
AL	NC_063213.1	63700001	63800000	0.0005949571696396	78446	2170501	3648163449	3200970
AL	NC_063213.1	63800001	63900000	0.0002901029508614	83230	1159117	3995536745	2980890
AL	NC_063213.1	63900001	64000000	0.0006304214684493	85385	2674903	4243039195	2599300
AL	NC_063213.1	64000001	64100000	0.000580376712497	85628	2420829	4171133934	2871724
AL	NC_063213.1	64100001	64200000	0.0004354746528662	78635	1696825	3896495442	2428170
AL	NC_063213.1	64200001	64300000	0.0004321952015092	83562	1755324	4061414828	2834540
AL	NC_063213.1	64300001	64400000	0.0002222613895367	83923	892447	4015303791	3045376
AL	NC_063213.1	64400001	64500000	0.0005151221791626	82244	1978369	3840582060	3303576
AL	NC_063213.1	64500001	64600000	0.0007874938627492	84703	3055395	3879896904	3647478
AL	NC_063213.1	64600001	64700000	0.0009498832970151	82276	3718862	3915072527	3063938
AL	NC_063213.1	64700001	64800000	0.0004148661095366	86886	1800214	4339265027	2576406
AL	NC_063213.1	64800001	64900000	0.0001714723720747	86249	720072	4199347051	2897844
AL	NC_063213.1	64900001	65000000	0.0003830004189244	84730	1557458	4066465526	3043160
AL	NC_063213.1	65000001	65100000	0.0005539618015078	87208	2310450	4170774941	3178750
AL	NC_063213.1	65100001	65200000	0.0004983407387031	84995	1984015	3981241841	3371764
AL	NC_063213.1	65200001	65300000	0.000243110169881	83705	965532	3971582104	3154074
AL	NC_063213.1	65300001	65400000	0.0005292697702737	83418	2125620	4016137175	2955550
AL	NC_063213.1	65400001	65500000	0.0004300345917386	82967	1753715	4078078912	2667790
AL	NC_063213.1	65500001	65600000	0.0004409841119853	85794	1773063	4020695875	3392430
AL	NC_063213.1	65600001	65700000	0.0003875331266893	84541	1531498	3951915061	3376232
AL	NC_063213.1	65700001	65800000	0.0003595038745331	85343	1420964	3952569362	3531874
AL	NC_063213.1	65800001	65900000	0.0003211630203878	85643	1325895	4128417395	3010192
AL	NC_063213.1	65900001	66000000	0.0005608256460168	84892	2326131	4147690136	2811800
AL	NC_063213.1	66000001	66100000	0.0005350563053521	82569	2133408	3987258871	2884692
AL	NC_063213.1	66100001	66200000	0.0006457532957188	83951	2615087	4049668840	2945230
AL	NC_063213.1	66200001	66300000	0.0005286491831725	85401	2164266	4093955063	3077748
AL	NC_063213.1	66300001	66400000	0.0003333207684808	85561	1392076	4176385427	2844044
AL	NC_063213.1	66400001	66500000	0.0005255753718422	82116	2080579	3958669130	2891844
AL	NC_063213.1	66500001	66600000	0.000563071932159	79806	2191301	3891689276	2680484
AL	NC_063213.1	66600001	66700000	0.0006866052427501	83931	2864560	4172062521	2553492
AL	NC_063213.1	66700001	66800000	0.0005268783089251	80987	2014817	3824065189	3107708
AL	NC_063213.1	66800001	66900000	0.0004343135162194	83188	1645198	3788042367	3651434
AL	NC_063213.1	66900001	67000000	0.0006163602942041	84345	2384494	3868669060	3613282
AL	NC_063213.1	67000001	67100000	0.0004314545619895	84153	1650566	3825584767	3717212
AL	NC_063213.1	67100001	67200000	0.0004850551326947	78095	1741189	3589672354	3322026
AL	NC_063213.1	67200001	67300000	0.000509923341718	82197	1892337	3711022511	3714580
AL	NC_063213.1	67300001	67400000	0.0006321684148219	83714	2370660	3750044995	3886622
AL	NC_063213.1	67400001	67500000	0.000487333045476	82174	1804614	3703040491	3744494
AL	NC_063213.1	67500001	67600000	0.0003863443763756	84071	1493792	3866477918	3570050
AL	NC_063213.1	67600001	67700000	0.0003244108941508	82895	1268643	3910605417	3203972
AL	NC_063213.1	67700001	67800000	3.6903038281065176e-05	85524	154104	4175916325	2837814
AL	NC_063213.1	67800001	67900000	0.0002887179098418	82888	1172792	4062068753	2708790
AL	NC_063213.1	67900001	68000000	0.0001540362250707	83254	628444	4079845502	2718528
AL	NC_063213.1	68000001	68100000	2.8085930408549924e-05	85515	119543	4256330421	2579716
AL	NC_063213.1	68100001	68200000	0.0001207705193837	85855	529012	4380307402	2252546
AL	NC_063213.1	68200001	68300000	0.0002483245062962	86646	1036655	4174598051	3050814
AL	NC_063213.1	68300001	68400000	0.0002856235141534	80456	1100512	3853016105	2913686
AL	NC_063213.1	68400001	68500000	0.0002963501051389	81164	1188905	4011825808	2538664
AL	NC_063213.1	68500001	68600000	0.0004346273438567	81670	1724796	3968447969	2771194
AL	NC_063213.1	68600001	68700000	0.0003664908311306	82864	1439757	3928493915	3138122
AL	NC_063213.1	68700001	68800000	0.0003699378413852	82556	1398571	3780556741	3562430
AL	NC_063213.1	68800001	68900000	0.000434144395659	81976	1662197	3828673171	3290706
AL	NC_063213.1	68900001	69000000	0.0004385972909666	79302	1581054	3604796547	3507590
AL	NC_063213.1	69000001	69100000	0.0002785776004016	77646	1002699	3599352563	3207990
AL	NC_063213.1	69100001	69200000	0.0003534165271853	83223	1330868	3765720892	3733974
AL	NC_063213.1	69200001	69300000	0.0004157981196845	84128	1599444	3846684062	3649444
AL	NC_063213.1	69300001	69400000	0.0003449420352768	83809	1386833	4020481293	3012672
AL	NC_063213.1	69400001	69500000	0.000442765523486	84392	1808355	4084227213	2916358
AL	NC_063213.1	69500001	69600000	0.0003626382449152	85562	1518656	4187798781	2802498
AL	NC_063213.1	69600001	69700000	0.0005162201124541	77450	1953339	3783926571	2574710
AL	NC_063213.1	69700001	69800000	0.0004788484950226	82546	1895815	3959112370	2973616
AL	NC_063213.1	69800001	69900000	0.0001546410334945	84583	617062	3990286317	3285748
AL	NC_063213.1	69900001	70000000	0.0002361792133347	81877	875829	3708323809	3670600
AL	NC_063213.1	70000001	70100000	0.0001170126466586	85455	468173	4001046155	3390728
AL	NC_063213.1	70100001	70200000	0.0001663916328647	86831	671232	4034048999	3542712
AL	NC_063213.1	70200001	70300000	0.00018924520587	84158	782485	4134767887	2719054
AL	NC_063213.1	70300001	70400000	0.0003565753139826	83016	1448829	4063178081	2729022
AL	NC_063213.1	70400001	70500000	0.0002340806997435	83327	900527	3847079238	3484090
AL	NC_063213.1	70500001	70600000	0.0001912138232477	82226	720942	3770344569	3527458
AL	NC_063213.1	70600001	70700000	9.367490486576802e-05	83488	352027	3757964852	3812392
AL	NC_063213.1	70700001	70800000	0.0002211411223902	84781	880588	3982018317	3330896
AL	NC_063213.1	70800001	70900000	0.0002814598816056	85030	1135879	4035669288	3198340
AL	NC_063213.1	70900001	71000000	8.678449983367058e-05	86241	348429	4014875936	3497170
AL	NC_063213.1	71000001	71100000	0.0002160141722675	70738	721547	3340276207	2718278
AL	NC_063213.1	71100001	71200000	0.0004501267317858	79740	1713078	3805768196	2929464
AL	NC_063213.1	71200001	71300000	0.0004476686031999	83832	1849741	4131942662	2667116
AL	NC_063213.1	71300001	71400000	0.0004673959058852	83917	1932107	4133769628	2672914
AL	NC_063213.1	71400001	71500000	0.0005935670491264	80320	2263616	3813580965	3017054
AL	NC_063213.1	71500001	71600000	0.0004197245444001	78454	1607213	3829208993	2616410
AL	NC_063213.1	71600001	71700000	0.0005959553561597	86399	2547270	4274263120	2694838
AL	NC_063213.1	71700001	71800000	0.000467200475182	82299	1748409	3742309978	3645002
AL	NC_063213.1	71800001	71900000	0.0004459784568772	81747	1689845	3789073158	3373514
AL	NC_063213.1	71900001	72000000	NA	0	NA	NA	NA
AL	NC_063213.1	72000001	72100000	NA	0	NA	NA	NA
AL	NC_063213.1	72100001	72200000	0.0004696779548005	8721	200706	427326848	284090
AL	NC_063213.1	72200001	72300000	0.0001812999638812	86009	760162	4192841431	2877076
AL	NC_063213.1	72300001	72400000	0.0004448381492071	86775	1834100	4123072635	3249704
AL	NC_063213.1	72400001	72500000	0.0006668710165296	81424	2581783	3871487793	3040374
AL	NC_063213.1	72500001	72600000	0.0004482343300602	81719	1717772	3832307980	3224702
AL	NC_063213.1	72600001	72700000	0.0006575396409726	81804	2420429	3681038905	3742790
AL	NC_063213.1	72700001	72800000	0.0008659759272642	81591	3201245	3696690519	3647584
AL	NC_063213.1	72800001	72900000	0.0005065935889393	78544	1844444	3640875132	3248120
AL	NC_063213.1	72900001	73000000	0.0003155494307122	82288	1187348	3762795570	3561964
AL	NC_063213.1	73000001	73100000	0.0002198812248935	86557	894428	4067777958	3395814
AL	NC_063213.1	73100001	73200000	0.0003148288285965	83267	1192946	3789189209	3663652
AL	NC_063213.1	73200001	73300000	0.0001903697576369	82287	735054	3861191027	3244824
AL	NC_063213.1	73300001	73400000	0.0002922375797871	78413	1013210	3467076345	3794160
AL	NC_063213.1	73400001	73500000	0.0001559132629675	80546	552648	3544586198	3958616
AL	NC_063213.1	73500001	73600000	0.0003580567876344	77651	1219954	3407152279	3850528
AL	NC_063213.1	73600001	73700000	0.0002733552157232	76552	917923	3357986046	3803956
AL	NC_063213.1	73700001	73800000	0.000379651054241	76219	1291523	3401868599	3590688
AL	NC_063213.1	73800001	73900000	0.0003280153454678	73592	1072340	3269176320	3520352
AL	NC_063213.1	73900001	74000000	0.000274946207504	77627	912185	3317685333	4149332
AL	NC_063213.1	74000001	74100000	0.0004896777458772	76417	1696045	3463594199	3423716
AL	NC_063213.1	74100001	74200000	0.0003528554619249	78745	1254155	3554302357	3579416
AL	NC_063213.1	74200001	74300000	0.0004854628352504	65906	1429955	2945549888	3089732
AL	NC_063213.1	74300001	74400000	6.613486140477007e-05	78339	225774	3413842491	3961160
AL	NC_063213.1	74400001	74500000	0.0002217013276501	79065	763832	3445319918	4003742
AL	NC_063213.1	74500001	74600000	0.0001142763751061	69285	357119	3125046622	3153686
AL	NC_063213.1	74600001	74700000	8.829402573012558e-05	73994	286030	3239517030	3693952
AL	NC_063213.1	74700001	74800000	0.0001541722956299	77675	532694	3455186276	3698534
AL	NC_063213.1	74800001	74900000	0.0002012636482619	76299	674629	3351966467	3771928
AL	NC_063213.1	74900001	75000000	0.000306333686996	77064	1012822	3306270394	4076372
AL	NC_063213.1	75000001	75100000	0.0001758933926706	78152	587246	3338647297	4180622
AL	NC_063213.1	75100001	75200000	0.0007022797458901	77593	2311844	3291913249	4229936
AL	NC_063213.1	75200001	75300000	0.0004400275107497	73883	1405431	3193961663	3824920
AL	NC_063213.1	75300001	75400000	0.0003064952085269	73201	998860	3258974275	3480436
AL	NC_063213.1	75400001	75500000	0.0003747084244323	74512	1208996	3226498048	3843776
AL	NC_063213.1	75500001	75600000	0.0004339757890146	75694	1419128	3270062607	3935534
AL	NC_063213.1	75600001	75700000	0.0004081424448911	72054	1303439	3193588455	3471310
AL	NC_063213.1	75700001	75800000	0.0002325533272376	67035	667669	2871036110	3561786
AL	NC_063213.1	75800001	75900000	0.0005305272381609	76576	1712624	3228154705	4252918
AL	NC_063213.1	75900001	76000000	9.141673328385892e-05	77338	296572	3244176305	4346962
AL	NC_063213.1	76000001	76100000	1.058239677500641e-05	77004	35411	3346217379	3938802
AL	NC_063213.1	76100001	76200000	0.0001989101345888	76420	654910	3292491865	3996486
AL	NC_063213.1	76200001	76300000	0.000389662774793	78010	1354835	3476942340	3693500
AL	NC_063213.1	76300001	76400000	2.736032116250043e-05	73731	90673	3314032736	3397558
AL	NC_063213.1	76400001	76500000	0.0002473051401668	77604	853228	3450102167	3701978
AL	NC_063213.1	76500001	76600000	0.0004400209150099	78375	1524209	3463946708	3800758
AL	NC_063213.1	76600001	76700000	0.0002516108105284	75504	831156	3303339782	3776860
AL	NC_063213.1	76700001	76800000	0.0004158654326146	77406	1406380	3381815101	3888714
AL	NC_063213.1	76800001	76900000	0.0003775292184052	77752	1277634	3384198991	3953330
AL	NC_063213.1	76900001	77000000	0.0003297829569685	79075	1116964	3386967023	4199944
AL	NC_063213.1	77000001	77100000	0.0002372173165484	77830	804313	3390616721	3941738
AL	NC_063213.1	77100001	77200000	0.0004561526983667	77484	1532636	3359918741	3975358
AL	NC_063213.1	77200001	77300000	0.0003719162993857	81264	1323778	3559343869	4043742
AL	NC_063213.1	77300001	77400000	7.714772833486915e-05	73409	245585	3183308249	3765104
AL	NC_063213.1	77400001	77500000	5.675837100015155e-05	70032	179720	3166405181	3167606
AL	NC_063213.1	77500001	77600000	0.0005895207209692	76477	1950057	3307868461	3954736
AL	NC_063213.1	77600001	77700000	0.0004344337681654	76472	1473107	3390866705	3670182
AL	NC_063213.1	77700001	77800000	0.0007328586286343	75157	2390900	3262430033	3845880
AL	NC_063213.1	77800001	77900000	0.0006613678636094	72802	2131034	3222161398	3521480
AL	NC_063213.1	77900001	78000000	0.0002923246331186	76198	975592	3337358161	3802266
AL	NC_063213.1	78000001	78100000	2.566873806638345e-05	70765	78921	3074596024	3618138
AL	NC_063213.1	78100001	78200000	1.277337093378019e-05	77023	42543	3330600843	3988944
AL	NC_063213.1	78200001	78300000	5.18745998983704e-05	79059	176975	3411592578	4114330
AL	NC_063213.1	78300001	78400000	0.0001633564601976	78872	556236	3405044400	4101960
AL	NC_063213.1	78400001	78500000	0.0004427820061478	78285	1496416	3379577262	4068718
AL	NC_063213.1	78500001	78600000	0.0002934519092283	72709	930169	3169749355	3678788
AL	NC_063213.1	78600001	78700000	1.7238284012018727e-05	72847	57302	3324112769	3191924
AL	NC_063213.1	78700001	78800000	0.0	4007	0	178877115	187888
AL	NC_063213.1	78800001	78900000	0.0	4	0	199128	120
AL	NC_063213.1	78900001	79000000	0.0	16	0	762240	592
AL	NC_063213.1	79000001	79100000	NA	0	NA	NA	NA
AL	NC_063213.1	79100001	79200000	0.0	12	0	634570	244
AL	NC_063213.1	79200001	79300000	0.0	7	0	358157	180
AL	NC_063213.1	79300001	79400000	0.0	3	0	152523	80
AL	NC_063213.1	79400001	79500000	6.581603372152937e-05	54472	152253	2313311687	2959226
AL	NC_063213.1	79500001	79600000	0.0001115049290449	75379	370202	3320050541	3699180
AL	NC_063213.1	79600001	79700000	0.0001980939415093	77330	666289	3363500140	3935404
AL	NC_063213.1	79700001	79800000	4.034606215298642e-05	75588	134077	3323174378	3725908
AL	NC_063213.1	79800001	79900000	5.349739810192933e-05	76754	183454	3429213504	3593676
AL	NC_063213.1	79900001	80000000	0.0001686280372685	78172	599774	3556786936	3450584
AL	NC_063213.1	80000001	80100000	0.0001151171323661	81659	431688	3749989173	3482524
AL	NC_063213.1	80100001	80200000	0.0001708290160969	85484	677462	3965731440	3516032
AL	NC_063213.1	80200001	80300000	0.0002557303067009	84178	1062909	4156366970	2647192
AL	NC_063213.1	80300001	80400000	0.000410206448718	85137	1641806	4002389541	3325848
AL	NC_063213.1	80400001	80500000	0.0005779790524804	80783	2221364	3843329599	3013304
AL	NC_063213.1	80500001	80600000	0.0003710898400629	82488	1451608	3911742773	3122446
AL	NC_063213.1	80600001	80700000	0.0004129238984197	83317	1588049	3845863623	3489132
AL	NC_063213.1	80700001	80800000	0.0001931414821458	80368	733792	3799245982	3073308
AL	NC_063213.1	80800001	80900000	0.0002331839015434	81888	895294	3839433143	3233162
AL	NC_063213.1	80900001	81000000	9.05811683370508e-05	86602	372229	4109342006	3256680
AL	NC_063213.1	81000001	81100000	5.909158749654294e-05	81848	236402	4000603301	2709470
AL	NC_063213.1	81100001	81200000	7.887431086645792e-05	84034	304765	3863932333	3566802
AL	NC_063213.1	81200001	81300000	0.0001616195986775	85650	645382	3993216202	3458080
AL	NC_063213.1	81300001	81400000	0.0001053462590567	78700	385500	3659361077	3214382
AL	NC_063213.1	81400001	81500000	0.0001040456766085	82494	369971	3555851738	4300600
AL	NC_063213.1	81500001	81600000	0.0002332691405519	75812	786797	3372915072	3607120
AL	NC_063213.1	81600001	81700000	0.0001097841782444	45919	225713	2055970210	2136378
AL	NC_063213.1	81700001	81800000	0.0	351	0	15030388	18766
AL	NC_063213.1	81800001	81900000	2.3924068266763085e-05	15498	16324	682325423	762470
AL	NC_063213.1	81900001	82000000	4.5059841504512695e-05	77004	153381	3403940069	3734614
AL	NC_063213.1	82000001	82100000	0.0002366827921775	78553	815520	3445624384	3903722
AL	NC_063213.1	82100001	82200000	1.5630745176125975e-05	72167	49254	3151097369	3631604
AL	NC_063213.1	82200001	82300000	6.5728854871572286e-06	76752	21693	3300376987	4035562
AL	NC_063213.1	82300001	82400000	1.7368544071471e-05	73327	56259	3239131603	3561424
AL	NC_063213.1	82400001	82500000	5.580685471553024e-05	78267	189968	3404026279	3979136
AL	NC_063213.1	82500001	82600000	8.372331689459382e-05	80236	305013	3643106978	3563724
AL	NC_063213.1	82600001	82700000	0.0001725130171983	80345	617054	3576854721	3808088
AL	NC_063213.1	82700001	82800000	0.0001641952172128	75677	560138	3411414836	3448338
AL	NC_063213.1	82800001	82900000	7.85212269160292e-05	76127	275524	3508911040	3212614
AL	NC_063213.1	82900001	83000000	0.0002240629284553	75139	792115	3535234523	2932136
AL	NC_063213.1	83000001	83100000	0.0001625964828014	82102	599531	3687232280	3775932
AL	NC_063213.1	83100001	83200000	0.0001402637762709	85058	540800	3855592758	3794360
AL	NC_063213.1	83200001	83300000	0.0001617573210972	78275	601464	3718310837	2937076
AL	NC_063213.1	83300001	83400000	0.0001195174072448	81305	460548	3853396845	3078936
AL	NC_063213.1	83400001	83500000	1.0018842602161089e-05	76546	37504	3743346561	2537834
AL	NC_063213.1	83500001	83600000	2.530737783667463e-06	85430	10260	4054153720	3226316
AL	NC_063213.1	83600001	83700000	4.5427518586049226e-06	82224	17310	3810465669	3399254
AL	NC_063213.1	83700001	83800000	1.0237302635847762e-05	80912	37331	3646566027	3681002
AL	NC_063213.1	83800001	83900000	5.501481382291685e-06	82162	20904	3799703852	3419596
AL	NC_063213.1	83900001	84000000	2.1756371575159103e-05	80294	78497	3608000522	3687512
AL	NC_063213.1	84000001	84100000	4.463076504373402e-05	81751	162072	3631396411	3896792
AL	NC_063213.1	84100001	84200000	1.3908960565028856e-05	77392	50464	3628164719	3060346
AL	NC_063213.1	84200001	84300000	8.849902325281001e-06	79398	31069	3510660215	3842734
AL	NC_063213.1	84300001	84400000	1.0411909304288611e-05	76377	35705	3429246160	3524682
AL	NC_063213.1	84400001	84500000	3.735180391333491e-06	83057	14350	3841849254	3459662
AL	NC_063213.1	84500001	84600000	2.4531588879530333e-06	81914	9054	3690751563	3731438
AL	NC_063213.1	84600001	84700000	7.462558833163093e-06	80124	28042	3757692318	3166780
AL	NC_063213.1	84700001	84800000	3.163163393794607e-05	80611	118102	3733667386	3338322
AL	NC_063213.1	84800001	84900000	1.8674330820137253e-05	78879	68774	3682809342	3169674
AL	NC_063213.1	84900001	85000000	2.81942654727917e-06	87119	11233	3984143517	3771892
AL	NC_063213.1	85000001	85100000	8.207252121834092e-06	81423	32167	3919338595	2892768
AL	NC_063213.1	85100001	85200000	2.6716639432417764e-05	80699	102910	3851906609	2972932
AL	NC_063213.1	85200001	85300000	2.1601876418317424e-05	84000	86166	3988820153	3177542
AL	NC_063213.1	85300001	85400000	2.1027860472398535e-05	79052	72511	3448329900	3983544
AL	NC_063213.1	85400001	85500000	3.2943517298115604e-05	79038	115123	3494557031	3827382
AL	NC_063213.1	85500001	85600000	2.5243060684230656e-05	79917	90000	3565336277	3761432
AL	NC_063213.1	85600001	85700000	2.339896089285254e-05	77060	81764	3494343205	3441670
AL	NC_063213.1	85700001	85800000	9.578135501316262e-06	79436	33923	3541712267	3744538
AL	NC_063213.1	85800001	85900000	5.523835198140581e-06	79399	20796	3764775605	3000284
AL	NC_063213.1	85900001	86000000	9.228458907877387e-06	81903	35032	3796083436	3386934
AL	NC_063213.1	86000001	86100000	0.0001715376840321	83827	688644	4014534788	3043678
AL	NC_063213.1	86100001	86200000	0.000165542421505	83240	639752	3864580415	3419218
AL	NC_063213.1	86200001	86300000	0.0002648482687541	85402	1087491	4106090650	3039672
AL	NC_063213.1	86300001	86400000	3.006225404734349e-05	86177	122952	4089912879	3241804
AL	NC_063213.1	86400001	86500000	4.066669358542929e-05	83381	151364	3722063110	3908998
AL	NC_063213.1	86500001	86600000	5.051909289379005e-05	80758	192305	3806580621	3126114
AL	NC_063213.1	86600001	86700000	3.318824026505221e-05	81595	120614	3634239087	3857512
AL	NC_063213.1	86700001	86800000	2.5701782678320416e-05	76137	89202	3470654200	3340274
AL	NC_063213.1	86800001	86900000	2.1635240907658475e-05	74466	71633	3310940715	3551270
AL	NC_063213.1	86900001	87000000	1.314313103575119e-05	77333	44564	3390668470	3841790
AL	NC_063213.1	87000001	87100000	1.800154946367317e-05	77064	58994	3277162342	4175068
AL	NC_063213.1	87100001	87200000	6.09381026427433e-05	70878	203565	3340520810	2761048
AL	NC_063213.1	87200001	87300000	8.459193186086026e-05	77097	295526	3493548303	3454900
AL	NC_063213.1	87300001	87400000	0.0002690779656102	76878	931045	3460130962	3526328
AL	NC_063213.1	87400001	87500000	0.0002316155511232	76919	781434	3373840816	3821662
AL	NC_063213.1	87500001	87600000	3.4923903334253154e-05	75455	119979	3435440731	3333400
AL	NC_063213.1	87600001	87700000	1.8695534596705384e-05	79156	64614	3456119410	3983332
AL	NC_063213.1	87700001	87800000	4.246747416624126e-05	81018	148021	3485514571	4251486
AL	NC_063213.1	87800001	87900000	5.896876309663133e-05	75656	196570	3333459779	3705586
AL	NC_063213.1	87900001	88000000	1.129379885449657e-05	78737	39174	3468629157	3854616
AL	NC_063213.1	88000001	88100000	3.837607186129126e-05	79799	134546	3505986764	3937558
AL	NC_063213.1	88100001	88200000	6.530870665880419e-05	75704	213026	3261831552	3952048
AL	NC_063213.1	88200001	88300000	3.846914482710692e-05	72493	122581	3186475825	3571944
AL	NC_063213.1	88300001	88400000	4.474528437287775e-05	71674	144787	3235804667	3246606
AL	NC_063213.1	88400001	88500000	1.6134823119096468e-05	73880	53471	3314012159	3420026
AL	NC_063213.1	88500001	88600000	4.820441911429733e-05	74158	161366	3347535412	3359820
AL	NC_063213.1	88600001	88700000	0.0001185398192448	80676	449302	3790304413	3165334
AL	NC_063213.1	88700001	88800000	0.0001226852048043	83345	484171	3946449784	3165746
AL	NC_063213.1	88800001	88900000	1.2272082009925664e-05	84564	48283	3934377228	3434760
AL	NC_063213.1	88900001	89000000	5.458628922162754e-07	84205	2133	3907574650	3455638
AL	NC_063213.1	89000001	89100000	8.12695659011649e-06	82640	31378	3860977926	3310308
AL	NC_063213.1	89100001	89200000	3.868419207984376e-05	84270	149996	3877449468	3572452
AL	NC_063213.1	89200001	89300000	6.491964306626279e-05	79147	251375	3872094610	2600394
AL	NC_063213.1	89300001	89400000	0.0003129250750709	83738	1271548	4063426364	2855852
AL	NC_063213.1	89400001	89500000	0.0002781656441121	82027	1039540	3737125781	3601148
AL	NC_063213.1	89500001	89600000	0.0002866603539267	82444	1128776	3937677410	3026676
AL	NC_063213.1	89600001	89700000	0.0002984964224515	81228	1131565	3790882955	3261930
AL	NC_063213.1	89700001	89800000	0.0003597990309624	82028	1375346	3822539478	3314220
AL	NC_063213.1	89800001	89900000	0.000211650141261	83032	791083	3737691812	3790744
AL	NC_063213.1	89900001	90000000	0.0002864276451908	84457	1151127	4018910253	3149304
AL	NC_063213.1	90000001	90100000	0.0002522539508302	84785	1002122	3972671178	3355198
AL	NC_063213.1	90100001	90200000	0.0002922488417934	84758	1176244	4024802948	3182716
AL	NC_063213.1	90200001	90300000	0.0004046317514989	9500	200587	495727286	214820
AL	NC_063213.1	90300001	90400000	0.0	10	0	431908	516
AL	NC_063213.1	90400001	90500000	0.0	14	0	692077	450
AL	NC_063213.1	90500001	90600000	0.0	12	0	457732	832
AL	NC_063213.1	90600001	90700000	NA	0	NA	NA	NA
AL	NC_063213.1	90700001	90800000	0.0	9	0	310913	744
AL	NC_063213.1	90800001	90900000	NA	0	NA	NA	NA
AL	NC_063213.1	90900001	91000000	NA	0	NA	NA	NA
AL	NC_063213.1	91000001	91100000	NA	0	NA	NA	NA
AL	NC_063213.1	91100001	91200000	0.0	18	0	923303	454
AL	NC_063213.1	91200001	91300000	NA	0	NA	NA	NA
AL	NC_063213.1	91300001	91400000	NA	0	NA	NA	NA
AL	NC_063213.1	91400001	91500000	0.0	23	0	1197367	528
AL	NC_063213.1	91500001	91600000	0.0	4	0	144747	306
AL	NC_063213.1	91600001	91700000	NA	0	NA	NA	NA
AL	NC_063213.1	91700001	91800000	0.0	382	0	17703159	15942
AL	NC_063213.1	91800001	91900000	0.0007034154331675	39757	1456549	2070681039	914524
AL	NC_063213.1	91900001	92000000	0.0007322188298643	54561	2099045	2866690823	1178068
AL	NC_063213.1	92000001	92100000	0.0009741982473415	55533	2838168	2913337206	1212470
AL	NC_063213.1	92100001	92200000	0.000654913190537	41418	1409085	2151559963	972574
AL	NC_063213.1	92200001	92300000	0.0007170466045294	46737	1721378	2400650096	1180122
AL	NC_063213.1	92300001	92400000	0.0006220123455349	41416	1309029	2104506461	1124022
AL	NC_063213.1	92400001	92500000	0.0006234464586331	25435	706245	1132807782	1234562
AL	NC_063213.1	92500001	92600000	0.000494598785118	42299	1084520	2192726777	1008020
AL	NC_063213.1	92600001	92700000	0.0004368249803809	82580	1919515	4394242743	1601290
AL	NC_063213.1	92700001	92800000	0.0004527138551487	78806	1894187	4184071193	1557658
AL	NC_063213.1	92800001	92900000	0.000537854517902	71256	2007357	3732156063	1574338
AL	NC_063213.1	92900001	93000000	0.0008177443438341	67155	2736176	3346004189	2026140
AL	NC_063213.1	93000001	93100000	0.0006730190945048	66877	2280514	3388483356	1837794
AL	NC_063213.1	93100001	93200000	0.000554118366764	77407	2250930	4062182622	1677506
AL	NC_063213.1	93200001	93300000	0.0003739593355616	70831	1392893	3724717817	1513204
AL	NC_063213.1	93300001	93400000	0.0002666968902794	64448	854554	3204214339	1970314
AL	NC_063213.1	93400001	93500000	0.0001636817412046	48608	395112	2413903940	1500568
AL	NC_063213.1	93500001	93600000	0.0008134031845628	66307	2675899	3289757221	2039316
AL	NC_063213.1	93600001	93700000	0.0004070015679134	52781	1040918	2557528231	1822836
AL	NC_063213.1	93700001	93800000	0.0006668860994375	62182	2144603	3215846007	1499334
AL	NC_063213.1	93800001	93900000	0.0005171111122714	68266	1870629	3617460456	1372780
AL	NC_063213.1	93900001	94000000	0.0006102363004895	66505	2194970	3596918109	1110296
AL	NC_063213.1	94000001	94100000	0.0005190712504788	74764	2067163	3982426301	1435902
AL	NC_063213.1	94100001	94200000	0.0003367658710649	78072	1402714	4165249868	1478248
AL	NC_063213.1	94200001	94300000	0.000503985460764	75341	1965501	3899916075	1803452
AL	NC_063213.1	94300001	94400000	0.0003318310940111	81115	1373473	4139072633	2130828
AL	NC_063213.1	94400001	94500000	0.0004822120083391	65581	1676014	3475678687	1320836
AL	NC_063213.1	94500001	94600000	0.0002042022718875	2066	19484	95415197	87690
AL	NC_063213.1	94600001	94700000	0.0004930886219465	48785	1259816	2554948429	1077800
AL	NC_063213.1	94700001	94800000	0.000194532663022	3425	29045	149306546	173334
AL	NC_063213.1	94800001	94900000	0.0003172639629986	26190	427269	1346730325	658578
AL	NC_063213.1	94900001	95000000	0.000339080166707	35378	574481	1694233566	1288816
AL	NC_063213.1	95000001	95100000	0.0006166416348495	72151	2229802	3616041918	2106562
AL	NC_063213.1	95100001	95200000	0.0005822465096331	83219	2350477	4036910417	2856212
AL	NC_063213.1	95200001	95300000	0.0005119512628703	82938	2099168	4100327809	2593490
AL	NC_063213.1	95300001	95400000	0.0006797340212439	83358	2937963	4322224441	1980098
AL	NC_063213.1	95400001	95500000	0.0004419573728442	67246	1488004	3366849591	1979934
AL	NC_063213.1	95500001	95600000	0.0001350608842619	77999	544558	4031944578	1889906
AL	NC_063213.1	95600001	95700000	0.0004688282216678	70686	1641834	3501994812	2195124
AL	NC_063213.1	95700001	95800000	0.0004509531975822	81841	1927979	4275341677	1839952
AL	NC_063213.1	95800001	95900000	0.0002589187474772	70798	930135	3592381815	1931542
AL	NC_063213.1	95900001	96000000	0.0002081746486984	86126	933970	4486473285	1970242
AL	NC_063213.1	96000001	96100000	0.0001882506965761	84187	816563	4337636008	2077614
AL	NC_063213.1	96100001	96200000	0.0002405858953548	56981	641636	2666972638	2274062
AL	NC_063213.1	96200001	96300000	0.0002067488593005	55723	543505	2628817406	2156026
AL	NC_063213.1	96300001	96400000	0.0001203872781817	63386	372565	3094720685	2116538
AL	NC_063213.1	96400001	96500000	0.0002874609657567	57072	816042	2838792383	1739586
AL	NC_063213.1	96500001	96600000	0.00067981555087	55814	1881940	2768309724	1728076
AL	NC_063213.1	96600001	96700000	0.0006655173269838	62925	2132630	3204469536	1680490
AL	NC_063213.1	96700001	96800000	0.0006970117730908	45194	1541848	2212083152	1493924
AL	NC_063213.1	96800001	96900000	0.0005157312573232	43395	1025273	1987998566	1873322
AL	NC_063213.1	96900001	97000000	0.0005814870406076	49465	1433654	2465496047	1492516
AL	NC_063213.1	97000001	97100000	0.0005953250876718	43551	1258475	2113929055	1499504
AL	NC_063213.1	97100001	97200000	0.0008107739922173	35967	1308290	1613630941	1666468
AL	NC_063213.1	97200001	97300000	0.0009116732873447	44026	2019256	2214889948	1264932
AL	NC_063213.1	97300001	97400000	0.0002723636543799	60632	848085	3113796523	1536650
AL	NC_063213.1	97400001	97500000	1.4081043385953502e-05	64295	47171	3349964822	1478170
AL	NC_063213.1	97500001	97600000	7.455777926168679e-06	54862	20726	2779857475	1510126
AL	NC_063213.1	97600001	97700000	8.522225365228559e-07	52615	2165	2540416273	1847876
AL	NC_063213.1	97700001	97800000	3.31302404751576e-06	59794	9802	2958626276	1867956
AL	NC_063213.1	97800001	97900000	4.565654568494132e-05	26303	51837	1135368417	1365076
AL	NC_063213.1	97900001	98000000	0.0005031956763848	40096	912095	1812605002	1809332
AL	NC_063213.1	98000001	98100000	0.0003900350439655	80191	1630625	4180714080	1824806
AL	NC_063213.1	98100001	98200000	0.0004711067729564	81433	1988701	4221338164	1931442
AL	NC_063213.1	98200001	98300000	0.0001189215636057	81312	504870	4245403312	1832920
AL	NC_063213.1	98300001	98400000	6.551306296708812e-05	81939	282585	4313414565	1737372
AL	NC_063213.1	98400001	98500000	0.0001404597164549	80238	576678	4105646904	2067804
AL	NC_063213.1	98500001	98600000	0.0002347340635093	76435	902296	3843907384	2180742
AL	NC_063213.1	98600001	98700000	2.891623723529517e-06	3848	544	188129595	128074
AL	NC_063213.1	98700001	98800000	0.0003321698996875	31516	464934	1399687330	1511260
AL	NC_063213.1	98800001	98900000	0.0009291671615751	28433	1166430	1255350004	1389346
AL	NC_063213.1	98900001	99000000	0.0008417325083597	28158	1058655	1257709533	1325474
AL	NC_063213.1	99000001	99100000	0.001223902943653	15524	843745	689388815	744594
AL	NC_063214.1	1	100000	0.0002199278467314	12230	127114	577980469	472538
AL	NC_063214.1	100001	200000	0.0	139	0	6247517	6428
AL	NC_063214.1	200001	300000	0.000102433613966	74827	382000	3729244583	2245088
AL	NC_063214.1	300001	400000	0.0001803093348969	69215	624922	3465832761	2021932
AL	NC_063214.1	400001	500000	0.0004238687933178	81463	1852110	4369536114	1473354
AL	NC_063214.1	500001	600000	0.0007659081865289	80658	3333655	4352551727	1377662
AL	NC_063214.1	600001	700000	0.0008701501725545	76297	3503107	4025864857	1590104
AL	NC_063214.1	700001	800000	0.0005474693625	81221	2350368	4293149829	1663104
AL	NC_063214.1	800001	900000	0.0002825752989071	76621	1170328	4141650047	1289324
AL	NC_063214.1	900001	1000000	0.0007183771034959	80402	3074734	4280111358	1557592
AL	NC_063214.1	1000001	1100000	0.000378253028711	75579	1501472	3969491018	1635778
AL	NC_063214.1	1100001	1200000	0.0004209655883569	75398	1652746	3926083380	1731500
AL	NC_063214.1	1200001	1300000	0.000591943032547	81781	2530923	4275619208	1824106
AL	NC_063214.1	1300001	1400000	0.0003645095603733	78405	1463264	4014336410	2011638
AL	NC_063214.1	1400001	1500000	0.0002615605460102	75558	1017878	3891557865	1868834
AL	NC_063214.1	1500001	1600000	0.0003420829621436	75302	1358228	3970463748	1577172
AL	NC_063214.1	1600001	1700000	0.0004103657538802	78523	1599245	3897121007	2403432
AL	NC_063214.1	1700001	1800000	0.0006219872044041	78777	2608890	4194443200	1518698
AL	NC_063214.1	1800001	1900000	0.0003736464956386	75451	1458937	3904591685	1812292
AL	NC_063214.1	1900001	2000000	0.0002436103415148	83448	1021650	4193787479	2391298
AL	NC_063214.1	2000001	2100000	0.0002166596500916	80363	824656	3806227877	3047828
AL	NC_063214.1	2100001	2200000	0.0004291905873307	80005	1595834	3718240910	3264886
AL	NC_063214.1	2200001	2300000	0.000207954064495	66363	666956	3207227527	2313048
AL	NC_063214.1	2300001	2400000	0.0004641514733783	45023	1003305	2161589605	1612620
AL	NC_063214.1	2400001	2500000	0.000325838093927	81222	1250362	3837372067	3110782
AL	NC_063214.1	2500001	2600000	0.0003154755465936	81702	1233222	3909089035	2972558
AL	NC_063214.1	2600001	2700000	0.0005201730615239	83281	2103510	4043865697	2843704
AL	NC_063214.1	2700001	2800000	0.0006611084476004	81720	2520455	3812468301	3288014
AL	NC_063214.1	2800001	2900000	0.0005482847707244	82516	2092918	3817209800	3428472
AL	NC_063214.1	2900001	3000000	0.0004887361562459	81322	1870962	3828163675	3162446
AL	NC_063214.1	3000001	3100000	0.0003963657300926	84308	1570632	3962582738	3291948
AL	NC_063214.1	3100001	3200000	0.0004715889325394	82875	1843154	3908391128	3193750
AL	NC_063214.1	3200001	3300000	0.0002051367317055	84316	815882	3977259427	3249234
AL	NC_063214.1	3300001	3400000	1.3813339285658162e-06	82453	5340	3865828450	3260518
AL	NC_063214.1	3400001	3500000	5.026467924916259e-07	77067	1810	3600938128	3079966
AL	NC_063214.1	3500001	3600000	5.753230351904595e-07	81466	2159	3752674355	3432766
AL	NC_063214.1	3600001	3700000	3.841713049774922e-07	83160	1465	3813402982	3561524
AL	NC_063214.1	3700001	3800000	2.60196113080618e-05	82309	96816	3720885714	3703334
AL	NC_063214.1	3800001	3900000	1.4824660087067172e-05	82776	55901	3770811585	3624854
AL	NC_063214.1	3900001	4000000	0.0001182127997256	82379	449623	3803505213	3446340
AL	NC_063214.1	4000001	4100000	0.00022508571019	81281	826887	3673653913	3666264
AL	NC_063214.1	4100001	4200000	0.0003292745688231	79980	1185731	3601040324	3650152
AL	NC_063214.1	4200001	4300000	0.0005717687445166	81857	2114806	3698708648	3696242
AL	NC_063214.1	4300001	4400000	0.0003893473723898	84865	1489843	3826513560	3852978
AL	NC_063214.1	4400001	4500000	0.0001494588238225	83986	590330	3949783525	3282482
AL	NC_063214.1	4500001	4600000	0.0001982707615014	81040	775450	3911065828	2840912
AL	NC_063214.1	4600001	4700000	0.0003001024557727	84539	1189779	3964576021	3338236
AL	NC_063214.1	4700001	4800000	0.0001316125785096	83620	536251	4074466180	2810072
AL	NC_063214.1	4800001	4900000	0.0003297994363048	84685	1393937	4226620323	2524836
AL	NC_063214.1	4900001	5000000	0.0004735938496071	84291	1887493	3985467720	3218926
AL	NC_063214.1	5000001	5100000	0.0003548355273608	84265	1470920	4145357177	2697408
AL	NC_063214.1	5100001	5200000	0.0002776402115884	85989	1231640	4436100927	2103900
AL	NC_063214.1	5200001	5300000	0.0005712986026361	86030	2471034	4325293268	2457236
AL	NC_063214.1	5300001	5400000	0.0005352620302105	86501	2478806	4631014083	1589452
AL	NC_063214.1	5400001	5500000	0.0002511506823458	84952	1120958	4463288690	1826188
AL	NC_063214.1	5500001	5600000	0.0003646917757281	85368	1641443	4500904899	1786154
AL	NC_063214.1	5600001	5700000	0.0001777895770174	85630	787382	4428729812	2060172
AL	NC_063214.1	5700001	5800000	0.0004338810946894	85378	1873066	4317003029	2360490
AL	NC_063214.1	5800001	5900000	0.0003630452927218	85321	1481844	4081705588	3100706
AL	NC_063214.1	5900001	6000000	0.0005825721257375	83686	2309467	3964259356	3172108
AL	NC_063214.1	6000001	6100000	0.0004074473495327	83571	1567605	3847380531	3531928
AL	NC_063214.1	6100001	6200000	0.0004608856163307	84895	1827301	3964760312	3405358
AL	NC_063214.1	6200001	6300000	0.0001994683470508	84187	817742	4099607843	2837336
AL	NC_063214.1	6300001	6400000	0.0002718413796462	75907	978768	3600511450	2865482
AL	NC_063214.1	6400001	6500000	0.0002229599468201	84877	873949	3919757842	3543110
AL	NC_063214.1	6500001	6600000	0.0001898314599566	81922	712338	3752476013	3525602
AL	NC_063214.1	6600001	6700000	1.448367719238026e-05	82568	53549	3697196457	3836966
AL	NC_063214.1	6700001	6800000	2.292225530240216e-05	80578	82784	3611511996	3731636
AL	NC_063214.1	6800001	6900000	3.327571531992243e-05	80450	119247	3583604405	3804298
AL	NC_063214.1	6900001	7000000	1.976646176443294e-05	81903	71855	3635197885	3913316
AL	NC_063214.1	7000001	7100000	1.4810013030620391e-05	79560	52249	3527950981	3814246
AL	NC_063214.1	7100001	7200000	8.724496848032707e-06	81402	31683	3631498819	3831894
AL	NC_063214.1	7200001	7300000	1.5863367815127362e-05	79420	54511	3436281667	4096866
AL	NC_063214.1	7300001	7400000	0.0002890747327649	81365	1027267	3553638155	4085108
AL	NC_063214.1	7400001	7500000	0.0005384260766534	82200	1940022	3603135294	4085020
AL	NC_063214.1	7500001	7600000	0.0006330919022762	79936	2216342	3500821906	3979156
AL	NC_063214.1	7600001	7700000	0.0001410023924722	81469	496051	3518032505	4225840
AL	NC_063214.1	7700001	7800000	0.0005593931880175	79318	1964661	3512128932	3821068
AL	NC_063214.1	7800001	7900000	0.0005936689385988	81114	2132428	3591948073	3905810
AL	NC_063214.1	7900001	8000000	0.0003979348882878	79359	1399679	3517356837	3810068
AL	NC_063214.1	8000001	8100000	0.0005788086903724	81137	2116739	3657061539	3691060
AL	NC_063214.1	8100001	8200000	0.0007240729387989	81203	2662503	3677119883	3646432
AL	NC_063214.1	8200001	8300000	0.000597308002368	81197	2159877	3616018857	3841608
AL	NC_063214.1	8300001	8400000	0.0005496727161466	75896	1922880	3498227115	3195162
AL	NC_063214.1	8400001	8500000	0.0005232428967952	79914	1834744	3506486206	3957088
AL	NC_063214.1	8500001	8600000	0.0007608783490159	79284	2711034	3563032124	3645584
AL	NC_063214.1	8600001	8700000	0.0007001269799592	80281	2499587	3570190939	3813644
AL	NC_063214.1	8700001	8800000	0.0007864153504127	80597	2788808	3546227828	3955930
AL	NC_063214.1	8800001	8900000	0.0006741177205685	80557	2433925	3610534074	3736838
AL	NC_063214.1	8900001	9000000	0.0006853321364706	83430	2499783	3647549658	4173296
AL	NC_063214.1	9000001	9100000	0.0004759266469007	78692	1699795	3571548286	3500996
AL	NC_063214.1	9100001	9200000	0.0003217156175123	81788	1190041	3699046410	3679524
AL	NC_063214.1	9200001	9300000	0.0005326253392715	81251	1966781	3692616282	3598026
AL	NC_063214.1	9300001	9400000	0.0006303779507926	82638	2331512	3698593831	3846790
AL	NC_063214.1	9400001	9500000	0.0007517509801752	83537	2845956	3785769590	3733126
AL	NC_063214.1	9500001	9600000	0.000732728101725	84414	2846549	3884863967	3573766
AL	NC_063214.1	9600001	9700000	0.0006770830664116	81587	2499907	3692171794	3661682
AL	NC_063214.1	9700001	9800000	0.0005993901048781	82092	2244825	3745181947	3586618
AL	NC_063214.1	9800001	9900000	0.0007451747450955	84161	2913300	3909552785	3445384
AL	NC_063214.1	9900001	10000000	0.0004835569882288	78121	1748378	3615660703	3244244
AL	NC_063214.1	10000001	10100000	0.0007653706885938	81854	2865213	3743562489	3545690
AL	NC_063214.1	10100001	10200000	0.0007426458116563	83840	2812925	3787707351	3781194
AL	NC_063214.1	10200001	10300000	0.0007080640403057	75303	2442960	3450196396	3245078
AL	NC_063214.1	10300001	10400000	0.000654576378706	82355	2368401	3618219473	4057604
AL	NC_063214.1	10400001	10500000	0.0010166196602256	82466	3719178	3658377017	3945562
AL	NC_063214.1	10500001	10600000	0.000780808360336	81260	2867863	3672940949	3661534
AL	NC_063214.1	10600001	10700000	0.0006858800468168	78760	2464473	3593154534	3440140
AL	NC_063214.1	10700001	10800000	0.0009947610679824	77455	3466643	3484900155	3547016
AL	NC_063214.1	10800001	10900000	0.0006561996399076	79448	2409001	3671140387	3317842
AL	NC_063214.1	10900001	11000000	0.0005821050970494	82087	2228029	3827537349	3320708
AL	NC_063214.1	11000001	11100000	0.0004479197487012	85030	1751317	3909890120	3608652
AL	NC_063214.1	11100001	11200000	0.0005456087505606	84720	2166684	3971131324	3348568
AL	NC_063214.1	11200001	11300000	0.0003708245333848	82540	1457153	3929494596	3070696
AL	NC_063214.1	11300001	11400000	0.0001370017694097	85587	554780	4049436751	3262800
AL	NC_063214.1	11400001	11500000	0.0005303676631022	83747	2131840	4019551244	3009558
AL	NC_063214.1	11500001	11600000	0.0003432728673027	83031	1311567	3820770952	3519830
AL	NC_063214.1	11600001	11700000	0.0003456961656344	82842	1312782	3797502346	3556688
AL	NC_063214.1	11700001	11800000	0.000390219047376	79380	1424664	3650934032	3375136
AL	NC_063214.1	11800001	11900000	0.0004971943341069	82294	1857353	3735668073	3660042
AL	NC_063214.1	11900001	12000000	0.0005400901081332	79624	1998876	3701004647	3252146
AL	NC_063214.1	12000001	12100000	0.0005739305261731	80865	2105905	3669268150	3592814
AL	NC_063214.1	12100001	12200000	0.0002139081404048	75089	765553	3578886706	2783398
AL	NC_063214.1	12200001	12300000	0.0005440655748139	80064	2066556	3798358315	3018674
AL	NC_063214.1	12300001	12400000	0.000559414041788	76905	2016120	3603985330	3049078
AL	NC_063214.1	12400001	12500000	0.0005763387007386	82464	2148739	3728257355	3719610
AL	NC_063214.1	12500001	12600000	0.0002036549705478	40440	379348	1862699442	1711116
AL	NC_063214.1	12600001	12700000	0.0008953062591704	78686	3176976	3548479604	3583244
AL	NC_063214.1	12700001	12800000	0.0003661055242902	74799	1211245	3308458681	3625012
AL	NC_063214.1	12800001	12900000	0.0003525793545835	42801	673799	1911056309	2009296
AL	NC_063214.1	12900001	13000000	0.0004328750943588	60018	1154508	2667069589	2864386
AL	NC_063214.1	13000001	13100000	0.0003916288607607	68781	1193853	3048429571	3315516
AL	NC_063214.1	13100001	13200000	0.0004184857209431	74291	1338153	3197607309	3894892
AL	NC_063214.1	13200001	13300000	0.0002326610286463	72304	737470	3169718643	3595434
AL	NC_063214.1	13300001	13400000	0.0005586362286329	75041	1860924	3331191041	3588136
AL	NC_063214.1	13400001	13500000	0.0004512384964563	77678	1554692	3445388663	3725478
AL	NC_063214.1	13500001	13600000	0.0005908359685996	78750	2103207	3559713883	3551590
AL	NC_063214.1	13600001	13700000	0.0005697273015967	77474	1989717	3492402408	3527700
AL	NC_063214.1	13700001	13800000	0.0007816023867952	75205	2531138	3238395945	3935464
AL	NC_063214.1	13800001	13900000	0.000200633870019	72494	618086	3080666290	3936056
AL	NC_063214.1	13900001	14000000	0.0002841962432021	77602	941795	3313889689	4155866
AL	NC_063214.1	14000001	14100000	0.0002973311319215	78825	1034347	3478771272	3836098
AL	NC_063214.1	14100001	14200000	0.0003246379680025	70659	1059460	3263512295	2966944
AL	NC_063214.1	14200001	14300000	0.0004156820748443	72870	1408714	3388921691	2983414
AL	NC_063214.1	14300001	14400000	0.0001411714416869	72996	456751	3235434834	3507572
AL	NC_063214.1	14400001	14500000	0.0002661236016516	73008	873718	3283128571	3359922
AL	NC_063214.1	14500001	14600000	0.0003934057045983	70622	1276791	3245481662	3021832
AL	NC_063214.1	14600001	14700000	0.0004076461420054	71874	1326782	3254739499	3235142
AL	NC_063214.1	14700001	14800000	0.000532458716277	62119	1552776	2916237358	2452826
AL	NC_063214.1	14800001	14900000	0.0004520593070478	70054	1421653	3144837365	3245954
AL	NC_063214.1	14900001	15000000	0.0003327102685384	72644	1090097	3276415257	3314350
AL	NC_063214.1	15000001	15100000	0.0002766533516726	67927	891936	3224020221	2569780
AL	NC_063214.1	15100001	15200000	0.0002580120926674	71773	839765	3254750548	3208082
AL	NC_063214.1	15200001	15300000	0.0002866785294533	65868	883418	3081563177	2639070
AL	NC_063214.1	15300001	15400000	0.0006769454594182	56219	1829359	2702372805	2018364
AL	NC_063214.1	15400001	15500000	NA	0	NA	NA	NA
AL	NC_063214.1	15500001	15600000	NA	0	NA	NA	NA
AL	NC_063214.1	15600001	15700000	NA	0	NA	NA	NA
AL	NC_063214.1	15700001	15800000	NA	0	NA	NA	NA
AL	NC_063214.1	15800001	15900000	NA	0	NA	NA	NA
AL	NC_063214.1	15900001	16000000	NA	0	NA	NA	NA
AL	NC_063214.1	16000001	16100000	NA	0	NA	NA	NA
AL	NC_063214.1	16100001	16200000	NA	0	NA	NA	NA
AL	NC_063214.1	16200001	16300000	NA	0	NA	NA	NA
AL	NC_063214.1	16300001	16400000	NA	0	NA	NA	NA
AL	NC_063214.1	16400001	16500000	NA	0	NA	NA	NA
AL	NC_063214.1	16500001	16600000	NA	0	NA	NA	NA
AL	NC_063214.1	16600001	16700000	NA	0	NA	NA	NA
AL	NC_063214.1	16700001	16800000	NA	0	NA	NA	NA
AL	NC_063214.1	16800001	16900000	NA	0	NA	NA	NA
AL	NC_063214.1	16900001	17000000	NA	0	NA	NA	NA
AL	NC_063214.1	17000001	17100000	NA	0	NA	NA	NA
AL	NC_063214.1	17100001	17200000	NA	0	NA	NA	NA
AL	NC_063214.1	17200001	17300000	NA	0	NA	NA	NA
AL	NC_063214.1	17300001	17400000	NA	0	NA	NA	NA
AL	NC_063214.1	17400001	17500000	NA	0	NA	NA	NA
AL	NC_063214.1	17500001	17600000	NA	0	NA	NA	NA
AL	NC_063214.1	17600001	17700000	NA	0	NA	NA	NA
AL	NC_063214.1	17700001	17800000	NA	0	NA	NA	NA
AL	NC_063214.1	17800001	17900000	NA	0	NA	NA	NA
AL	NC_063214.1	17900001	18000000	0.0004404546104231	18681	374074	849290690	827670
AL	NC_063214.1	18000001	18100000	0.0002340326582189	74937	815791	3485799829	3064528
AL	NC_063214.1	18100001	18200000	0.000144542174059	74482	513429	3552105144	2755900
AL	NC_063214.1	18200001	18300000	0.0002997214352016	78492	1148967	3833449547	2613010
AL	NC_063214.1	18300001	18400000	0.0003552357733818	73452	1259966	3546844362	2573676
AL	NC_063214.1	18400001	18500000	0.0004529514571351	70661	1551295	3424859277	2435152
AL	NC_063214.1	18500001	18600000	0.0004623949238411	66371	1516729	3280159279	2081832
AL	NC_063214.1	18600001	18700000	0.0003636968602458	70098	1261261	3467890812	2186300
AL	NC_063214.1	18700001	18800000	0.0004857349904089	67919	1639684	3375676104	2069558
AL	NC_063214.1	18800001	18900000	0.0003987979195346	70473	1420122	3561006541	1954552
AL	NC_063214.1	18900001	19000000	0.0005017751112229	73956	1813838	3614842505	2444462
AL	NC_063214.1	19000001	19100000	0.0003479811691488	75035	1267808	3643323583	2561792
AL	NC_063214.1	19100001	19200000	0.0003046107196999	55183	865214	2840392488	1370902
AL	NC_063214.1	19200001	19300000	0.000832332340468	74525	3073847	3693052463	2300412
AL	NC_063214.1	19300001	19400000	0.0004356333283866	77680	1673763	3842137162	2419596
AL	NC_063214.1	19400001	19500000	0.0005205878948518	74062	1924010	3695840835	2210574
AL	NC_063214.1	19500001	19600000	0.0005892952245146	78061	2203582	3739351531	2824324
AL	NC_063214.1	19600001	19700000	0.0004040143705126	73184	1452704	3595674080	2361264
AL	NC_063214.1	19700001	19800000	0.0004124309676879	75916	1634589	3963303263	1712122
AL	NC_063214.1	19800001	19900000	0.0003021443083777	76801	1180300	3906411497	2051080
AL	NC_063214.1	19900001	20000000	0.0006536649002058	71969	2385236	3649019550	1967534
AL	NC_063214.1	20000001	20100000	0.0003904087224038	80341	1504175	3852821194	2902350
AL	NC_063214.1	20100001	20200000	0.0002329546933817	79893	870431	3736481920	3194698
AL	NC_063214.1	20200001	20300000	0.0002076648385407	76440	767025	3693571841	2668110
AL	NC_063214.1	20300001	20400000	0.0005498454465208	83018	2147096	3904908213	3237330
AL	NC_063214.1	20400001	20500000	0.0002199761317163	84145	872917	3968235068	3246994
AL	NC_063214.1	20500001	20600000	0.0001480140543876	83357	609201	4115832125	2624216
AL	NC_063214.1	20600001	20700000	0.0006746577526572	82974	2739553	4060655924	2724124
AL	NC_063214.1	20700001	20800000	0.0004959844313702	86347	1941412	3914259959	3856728
AL	NC_063214.1	20800001	20900000	0.0003626414575941	84133	1386070	3822149870	3727630
AL	NC_063214.1	20900001	21000000	0.0002908541986191	82891	1091918	3754176509	3713236
AL	NC_063214.1	21000001	21100000	0.0004484582943389	82183	1673057	3730685821	3651548
AL	NC_063214.1	21100001	21200000	0.0003757649899683	80326	1398138	3720777713	3320962
AL	NC_063214.1	21200001	21300000	0.0003665769490663	83029	1411695	3851019557	3417464
AL	NC_063214.1	21300001	21400000	0.0004769167068565	82177	1810265	3795767634	3441494
AL	NC_063214.1	21400001	21500000	0.0005116922793887	74116	1802392	3522413905	2775622
AL	NC_063214.1	21500001	21600000	0.0004033018791784	87170	1709983	4239957928	2947908
AL	NC_063214.1	21600001	21700000	0.000335667166605	84368	1374958	4096194495	2880418
AL	NC_063214.1	21700001	21800000	0.0005536370495899	86077	2276162	4111289159	3154100
AL	NC_063214.1	21800001	21900000	0.0004131245031193	78678	1607223	3890408310	2462712
AL	NC_063214.1	21900001	22000000	0.0003915818462151	83618	1540508	3934063887	3256334
AL	NC_063214.1	22000001	22100000	0.0004593913131998	83714	1779230	3873016204	3477556
AL	NC_063214.1	22100001	22200000	4.969447266348883e-05	81277	190989	3843264447	3103540
AL	NC_063214.1	22200001	22300000	0.0002765682856138	83227	1044026	3774930295	3707376
AL	NC_063214.1	22300001	22400000	0.000279174732836	83071	1043476	3737716481	3801316
AL	NC_063214.1	22400001	22500000	0.0004821282672399	84237	1874793	3888577226	3527102
AL	NC_063214.1	22500001	22600000	0.0007419852428132	82817	2836567	3822942609	3468912
AL	NC_063214.1	22600001	22700000	0.0004337941251637	80195	1626825	3750223679	3199152
AL	NC_063214.1	22700001	22800000	0.0002360236565377	83838	943831	3998883052	3088260
AL	NC_063214.1	22800001	22900000	0.0004611985709203	80733	1723207	3736366738	3349166
AL	NC_063214.1	22900001	23000000	0.0004681950153836	83676	1806014	3857396898	3522108
AL	NC_063214.1	23000001	23100000	0.0003737732583459	79097	1376890	3683757383	3209580
AL	NC_063214.1	23100001	23200000	0.0001618146292538	80331	590061	3646524438	3568690
AL	NC_063214.1	23200001	23300000	0.0004697731289003	83206	1845728	3928977386	3196768
AL	NC_063214.1	23300001	23400000	0.0003589909049489	84521	1461728	4071768894	2986686
AL	NC_063214.1	23400001	23500000	0.0002351247718542	82656	901634	3834704412	3396864
AL	NC_063214.1	23500001	23600000	0.0002091959519776	83781	864565	4132799855	2648940
AL	NC_063214.1	23600001	23700000	0.0002525788814544	83681	1059079	4193062357	2444008
AL	NC_063214.1	23700001	23800000	0.0003420774706368	83408	1357177	3967455084	3120712
AL	NC_063214.1	23800001	23900000	0.00039768163192	85157	1563857	3932434577	3561536
AL	NC_063214.1	23900001	24000000	0.0001338961629766	81295	479746	3582970485	3975500
AL	NC_063214.1	24000001	24100000	0.0002258481954456	82993	876932	3882838197	3314432
AL	NC_063214.1	24100001	24200000	0.0002842820515167	82591	1154694	4061790021	2653988
AL	NC_063214.1	24200001	24300000	0.0002977345933605	84326	1136535	3817275605	3783002
AL	NC_063214.1	24300001	24400000	0.0005638834846588	86000	2235696	3964819082	3613556
AL	NC_063214.1	24400001	24500000	0.0003465856310542	76436	1277363	3685562486	2688628
AL	NC_063214.1	24500001	24600000	0.0002179445260838	79376	875483	4016999260	2189216
AL	NC_063214.1	24600001	24700000	0.0001911801808581	85276	760943	3980239984	3430240
AL	NC_063214.1	24700001	24800000	0.0002320642986984	83802	847196	3650695108	4236732
AL	NC_063214.1	24800001	24900000	0.0001745615104829	81046	683810	3917301117	2830162
AL	NC_063214.1	24900001	25000000	0.000411627524089	85224	1718492	4174871454	2786612
AL	NC_063214.1	25000001	25100000	0.0004025446300266	87507	1777892	4416633256	2442158
AL	NC_063214.1	25100001	25200000	0.0003846451789899	85142	1589677	4132840048	2915684
AL	NC_063214.1	25200001	25300000	0.0005287384126044	85014	2151176	4068507127	3093806
AL	NC_063214.1	25300001	25400000	0.0003090166801089	87146	1324287	4285487112	2798740
AL	NC_063214.1	25400001	25500000	0.0005570887483669	87200	2428722	4359668019	2565530
AL	NC_063214.1	25500001	25600000	0.0004780303376085	86544	2019363	4224340677	2884494
AL	NC_063214.1	25600001	25700000	0.0005426963772911	85328	2350173	4330548532	2312256
AL	NC_063214.1	25700001	25800000	0.0005949409596659	87254	2634323	4427872980	2361580
AL	NC_063214.1	25800001	25900000	0.0006498993604016	84306	2743078	4220773503	2464910
AL	NC_063214.1	25900001	26000000	0.0004237065309939	87675	1844406	4353027072	2678302
AL	NC_063214.1	26000001	26100000	0.0005601633209358	87299	2428258	4334910747	2663432
AL	NC_063214.1	26100001	26200000	0.0009126120256029	86996	4033037	4419224037	2339822
AL	NC_063214.1	26200001	26300000	0.0004856068770998	86318	2058436	4238893840	2785404
AL	NC_063214.1	26300001	26400000	0.0007513028172923	84716	3064291	4078636376	2992344
AL	NC_063214.1	26400001	26500000	0.0006726113183178	84926	2765079	4110961152	2928556
AL	NC_063214.1	26500001	26600000	0.0004730825434486	86387	1988850	4204023225	2909236
AL	NC_063214.1	26600001	26700000	0.0003683956158237	84905	1546724	4198540736	2645130
AL	NC_063214.1	26700001	26800000	0.0002294810955988	86650	975376	4250354468	2812276
AL	NC_063214.1	26800001	26900000	0.0004743347259056	83797	1959406	4130850838	2653518
AL	NC_063214.1	26900001	27000000	6.39199700731552e-05	85493	257929	4035186495	3282452
AL	NC_063214.1	27000001	27100000	0.0001077360902343	87359	450584	4182293965	3165012
AL	NC_063214.1	27100001	27200000	0.0006795240355429	80981	2698350	3970941216	2630914
AL	NC_063214.1	27200001	27300000	0.0002721236770429	85697	1141476	4194695634	2807422
AL	NC_063214.1	27300001	27400000	0.0004018298324593	85481	1723347	4288748273	2466992
AL	NC_063214.1	27400001	27500000	7.260908237949332e-05	84425	301088	4146698872	2717962
AL	NC_063214.1	27500001	27600000	6.476120764733283e-05	86345	282577	4363368292	2397850
AL	NC_063214.1	27600001	27700000	0.0002515206284703	82189	1019106	4051778998	2603782
AL	NC_063214.1	27700001	27800000	0.0006145873114613	83476	2497688	4064008406	2813948
AL	NC_063214.1	27800001	27900000	0.0005751243336354	84380	2227496	3873068604	3604688
AL	NC_063214.1	27900001	28000000	0.0004036142427626	80503	1500832	3718481265	3363420
AL	NC_063214.1	28000001	28100000	0.0004028345728782	83541	1609969	3996600859	3040260
AL	NC_063214.1	28100001	28200000	0.0003422278264016	86428	1380849	4034882302	3462372
AL	NC_063214.1	28200001	28300000	0.0003468031637948	85113	1460342	4210867006	2656518
AL	NC_063214.1	28300001	28400000	0.0005210895261722	83013	2120887	4070100997	2703184
AL	NC_063214.1	28400001	28500000	0.0004596653790897	85198	1945912	4233322953	2594026
AL	NC_063214.1	28500001	28600000	0.0006994994593136	85729	3001330	4290682373	2528128
AL	NC_063214.1	28600001	28700000	0.0006608401183948	86538	2974673	4501350504	1999812
AL	NC_063214.1	28700001	28800000	0.0005626630245629	81755	2171892	3860022616	3141478
AL	NC_063214.1	28800001	28900000	0.0006044524906303	84892	2401589	3973164206	3375980
AL	NC_063214.1	28900001	29000000	0.0004608951675409	85941	1898122	4118337821	3107864
AL	NC_063214.1	29000001	29100000	0.0006227509632593	86289	2665775	4280643720	2657250
AL	NC_063214.1	29100001	29200000	0.0005828926539179	86885	2409009	4132851879	3229228
AL	NC_063214.1	29200001	29300000	0.0005460235995312	77940	1994612	3652977640	3080344
AL	NC_063214.1	29300001	29400000	0.0007420904830414	85095	3023223	4073927734	3083546
AL	NC_063214.1	29400001	29500000	0.0007066172516798	83346	2936865	4156231670	2497160
AL	NC_063214.1	29500001	29600000	0.000457151405225	85170	1858928	4066328964	3127108
AL	NC_063214.1	29600001	29700000	0.0003501764281269	83977	1353350	3864766133	3554088
AL	NC_063214.1	29700001	29800000	0.0005250683638624	86192	2076462	3954650752	3684152
AL	NC_063214.1	29800001	29900000	0.0003619521687622	83770	1451891	4011278631	3045918
AL	NC_063214.1	29900001	30000000	0.0001991147387212	86937	858902	4313603330	2671606
AL	NC_063214.1	30000001	30100000	0.000554078874533	84842	2343981	4230410340	2541972
AL	NC_063214.1	30100001	30200000	0.0005933721603647	84553	2249435	3790934510	3916310
AL	NC_063214.1	30200001	30300000	0.0006624185113959	83588	2662134	4018809792	2977104
AL	NC_063214.1	30300001	30400000	0.0005888955320642	86261	2445977	4153498994	3045806
AL	NC_063214.1	30400001	30500000	0.0006204063157146	83967	2543347	4099485991	2794416
AL	NC_063214.1	30500001	30600000	0.0004645114882419	84990	1864275	4013409888	3262092
AL	NC_063214.1	30600001	30700000	0.0004273572850875	84478	1722494	4030571281	3108146
AL	NC_063214.1	30700001	30800000	0.000520558523925	82998	1973925	3791936755	3602606
AL	NC_063214.1	30800001	30900000	0.0004591135762978	82757	1811914	3946548509	3055880
AL	NC_063214.1	30900001	31000000	0.0004056189583874	87483	1736948	4282216016	2873222
AL	NC_063214.1	31000001	31100000	0.0003291327013253	84834	1361860	4137723157	2843322
AL	NC_063214.1	31100001	31200000	0.0006213284908069	82790	2652017	4268300970	2036896
AL	NC_063214.1	31200001	31300000	0.0001758716058185	84729	767776	4365548358	2093414
AL	NC_063214.1	31300001	31400000	0.0005933686786532	84562	2647568	4461927458	1758736
AL	NC_063214.1	31400001	31500000	0.0001700858681989	84732	759706	4466602711	1776858
AL	NC_063214.1	31500001	31600000	0.0005811288138326	82809	2480760	4268864219	2037724
AL	NC_063214.1	31600001	31700000	0.0005857318987843	83984	2480866	4235497512	2360240
AL	NC_063214.1	31700001	31800000	0.0005932335261762	86152	2541182	4283611576	2620456
AL	NC_063214.1	31800001	31900000	0.000518428411032	84660	2107938	4066015587	3032082
AL	NC_063214.1	31900001	32000000	0.0007895238807826	82398	3075533	3895427453	3153266
AL	NC_063214.1	32000001	32100000	0.0006403896614609	85115	2493507	3893734003	3677944
AL	NC_063214.1	32100001	32200000	0.0004759871705399	82127	1883828	3957728520	2899102
AL	NC_063214.1	32200001	32300000	0.0005322838192401	39593	972392	1826829907	1666316
AL	NC_063214.1	32300001	32400000	0.0006348685201329	36760	1042333	1641809236	1727360
AL	NC_063214.1	32400001	32500000	0.000396831669673	84524	1534149	3865994368	3657688
AL	NC_063214.1	32500001	32600000	0.0006084046779841	83201	2401600	3947372673	3139616
AL	NC_063214.1	32600001	32700000	0.0004089759284013	84656	1595236	3900562085	3563438
AL	NC_063214.1	32700001	32800000	0.0004851964448155	84882	1972026	4064386747	3072590
AL	NC_063214.1	32800001	32900000	0.0003769751084217	84584	1561371	4141841106	2773676
AL	NC_063214.1	32900001	33000000	0.0004452605571131	72073	1617248	3632138473	2036144
AL	NC_063214.1	33000001	33100000	0.0005957516116277	86245	2585277	4339521622	2457774
AL	NC_063214.1	33100001	33200000	0.0005370434167501	85268	2305392	4292747901	2423574
AL	NC_063214.1	33200001	33300000	0.0005584030397962	86204	2351624	4211338106	2858932
AL	NC_063214.1	33300001	33400000	0.0004407791945108	88217	1974833	4480322630	2375814
AL	NC_063214.1	33400001	33500000	0.0006160472435872	79168	2404015	3902322468	2511680
AL	NC_063214.1	33500001	33600000	0.0007624376647969	84185	3074868	4032943468	3041490
AL	NC_063214.1	33600001	33700000	0.0007840414186492	82404	3100357	3954328083	2954954
AL	NC_063214.1	33700001	33800000	0.0008967760516699	84204	3746223	4177434258	2577788
AL	NC_063214.1	33800001	33900000	0.0007925629230955	82435	3115718	3931193233	3049084
AL	NC_063214.1	33900001	34000000	0.0008553666362138	83854	3600315	4209089819	2412678
AL	NC_063214.1	34000001	34100000	0.0005943442623246	84533	2531285	4258954213	2387296
AL	NC_063214.1	34100001	34200000	0.0005760063424995	84125	2342792	4067302436	2922698
AL	NC_063214.1	34200001	34300000	0.0005036181773794	81541	1952582	3877107872	3046954
AL	NC_063214.1	34300001	34400000	0.0004129143059505	74094	1520607	3682621256	2255124
AL	NC_063214.1	34400001	34500000	0.0004151980474596	86539	1829258	4405748079	2295384
AL	NC_063214.1	34500001	34600000	0.0006429611751819	85815	2735272	4254179110	2643970
AL	NC_063214.1	34600001	34700000	0.0005272464565777	83759	2174387	4124042889	2666212
AL	NC_063214.1	34700001	34800000	0.0003666322259974	85936	1487867	4058200274	3292100
AL	NC_063214.1	34800001	34900000	0.0006379790311445	84665	2520698	3951067162	3399598
AL	NC_063214.1	34900001	35000000	0.0003336016916139	82557	1300561	3898544380	3164714
AL	NC_063214.1	35000001	35100000	0.000652119373214	81898	2482659	3807062176	3334364
AL	NC_063214.1	35100001	35200000	0.0007113123581099	83657	2729154	3836786988	3583362
AL	NC_063214.1	35200001	35300000	0.0003778323051214	81926	1436687	3802446166	3360240
AL	NC_063214.1	35300001	35400000	0.0005787846616699	81424	2113056	3650850031	3764634
AL	NC_063214.1	35400001	35500000	0.0005873900110161	79220	2104327	3582503891	3561578
AL	NC_063214.1	35500001	35600000	0.000568801227233	80494	2019041	3549642482	3924504
AL	NC_063214.1	35600001	35700000	0.0007671428977487	80001	2692709	3510048790	3957638
AL	NC_063214.1	35700001	35800000	0.0006405674360663	79420	2202015	3437600596	4090496
AL	NC_063214.1	35800001	35900000	0.0010312438374147	79279	3579219	3470778559	3951824
AL	NC_063214.1	35900001	36000000	0.0008362760986266	80488	2932428	3506530923	4069362
AL	NC_063214.1	36000001	36100000	0.0007422351842616	79359	2561469	3451020720	4032702
AL	NC_063214.1	36100001	36200000	0.0007469220103849	81615	2634463	3527092472	4222230
AL	NC_063214.1	36200001	36300000	0.0008596603644103	78630	3023663	3517276270	3669160
AL	NC_063214.1	36300001	36400000	0.0004479991238269	81014	1623670	3624270481	3786770
AL	NC_063214.1	36400001	36500000	0.0006596053496166	79858	2389602	3622775348	3557556
AL	NC_063214.1	36500001	36600000	0.0008665359466077	83531	3253316	3754392432	3831462
AL	NC_063214.1	36600001	36700000	0.0006828174393075	84693	2753314	4032284241	3151960
AL	NC_063214.1	36700001	36800000	0.0007707522482146	79477	2777201	3603234381	3547168
AL	NC_063214.1	36800001	36900000	0.0005578905714285	75402	1959528	3512387734	3053920
AL	NC_063214.1	36900001	37000000	0.0007213441455582	82465	2777531	3850493578	3308238
AL	NC_063214.1	37000001	37100000	0.0006263161812733	79726	2335390	3728771617	3177146
AL	NC_063214.1	37100001	37200000	0.0003896762225213	84468	1480845	3800193377	3862078
AL	NC_063214.1	37200001	37300000	0.0004936294515206	82171	1884221	3817075732	3358382
AL	NC_063214.1	37300001	37400000	0.0005460034679728	80692	1981862	3629760828	3692360
AL	NC_063214.1	37400001	37500000	0.0004815188250314	80463	1744117	3622115916	3679758
AL	NC_063214.1	37500001	37600000	0.0003000974313699	81055	1087044	3622303580	3793342
AL	NC_063214.1	37600001	37700000	0.000250754879946	82780	919247	3665918686	3983660
AL	NC_063214.1	37700001	37800000	0.0005156476878189	81271	1897750	3680322912	3639294
AL	NC_063214.1	37800001	37900000	0.0004703996217218	85033	1807147	3841727154	3832094
AL	NC_063214.1	37900001	38000000	0.000364332775369	75788	1313706	3605785943	2824146
AL	NC_063214.1	38000001	38100000	0.0003020367355341	84673	1256366	4159646335	2733324
AL	NC_063214.1	38100001	38200000	0.0004924826299793	78016	1907498	3873228991	2386650
AL	NC_063214.1	38200001	38300000	0.0005503098457289	84828	2267419	4120258828	2884264
AL	NC_063214.1	38300001	38400000	0.0003169935412138	84038	1265601	3992513523	3147390
AL	NC_063214.1	38400001	38500000	0.0006842856846183	82244	2767243	4043987858	2642380
AL	NC_063214.1	38500001	38600000	0.0005182466276184	83966	1954070	3770540696	3863780
AL	NC_063214.1	38600001	38700000	0.000493507397763	80874	1876225	3801817376	3163452
AL	NC_063214.1	38700001	38800000	0.0007459533645974	82482	2808973	3765614760	3589852
AL	NC_063214.1	38800001	38900000	0.0003996715006755	81383	1472843	3685133910	3644602
AL	NC_063214.1	38900001	39000000	0.0005170699747392	80352	1941619	3755041087	3214474
AL	NC_063214.1	39000001	39100000	0.0006100372668191	83642	2260215	3705044139	4019758
AL	NC_063214.1	39100001	39200000	0.000460245394164	83689	1677081	3643884374	4237030
AL	NC_063214.1	39200001	39300000	0.0005245826132293	84302	2004141	3820448771	3767718
AL	NC_063214.1	39300001	39400000	0.0007124873490787	85135	2781410	3903802648	3644222
AL	NC_063214.1	39400001	39500000	0.0005857807116214	83098	2193756	3745012351	3782662
AL	NC_063214.1	39500001	39600000	0.0008309911348218	81055	3118537	3752792141	3365980
AL	NC_063214.1	39600001	39700000	0.0006684773865444	82990	2547236	3810504366	3543416
AL	NC_063214.1	39700001	39800000	0.0009073419298531	80987	3341126	3682322937	3573780
AL	NC_063214.1	39800001	39900000	0.0006161969779394	81914	2262677	3672002754	3791208
AL	NC_063214.1	39900001	40000000	0.0007745247429375	80821	2798297	3612921376	3775642
AL	NC_063214.1	40000001	40100000	0.0006711863440692	81874	2530387	3770021578	3456744
AL	NC_063214.1	40100001	40200000	0.00053526230652	81862	2018865	3771730188	3448564
AL	NC_063214.1	40200001	40300000	0.0006775966802743	82366	2664143	3931753324	3028396
AL	NC_063214.1	40300001	40400000	0.0006900666553826	78433	2631752	3813764916	2653986
AL	NC_063214.1	40400001	40500000	0.0005133129593954	83768	2076379	4045054702	2920036
AL	NC_063214.1	40500001	40600000	0.0004744517369738	85945	1899635	4003852978	3477358
AL	NC_063214.1	40600001	40700000	0.0005280383325301	85110	2129573	4032989404	3221892
AL	NC_063214.1	40700001	40800000	0.0005767938744366	81371	2184448	3787224686	3305058
AL	NC_063214.1	40800001	40900000	0.0006633470747445	81312	2581510	3891643000	2962104
AL	NC_063214.1	40900001	41000000	0.0008784893093543	48885	1950739	2220560887	2168212
AL	NC_063214.1	41000001	41100000	0.0008516583918999	19060	735903	864082368	849600
AL	NC_063214.1	41100001	41200000	0.0005361243920847	80783	2021126	3769882568	3257646
AL	NC_063214.1	41200001	41300000	0.0006209214687329	83418	2379975	3832972638	3560680
AL	NC_063214.1	41300001	41400000	0.0005001235483366	82675	1962897	3924824189	3114036
AL	NC_063214.1	41400001	41500000	0.0006078224031074	83821	2518753	4143896288	2616378
AL	NC_063214.1	41500001	41600000	0.0005589476664982	83888	2268829	4059108099	2909490
AL	NC_063214.1	41600001	41700000	0.0006374318856641	82155	2692760	4224388614	2051834
AL	NC_063214.1	41700001	41800000	0.0006126877557036	83869	2522593	4117257080	2717698
AL	NC_063214.1	41800001	41900000	0.0004728552827445	88271	2068321	4374109956	2721598
AL	NC_063214.1	41900001	42000000	0.0005345272189759	83288	2133591	3991547903	3008730
AL	NC_063214.1	42000001	42100000	0.0003671811921516	86812	1556200	4238234510	2884036
AL	NC_063214.1	42100001	42200000	0.0001419109258789	86546	599258	4222775634	2879384
AL	NC_063214.1	42200001	42300000	0.0002483816218409	84794	1032561	4157155398	2764152
AL	NC_063214.1	42300001	42400000	0.0003607699714511	82247	1392254	3859118303	3239752
AL	NC_063214.1	42400001	42500000	0.0004220174263894	75428	1464431	3470072344	3197256
AL	NC_063214.1	42500001	42600000	0.0004726867911831	82463	1763702	3731227597	3700564
AL	NC_063214.1	42600001	42700000	0.0002047316063434	74082	673583	3290078225	3536482
AL	NC_063214.1	42700001	42800000	0.0001012840447702	79565	349727	3452932797	4072384
AL	NC_063214.1	42800001	42900000	0.0002286192756969	80005	798492	3492671375	4023044
AL	NC_063214.1	42900001	43000000	0.0002861831823094	77456	976751	3413027251	3790778
AL	NC_063214.1	43000001	43100000	0.0003043185151998	78478	1050883	3453233857	3857994
AL	NC_063214.1	43100001	43200000	0.0005538940682323	79087	1925123	3475615845	3904636
AL	NC_063214.1	43200001	43300000	0.0003064568012686	80773	1061979	3465346488	4267306
AL	NC_063214.1	43300001	43400000	0.0002920697296348	79372	985650	3374707818	4304348
AL	NC_063214.1	43400001	43500000	0.0004154522456424	77298	1359928	3273367792	4234980
AL	NC_063214.1	43500001	43600000	0.0001988145423021	78649	663240	3335973276	4284890
AL	NC_063214.1	43600001	43700000	6.316606909235315e-05	80144	212434	3363103056	4493024
AL	NC_063214.1	43700001	43800000	5.142519076452828e-05	82507	184007	3578149099	4224264
AL	NC_063214.1	43800001	43900000	4.1928537498219485e-05	82607	152231	3630725255	4072640
AL	NC_063214.1	43900001	44000000	4.441024974316218e-05	81118	160088	3604753428	3864316
AL	NC_063214.1	44000001	44100000	0.0002811743116727	81825	1025658	3647765665	3866136
AL	NC_063214.1	44100001	44200000	0.0004749203328047	84901	1802997	3796419895	3962876
AL	NC_063214.1	44200001	44300000	0.0003324265948716	81783	1228132	3694445688	3697438
AL	NC_063214.1	44300001	44400000	0.0003173393777358	81534	1180277	3719289451	3573326
AL	NC_063214.1	44400001	44500000	0.0006939070731201	82629	2568444	3701423576	3836834
AL	NC_063214.1	44500001	44600000	0.0003526873331502	83750	1400062	3969697430	3169264
AL	NC_063214.1	44600001	44700000	0.0001538330017422	85696	605907	3938732217	3646110
AL	NC_063214.1	44700001	44800000	0.0001425063754787	82229	521945	3662608064	3896658
AL	NC_063214.1	44800001	44900000	0.0004465974592992	79876	1514466	3391120949	4345390
AL	NC_063214.1	44900001	45000000	0.0004424504255529	81339	1672273	3779571458	3324242
AL	NC_063214.1	45000001	45100000	0.0002654252895337	79868	986612	3717098705	3249870
AL	NC_063214.1	45100001	45200000	0.0004591958403744	85147	1834135	3994232610	3354106
AL	NC_063214.1	45200001	45300000	0.0001805913675421	78089	651482	3607492478	3268670
AL	NC_063214.1	45300001	45400000	0.0005452724851746	81209	1959770	3594111299	3913948
AL	NC_063214.1	45400001	45500000	0.0005625917897649	78594	1957457	3479355788	3789356
AL	NC_063214.1	45500001	45600000	0.0006024217303432	79864	2122363	3523051864	3892736
AL	NC_063214.1	45600001	45700000	0.0005819733839743	80116	2097872	3604755918	3672316
AL	NC_063214.1	45700001	45800000	0.0008342843064815	81394	3087532	3700815149	3597994
AL	NC_063214.1	45800001	45900000	0.0004620297007268	85645	1788102	3870101851	3862148
AL	NC_063214.1	45900001	46000000	0.0003829475992588	82165	1450674	3788178860	3466082
AL	NC_063214.1	46000001	46100000	0.0006549046224323	85054	2549536	3892988250	3668248
AL	NC_063214.1	46100001	46200000	0.0004134357082879	84222	1599590	3869017523	3590414
AL	NC_063214.1	46200001	46300000	0.0005636793284689	82925	2172935	3854913406	3385910
AL	NC_063214.1	46300001	46400000	0.0007305512819103	83629	2883636	3947205448	3219562
AL	NC_063214.1	46400001	46500000	0.0006014935562608	81171	2271427	3776311444	3304214
AL	NC_063214.1	46500001	46600000	0.0004630644272706	81919	1841542	3976859140	2797230
AL	NC_063214.1	46600001	46700000	0.0004907595066079	80822	1941423	3955955970	2660056
AL	NC_063214.1	46700001	46800000	0.0006285816675698	83376	2404525	3825318370	3578972
AL	NC_063214.1	46800001	46900000	0.0004075171451941	84415	1600512	3927471565	3446452
AL	NC_063214.1	46900001	47000000	0.0008813358356039	81626	3290678	3733739021	3536642
AL	NC_063214.1	47000001	47100000	0.0006391937075959	78474	2334497	3652252787	3192566
AL	NC_063214.1	47100001	47200000	0.0005606968016308	83497	2247722	4008801180	2992770
AL	NC_063214.1	47200001	47300000	0.0007217570858291	82202	2802635	3883072373	3149882
AL	NC_063214.1	47300001	47400000	0.0003186867777538	80632	1246199	3910419531	2762570
AL	NC_063214.1	47400001	47500000	0.0004698522055172	84321	1868879	3977589076	3263330
AL	NC_063214.1	47500001	47600000	0.0002721789232225	82031	1108143	4071376971	2520624
AL	NC_063214.1	47600001	47700000	0.0005127616708075	85011	2164154	4220584578	2599146
AL	NC_063214.1	47700001	47800000	0.0004112891506381	82531	1565731	3806886220	3467798
AL	NC_063214.1	47800001	47900000	0.0003237435183937	82890	1242296	3837284546	3439872
AL	NC_063214.1	47900001	48000000	0.0002463574413574	81974	906213	3678447848	3794892
AL	NC_063214.1	48000001	48100000	0.0002606578855738	83604	1012366	3883887870	3426900
AL	NC_063214.1	48100001	48200000	0.0004621836687648	81108	1845696	3993425395	2592194
AL	NC_063214.1	48200001	48300000	0.0005462072045074	81385	2052185	3757154763	3415244
AL	NC_063214.1	48300001	48400000	0.0003466397123673	81798	1316659	3798350140	3359700
AL	NC_063214.1	48400001	48500000	0.0002774807910862	83662	1138281	4102197473	2725418
AL	NC_063214.1	48500001	48600000	0.0002410277339991	83437	972208	4033593910	2908006
AL	NC_063214.1	48600001	48700000	0.0002162763743118	83289	809474	3742775893	3828080
AL	NC_063214.1	48700001	48800000	0.0005111952418153	82817	2003137	3918536082	3162470
AL	NC_063214.1	48800001	48900000	0.0006376910793588	86188	2597452	4073213636	3298232
AL	NC_063214.1	48900001	49000000	0.0003443284925288	86127	1366802	3969471100	3625126
AL	NC_063214.1	49000001	49100000	0.0001452132857213	85499	574520	3956387304	3545446
AL	NC_063214.1	49100001	49200000	0.00037425550646	83271	1470331	3928682343	3211000
AL	NC_063214.1	49200001	49300000	0.0007982099291438	81137	2954284	3701136621	3547096
AL	NC_063214.1	49300001	49400000	0.0003383054176667	80502	1206771	3567105157	3876946
AL	NC_063214.1	49400001	49500000	0.0004638595273707	83079	1732763	3735533923	3816760
AL	NC_063214.1	49500001	49600000	0.0007250549535452	79911	2668323	3680166568	3388318
AL	NC_063214.1	49600001	49700000	0.0004752959902673	84100	1805198	3798050135	3804754
AL	NC_063214.1	49700001	49800000	0.0004379626382716	87096	1848704	4221145455	2996810
AL	NC_063214.1	49800001	49900000	0.0002454199289087	86826	988406	4027407246	3573280
AL	NC_063214.1	49900001	50000000	0.0001975919919117	85516	814188	4120551608	3023040
AL	NC_063214.1	50000001	50100000	0.0003844350801249	35123	607524	1580303233	1608796
AL	NC_063214.1	50100001	50200000	0.0	29	0	1207822	1654
AL	NC_063214.1	50200001	50300000	0.0	47	0	1777204	3334
AL	NC_063214.1	50300001	50400000	0.0	10	0	415640	572
AL	NC_063214.1	50400001	50500000	0.0	16	0	739267	666
AL	NC_063214.1	50500001	50600000	0.0	3	0	136369	132
AL	NC_063214.1	50600001	50700000	5.46267485812118e-05	114	299	5473509	4162
AL	NC_063214.1	50700001	50800000	0.0001819605871322	82153	719046	3951657946	2923286
AL	NC_063214.1	50800001	50900000	0.0001489870312553	85780	593270	3982024442	3514908
AL	NC_063214.1	50900001	51000000	0.0001428310362953	86076	559839	3919589289	3777118
AL	NC_063214.1	51000001	51100000	0.0001148776578953	84524	465742	4054243519	3050602
AL	NC_063214.1	51100001	51200000	0.0006397334762366	83597	2569171	4016002125	2997232
AL	NC_063214.1	51200001	51300000	0.0003808323960973	83183	1479058	3883750477	3344356
AL	NC_063214.1	51300001	51400000	0.0006362592975203	84493	2675891	4205661136	2551114
AL	NC_063214.1	51400001	51500000	2.3036025528390448e-05	84838	94262	4091938511	2990662
AL	NC_063214.1	51500001	51600000	3.224017135919856e-05	83415	134165	4161423291	2490704
AL	NC_063214.1	51600001	51700000	2.276953732430212e-05	86175	95592	4198240774	2894114
AL	NC_063214.1	51700001	51800000	0.0004394506952967	84812	1896055	4314602344	2270840
AL	NC_063214.1	51800001	51900000	0.0002137805922409	83932	814113	3808170758	3749708
AL	NC_063214.1	51900001	52000000	0.0002519261468397	87309	1075020	4267202962	2887998
AL	NC_063214.1	52000001	52100000	2.9938845153855612e-05	83449	121426	4055801063	2842372
AL	NC_063214.1	52100001	52200000	0.0003548668842555	85247	1433769	4040300923	3224544
AL	NC_063214.1	52200001	52300000	0.0005117451152709	85432	2080091	4064701231	3181850
AL	NC_063214.1	52300001	52400000	0.0002361153963112	85203	984910	4171307824	2789574
AL	NC_063214.1	52400001	52500000	0.0003456555885391	78318	1333518	3857938492	2497388
AL	NC_063214.1	52500001	52600000	0.0005927807255163	83760	2479682	4183135337	2491630
AL	NC_063214.1	52600001	52700000	0.0003202514231245	86855	1374077	4290619497	2725892
AL	NC_063214.1	52700001	52800000	0.0002149228871963	82010	861375	4007832815	2723502
AL	NC_063214.1	52800001	52900000	0.0003224097151666	83689	1319455	4092479035	2763708
AL	NC_063214.1	52900001	53000000	0.0002262817689183	82502	855164	3779199730	3556816
AL	NC_063214.1	53000001	53100000	0.0002360292657897	84569	913700	3871130120	3650658
AL	NC_063214.1	53100001	53200000	0.0002230949191985	84110	844846	3786935189	3841682
AL	NC_063214.1	53200001	53300000	0.0001467175461175	83772	555843	3788524377	3772094
AL	NC_063214.1	53300001	53400000	0.0001814210695679	83091	699717	3856867351	3423624
AL	NC_063214.1	53400001	53500000	0.0002274218669614	81405	804572	3537795247	4144724
AL	NC_063214.1	53500001	53600000	0.0003796798366118	82455	1485635	3912862514	3107170
AL	NC_063214.1	53600001	53700000	0.0002448693047176	85336	993347	4056641567	3189642
AL	NC_063214.1	53700001	53800000	0.0003145190174574	84197	1258135	4000187366	3153734
AL	NC_063214.1	53800001	53900000	0.0002264320653953	84455	886592	3915487846	3482994
AL	NC_063214.1	53900001	54000000	0.0001632516613083	81344	626523	3837774115	3137338
AL	NC_063214.1	54000001	54100000	0.000208602708745	83033	806205	3864786823	3371628
AL	NC_063214.1	54100001	54200000	0.0002302632814986	84027	900265	3909720187	3413272
AL	NC_063214.1	54200001	54300000	0.0002653566651492	76443	932693	3514865547	3248392
AL	NC_063214.1	54300001	54400000	0.0001807276486569	80941	664995	3679542145	3584176
AL	NC_063214.1	54400001	54500000	5.766797577576326e-05	79091	192450	3337207478	4373514
AL	NC_063214.1	54500001	54600000	0.0001217562762956	80727	407377	3345839840	4667950
AL	NC_063214.1	54600001	54700000	0.0001974030377265	80966	669908	3393605325	4561418
AL	NC_063214.1	54700001	54800000	0.0003161308261232	81169	1115415	3528333550	4146806
AL	NC_063214.1	54800001	54900000	0.00016338002696	80611	592094	3624029271	3707496
AL	NC_063214.1	54900001	55000000	8.34354805579582e-05	84356	316294	3790881264	3875848
AL	NC_063214.1	55000001	55100000	0.0001140915077716	80483	423767	3714272940	3373054
AL	NC_063214.1	55100001	55200000	0.0001542234289969	84354	593371	3847476378	3686768
AL	NC_063214.1	55200001	55300000	0.0002638510993412	84086	1044811	3959850850	3270288
AL	NC_063214.1	55300001	55400000	0.0001297263318643	83707	508779	3921940848	3317462
AL	NC_063214.1	55400001	55500000	0.0002850301269203	84515	1151560	4040134327	3089280
AL	NC_063214.1	55500001	55600000	0.0003656130934193	82459	1397872	3823364166	3401882
AL	NC_063214.1	55600001	55700000	0.0004582033449449	81365	1703295	3717334277	3537000
AL	NC_063214.1	55700001	55800000	0.0002036459465808	81573	722322	3546950048	4146666
AL	NC_063214.1	55800001	55900000	0.0004124152279208	82411	1509550	3660267366	3930802
AL	NC_063214.1	55900001	56000000	0.0005240814955168	82318	1950308	3721383061	3713938
AL	NC_063214.1	56000001	56100000	0.0006447691910813	80120	2299773	3566815896	3792296
AL	NC_063214.1	56100001	56200000	0.0003954137105134	80326	1422869	3598431117	3731146
AL	NC_063214.1	56200001	56300000	0.0003344399235797	84868	1284841	3841769207	3804906
AL	NC_063214.1	56300001	56400000	0.0004285309365893	84243	1611293	3760038920	3952150
AL	NC_063214.1	56400001	56500000	0.0003308008784768	84421	1304636	3943871026	3379606
AL	NC_063214.1	56500001	56600000	0.0004049585551132	72333	1414938	3494031629	2530520
AL	NC_063214.1	56600001	56700000	0.0007231357123327	84396	2921661	4040266509	3059686
AL	NC_063214.1	56700001	56800000	0.0005381288871754	85844	2237365	4157674961	2960174
AL	NC_063214.1	56800001	56900000	0.0006053671301691	82877	2357452	3894251740	3257570
AL	NC_063214.1	56900001	57000000	0.0007207646533223	85000	2941412	4080960389	3044790
AL	NC_063214.1	57000001	57100000	0.000513407112554	82723	2078155	4047772127	2715336
AL	NC_063214.1	57100001	57200000	0.0005336469302606	81968	2152476	4033520813	2623038
AL	NC_063214.1	57200001	57300000	0.0007504330701357	84598	3103240	4135265520	2802572
AL	NC_063214.1	57300001	57400000	0.0005726964383926	82654	2225028	3885178693	3243474
AL	NC_063214.1	57400001	57500000	0.0006014440930688	83838	2444532	4064437623	2878614
AL	NC_063214.1	57500001	57600000	0.0001808327723521	67164	587150	3246922515	2335154
AL	NC_063214.1	57600001	57700000	0.0001986154882009	84644	771900	3886403860	3619088
AL	NC_063214.1	57700001	57800000	0.0001960389388286	86152	816331	4164126805	2998326
AL	NC_063214.1	57800001	57900000	0.0002585772849703	81695	1013981	3921384665	2934676
AL	NC_063214.1	57900001	58000000	0.0004064501749047	81836	1616413	3976903197	2779910
AL	NC_063214.1	58000001	58100000	0.0002577132068505	81495	1010154	3919682706	2894602
AL	NC_063214.1	58100001	58200000	0.0002287187121938	85038	933734	4082455655	3046286
AL	NC_063214.1	58200001	58300000	0.0002629565115886	83620	1067413	4059275785	2859942
AL	NC_063214.1	58300001	58400000	0.0003745110541888	81139	1376635	3675819404	3640654
AL	NC_063214.1	58400001	58500000	0.0004464973197617	82369	1775241	3975927562	2893846
AL	NC_063214.1	58500001	58600000	0.0002976938766244	80977	1208986	4061171878	2349230
AL	NC_063214.1	58600001	58700000	0.0005120421864156	83580	2106298	4113524346	2674548
AL	NC_063214.1	58700001	58800000	0.000325898063123	83904	1234270	3787288541	3798742
AL	NC_063214.1	58800001	58900000	7.192107438519447e-05	80717	283675	3944254204	2670506
AL	NC_063214.1	58900001	59000000	0.0002204049775917	84858	886603	4022608789	3207938
AL	NC_063214.1	59000001	59100000	0.0004255146591766	83072	1657748	3895865781	3284358
AL	NC_063214.1	59100001	59200000	0.0003115516671163	81683	1223330	3926571831	2917576
AL	NC_063214.1	59200001	59300000	0.0004766888289618	80608	1802760	3781838152	3173488
AL	NC_063214.1	59300001	59400000	0.0005422742794652	85020	2116397	3902816490	3626444
AL	NC_063214.1	59400001	59500000	0.0005883393769861	84684	2342566	3981657682	3308756
AL	NC_063214.1	59500001	59600000	0.000379635265915	82564	1364808	3595050625	4182630
AL	NC_063214.1	59600001	59700000	0.0005107551815925	84899	2111081	4133254201	2858844
AL	NC_063214.1	59700001	59800000	0.0005269256740241	81501	2088343	3963259152	2763178
AL	NC_063214.1	59800001	59900000	0.0002923043435101	84074	1186180	4058030701	2948002
AL	NC_063214.1	59900001	60000000	0.0005786478683901	84221	2386388	4124076369	2754672
AL	NC_063214.1	60000001	60100000	0.0002613714677468	81709	1041498	3984742516	2737610
AL	NC_063214.1	60100001	60200000	0.0004721375320672	75400	1676306	3550461224	2931496
AL	NC_063214.1	60200001	60300000	0.0002679068260983	86640	1139730	4254202913	2794534
AL	NC_063214.1	60300001	60400000	0.0003279778607699	85471	1311040	3997342982	3417394
AL	NC_063214.1	60400001	60500000	0.0005104373023622	85086	2180502	4271831212	2453076
AL	NC_063214.1	60500001	60600000	0.000110162590207	87290	465708	4227460512	3004100
AL	NC_063214.1	60600001	60700000	0.0001720909420336	84498	689191	4004806946	3202592
AL	NC_063214.1	60700001	60800000	0.0006120708535648	83915	2386194	3898558453	3431100
AL	NC_063214.1	60800001	60900000	0.0005070976267337	82540	1960149	3865427280	3272160
AL	NC_063214.1	60900001	61000000	0.0001173624487549	83048	452627	3856659475	3400554
AL	NC_063214.1	61000001	61100000	0.0004252264638123	85542	1679951	3950720717	3574522
AL	NC_063214.1	61100001	61200000	0.0003547437466708	84559	1397296	3938888319	3418720
AL	NC_063214.1	61200001	61300000	0.0003751832168967	86301	1522894	4059067494	3362350
AL	NC_063214.1	61300001	61400000	0.0004247900316835	84045	1642458	3866517285	3560944
AL	NC_063214.1	61400001	61500000	0.0006089218269945	81756	2236110	3672244779	3764090
AL	NC_063214.1	61500001	61600000	0.0004187710195605	81527	1558122	3720701594	3558490
AL	NC_063214.1	61600001	61700000	0.0005423653522422	80358	1953717	3602215724	3725516
AL	NC_063214.1	61700001	61800000	0.0003942212068786	82513	1427328	3620627138	4083270
AL	NC_063214.1	61800001	61900000	0.0004618377474767	85317	1848871	4003291221	3368080
AL	NC_063214.1	61900001	62000000	0.0003988103065936	83896	1600885	4014151524	3061840
AL	NC_063214.1	62000001	62100000	0.0002449434678556	83002	973602	3974802874	3011768
AL	NC_063214.1	62100001	62200000	0.0002815170365512	83809	1172776	4165914839	2551012
AL	NC_063214.1	62200001	62300000	0.000295407714814	87082	1203373	4073600450	3466512
AL	NC_063214.1	62300001	62400000	0.0005260263643563	80500	1981870	3767624846	3203820
AL	NC_063214.1	62400001	62500000	0.0003146619080036	82513	1163010	3696062251	3829052
AL	NC_063214.1	62500001	62600000	0.0006087546672942	79194	2204488	3621307759	3435038
AL	NC_063214.1	62600001	62700000	0.0005066324221384	79647	1776407	3506303431	3905464
AL	NC_063214.1	62700001	62800000	0.0008477855139873	78874	2935517	3462570369	3904106
AL	NC_063214.1	62800001	62900000	0.0005504098434709	78991	1893483	3440132880	3999886
AL	NC_063214.1	62900001	63000000	0.0005576470633202	78304	1922029	3446676449	3846574
AL	NC_063214.1	63000001	63100000	0.000545578381696	79106	1849092	3389232532	4197812
AL	NC_063214.1	63100001	63200000	0.0006295961455431	77830	2067779	3284294249	4303530
AL	NC_063214.1	63200001	63300000	0.0003899282003506	79633	1333651	3420247622	4199014
AL	NC_063214.1	63300001	63400000	0.0004041356345983	78399	1383891	3424323127	3940584
AL	NC_063214.1	63400001	63500000	0.0004699423062129	76269	1550530	3299405011	3944276
AL	NC_063214.1	63500001	63600000	0.0004613511651901	75778	1436060	3112726505	4482618
AL	NC_063214.1	63600001	63700000	0.0005427073002027	78467	1809710	3334596751	4258976
AL	NC_063214.1	63700001	63800000	0.0005991831022159	74766	1916775	3198980400	3988964
AL	NC_063214.1	63800001	63900000	0.0007600601859947	77026	2495245	3282957121	4149778
AL	NC_063214.1	63900001	64000000	0.0007812112783039	76525	2576351	3297892736	4000418
AL	NC_063214.1	64000001	64100000	0.0004972898215102	78099	1684672	3387706579	4004488
AL	NC_063214.1	64100001	64200000	0.0004883825687147	79940	1703037	3487096201	4041774
AL	NC_063214.1	64200001	64300000	0.0006395182498627	80218	2173184	3398157911	4385758
AL	NC_063214.1	64300001	64400000	0.0006195183672625	78738	2122336	3425783822	3997920
AL	NC_063214.1	64400001	64500000	0.0006759766234071	78484	2286897	3383100718	4091580
AL	NC_063214.1	64500001	64600000	0.0006723112538354	80738	2325592	3459100211	4280094
AL	NC_063214.1	64600001	64700000	0.0005043332145882	78860	1777155	3523771484	3695696
AL	NC_063214.1	64700001	64800000	0.000154835974222	81174	537488	3471337993	4328770
AL	NC_063214.1	64800001	64900000	0.0004067319748021	75222	1370624	3369845709	3501210
AL	NC_063214.1	64900001	65000000	0.0004150792983451	78802	1456150	3508124847	3733062
AL	NC_063214.1	65000001	65100000	0.0005599856660057	81267	2036064	3635921638	3792378
AL	NC_063214.1	65100001	65200000	0.0003601017817686	79718	1224604	3400716303	4282886
AL	NC_063214.1	65200001	65300000	0.0002770291398419	81203	1030494	3719803630	3506354
AL	NC_063214.1	65300001	65400000	0.0002472304865377	79790	897606	3630644475	3527302
AL	NC_063214.1	65400001	65500000	0.0001199056834505	80533	430829	3593065713	3787688
AL	NC_063214.1	65500001	65600000	1.4372638054995782e-05	80215	50396	3506384827	4016216
AL	NC_063214.1	65600001	65700000	4.170840034649055e-05	81495	148559	3561848423	4087912
AL	NC_063214.1	65700001	65800000	0.0020874106589516	33894	3200445	1533212924	1531748
AL	NC_063214.1	65800001	65900000	0.0001961248260743	79579	662471	3377802868	4331942
AL	NC_063214.1	65900001	66000000	0.0002347100211878	75536	780836	3326811510	3703804
AL	NC_063214.1	66000001	66100000	0.0003457668295966	73386	1112636	3217879521	3645698
AL	NC_063214.1	66100001	66200000	0.0003794081698615	77493	1255454	3308979879	4154140
AL	NC_063214.1	66200001	66300000	0.0003664316446355	75275	1146530	3128905532	4327966
AL	NC_063214.1	66300001	66400000	0.0005626392993974	66407	1591464	2828568857	3589836
AL	NC_063214.1	66400001	66500000	0.0010324682581348	75028	3267702	3164941851	4156282
AL	NC_063214.1	66500001	66600000	0.0010862872626532	77455	3561681	3278765316	4247942
AL	NC_063214.1	66600001	66700000	0.0008313573096191	74855	2604097	3132343903	4233184
AL	NC_063214.1	66700001	66800000	0.0007907038816979	74640	2483963	3141457956	4166136
AL	NC_063214.1	66800001	66900000	0.0008677793656993	73207	2678704	3086849153	4062044
AL	NC_063214.1	66900001	67000000	0.0008338671755786	73240	2562732	3073309605	4115830
AL	NC_063214.1	67000001	67100000	0.0007282756218416	75346	2275523	3124535453	4358770
AL	NC_063214.1	67100001	67200000	0.0009971415600161	75736	3116306	3125239309	4434918
AL	NC_063214.1	67200001	67300000	0.0004525166670537	77370	1452917	3210748036	4465364
AL	NC_063214.1	67300001	67400000	0.0007545060120076	74914	2483153	3291097699	3704966
AL	NC_063214.1	67400001	67500000	0.0006048470730357	77161	1989894	3289912589	4151256
AL	NC_063214.1	67500001	67600000	0.0007016560678014	78477	2304251	3284017777	4432560
AL	NC_063214.1	67600001	67700000	0.0005026194485222	78226	1689575	3361539242	4120352
AL	NC_063214.1	67700001	67800000	0.0002706880507238	77811	908128	3354887656	4055998
AL	NC_063214.1	67800001	67900000	0.0004921399691021	80975	1683294	3420356211	4463328
AL	NC_063214.1	67900001	68000000	8.19907216896936e-05	80627	288633	3520312958	4057546
AL	NC_063214.1	68000001	68100000	0.0001833261225145	79220	620541	3384902225	4232886
AL	NC_063214.1	68100001	68200000	0.0003365546089111	79913	1173839	3487811395	4022236
AL	NC_063214.1	68200001	68300000	0.000312461979402	79714	1097470	3512331331	3899742
AL	NC_063214.1	68300001	68400000	0.0004014291709426	82754	1494524	3723007963	3799310
AL	NC_063214.1	68400001	68500000	0.0004341017359312	75018	1460333	3364034002	3479032
AL	NC_063214.1	68500001	68600000	0.0005994684957505	78945	2016715	3364171786	4255854
AL	NC_063214.1	68600001	68700000	0.0004037389110428	78171	1325350	3282690778	4379250
AL	NC_063214.1	68700001	68800000	0.0003200649707017	69082	965354	3016118877	3480506
AL	NC_063214.1	68800001	68900000	0.0003090222313602	76260	990712	3205957046	4256340
AL	NC_063214.1	68900001	69000000	0.0004592584509994	76040	1506892	3281141581	3958534
AL	NC_063214.1	69000001	69100000	0.0011005829253463	70233	3229012	2933910681	3988136
AL	NC_063214.1	69100001	69200000	0.0001895863570902	76858	612571	3231092202	4292720
AL	NC_063214.1	69200001	69300000	0.0006408060638471	77143	2082303	3249505767	4288256
AL	NC_063214.1	69300001	69400000	0.0007661915202739	75866	2458926	3209283756	4171220
AL	NC_063214.1	69400001	69500000	0.0005515638275525	74400	1703056	3087686166	4296444
AL	NC_063214.1	69500001	69600000	0.0005269426971286	77588	1729722	3282561860	4264376
AL	NC_063214.1	69600001	69700000	0.0005144058201325	76193	1635225	3178861778	4344718
AL	NC_063214.1	69700001	69800000	0.0001768851582551	75727	575413	3253031547	3994936
AL	NC_063214.1	69800001	69900000	3.89847247027424e-05	77148	127216	3263226840	4241040
AL	NC_063214.1	69900001	70000000	0.0001316880514483	76817	418406	3177251052	4471258
AL	NC_063214.1	70000001	70100000	0.0001397200744301	77306	451080	3228455194	4391592
AL	NC_063214.1	70100001	70200000	0.0002054257899642	77460	677594	3298485551	4181354
AL	NC_063214.1	70200001	70300000	0.0002143487626788	81520	739033	3447806233	4476038
AL	NC_063214.1	70300001	70400000	0.0001070118194154	78708	360795	3371543461	4178798
AL	NC_063214.1	70400001	70500000	0.0002354944278579	80380	789011	3350444455	4583002
AL	NC_063214.1	70500001	70600000	0.0004841806948106	80895	1718544	3549385629	4017236
AL	NC_063214.1	70600001	70700000	0.0002983671281191	80791	1062979	3562654528	3949822
AL	NC_063214.1	70700001	70800000	0.0004285995117549	82016	1523209	3553921454	4211404
AL	NC_063214.1	70800001	70900000	0.0003676566733307	82104	1308616	3559342438	4208812
AL	NC_063214.1	70900001	71000000	0.0001508367948639	82396	561211	3720650525	3732998
AL	NC_063214.1	71000001	71100000	0.0001920516960926	82856	690139	3593506405	4255366
AL	NC_063214.1	71100001	71200000	0.0004205097633572	83139	1641885	3904511008	3271630
AL	NC_063214.1	71200001	71300000	0.0004968390032466	85698	1930368	3885298834	3820384
AL	NC_063214.1	71300001	71400000	0.0003350390263321	85174	1336544	3989218852	3373916
AL	NC_063214.1	71400001	71500000	0.000366417889545	83462	1432215	3908692891	3306710
AL	NC_063214.1	71500001	71600000	0.0002514169106737	79654	952502	3788535932	2971620
AL	NC_063214.1	71600001	71700000	0.0005382294607335	83947	2098361	3898636461	3437804
AL	NC_063214.1	71700001	71800000	0.0009210035378933	73442	3103018	3369170554	3146640
AL	NC_063214.1	71800001	71900000	0.0007111143941796	82020	2676836	3764283246	3506780
AL	NC_063214.1	71900001	72000000	0.0003324535106018	86666	1336599	4020408741	3562682
AL	NC_063214.1	72000001	72100000	0.0004423298957468	82273	1668369	3771775356	3534922
AL	NC_063214.1	72100001	72200000	0.0002722401727518	81998	1046786	3845082779	3238278
AL	NC_063214.1	72200001	72300000	0.0004065769896388	79022	1474519	3626666136	3378988
AL	NC_063214.1	72300001	72400000	0.0002396531874538	80122	876078	3655607544	3502580
AL	NC_063214.1	72400001	72500000	0.0003987330337863	83255	1506230	3777540039	3705480
AL	NC_063214.1	72500001	72600000	0.0003417420078224	78780	1301916	3809645786	2744404
AL	NC_063214.1	72600001	72700000	0.0003989664183291	83005	1506848	3776879283	3669612
AL	NC_063214.1	72700001	72800000	0.0004542787149906	81537	1641422	3613248752	3920306
AL	NC_063214.1	72800001	72900000	0.000497358561431	81645	1813712	3646689010	3828414
AL	NC_063214.1	72900001	73000000	0.0004835108436195	83993	1811113	3745754669	3958168
AL	NC_063214.1	73000001	73100000	0.0003838609723065	82402	1458015	3798289238	3471864
AL	NC_063214.1	73100001	73200000	0.0003192837696602	83283	1160350	3634227951	4189160
AL	NC_063214.1	73200001	73300000	0.0003969358197254	79865	1409845	3551821050	3795454
AL	NC_063214.1	73300001	73400000	0.0002966688422138	83948	1099760	3707028995	4072330
AL	NC_063214.1	73400001	73500000	0.0002861789622196	82174	1120602	3915738569	3054626
AL	NC_063214.1	73500001	73600000	0.0005005243010763	83140	1849265	3694655776	3957496
AL	NC_063214.1	73600001	73700000	0.0003912019386095	83035	1450105	3706794003	3899336
AL	NC_063214.1	73700001	73800000	0.000530547878348	80721	1913034	3605770710	3785094
AL	NC_063214.1	73800001	73900000	0.0003294162836119	80573	1212367	3680349334	3513062
AL	NC_063214.1	73900001	74000000	3.945007555444893e-05	83778	152829	3873984976	3487900
AL	NC_063214.1	74000001	74100000	0.0002938068974363	83622	1107156	3768311805	3806450
AL	NC_063214.1	74100001	74200000	0.000269610381023	82755	981180	3639251561	4069092
AL	NC_063214.1	74200001	74300000	0.0004526563360918	82956	1733535	3829693438	3482468
AL	NC_063214.1	74300001	74400000	0.0005310763223844	81976	1893314	3565050672	4163016
AL	NC_063214.1	74400001	74500000	0.0007100326140661	76680	2369265	3336839679	3892738
AL	NC_063214.1	74500001	74600000	0.0006634082054184	78735	2265064	3414283968	4040150
AL	NC_063214.1	74600001	74700000	0.001024251016473	9277	444242	433723758	370710
AL	NC_063214.1	74700001	74800000	0.0	37	0	1386929	2656
AL	NC_063214.1	74800001	74900000	0.0	243	0	9418100	16374
AL	NC_063214.1	74900001	75000000	0.000870950017594	22284	859541	986900491	1078386
AL	NC_063214.1	75000001	75100000	0.0006848579371869	69712	2044059	2984646726	3710516
AL	NC_063214.1	75100001	75200000	0.0005479560937699	77005	1819927	3321300777	4016040
AL	NC_063214.1	75200001	75300000	0.0003971416734685	73539	1257468	3166295768	3854414
AL	NC_063214.1	75300001	75400000	0.0006077893117553	74106	1936310	3185824368	3898996
AL	NC_063214.1	75400001	75500000	0.0002659381215929	76456	841102	3162773336	4447512
AL	NC_063214.1	75500001	75600000	9.576960557632548e-05	74217	302549	3159133821	4017256
AL	NC_063214.1	75600001	75700000	0.0001307044856308	77089	424035	3244226837	4294856
AL	NC_063214.1	75700001	75800000	0.0005051722200277	73880	1585978	3139479839	4016082
AL	NC_063214.1	75800001	75900000	0.0006182642845266	74394	2019107	3265766842	3689920
AL	NC_063214.1	75900001	76000000	0.0005141845061775	74736	1662457	3233191549	3867678
AL	NC_063214.1	76000001	76100000	0.000772394554778	76136	2504947	3243092516	4108728
AL	NC_063214.1	76100001	76200000	0.0004951622587625	75272	1633303	3298520780	3758720
AL	NC_063214.1	76200001	76300000	0.000985507978786	78100	3258776	3306696719	4281018
AL	NC_063214.1	76300001	76400000	0.0008151178117801	63249	2230971	2736992086	3269678
AL	NC_063214.1	76400001	76500000	0.0006462287423546	74422	2047065	3167709614	4024632
AL	NC_063214.1	76500001	76600000	0.000762491476747	76206	2484220	3258029861	4073410
AL	NC_063214.1	76600001	76700000	0.0005650123627937	75817	1864438	3299818062	3851406
AL	NC_063214.1	76700001	76800000	0.0004692605179887	74490	1446497	3082503097	4331122
AL	NC_063214.1	76800001	76900000	0.0004806663102551	73354	1459472	3036351766	4260560
AL	NC_063214.1	76900001	77000000	0.0002534408774036	72432	772082	3046398860	4036888
AL	NC_063214.1	77000001	77100000	0.0005700949553422	76145	1848424	3242308992	4112586
AL	NC_063214.1	77100001	77200000	0.0008043986769428	74448	2519502	3132155823	4153306
AL	NC_063214.1	77200001	77300000	0.0004387710606407	72393	1363273	3107025787	3828444
AL	NC_063214.1	77300001	77400000	0.0003141332497461	75387	1024330	3260813686	3899114
AL	NC_063214.1	77400001	77500000	0.0001680383765006	75919	534353	3179946219	4280160
AL	NC_063214.1	77500001	77600000	0.0001525772082051	75930	473482	3103228887	4550718
AL	NC_063214.1	77600001	77700000	0.0005882798741236	74924	1833094	3116023649	4303214
AL	NC_063214.1	77700001	77800000	0.0005989825511954	76195	1926803	3216793204	4209254
AL	NC_063214.1	77800001	77900000	0.0002836118381091	74860	906786	3197278386	4013228
AL	NC_063214.1	77900001	78000000	0.0001855694492897	75845	600813	3237671946	4072358
AL	NC_063214.1	78000001	78100000	0.0002563247242748	76554	833160	3250408256	4179620
AL	NC_063214.1	78100001	78200000	0.0005928418412033	77828	1957270	3301504489	4246054
AL	NC_063214.1	78200001	78300000	0.0006678078431886	77570	2217644	3320781603	4137854
AL	NC_063214.1	78300001	78400000	0.0005730198381841	66590	1674918	2922966865	3306418
AL	NC_063214.1	78400001	78500000	0.0007383158984063	75571	2429631	3290774322	3836434
AL	NC_063214.1	78500001	78600000	0.0003805041243092	72257	1196368	3144165657	3685480
AL	NC_063214.1	78600001	78700000	0.0008059632041673	74756	2525727	3133799393	4208038
AL	NC_063214.1	78700001	78800000	0.0007439327009373	72154	2263035	3041988875	3999534
AL	NC_063214.1	78800001	78900000	0.0011989344290918	68525	3491567	2912225152	3726850
AL	NC_063214.1	78900001	79000000	0.0006454908266584	73421	2040460	3161098370	3843702
AL	NC_063214.1	79000001	79100000	0.0003844971538465	75185	1186993	3087130784	4455130
AL	NC_063214.1	79100001	79200000	0.0006367405988251	75118	2024407	3179327663	4121686
AL	NC_063214.1	79200001	79300000	0.0006304392179091	77749	2010032	3188304190	4619070
AL	NC_063214.1	79300001	79400000	0.0007256089942718	79263	2443044	3366887703	4305536
AL	NC_063214.1	79400001	79500000	0.0005937157833023	76849	2015600	3394890378	3731006
AL	NC_063214.1	79500001	79600000	0.0005470915099081	80941	1985569	3629317882	3758934
AL	NC_063214.1	79600001	79700000	0.000605343935536	81483	2138202	3532210161	4184588
AL	NC_063214.1	79700001	79800000	0.0006578778401868	79180	2210736	3360405025	4307974
AL	NC_063214.1	79800001	79900000	0.0005685917803922	78072	1884061	3313556518	4247756
AL	NC_063214.1	79900001	80000000	0.0003535121243129	78200	1165280	3296294299	4339882
AL	NC_063214.1	80000001	80100000	0.0003790732712955	79780	1277977	3371319206	4396692
AL	NC_063214.1	80100001	80200000	0.0006931519608951	79073	2374663	3425890907	4071940
AL	NC_063214.1	80200001	80300000	0.0005680788254491	80109	1993747	3509630901	3988296
AL	NC_063214.1	80300001	80400000	0.0003178558105555	80375	1152482	3625801265	3650540
AL	NC_063214.1	80400001	80500000	2.663348916453111e-05	81051	95445	3583646116	3921782
AL	NC_063214.1	80500001	80600000	4.707977314987038e-05	82015	168337	3575569480	4138078
AL	NC_063214.1	80600001	80700000	0.0006764566447309	78860	2367671	3500107536	3773936
AL	NC_063214.1	80700001	80800000	0.0005531657010045	81465	2022398	3656043743	3760724
AL	NC_063214.1	80800001	80900000	0.0004272032113587	81480	1551132	3630899672	3844648
AL	NC_063214.1	80900001	81000000	0.0003319918621968	80040	1194369	3597585170	3678076
AL	NC_063214.1	81000001	81100000	0.0003639001905053	83898	1453848	3995183399	3115262
AL	NC_063214.1	81100001	81200000	0.0002764721503531	81718	1084823	3923805702	2942912
AL	NC_063214.1	81200001	81300000	0.0004377991468565	85410	1788259	4084656201	3111026
AL	NC_063214.1	81300001	81400000	0.0004795433962213	83898	1862596	3884103117	3475682
AL	NC_063214.1	81400001	81500000	0.0002247905594869	82703	876831	3900657581	3195308
AL	NC_063214.1	81500001	81600000	0.0005924051001718	79149	2231380	3766645492	2955578
AL	NC_063214.1	81600001	81700000	0.0003230433061083	81455	1156861	3581132864	4013614
AL	NC_063214.1	81700001	81800000	0.0006679641018059	80909	2502118	3745886932	3357218
AL	NC_063214.1	81800001	81900000	0.0006852008067492	82759	2620612	3824589776	3452958
AL	NC_063214.1	81900001	82000000	0.0004757048921205	82143	1805919	3796301089	3421740
AL	NC_063214.1	82000001	82100000	0.0006233999376185	81194	2452800	3934552848	2790420
AL	NC_063214.1	82100001	82200000	0.0006164638951001	79857	2344568	3803252743	2964356
AL	NC_063214.1	82200001	82300000	0.0006985160920779	84473	2828181	4048841583	3052452
AL	NC_063214.1	82300001	82400000	0.0007151678064884	84513	2924719	4089556288	2925786
AL	NC_063214.1	82400001	82500000	0.000764764461854	82514	2932111	3834005300	3375220
AL	NC_063214.1	82500001	82600000	0.0003266508866497	84581	1308661	4006298631	3208572
AL	NC_063214.1	82600001	82700000	0.0003564983196564	84478	1416132	3972338499	3293062
AL	NC_063214.1	82700001	82800000	0.0004936714196753	83432	1903056	3854904141	3484302
AL	NC_063214.1	82800001	82900000	0.0005568836231117	81166	2012084	3613113973	3855498
AL	NC_063214.1	82900001	83000000	0.0005774752280759	81298	2184078	3782115481	3316410
AL	NC_063214.1	83000001	83100000	0.0004980003353711	84041	1999140	4014334646	3093462
AL	NC_063214.1	83100001	83200000	0.000754102761746	81963	3000181	3978477672	2814902
AL	NC_063214.1	83200001	83300000	0.0005823990812057	82279	2300325	3949740091	2949272
AL	NC_063214.1	83300001	83400000	0.0005023487826484	78538	1988803	3959008300	2221636
AL	NC_063214.1	83400001	83500000	0.0006258633623913	84400	2398252	3831909877	3747190
AL	NC_063214.1	83500001	83600000	0.0007933541045223	82248	2923609	3685124944	3815736
AL	NC_063214.1	83600001	83700000	0.0003672258997046	84735	1465661	3991170016	3295638
AL	NC_063214.1	83700001	83800000	0.0004257954753329	76055	1487362	3493137166	3246842
AL	NC_063214.1	83800001	83900000	0.0005537628319935	83184	2099776	3791832674	3638788
AL	NC_063214.1	83900001	84000000	0.0004763530579291	80043	1753941	3682018979	3400008
AL	NC_063214.1	84000001	84100000	0.0004607158535101	77659	1592779	3457182964	3676742
AL	NC_063214.1	84100001	84200000	0.0004085359286433	82217	1504910	3683666220	3821714
AL	NC_063214.1	84200001	84300000	0.0008190203831986	76908	2793213	3410431605	3687870
AL	NC_063214.1	84300001	84400000	0.0007217058619039	81848	2599485	3601862112	4016848
AL	NC_063214.1	84400001	84500000	0.0006647653516878	80283	2331604	3507409034	4029706
AL	NC_063214.1	84500001	84600000	0.0007573523968514	79860	2741860	3620322602	3563004
AL	NC_063214.1	84600001	84700000	0.0002056627157551	82751	767172	3730243458	3761034
AL	NC_063214.1	84700001	84800000	0.0001813315574681	75418	644510	3554317897	2927418
AL	NC_063214.1	84800001	84900000	0.0004391532537159	81873	1666562	3794943988	3383370
AL	NC_063214.1	84900001	85000000	0.0004187588957872	81976	1603203	3828463147	3292194
AL	NC_063214.1	85000001	85100000	0.0003123945290541	84856	1180500	3778875397	4011486
AL	NC_063214.1	85100001	85200000	0.0005598818839077	79609	1960458	3501556411	3915620
AL	NC_063214.1	85200001	85300000	0.0005111777902999	80076	1738427	3400826548	4353624
AL	NC_063214.1	85300001	85400000	0.0003291488149287	77726	1066544	3240309403	4431894
AL	NC_063214.1	85400001	85500000	0.0002519342172196	77771	827753	3285591807	4283816
AL	NC_063214.1	85500001	85600000	0.000348247352309	73943	1089106	3127392047	4064408
AL	NC_063214.1	85600001	85700000	0.0001838920774521	73258	581124	3160136141	3818314
AL	NC_063214.1	85700001	85800000	0.0006621989869585	78381	2220003	3352471151	4182812
AL	NC_063214.1	85800001	85900000	0.0007210630316452	74439	2249013	3119024137	4194396
AL	NC_063214.1	85900001	86000000	0.000623395601227	75705	1940797	3113267075	4466620
AL	NC_063214.1	86000001	86100000	0.0003172845404737	78254	1013847	3195387328	4694604
AL	NC_063214.1	86100001	86200000	0.0001238875886536	75607	396104	3197285574	4156730
AL	NC_063214.1	86200001	86300000	5.77975418434895e-05	75372	182092	3150514610	4270044
AL	NC_063214.1	86300001	86400000	0.0004429799562729	81326	1546431	3490972849	4291242
AL	NC_063214.1	86400001	86500000	0.0002764608113386	82398	998668	3612331148	4087172
AL	NC_063214.1	86500001	86600000	0.0002623991815609	83505	1009471	3847081359	3531324
AL	NC_063214.1	86600001	86700000	0.0004629703169676	82457	1706951	3686955594	3854150
AL	NC_063214.1	86700001	86800000	0.0005004774780416	82174	1810489	3617523424	4025036
AL	NC_063214.1	86800001	86900000	0.0006209711684339	74112	2021116	3254766248	3664184
AL	NC_063214.1	86900001	87000000	0.0005449394623782	78394	1807624	3317109743	4303726
AL	NC_063214.1	87000001	87100000	0.0006580460064995	73161	2085875	3169801168	3765226
AL	NC_063214.1	87100001	87200000	0.0004467724231045	79128	1557277	3485615762	3877012
AL	NC_063214.1	87200001	87300000	0.0004617741446459	80276	1647071	3566832442	3829172
AL	NC_063214.1	87300001	87400000	0.0004892500038169	74841	1622772	3316856387	3596044
AL	NC_063214.1	87400001	87500000	0.0004474636611963	75295	1545398	3453683805	3234180
AL	NC_063214.1	87500001	87600000	0.0006484358837501	82388	2515717	3879669622	3203508
AL	NC_063214.1	87600001	87700000	0.0004401481795546	84399	1746203	3967307105	3301908
AL	NC_063214.1	87700001	87800000	0.000378758500318	82620	1476300	3897734305	3186990
AL	NC_063214.1	87800001	87900000	0.0006259834871081	83370	2454148	3920467633	3259754
AL	NC_063214.1	87900001	88000000	0.0005283902230319	77630	1887228	3571655791	3290726
AL	NC_063214.1	88000001	88100000	0.0006884043301018	81672	2594158	3768363862	3427116
AL	NC_063214.1	88100001	88200000	0.0004155546655097	83230	1643389	3954687882	3118064
AL	NC_063214.1	88200001	88300000	0.0006747801292893	81169	2502220	3708200481	3530696
AL	NC_063214.1	88300001	88400000	0.0006935236730468	79792	2507127	3615056122	3566220
AL	NC_063214.1	88400001	88500000	0.0005457118672689	78286	1962223	3595712532	3343260
AL	NC_063214.1	88500001	88600000	0.0004248099113949	82100	1587862	3737817686	3613516
AL	NC_063214.1	88600001	88700000	0.0004600839616033	82699	1722683	3744279618	3705786
AL	NC_063214.1	88700001	88800000	0.0004518965389596	82729	1726278	3820073515	3464420
AL	NC_063214.1	88800001	88900000	0.0004108740333777	82350	1634169	3977299287	2878766
AL	NC_063214.1	88900001	89000000	0.0005607579600299	84603	2176542	3881428629	3616940
AL	NC_063214.1	89000001	89100000	0.000489423501331	81886	1819403	3717441020	3636764
AL	NC_063214.1	89100001	89200000	0.000103490149259	82128	408837	3950491935	2924738
AL	NC_063214.1	89200001	89300000	0.0002873852466992	83670	1158480	4031104635	2960462
AL	NC_063214.1	89300001	89400000	0.0008225668092948	82197	3216271	3910042277	3062296
AL	NC_063214.1	89400001	89500000	0.000281971993673	81470	1088460	3860170600	3091380
AL	NC_063214.1	89500001	89600000	0.000511435038697	81581	1959835	3832031151	3201068
AL	NC_063214.1	89600001	89700000	0.0003948779254903	84505	1549182	3923192207	3471228
AL	NC_063214.1	89700001	89800000	9.829543018088846e-05	83564	378886	3854563730	3509084
AL	NC_063214.1	89800001	89900000	0.0006138605938677	82203	2234219	3639619520	3958190
AL	NC_063214.1	89900001	90000000	0.0003399970645543	77532	1195642	3516624479	3458426
AL	NC_063214.1	90000001	90100000	0.0001271218353001	81409	466608	3670557453	3697168
AL	NC_063214.1	90100001	90200000	4.486340267667528e-05	82620	165345	3685520717	3886086
AL	NC_063214.1	90200001	90300000	3.666152676645853e-05	81785	133602	3644201750	3860766
AL	NC_063214.1	90300001	90400000	7.114888439679015e-06	82247	25317	3558312996	4241110
AL	NC_063214.1	90400001	90500000	2.7641995454777157e-05	83637	110053	3981369586	3114822
AL	NC_063214.1	90500001	90600000	0.0001713540055046	81986	641607	3744336166	3568696
AL	NC_063214.1	90600001	90700000	0.0005236734177028	79576	1944763	3713694326	3201156
AL	NC_063214.1	90700001	90800000	0.0001931751670579	82642	750597	3885577072	3229124
AL	NC_063214.1	90800001	90900000	0.0006023855264956	83819	2386274	3961373398	3207906
AL	NC_063214.1	90900001	91000000	0.0003432476397731	84195	1345547	3920047348	3417542
AL	NC_063214.1	91000001	91100000	0.0003071426542796	84014	1218487	3967169597	3226866
AL	NC_063214.1	91100001	91200000	0.0001423392331671	84015	556263	3908008970	3434506
AL	NC_063214.1	91200001	91300000	0.0002138529031379	83630	843153	3942677362	3236120
AL	NC_063214.1	91300001	91400000	0.0001930758039261	83140	738998	3827501867	3521242
AL	NC_063214.1	91400001	91500000	3.863900948044148e-05	84896	151045	3909132300	3585968
AL	NC_063214.1	91500001	91600000	0.0004349300081629	82639	1657379	3810679808	3481686
AL	NC_063214.1	91600001	91700000	0.0002683839527506	83787	1054988	3930890760	3305630
AL	NC_063214.1	91700001	91800000	0.0002639094465901	83842	1057299	4006294635	3074734
AL	NC_063214.1	91800001	91900000	0.0002238490984167	84738	885147	3954212933	3414226
AL	NC_063214.1	91900001	92000000	0.000387427002685	83363	1565262	4040146890	2867362
AL	NC_063214.1	92000001	92100000	0.0004008607418906	83999	1585648	3955608106	3262442
AL	NC_063214.1	92100001	92200000	0.0004642729134265	84395	1856445	3998607169	3203708
AL	NC_063214.1	92200001	92300000	0.0005137506575379	84004	2083042	4054577779	2941858
AL	NC_063214.1	92300001	92400000	0.0004805530421719	83930	1960742	4080178103	2848446
AL	NC_063214.1	92400001	92500000	0.0006817759753906	78966	2622202	3846134353	2655514
AL	NC_063214.1	92500001	92600000	0.0006430941812818	85687	2687240	4178610347	2861752
AL	NC_063214.1	92600001	92700000	0.000466558585535	82754	1840148	3944087746	3068176
AL	NC_063214.1	92700001	92800000	0.0006279469998965	82824	2522127	4016464766	2844060
AL	NC_063214.1	92800001	92900000	0.0004808983333548	83785	1993999	4146404472	2601530
AL	NC_063214.1	92900001	93000000	0.0004570473830323	78517	1732866	3791436215	2740724
AL	NC_063214.1	93000001	93100000	0.0004541641777138	80490	1720758	3788845718	3132272
AL	NC_063214.1	93100001	93200000	0.000320154983168	79821	1181503	3690409527	3328756
AL	NC_063214.1	93200001	93300000	0.0002402811889111	84470	952542	3964280368	3327852
AL	NC_063214.1	93300001	93400000	0.0001930872121107	84244	752740	3898445639	3499314
AL	NC_063214.1	93400001	93500000	0.0002515939602732	81929	925556	3678768755	3777460
AL	NC_063214.1	93500001	93600000	0.0002914136870539	80977	1065553	3656496065	3664712
AL	NC_063214.1	93600001	93700000	0.0005275402123157	83019	1900752	3603046660	4245958
AL	NC_063214.1	93700001	93800000	0.0005598526935526	81350	1982198	3540570623	4125310
AL	NC_063214.1	93800001	93900000	0.0004241865922525	81775	1540849	3632479263	3897976
AL	NC_063214.1	93900001	94000000	0.0003018277444667	82347	1108984	3674228166	3876530
AL	NC_063214.1	94000001	94100000	0.0004766424833465	83670	1772270	3718237593	3980330
AL	NC_063214.1	94100001	94200000	0.0003268047511185	82272	1236899	3784825636	3488080
AL	NC_063214.1	94200001	94300000	0.0005838701746025	80660	2345552	4017249214	2436684
AL	NC_063214.1	94300001	94400000	0.0006249334007682	81733	2380639	3809428328	3314538
AL	NC_063214.1	94400001	94500000	0.0006396893436483	84670	2541422	3972900323	3337054
AL	NC_063214.1	94500001	94600000	0.0002324550332529	84939	941509	4050284422	3134050
AL	NC_063214.1	94600001	94700000	0.0002208119761005	83831	857180	3881945242	3469850
AL	NC_063214.1	94700001	94800000	0.0002953710951337	82729	1158998	3923870748	3128946
AL	NC_063214.1	94800001	94900000	0.0006848589723945	84689	2679731	3912821629	3539728
AL	NC_063214.1	94900001	95000000	0.0008738598206844	83079	3324025	3803842357	3581124
AL	NC_063214.1	95000001	95100000	0.0006843630912691	83911	2707079	3955618055	3242312
AL	NC_063214.1	95100001	95200000	0.0009323209265074	80888	3475758	3728070347	3408986
AL	NC_063214.1	95200001	95300000	0.0005966547530316	84021	2298417	3852172447	3600628
AL	NC_063214.1	95300001	95400000	0.0005999410513137	73924	2086614	3478031709	2887286
AL	NC_063214.1	95400001	95500000	0.0004175994610558	77007	1500448	3593031457	3098356
AL	NC_063214.1	95500001	95600000	0.0004364424276869	82460	1747380	4003689580	2823584
AL	NC_063214.1	95600001	95700000	0.0003310427590883	83791	1254462	3789425884	3779070
AL	NC_063214.1	95700001	95800000	0.0003029250637455	85560	1257023	4149617019	2932722
AL	NC_063214.1	95800001	95900000	0.0003533062345161	83645	1419600	4018044012	2989234
AL	NC_063214.1	95900001	96000000	0.0004912835659699	85672	2031494	4135074203	2999506
AL	NC_063214.1	96000001	96100000	0.000373233833002	80112	1463232	3920416293	2645118
AL	NC_063214.1	96100001	96200000	0.0004439474522666	82684	1742080	3924068020	3121968
AL	NC_063214.1	96200001	96300000	0.0005220898163784	84132	2063804	3952967354	3298492
AL	NC_063214.1	96300001	96400000	0.0005972133795737	86734	2423359	4057777476	3450732
AL	NC_063214.1	96400001	96500000	0.0003879944464841	84198	1575826	4061465349	2952762
AL	NC_063214.1	96500001	96600000	0.0003694307159434	82613	1464015	3962894629	2977952
AL	NC_063214.1	96600001	96700000	0.0005359501586196	82483	2037187	3801075468	3486374
AL	NC_063214.1	96700001	96800000	0.0004168244538244	84597	1702306	4083987838	2960182
AL	NC_063214.1	96800001	96900000	0.0003396590034724	77556	1244605	3664277959	2979746
AL	NC_063214.1	96900001	97000000	0.0003313076138345	80741	1246989	3763840455	3261548
AL	NC_063214.1	97000001	97100000	0.0005821623394054	83084	2246953	3859667395	3400994
AL	NC_063214.1	97100001	97200000	0.0001788884350699	82863	649508	3630799273	4117948
AL	NC_063214.1	97200001	97300000	0.0002497524283711	82908	967035	3871974364	3336472
AL	NC_063214.1	97300001	97400000	0.0003155328233254	79881	1220717	3868748066	2756966
AL	NC_063214.1	97400001	97500000	0.0005137991702927	81040	2031835	3954531493	2710150
AL	NC_063214.1	97500001	97600000	0.0003174491513139	83587	1219224	3840690690	3560794
AL	NC_063214.1	97600001	97700000	0.0004216647883493	83751	1576929	3739769228	3924422
AL	NC_063214.1	97700001	97800000	0.0004004896351301	80351	1468780	3667460706	3505066
AL	NC_063214.1	97800001	97900000	0.0004435479456931	82976	1742456	3928450164	3158136
AL	NC_063214.1	97900001	98000000	0.0003667262597779	83433	1429648	3898406405	3344352
AL	NC_063214.1	98000001	98100000	0.0004082905597815	83057	1581838	3874294818	3362270
AL	NC_063214.1	98100001	98200000	0.0003622296166213	83342	1490023	4113476457	2629770
AL	NC_063214.1	98200001	98300000	0.0002733289165935	71474	940620	3441348291	2537982
AL	NC_063214.1	98300001	98400000	0.0004160297894594	84010	1638499	3938417492	3319516
AL	NC_063214.1	98400001	98500000	0.0002868387647312	81109	1118073	3897914569	2898912
AL	NC_063214.1	98500001	98600000	0.0004079682689848	84304	1595996	3912059151	3469978
AL	NC_063214.1	98600001	98700000	0.0003132301470608	83282	1218553	3890280075	3339046
AL	NC_063214.1	98700001	98800000	0.0003076366808022	81102	1189730	3867321663	3000494
AL	NC_063214.1	98800001	98900000	0.0003875586982926	82109	1450793	3743414885	3591336
AL	NC_063214.1	98900001	99000000	0.0003078990605834	82092	1148590	3730410862	3638540
AL	NC_063214.1	99000001	99100000	0.0003844567005232	81557	1359997	3537451677	4176952
AL	NC_063214.1	99100001	99200000	0.000409969049859	80250	1441376	3515816622	3995472
AL	NC_063214.1	99200001	99300000	0.0010883835624078	80203	3982313	3658924241	3503252
AL	NC_063214.1	99300001	99400000	0.0006192346471484	80760	2297442	3710131548	3448384
AL	NC_063214.1	99400001	99500000	0.0003495786413173	79550	1242624	3554633645	3728146
AL	NC_063214.1	99500001	99600000	0.0006226880931284	78507	2250507	3614180237	3330356
AL	NC_063214.1	99600001	99700000	0.0004306403628383	80721	1517787	3524488485	4053672
AL	NC_063214.1	99700001	99800000	0.0002452257026246	79868	872145	3556499138	3784532
AL	NC_063214.1	99800001	99900000	0.0005230993393356	76040	1762687	3369698387	3659666
AL	NC_063214.1	99900001	100000000	0.000699980884386	74431	2314202	3306093140	3557166
AL	NC_063214.1	100000001	100100000	0.0009435655552197	75863	3016827	3197262748	4210118
AL	NC_063214.1	100100001	100200000	0.0007307076222244	73454	2319440	3174238135	3809510
AL	NC_063214.1	100200001	100300000	0.0006182535793743	69612	1842147	2979597792	3714648
AL	NC_063214.1	100300001	100400000	0.0006332071743656	74194	2011614	3176865458	3949680
AL	NC_063214.1	100400001	100500000	0.0009824421910479	73745	3072910	3127827803	4023140
AL	NC_063214.1	100500001	100600000	0.0005059675194616	76878	1624849	3211370172	4365556
AL	NC_063214.1	100600001	100700000	0.0007642047938592	77555	2504274	3276967143	4276232
AL	NC_063214.1	100700001	100800000	0.0001862854459552	75688	598979	3215382699	4115386
AL	NC_063214.1	100800001	100900000	0.0001657752652043	77064	550279	3319427656	4033728
AL	NC_063214.1	100900001	101000000	0.0003658131527887	75171	1150432	3144862319	4247752
AL	NC_063214.1	101000001	101100000	0.0005273318248011	78451	1816784	3445238680	3887942
AL	NC_063214.1	101100001	101200000	0.0005125040612736	69759	1531752	2988760706	3707330
AL	NC_063214.1	101200001	101300000	0.0003961025184719	78324	1328696	3354424519	4162962
AL	NC_063214.1	101300001	101400000	0.0006207935386809	77224	2131710	3433846951	3688426
AL	NC_063214.1	101400001	101500000	0.0004153916795347	76397	1412479	3400354580	3629530
AL	NC_063214.1	101500001	101600000	0.0003960115296561	80305	1373009	3467093499	4175012
AL	NC_063214.1	101600001	101700000	5.278163200546852e-05	77931	179529	3401353713	3920804
AL	NC_063214.1	101700001	101800000	0.0002344890400526	78820	819452	3494628149	3785006
AL	NC_063214.1	101800001	101900000	0.0004596373569434	80793	1638975	3565800245	3937896
AL	NC_063214.1	101900001	102000000	0.0002561894908842	77342	859526	3355040041	3961138
AL	NC_063214.1	102000001	102100000	9.453809257215816e-05	79101	330740	3498483955	3832932
AL	NC_063214.1	102100001	102200000	2.0378977753055536e-05	82444	72758	3570247776	4242488
AL	NC_063214.1	102200001	102300000	2.7871807472206237e-05	83886	103028	3696495109	4103290
AL	NC_063214.1	102300001	102400000	9.86459748027054e-05	82262	370691	3757791443	3587582
AL	NC_063214.1	102400001	102500000	0.0004026804573526	77091	1433607	3560160355	3225832
AL	NC_063214.1	102500001	102600000	0.0001704988792194	81022	655206	3842875701	3059866
AL	NC_063214.1	102600001	102700000	0.0001395985585263	81266	528981	3789301305	3283250
AL	NC_063214.1	102700001	102800000	0.0001016629683578	85105	397051	3905561744	3642546
AL	NC_063214.1	102800001	102900000	0.0001348699663834	79902	508132	3767569709	3088714
AL	NC_063214.1	102900001	103000000	0.0003485880752842	82997	1391200	3990956945	2954088
AL	NC_063214.1	103000001	103100000	0.0001726674320423	80779	649740	3762956293	3278396
AL	NC_063214.1	103100001	103200000	0.0003556809363727	79671	1343467	3777168981	3013860
AL	NC_063214.1	103200001	103300000	0.0004991717536857	84361	1916477	3839313795	3713636
AL	NC_063214.1	103300001	103400000	0.0001334963905584	82602	504006	3775427919	3585518
AL	NC_063214.1	103400001	103500000	1.973222691776911e-05	83817	75860	3844472310	3597518
AL	NC_063214.1	103500001	103600000	0.0002723596151224	83419	1038254	3812070301	3622732
AL	NC_063214.1	103600001	103700000	0.0005161717248848	82019	1971434	3819337451	3325408
AL	NC_063214.1	103700001	103800000	0.0006808875052838	83694	2675517	3929455276	3287132
AL	NC_063214.1	103800001	103900000	0.0004311404280155	84685	1744453	4046136448	3097402
AL	NC_063214.1	103900001	104000000	0.0003652754811094	83800	1474914	4037812764	2962472
AL	NC_063214.1	104000001	104100000	0.0004359974462619	82642	1689590	3875229120	3264108
AL	NC_063214.1	104100001	104200000	0.0004049611891011	80156	1500136	3704394496	3346704
AL	NC_063214.1	104200001	104300000	0.0002260474123982	81580	847412	3748824156	3470224
AL	NC_063214.1	104300001	104400000	0.0003777175757988	79770	1401646	3710830763	3250862
AL	NC_063214.1	104400001	104500000	0.0004199062626029	80716	1533774	3652658073	3626366
AL	NC_063214.1	104500001	104600000	0.0006344401373536	84075	2508082	3953220883	3284888
AL	NC_063214.1	104600001	104700000	0.0003911820193608	85397	1595702	4079180333	3122088
AL	NC_063214.1	104700001	104800000	0.0004979159765454	79718	1883564	3782895285	3001426
AL	NC_063214.1	104800001	104900000	0.0004843517472979	80830	1856505	3832968520	3055580
AL	NC_063214.1	104900001	105000000	0.0005292986607943	75445	1853543	3501884923	3104244
AL	NC_063214.1	105000001	105100000	0.0005992001582159	85052	2461218	4107505591	2970370
AL	NC_063214.1	105100001	105200000	0.0004931827429935	82080	1940451	3934547645	2963662
AL	NC_063214.1	105200001	105300000	0.0008386570660253	79244	3063932	3653378865	3334222
AL	NC_063214.1	105300001	105400000	0.0005679302843925	78521	2059574	3626455670	3283622
AL	NC_063214.1	105400001	105500000	0.0002886579440498	83767	1111567	3850810355	3558568
AL	NC_063214.1	105500001	105600000	0.0006642652723097	83151	2524850	3800966429	3614348
AL	NC_063214.1	105600001	105700000	0.0005189490248632	82717	2046121	3942816928	3058194
AL	NC_063214.1	105700001	105800000	0.0005379474230639	82258	2119290	3939585746	2981256
AL	NC_063214.1	105800001	105900000	0.0009708794720093	84395	3793217	3906990630	3498714
AL	NC_063214.1	105900001	106000000	0.0008332863950483	84781	3343061	4011899174	3228206
AL	NC_063214.1	106000001	106100000	0.0005289811772031	84412	2124495	4016201505	3152734
AL	NC_063214.1	106100001	106200000	0.0005668392397735	79084	2159226	3809238755	2798762
AL	NC_063214.1	106200001	106300000	0.0006850480014443	80535	2640435	3854379539	2925760
AL	NC_063214.1	106300001	106400000	0.0004596602927811	82032	1787998	3889824786	3096884
AL	NC_063214.1	106400001	106500000	0.0006549814440597	83324	2526643	3857579513	3461462
AL	NC_063214.1	106500001	106600000	0.0003955312081052	80951	1525403	3856593282	2997730
AL	NC_063214.1	106600001	106700000	0.0009048351331114	83521	3648040	4031717897	2918440
AL	NC_063214.1	106700001	106800000	0.0006985375400973	81749	2780297	3980168338	2751470
AL	NC_063214.1	106800001	106900000	0.00081429672773	84601	3369117	4137456145	2784816
AL	NC_063214.1	106900001	107000000	0.0010624765732339	83177	4436744	4175851131	2396188
AL	NC_063214.1	107000001	107100000	0.0006508592552817	77563	2532908	3891637062	2247322
AL	NC_063214.1	107100001	107200000	0.0003911486834789	82194	1620555	4143066482	2315920
AL	NC_063214.1	107200001	107300000	0.0004880099780153	82852	1874324	3840749338	3419124
AL	NC_063214.1	107300001	107400000	0.000331597696819	81778	1211731	3654220194	3831464
AL	NC_063214.1	107400001	107500000	0.0003817658581421	83867	1528047	4002576363	3096504
AL	NC_063214.1	107500001	107600000	0.0003403750464761	82306	1293707	3800827979	3449566
AL	NC_063214.1	107600001	107700000	0.0006534082990541	74887	2325596	3559177322	2811290
AL	NC_063214.1	107700001	107800000	0.0004908253658237	83580	1892786	3856332887	3517658
AL	NC_063214.1	107800001	107900000	0.0007383636745687	83029	2807372	3802153460	3575642
AL	NC_063214.1	107900001	108000000	0.0005280739212896	81995	1987010	3762749721	3505284
AL	NC_063214.1	108000001	108100000	0.000617870583077	82215	2374286	3842691439	3293640
AL	NC_063214.1	108100001	108200000	0.0007451354337609	79014	2775276	3724525602	3068048
AL	NC_063214.1	108200001	108300000	0.0004389775500586	82101	1673509	3812288350	3377102
AL	NC_063214.1	108300001	108400000	0.0004104783788491	83441	1574382	3835480944	3549226
AL	NC_063214.1	108400001	108500000	0.0004330735064433	83477	1649548	3808933069	3642344
AL	NC_063214.1	108500001	108600000	0.0006817116432921	78370	2527667	3707824305	2986794
AL	NC_063214.1	108600001	108700000	0.0006188898215217	83849	2368940	3827724932	3655754
AL	NC_063214.1	108700001	108800000	0.0004171719990624	83536	1590982	3813731515	3642082
AL	NC_063214.1	108800001	108900000	0.0004624555187305	83011	1835165	3968305979	3036152
AL	NC_063214.1	108900001	109000000	0.0004470962710534	79475	1649599	3689583445	3265884
AL	NC_063214.1	109000001	109100000	0.0003639428593732	83709	1419727	3900961273	3380984
AL	NC_063214.1	109100001	109200000	0.0005530483020282	80642	2087932	3775315813	3205434
AL	NC_063214.1	109200001	109300000	0.0002457674939579	77183	884961	3600805728	3102966
AL	NC_063214.1	109300001	109400000	4.7791456894604606e-05	83695	186080	3893582914	3404826
AL	NC_063214.1	109400001	109500000	3.1911535373265475e-05	80361	123966	3884676765	2797504
AL	NC_063214.1	109500001	109600000	0.000432715403995	79409	1707217	3945357582	2425254
AL	NC_063214.1	109600001	109700000	0.0005748104523633	84656	2331678	4056429368	3059296
AL	NC_063214.1	109700001	109800000	0.0002773884948166	81685	1093693	3942820342	2875582
AL	NC_063214.1	109800001	109900000	1.6037560344802343e-05	82304	64663	4031972358	2699116
AL	NC_063214.1	109900001	110000000	4.9458389756454135e-06	76390	18204	3680669769	2703018
AL	NC_063214.1	110000001	110100000	0.000196271137579	83112	769358	3919873342	3210852
AL	NC_063214.1	110100001	110200000	0.0003933812852043	82166	1463877	3721267521	3675754
AL	NC_063214.1	110200001	110300000	0.000399747986002	79153	1523985	3812364423	2803788
AL	NC_063214.1	110300001	110400000	0.0006436774760856	82252	2473479	3842730392	3293016
AL	NC_063214.1	110400001	110500000	0.0004571249035398	74089	1551758	3394603943	3186324
AL	NC_063214.1	110500001	110600000	0.0008066819795674	77542	2822536	3498945150	3516840
AL	NC_063214.1	110600001	110700000	0.0008497120297907	74730	2869321	3376815791	3374454
AL	NC_063214.1	110700001	110800000	0.0010109378327046	72066	3206077	3171388879	3542478
AL	NC_063214.1	110800001	110900000	0.0007617867735148	78030	2651847	3481088268	3678468
AL	NC_063214.1	110900001	111000000	0.000481345412135	75554	1581302	3285171023	3849734
AL	NC_063214.1	111000001	111100000	0.0004164037725762	75020	1354198	3252127116	3857864
AL	NC_063214.1	111100001	111200000	0.0004070715556792	77899	1345342	3304927552	4246326
AL	NC_063214.1	111200001	111300000	0.0001938241803079	75820	638688	3295192576	3870360
AL	NC_063214.1	111300001	111400000	0.0003716170714092	76986	1287667	3465037263	3527614
AL	NC_063214.1	111400001	111500000	0.0003183854519555	78557	1064340	3342929124	4255546
AL	NC_063214.1	111500001	111600000	0.0005894879082731	77286	1910458	3240877333	4342834
AL	NC_063214.1	111600001	111700000	0.0004361142593582	77098	1437426	3295984869	4119138
AL	NC_063214.1	111700001	111800000	0.0003296210269528	75540	1081377	3280667529	3864694
AL	NC_063214.1	111800001	111900000	0.0006175253685435	76233	2041446	3305849612	3913426
AL	NC_063214.1	111900001	112000000	0.0001318776536719	78130	450744	3417895204	3906844
AL	NC_063214.1	112000001	112100000	0.0005673048745705	80558	2048125	3610272169	3735442
AL	NC_063214.1	112100001	112200000	0.0002002857615193	78440	726123	3625434951	3279466
AL	NC_063214.1	112200001	112300000	3.7209610168531534e-05	81583	141291	3797164210	3317426
AL	NC_063214.1	112300001	112400000	1.1203494622843735e-05	80061	41576	3710984956	3308354
AL	NC_063214.1	112400001	112500000	2.640060901676974e-05	83794	106867	4047899044	2924172
AL	NC_063214.1	112500001	112600000	2.308371262022765e-05	80127	86292	3738220165	3235060
AL	NC_063214.1	112600001	112700000	4.004565137972287e-05	78963	138953	3469864897	3897604
AL	NC_063214.1	112700001	112800000	3.843378587135911e-05	79635	129857	3378719974	4339290
AL	NC_063214.1	112800001	112900000	2.8703187206771697e-05	74220	91699	3194732325	3886238
AL	NC_063214.1	112900001	113000000	1.7768431170225175e-05	76810	59196	3331526539	3938294
AL	NC_063214.1	113000001	113100000	2.744905419335905e-05	79846	89650	3266050603	4774422
AL	NC_063214.1	113100001	113200000	2.1647267490306755e-05	78919	71444	3300370360	4464710
AL	NC_063214.1	113200001	113300000	2.586439185769534e-05	77772	85919	3321902965	4164142
AL	NC_063214.1	113300001	113400000	2.5847007215236663e-05	74192	83394	3226447043	3773562
AL	NC_063214.1	113400001	113500000	3.037043097707261e-05	80363	110840	3649602473	3568548
AL	NC_063214.1	113500001	113600000	0.0001502091752979	80015	555831	3700379813	3335356
AL	NC_063214.1	113600001	113700000	0.0002555774505797	77541	916429	3585719311	3236732
AL	NC_063214.1	113700001	113800000	0.0002325885352273	79222	838167	3603647098	3496872
AL	NC_063214.1	113800001	113900000	0.0002637496982285	69067	859540	3258923160	2666822
AL	NC_063214.1	113900001	114000000	0.0001229525099236	81830	466611	3795050628	3371108
AL	NC_063214.1	114000001	114100000	0.0004928245691073	80797	1836214	3725897845	3396376
AL	NC_063214.1	114100001	114200000	0.000104880796394	76380	366368	3493184764	3310968
AL	NC_063214.1	114200001	114300000	0.0003080709981944	79244	1091150	3541878354	3708540
AL	NC_063214.1	114300001	114400000	0.0001118767039766	79725	380963	3405204001	4266456
AL	NC_063214.1	114400001	114500000	0.0006001230237764	78262	2020652	3367062952	4104548
AL	NC_063214.1	114500001	114600000	0.0008119808653955	82617	3062838	3772056868	3604530
AL	NC_063214.1	114600001	114700000	0.0005962972024843	82328	2392417	4012121791	2766930
AL	NC_063214.1	114700001	114800000	0.0004799793367979	82681	1893652	3945278171	3043492
AL	NC_063214.1	114800001	114900000	0.0004792935746667	81876	1864599	3890306690	3069092
AL	NC_063214.1	114900001	115000000	0.0006801258110619	82671	2606216	3831961613	3417780
AL	NC_063214.1	115000001	115100000	0.0006588336552552	85584	2787654	4231195504	2671416
AL	NC_063214.1	115100001	115200000	0.0004219540669601	83678	1823815	4322306959	2028622
AL	NC_063214.1	115200001	115300000	0.0006110423461061	85298	2601763	4257909483	2531862
AL	NC_063214.1	115300001	115400000	0.000384904690353	72597	1469522	3817885406	1546926
AL	NC_063214.1	115400001	115500000	0.0006877769212196	86048	3058135	4446405376	2081544
AL	NC_063214.1	115500001	115600000	0.0001731156277463	81067	726554	4196929009	1944996
AL	NC_063214.1	115600001	115700000	0.0005001613723126	82354	2036285	4071256024	2576340
AL	NC_063214.1	115700001	115800000	0.0001487543794237	84101	611106	4108154680	2790642
AL	NC_063214.1	115800001	115900000	0.0003222001974114	81937	1234298	3830841849	3274512
AL	NC_063214.1	115900001	116000000	0.0002956608521856	85514	1243395	4205477292	2755460
AL	NC_063214.1	116000001	116100000	4.241236191255754e-05	82754	163011	3843478473	3396506
AL	NC_063214.1	116100001	116200000	5.654835146922372e-05	81078	209374	3702565938	3527688
AL	NC_063214.1	116200001	116300000	0.0004142360392298	81846	1609476	3885407950	3076872
AL	NC_063214.1	116300001	116400000	0.0002528839142277	75635	944337	3734270734	2382626
AL	NC_063214.1	116400001	116500000	2.728267179779958e-05	81410	106703	3911017249	2909210
AL	NC_063214.1	116500001	116600000	2.343176002953369e-05	81062	92395	3943152366	2736904
AL	NC_063214.1	116600001	116700000	0.0005251359758108	81439	2101373	4001578823	2622040
AL	NC_063214.1	116700001	116800000	0.0004263808126741	81490	1702840	3993706915	2659502
AL	NC_063214.1	116800001	116900000	0.0004714875536419	71802	1637951	3474006869	2487442
AL	NC_063214.1	116900001	117000000	0.0002197394723685	79135	842809	3835492053	2724076
AL	NC_063214.1	117000001	117100000	0.0005293615983327	82712	2013874	3804344717	3508694
AL	NC_063214.1	117100001	117200000	0.0001349464150993	82057	539684	3999246661	2760816
AL	NC_063214.1	117200001	117300000	3.473454126400308e-05	81475	138565	3989256658	2670674
AL	NC_063214.1	117300001	117400000	0.0001114800815077	82190	445560	3996767799	2786150
AL	NC_063214.1	117400001	117500000	0.0002562251398714	83723	1030392	4021432091	2992904
AL	NC_063214.1	117500001	117600000	0.0003818053291132	83513	1530880	4009582589	2990920
AL	NC_063214.1	117600001	117700000	0.0007212131985823	79399	2750874	3814231361	2838612
AL	NC_063214.1	117700001	117800000	0.0006673952159903	76721	2479535	3715242394	2643390
AL	NC_063214.1	117800001	117900000	0.0007427748773697	82653	2959839	3984839943	2905372
AL	NC_063214.1	117900001	118000000	0.0004137707416368	82576	1674902	4047898586	2693172
AL	NC_063214.1	118000001	118100000	0.000521578993682	83561	2248492	4310932816	2040034
AL	NC_063214.1	118100001	118200000	0.0006865633552271	82896	2925365	4260881356	2071656
AL	NC_063214.1	118200001	118300000	0.0007976331740809	82382	3398133	4260270398	1984240
AL	NC_063214.1	118300001	118400000	0.0007171482612086	80485	2868298	3999588586	2457342
AL	NC_063214.1	118400001	118500000	0.0007631525981365	79813	3112370	4078306236	2073258
AL	NC_063214.1	118500001	118600000	0.0006860426619577	80991	2770248	4038011269	2426492
AL	NC_063214.1	118600001	118700000	0.0005331334593375	83698	2221151	4166219473	2522946
AL	NC_063214.1	118700001	118800000	0.000452895934573	74335	1653612	3651196387	2400312
AL	NC_063214.1	118800001	118900000	0.0007004454971808	81833	2820482	4026697311	2617180
AL	NC_063214.1	118900001	119000000	0.0007535973897066	80910	3080219	4087353595	2255758
AL	NC_063214.1	119000001	119100000	0.0007717001769771	81531	3120372	4043503025	2505156
AL	NC_063214.1	119100001	119200000	0.0007361256373596	76947	2824753	3837324577	2298540
AL	NC_063214.1	119200001	119300000	0.000596258369409	77484	2251863	3776656422	2593972
AL	NC_063214.1	119300001	119400000	0.0004151064551846	79654	1609598	3877554733	2683858
AL	NC_063214.1	119400001	119500000	0.0004325342297042	73915	1546780	3576086917	2561796
AL	NC_063214.1	119500001	119600000	0.0007068285501575	78411	2650027	3749179344	2862030
AL	NC_063214.1	119600001	119700000	0.0008273188219309	78058	3138529	3793614888	2651940
AL	NC_063214.1	119700001	119800000	0.0006340106749775	78072	2459008	3878496210	2380932
AL	NC_063214.1	119800001	119900000	0.0005179075770568	79019	2056925	3971606308	2261142
AL	NC_063214.1	119900001	120000000	0.0005192262333217	73488	1935008	3726714630	2004308
AL	NC_063214.1	120000001	120100000	0.0008461843964024	77517	3341322	3948692524	2058402
AL	NC_063214.1	120100001	120200000	0.0004769348946506	77475	1911245	4007349895	1859368
AL	NC_063214.1	120200001	120300000	0.0005688035662634	76041	2238051	3934664149	1822384
AL	NC_063214.1	120300001	120400000	0.0005687019231305	76355	2219232	3902276236	1981686
AL	NC_063214.1	120400001	120500000	0.0004795824199574	73459	1818207	3791229462	1789250
AL	NC_063214.1	120500001	120600000	0.0006114991648366	76011	2332510	3814412405	2197028
AL	NC_063214.1	120600001	120700000	0.0005358412739606	73699	2001413	3735085551	2010776
AL	NC_063214.1	120700001	120800000	0.000557414441839	73071	2118210	3800063007	1691464
AL	NC_063214.1	120800001	120900000	0.0005844187192697	70450	2079305	3557902804	1969916
AL	NC_063214.1	120900001	121000000	0.0007009634527658	74694	2603962	3714832763	2268678
AL	NC_063214.1	121000001	121100000	0.000585175400042	72835	2182299	3729307486	1869642
AL	NC_063214.1	121100001	121200000	0.000547586952335	74813	2132931	3895145768	1718482
AL	NC_063214.1	121200001	121300000	0.0006892882052702	69759	2502245	3630186881	1607412
AL	NC_063214.1	121300001	121400000	0.0007976873409133	64235	2644485	3315189880	1567190
AL	NC_063214.1	121400001	121500000	0.0005709279209063	65840	2006593	3514617041	1242342
AL	NC_063214.1	121500001	121600000	0.0007721421643006	61263	2519544	3263057137	1182028
AL	NC_063214.1	121600001	121700000	0.0004987451144791	65787	1735719	3480172436	1340862
AL	NC_063214.1	121700001	121800000	0.0006524424446232	67804	2368452	3630131699	1250506
AL	NC_063214.1	121800001	121900000	0.0005012499394727	65779	1771556	3534276736	1172870
AL	NC_063214.1	121900001	122000000	0.0006103485039367	65748	2150394	3523223185	1198110
AL	NC_063214.1	122000001	122100000	0.0006479217365741	66031	2262130	3491363034	1353330
AL	NC_063214.1	122100001	122200000	0.0004623551300691	66640	1618036	3499552389	1441646
AL	NC_063214.1	122200001	122300000	0.0005681570909151	75691	2296585	4042165515	1424864
AL	NC_063214.1	122300001	122400000	0.0002914620088121	70650	1094599	3755546064	1390620
AL	NC_063214.1	122400001	122500000	0.0004392967662464	57570	1362315	3101126857	1002946
AL	NC_063214.1	122500001	122600000	0.0006463860635847	63517	2175245	3365241181	1284376
AL	NC_063214.1	122600001	122700000	0.0004275217976959	65772	1485021	3473556221	1362398
AL	NC_063214.1	122700001	122800000	0.0006299494858958	62493	2003975	3181167768	1676202
AL	NC_063214.1	122800001	122900000	0.0004985034919048	67056	1793898	3598566568	1207904
AL	NC_063214.1	122900001	123000000	0.000644626478501	53689	1661034	2576738709	1942912
AL	NC_063214.1	123000001	123100000	0.0003031700264335	77934	1181547	3897308101	2300162
AL	NC_063214.1	123100001	123200000	0.0001072545824202	17961	102277	953590958	356310
AL	NC_063214.1	123200001	123300000	0.0	39	0	1643399	2192
AL	NC_063214.1	123300001	123400000	0.0001541028854384	17053	124678	809056882	651166
AL	NC_063215.1	1	100000	4.520031972793524e-05	7488	16864	373094706	228764
AL	NC_063215.1	100001	200000	0.0002326400150115	1189	14575	62650443	25116
AL	NC_063215.1	200001	300000	0.0002022642116858	39036	404992	2002291936	1004184
AL	NC_063215.1	300001	400000	0.000117479024601	84041	503030	4281870757	2224888
AL	NC_063215.1	400001	500000	8.510468844929908e-05	75786	324070	3807898318	2181496
AL	NC_063215.1	500001	600000	0.0005560582301276	53417	1382730	2486664031	2174276
AL	NC_063215.1	600001	700000	0.0005418413481186	46372	1145838	2114711260	2035296
AL	NC_063215.1	700001	800000	0.0006341545957471	65247	2152447	3394199166	1510858
AL	NC_063215.1	800001	900000	0.0007995232487754	65018	2737252	3423605260	1376204
AL	NC_063215.1	900001	1000000	0.0006708355112181	61743	2128981	3173625970	1553674
AL	NC_063215.1	1000001	1100000	0.0004776168677171	62733	1569544	3286198847	1384148
AL	NC_063215.1	1100001	1200000	0.000953524782971	66709	3354413	3517908564	1392850
AL	NC_063215.1	1200001	1300000	0.0012034484401994	44540	2671519	2219886545	1339902
AL	NC_063215.1	1300001	1400000	0.0008955833053587	30841	1304710	1456827067	1191300
AL	NC_063215.1	1400001	1500000	0.0007739516494141	51786	2011645	2599186915	1499030
AL	NC_063215.1	1500001	1600000	0.0006614405475002	34240	1063486	1607833091	1354466
AL	NC_063215.1	1600001	1700000	0.0012571143025626	25547	1576793	1254295649	833492
AL	NC_063215.1	1700001	1800000	0.0007014961070657	17590	580884	828064467	689878
AL	NC_063215.1	1800001	1900000	0.0009952920177196	29355	1412197	1418877048	1031014
AL	NC_063215.1	1900001	2000000	0.0009245468946735	68907	3400471	3677986503	1305776
AL	NC_063215.1	2000001	2100000	0.000496396934918	77765	2031144	4091773855	1652388
AL	NC_063215.1	2100001	2200000	0.0005413234529022	80581	2247854	4152515447	1979220
AL	NC_063215.1	2200001	2300000	0.0004087332454665	79987	1642273	4017957967	2295464
AL	NC_063215.1	2300001	2400000	0.0007520301175426	80397	3003988	3994504914	2443942
AL	NC_063215.1	2400001	2500000	0.0006522019669255	78236	2537363	3890455915	2371050
AL	NC_063215.1	2500001	2600000	0.0006750737233845	75548	2616997	3876609190	1912548
AL	NC_063215.1	2600001	2700000	0.0002369487184339	73037	841704	3552262302	2467830
AL	NC_063215.1	2700001	2800000	0.0002895121488096	71878	1038557	3587265696	2136660
AL	NC_063215.1	2800001	2900000	0.0005510366912726	72526	2066752	3750661313	1739930
AL	NC_063215.1	2900001	3000000	0.0002830813221312	77117	1089680	3849353224	2292314
AL	NC_063215.1	3000001	3100000	0.0004915502647714	78796	1968644	4004969870	2110988
AL	NC_063215.1	3100001	3200000	0.0007017431006153	71732	2673991	3810498454	1409612
AL	NC_063215.1	3200001	3300000	0.0007368289555192	71885	2749297	3731255374	1683630
AL	NC_063215.1	3300001	3400000	0.0008798196411407	69904	3261938	3707507593	1392070
AL	NC_063215.1	3400001	3500000	0.0007231298528946	76949	2923488	4042825764	1648602
AL	NC_063215.1	3500001	3600000	0.0006963143402359	75938	2788335	4004419899	1586750
AL	NC_063215.1	3600001	3700000	0.0002285345417341	67804	800510	3502796531	1649954
AL	NC_063215.1	3700001	3800000	0.0001897470684675	67838	682761	3598269030	1355208
AL	NC_063215.1	3800001	3900000	0.0005480434645531	71657	2049648	3739936944	1617946
AL	NC_063215.1	3900001	4000000	0.0010055565271921	77385	3771569	3750727978	2651374
AL	NC_063215.1	4000001	4100000	0.0006543602720949	72436	2285560	3492815957	2544038
AL	NC_063215.1	4100001	4200000	0.0007150616604299	76795	2612620	3653698897	2854876
AL	NC_063215.1	4200001	4300000	0.000372031357925	75823	1338371	3597468255	2856336
AL	NC_063215.1	4300001	4400000	0.000253579058568	78957	921921	3635635392	3334458
AL	NC_063215.1	4400001	4500000	0.0002244868012546	77985	803259	3578201460	3332762
AL	NC_063215.1	4500001	4600000	0.0001224565440853	79586	475417	3882332329	2660594
AL	NC_063215.1	4600001	4700000	0.0002932482116868	78374	1089776	3716223856	2967132
AL	NC_063215.1	4700001	4800000	0.0003564157451754	77842	1291955	3624853889	3153754
AL	NC_063215.1	4800001	4900000	0.0004913670406143	77583	1759758	3581351321	3248212
AL	NC_063215.1	4900001	5000000	0.0005713685281025	78873	2081266	3642598249	3295736
AL	NC_063215.1	5000001	5100000	0.0006450201901829	77427	2380401	3690428666	2864722
AL	NC_063215.1	5100001	5200000	0.0006542853938617	74047	2406381	3677876692	2260494
AL	NC_063215.1	5200001	5300000	0.0002132193722169	75447	782964	3672105362	2541802
AL	NC_063215.1	5300001	5400000	0.000501191200731	80342	1913904	3818710299	3003358
AL	NC_063215.1	5400001	5500000	0.0003929852672282	79884	1418777	3610254934	3600788
AL	NC_063215.1	5500001	5600000	0.0004199069993054	80440	1489467	3547135443	3922402
AL	NC_063215.1	5600001	5700000	0.0003913126890576	81180	1526914	3902030378	2897748
AL	NC_063215.1	5700001	5800000	0.0003262149417508	83593	1349631	4137244581	2594768
AL	NC_063215.1	5800001	5900000	0.0001021513924751	83190	400304	3918732680	3220724
AL	NC_063215.1	5900001	6000000	0.0003670348028239	82152	1439462	3921867869	3015270
AL	NC_063215.1	6000001	6100000	0.0005062755753023	81728	1977830	3906627332	2987088
AL	NC_063215.1	6100001	6200000	0.0003308665672891	84295	1403511	4241924506	2401922
AL	NC_063215.1	6200001	6300000	0.0002453955463974	81137	974010	3969142938	2669950
AL	NC_063215.1	6300001	6400000	0.0003897491398358	80180	1619235	4154556956	1909272
AL	NC_063215.1	6400001	6500000	0.0003569505011044	80138	1369650	3837086643	2907030
AL	NC_063215.1	6500001	6600000	0.0005065157676126	80322	1910054	3770966517	3151370
AL	NC_063215.1	6600001	6700000	0.0005841164834935	82991	2261208	3871159373	3341180
AL	NC_063215.1	6700001	6800000	9.118137525169223e-05	81906	343759	3770057197	3462410
AL	NC_063215.1	6800001	6900000	5.025909214692976e-05	78526	188426	3749092790	2881872
AL	NC_063215.1	6900001	7000000	4.487129299633724e-05	80514	169723	3782440591	3149774
AL	NC_063215.1	7000001	7100000	0.0001784674246503	84057	730651	4094030053	2818032
AL	NC_063215.1	7100001	7200000	0.0002826085992468	85326	1166786	4128628793	2951834
AL	NC_063215.1	7200001	7300000	0.0006178660932752	84256	2547336	4122796230	2769972
AL	NC_063215.1	7300001	7400000	0.000599370371311	80080	2304729	3845250133	2868886
AL	NC_063215.1	7400001	7500000	0.0003666432473853	82820	1454165	3966157867	3005650
AL	NC_063215.1	7500001	7600000	0.0005037509994146	82590	2005780	3981689371	2910526
AL	NC_063215.1	7600001	7700000	0.0003004528832631	83512	1189276	3958277874	3170284
AL	NC_063215.1	7700001	7800000	0.0004302077898542	83387	1725106	4009936688	2965766
AL	NC_063215.1	7800001	7900000	0.0005834545350293	82420	2299851	3941782713	3002542
AL	NC_063215.1	7900001	8000000	0.0003013108787893	74936	1110024	3683982485	2406382
AL	NC_063215.1	8000001	8100000	0.0003346817793254	82187	1324350	3957042426	2906714
AL	NC_063215.1	8100001	8200000	0.0005729498445864	81801	2178447	3802160033	3339368
AL	NC_063215.1	8200001	8300000	0.0003221718937567	82418	1196259	3713107888	3755252
AL	NC_063215.1	8300001	8400000	0.0002159436736831	76902	764889	3542076445	3245274
AL	NC_063215.1	8400001	8500000	8.580856862644137e-05	81330	311266	3627446594	3825424
AL	NC_063215.1	8500001	8600000	0.0001022716755769	71102	329701	3223776262	3177088
AL	NC_063215.1	8600001	8700000	0.0006568770611099	79144	2333928	3553066682	3651052
AL	NC_063215.1	8700001	8800000	0.0004842312712909	81989	1725762	3563921007	4174004
AL	NC_063215.1	8800001	8900000	0.0004290606549726	76936	1467416	3420066564	3662880
AL	NC_063215.1	8900001	9000000	0.0004027103834548	77042	1400420	3477486694	3498008
AL	NC_063215.1	9000001	9100000	0.000550479354715	76385	1899413	3450470910	3450246
AL	NC_063215.1	9100001	9200000	0.0005983112870646	76245	2059625	3442397034	3454478
AL	NC_063215.1	9200001	9300000	0.0003997655113083	75774	1368158	3422401286	3424320
AL	NC_063215.1	9300001	9400000	0.0003611939442447	78879	1294318	3583443246	3496002
AL	NC_063215.1	9400001	9500000	0.0003472563663394	83789	1294808	3728680380	3970226
AL	NC_063215.1	9500001	9600000	0.0001641344206735	80977	609578	3713894974	3475270
AL	NC_063215.1	9600001	9700000	0.0002636064372223	82256	1004302	3809853851	3405834
AL	NC_063215.1	9700001	9800000	0.0006079271092696	81529	2467355	4058636245	2465192
AL	NC_063215.1	9800001	9900000	0.000367649744921	79693	1448622	3940223052	2488298
AL	NC_063215.1	9900001	10000000	0.00051360454944	85267	2142542	4171579092	2800454
AL	NC_063215.1	10000001	10100000	0.0004184668744633	80668	1658661	3963661406	2605500
AL	NC_063215.1	10100001	10200000	0.000582993813716	84635	2417399	4146525989	2772268
AL	NC_063215.1	10200001	10300000	0.0004533730538125	84607	1900982	4192975264	2609894
AL	NC_063215.1	10300001	10400000	0.0003818052528713	82890	1513730	3964665202	3030008
AL	NC_063215.1	10400001	10500000	0.0001798154087674	83394	723478	4023448296	2927356
AL	NC_063215.1	10500001	10600000	0.0003263124598445	84669	1280909	3925406344	3487914
AL	NC_063215.1	10600001	10700000	0.0005871376455544	81129	2171940	3699200718	3546446
AL	NC_063215.1	10700001	10800000	0.0002064909982572	80756	785147	3802330400	3149968
AL	NC_063215.1	10800001	10900000	0.0004062350525101	83379	1510153	3717436471	3928256
AL	NC_063215.1	10900001	11000000	0.0002941387518391	80945	1059418	3601762751	3836036
AL	NC_063215.1	11000001	11100000	0.0001450262876556	82463	539881	3722642348	3739414
AL	NC_063215.1	11100001	11200000	0.0002224356104859	82133	858143	3857938925	3222648
AL	NC_063215.1	11200001	11300000	0.0006089243726497	83425	2309033	3791986499	3686588
AL	NC_063215.1	11300001	11400000	0.0003133454083028	82922	1146280	3658199449	4037466
AL	NC_063215.1	11400001	11500000	0.0003749042842466	80385	1395870	3723270335	3329716
AL	NC_063215.1	11500001	11600000	0.0005021756702053	80737	1902837	3789185962	3185494
AL	NC_063215.1	11600001	11700000	0.0003930433921874	81803	1478203	3760915536	3477166
AL	NC_063215.1	11700001	11800000	0.0005654595704592	78297	2043041	3613062908	3291298
AL	NC_063215.1	11800001	11900000	0.0005484503994171	76646	1901634	3467285286	3450832
AL	NC_063215.1	11900001	12000000	0.0006850636515212	74002	2277658	3324739234	3404104
AL	NC_063215.1	12000001	12100000	0.0007949137509103	78328	2775696	3491820335	3697786
AL	NC_063215.1	12100001	12200000	0.0004409448786331	77298	1586407	3597744473	3147970
AL	NC_063215.1	12200001	12300000	0.0003935514998558	82727	1463041	3717533793	3800612
AL	NC_063215.1	12300001	12400000	0.0002251262383188	81032	835265	3710207243	3495906
AL	NC_063215.1	12400001	12500000	0.0002844862111318	81559	1035612	3640288912	3829726
AL	NC_063215.1	12500001	12600000	0.0003413777063833	80932	1271322	3724092043	3434234
AL	NC_063215.1	12600001	12700000	0.0002333771635231	83566	873847	3744355218	3871992
AL	NC_063215.1	12700001	12800000	0.0002520314290813	81105	926085	3674482200	3634098
AL	NC_063215.1	12800001	12900000	0.0004586933874593	81145	1690896	3686331755	3601004
AL	NC_063215.1	12900001	13000000	0.000393492596653	74224	1321475	3358322396	3339944
AL	NC_063215.1	13000001	13100000	0.00033945413109	75354	1172521	3454136782	3243208
AL	NC_063215.1	13100001	13200000	0.0005290406252144	80031	1841735	3481273294	4067946
AL	NC_063215.1	13200001	13300000	0.0001219291961212	77114	421749	3458966461	3570154
AL	NC_063215.1	13300001	13400000	0.0001577304886316	78384	543251	3444172428	3870576
AL	NC_063215.1	13400001	13500000	0.0002391743502436	74783	788076	3294985433	3661076
AL	NC_063215.1	13500001	13600000	0.0001162971204089	74132	371966	3198411093	3864166
AL	NC_063215.1	13600001	13700000	0.0002154032051166	67875	658306	3056156939	3110408
AL	NC_063215.1	13700001	13800000	0.0003491892549111	77130	1169796	3350034354	3942696
AL	NC_063215.1	13800001	13900000	0.0003076041501052	76522	1056037	3433103876	3542556
AL	NC_063215.1	13900001	14000000	0.0004334511230441	77620	1535378	3542217146	3390316
AL	NC_063215.1	14000001	14100000	0.0003644275570844	84436	1430997	3926698111	3440226
AL	NC_063215.1	14100001	14200000	0.000433332822572	83232	1648622	3804516792	3609824
AL	NC_063215.1	14200001	14300000	0.0003622347337106	83863	1352182	3732888854	3973946
AL	NC_063215.1	14300001	14400000	0.0004421677536486	82693	1666870	3769768343	3620668
AL	NC_063215.1	14400001	14500000	0.0004793946719733	83475	1874094	3909292509	3317788
AL	NC_063215.1	14500001	14600000	0.0003718288111637	80423	1397501	3758452702	3221690
AL	NC_063215.1	14600001	14700000	0.0002901279655111	75769	1006185	3468073125	3275888
AL	NC_063215.1	14700001	14800000	0.000270085296694	81612	1015356	3759390135	3449770
AL	NC_063215.1	14800001	14900000	0.0001330090227684	81840	523131	3933048970	2925436
AL	NC_063215.1	14900001	15000000	0.0002252616701105	75983	812728	3607928502	2853138
AL	NC_063215.1	15000001	15100000	0.0002717021858457	78897	1051929	3871625091	2559412
AL	NC_063215.1	15100001	15200000	0.0002939155044436	83084	1143034	3888988443	3314218
AL	NC_063215.1	15200001	15300000	0.00056383738478	84103	2369658	4202733029	2485580
AL	NC_063215.1	15300001	15400000	0.0005577717725954	84059	2336236	4188516011	2522040
AL	NC_063215.1	15400001	15500000	0.0006655509240605	83415	2691467	4043968542	2861098
AL	NC_063215.1	15500001	15600000	0.0005237692057732	84101	2205128	4210113874	2463366
AL	NC_063215.1	15600001	15700000	0.0006641927126732	83032	2866047	4315083477	1931670
AL	NC_063215.1	15700001	15800000	0.0003786249793926	80395	1465206	3869808068	2853926
AL	NC_063215.1	15800001	15900000	0.0003448380333428	82564	1407787	4082458615	2581266
AL	NC_063215.1	15900001	16000000	0.0003618065365591	82085	1452216	4013791497	2713816
AL	NC_063215.1	16000001	16100000	0.0004295366552471	80073	1580128	3678680226	3414766
AL	NC_063215.1	16100001	16200000	0.000287185548581	81880	1098061	3823524566	3291516
AL	NC_063215.1	16200001	16300000	0.0003316023012984	81405	1236930	3730161085	3505288
AL	NC_063215.1	16300001	16400000	0.0003470840351685	82409	1331960	3837572072	3352810
AL	NC_063215.1	16400001	16500000	0.0003323243585675	86210	1377632	4145443945	3065322
AL	NC_063215.1	16500001	16600000	0.000273190467808	83960	1043691	3820378538	3697636
AL	NC_063215.1	16600001	16700000	0.000231558178366	80104	851465	3677110461	3422254
AL	NC_063215.1	16700001	16800000	0.0001525473343827	68828	482286	3161549836	2937904
AL	NC_063215.1	16800001	16900000	0.0003891923757935	80864	1445273	3713518275	3453338
AL	NC_063215.1	16900001	17000000	0.0003996001780787	81143	1461852	3658286658	3688330
AL	NC_063215.1	17000001	17100000	0.0003279764753082	80313	1181227	3601560139	3714804
AL	NC_063215.1	17100001	17200000	0.0006137241434981	75629	2203819	3590895068	2845762
AL	NC_063215.1	17200001	17300000	0.0009175147412682	66990	2936888	3200916419	2456014
AL	NC_063215.1	17300001	17400000	0.0009438298864152	81045	3494734	3702715977	3522232
AL	NC_063215.1	17400001	17500000	0.001270151325455	79368	4718141	3714629041	3158774
AL	NC_063215.1	17500001	17600000	0.000366174663353	81545	1379266	3766688791	3414116
AL	NC_063215.1	17600001	17700000	0.0001866841521005	83024	719941	3856465543	3401130
AL	NC_063215.1	17700001	17800000	0.000337329723758	82099	1287140	3815673240	3358870
AL	NC_063215.1	17800001	17900000	0.0004526294770417	80419	1702359	3761043163	3216344
AL	NC_063215.1	17900001	18000000	0.0005456808087314	79512	1944885	3564144036	3682904
AL	NC_063215.1	18000001	18100000	0.0004499590818007	80614	1563587	3474953753	4202002
AL	NC_063215.1	18100001	18200000	0.0005218328202215	80029	1843257	3532274952	3892026
AL	NC_063215.1	18200001	18300000	0.0005536600752903	73873	1804500	3259220017	3607912
AL	NC_063215.1	18300001	18400000	0.0005848653911705	81036	2071859	3542454437	4059054
AL	NC_063215.1	18400001	18500000	0.0002527464006462	79565	887992	3513371497	3868728
AL	NC_063215.1	18500001	18600000	0.0003025400936666	78997	1114155	3682668920	3194426
AL	NC_063215.1	18600001	18700000	0.0003096016958682	83420	1188935	3840208293	3541318
AL	NC_063215.1	18700001	18800000	0.00016386369722	81780	602753	3678380326	3747820
AL	NC_063215.1	18800001	18900000	0.0001120928547932	79579	414773	3700262615	3249976
AL	NC_063215.1	18900001	19000000	0.0003340425656333	78163	1227881	3675821965	3057036
AL	NC_063215.1	19000001	19100000	0.0002839470320379	77186	1017530	3583520464	3176796
AL	NC_063215.1	19100001	19200000	0.000520913499373	81065	1925757	3696884420	3547946
AL	NC_063215.1	19200001	19300000	0.0002845352660924	79135	1009050	3546309088	3670598
AL	NC_063215.1	19300001	19400000	0.0003172883547613	82230	1178880	3715484613	3717778
AL	NC_063215.1	19400001	19500000	0.0003288600558694	77792	1128433	3431347103	3799834
AL	NC_063215.1	19500001	19600000	0.0004376437954992	69199	1402184	3203938944	2875710
AL	NC_063215.1	19600001	19700000	0.0005755960937137	78748	2005286	3483842267	3810962
AL	NC_063215.1	19700001	19800000	0.0005342344803448	72859	1668008	3122239506	3869498
AL	NC_063215.1	19800001	19900000	0.0004026860140893	74393	1327396	3296354861	3580800
AL	NC_063215.1	19900001	20000000	0.0002468732435547	77746	861769	3490734709	3593226
AL	NC_063215.1	20000001	20100000	0.0001882889068297	75213	626110	3325262282	3644638
AL	NC_063215.1	20100001	20200000	0.0004049936644008	74057	1342249	3314246908	3456202
AL	NC_063215.1	20200001	20300000	0.0004612218189909	78314	1627598	3528883355	3573398
AL	NC_063215.1	20300001	20400000	0.0003602259943053	3829	63240	175556459	164476
AL	NC_063215.1	20400001	20500000	0.0	1	0	34191	84
AL	NC_063215.1	20500001	20600000	0.0	42	0	1865013	2002
AL	NC_063215.1	20600001	20700000	0.0	17	0	655529	1168
AL	NC_063215.1	20700001	20800000	0.0004219794616501	70230	1370586	3247992200	2928388
AL	NC_063215.1	20800001	20900000	0.0001658326405267	78556	588140	3546587681	3560022
AL	NC_063215.1	20900001	21000000	0.0005224272386454	80539	1901224	3639213003	3643856
AL	NC_063215.1	21000001	21100000	0.0003755124497397	72550	1275887	3397722235	2882118
AL	NC_063215.1	21100001	21200000	0.0005480492037357	77169	1993714	3637837600	2987602
AL	NC_063215.1	21200001	21300000	0.0004530436689855	80190	1660519	3665251528	3481820
AL	NC_063215.1	21300001	21400000	0.0002976612051379	79209	1139005	3826514777	2772024
AL	NC_063215.1	21400001	21500000	0.0004979326116382	73137	1714894	3444028288	2852954
AL	NC_063215.1	21500001	21600000	0.0004905152634185	81374	1838837	3748786505	3436082
AL	NC_063215.1	21600001	21700000	0.0004562971278511	81425	1626819	3565262415	4060620
AL	NC_063215.1	21700001	21800000	0.0006462895721703	82338	2332398	3608905513	4094370
AL	NC_063215.1	21800001	21900000	0.0005720253135164	81647	2138908	3739184175	3521584
AL	NC_063215.1	21900001	22000000	0.0006237788725868	81013	2403085	3852462957	3034960
AL	NC_063215.1	22000001	22100000	0.0005729762796737	82012	2173692	3793685842	3413556
AL	NC_063215.1	22100001	22200000	0.0008131357667636	82729	3013116	3705550934	3848310
AL	NC_063215.1	22200001	22300000	0.0007969895035367	80731	2866094	3596150247	3820032
AL	NC_063215.1	22300001	22400000	0.0007976243023762	75790	2653809	3327141603	3751990
AL	NC_063215.1	22400001	22500000	0.0007244164724001	72484	2319647	3202090356	3529624
AL	NC_063215.1	22500001	22600000	0.0009325665630854	76425	3081985	3304841844	3960170
AL	NC_063215.1	22600001	22700000	0.0007879275023956	75566	2553632	3240947920	4005588
AL	NC_063215.1	22700001	22800000	0.0007151031662275	70256	2279010	3186966731	3150826
AL	NC_063215.1	22800001	22900000	0.0002802376904867	73236	897489	3202599188	3672944
AL	NC_063215.1	22900001	23000000	0.0005190532545799	78099	1680611	3237839249	4518300
AL	NC_063215.1	23000001	23100000	0.0004625289433415	75478	1441362	3116263362	4412072
AL	NC_063215.1	23100001	23200000	0.0005261408984248	74858	1630422	3098831520	4349652
AL	NC_063215.1	23200001	23300000	0.0004797030604752	73995	1481183	3087708047	4219208
AL	NC_063215.1	23300001	23400000	0.0004311159717779	78237	1422074	3298588067	4340612
AL	NC_063215.1	23400001	23500000	0.0003940763429515	79029	1336021	3390259334	4178646
AL	NC_063215.1	23500001	23600000	0.0008606281834818	75754	2857107	3319792513	3770658
AL	NC_063215.1	23600001	23700000	0.0004454622333036	70895	1395319	3132294717	3444788
AL	NC_063215.1	23700001	23800000	0.0005685449484579	73374	1827837	3214938423	3660318
AL	NC_063215.1	23800001	23900000	0.0007201053055132	77137	2417641	3357343685	3920752
AL	NC_063215.1	23900001	24000000	0.0005064445785931	80834	1780672	3516025396	4108892
AL	NC_063215.1	24000001	24100000	0.0005675928498826	82691	2094478	3690106386	3891850
AL	NC_063215.1	24100001	24200000	0.0005054841022658	76659	1735091	3432533273	3571380
AL	NC_063215.1	24200001	24300000	0.0005219000469543	73472	1702666	3262436955	3508834
AL	NC_063215.1	24300001	24400000	0.0003547065423766	78042	1245709	3511942553	3572394
AL	NC_063215.1	24400001	24500000	0.000122902888478	78344	429848	3497460518	3686060
AL	NC_063215.1	24500001	24600000	0.0005166760052936	78104	1774179	3433832773	3853502
AL	NC_063215.1	24600001	24700000	0.0004113001360484	83288	1541289	3747358352	3827664
AL	NC_063215.1	24700001	24800000	0.0005590295721176	84782	2246916	4019315099	3210142
AL	NC_063215.1	24800001	24900000	0.0004436397251412	81827	1755783	3957677594	2849722
AL	NC_063215.1	24900001	25000000	0.000193448004821	81723	783302	4049160397	2528500
AL	NC_063215.1	25000001	25100000	0.0004084674643339	83705	1662334	4069685214	2840846
AL	NC_063215.1	25100001	25200000	0.0006502302875288	84235	2591634	3985717137	3208468
AL	NC_063215.1	25200001	25300000	0.0007748994040253	83984	3020091	3897397500	3454200
AL	NC_063215.1	25300001	25400000	0.0005338700829791	81502	1977844	3704729040	3607636
AL	NC_063215.1	25400001	25500000	0.0004278724189336	78813	1530483	3576961104	3508210
AL	NC_063215.1	25500001	25600000	0.0002719747942605	82531	1013051	3724797376	3738590
AL	NC_063215.1	25600001	25700000	0.0002248907902311	80008	804034	3575219773	3746830
AL	NC_063215.1	25700001	25800000	0.0003919090069946	81935	1424642	3635134622	3927930
AL	NC_063215.1	25800001	25900000	0.0003175854542869	82010	1154938	3636621213	3935754
AL	NC_063215.1	25900001	26000000	0.0004736004357619	79952	1692190	3573033030	3742644
AL	NC_063215.1	26000001	26100000	0.0005294316580308	81211	1931402	3648066697	3746108
AL	NC_063215.1	26100001	26200000	0.0005831287585727	83595	2221917	3810336855	3662576
AL	NC_063215.1	26200001	26300000	0.000385448640782	85291	1476498	3830595944	3931230
AL	NC_063215.1	26300001	26400000	0.0008358078256539	77847	3057055	3657605141	3054492
AL	NC_063215.1	26400001	26500000	0.0007418207993448	82708	2892704	3899464672	3203856
AL	NC_063215.1	26500001	26600000	0.0004712511731769	76442	1709496	3627568688	2884612
AL	NC_063215.1	26600001	26700000	0.0006639297901312	77581	2342078	3527598904	3434914
AL	NC_063215.1	26700001	26800000	0.0007716037315757	80325	2862163	3709369049	3359576
AL	NC_063215.1	26800001	26900000	0.0007280781675923	79134	2564616	3522445960	3755636
AL	NC_063215.1	26900001	27000000	0.0006642345790906	82933	2426491	3653063355	4060964
AL	NC_063215.1	27000001	27100000	0.0005635083183111	80178	2036733	3614379653	3654290
AL	NC_063215.1	27100001	27200000	0.0007674397550316	81554	2788874	3633997303	3852158
AL	NC_063215.1	27200001	27300000	0.0006252089775596	78094	2269541	3630051841	3197970
AL	NC_063215.1	27300001	27400000	0.0006023776051546	73516	1973052	3275440493	3480838
AL	NC_063215.1	27400001	27500000	0.0010325507814057	80120	3620555	3506418343	4001394
AL	NC_063215.1	27500001	27600000	0.0007318116436471	79671	2541097	3472337482	4028586
AL	NC_063215.1	27600001	27700000	0.0003327208032864	80989	1209091	3633950712	3741786
AL	NC_063215.1	27700001	27800000	0.0001559366071166	82478	575321	3689454392	3851876
AL	NC_063215.1	27800001	27900000	0.0002736736559253	81126	981010	3584597855	3934350
AL	NC_063215.1	27900001	28000000	0.0004191410050678	78761	1418150	3383467575	4150796
AL	NC_063215.1	28000001	28100000	0.0005874989179667	74016	1869643	3182376925	3893598
AL	NC_063215.1	28100001	28200000	0.0001910699997491	79001	641456	3357178002	4288190
AL	NC_063215.1	28200001	28300000	0.0006275262276811	72735	1991888	3174190834	3671490
AL	NC_063215.1	28300001	28400000	0.0005778461689154	72740	1831122	3168874518	3687916
AL	NC_063215.1	28400001	28500000	0.0005708939649453	74805	1829435	3204509265	3981080
AL	NC_063215.1	28500001	28600000	0.0007872962195125	73583	2467398	3134014795	3977272
AL	NC_063215.1	28600001	28700000	0.000899115321731	71205	2753835	3062827352	3746042
AL	NC_063215.1	28700001	28800000	0.0005421313888718	75960	1735959	3202100147	4216418
AL	NC_063215.1	28800001	28900000	0.0005695408805172	75991	1804037	3167528551	4342752
AL	NC_063215.1	28900001	29000000	0.0008769131676565	76896	2835665	3233689611	4292442
AL	NC_063215.1	29000001	29100000	0.0002310365634304	72252	690618	2989215169	4204046
AL	NC_063215.1	29100001	29200000	0.0007120232140421	73824	2196850	3085362888	4187720
AL	NC_063215.1	29200001	29300000	0.0004190028798766	74562	1354006	3231495689	3835890
AL	NC_063215.1	29300001	29400000	0.0004474024458769	75036	1452223	3245898661	3884982
AL	NC_063215.1	29400001	29500000	0.0007917503799782	76940	2641854	3336725901	3948118
AL	NC_063215.1	29500001	29600000	0.0005470206527151	79357	1820420	3327881664	4457770
AL	NC_063215.1	29600001	29700000	0.0003312317725383	76772	1106905	3341783886	3898996
AL	NC_063215.1	29700001	29800000	0.0005601567959328	76017	1902922	3397123830	3563926
AL	NC_063215.1	29800001	29900000	0.0005710223722147	79633	2009944	3519904119	3862252
AL	NC_063215.1	29900001	30000000	0.0003520525122998	80404	1219247	3463253229	4207734
AL	NC_063215.1	30000001	30100000	0.0006201522093221	80097	2087396	3365941407	4474492
AL	NC_063215.1	30100001	30200000	0.0004530900431194	81471	1621929	3579705678	4019746
AL	NC_063215.1	30200001	30300000	0.000501889067978	81821	1822427	3631135078	3916478
AL	NC_063215.1	30300001	30400000	0.0003685325639418	79403	1318282	3577111303	3626176
AL	NC_063215.1	30400001	30500000	0.0006589601217838	81567	2457635	3729565597	3543364
AL	NC_063215.1	30500001	30600000	0.0005666873412845	80281	2022907	3569705643	3820172
AL	NC_063215.1	30600001	30700000	0.0003693564771354	83167	1422010	3849966328	3455830
AL	NC_063215.1	30700001	30800000	0.000542209762816	82435	2077284	3831144591	3375656
AL	NC_063215.1	30800001	30900000	0.0002010479632702	81871	758794	3774193917	3452908
AL	NC_063215.1	30900001	31000000	0.0002600659328954	83426	998133	3837999806	3551080
AL	NC_063215.1	31000001	31100000	0.0007713130538161	74528	2772451	3594456215	2620338
AL	NC_063215.1	31100001	31200000	0.0004287925150037	73319	1485746	3464953207	2810960
AL	NC_063215.1	31200001	31300000	0.000460156576259	84317	1793600	3897803688	3516978
AL	NC_063215.1	31300001	31400000	0.000659549602253	79766	2456682	3724787327	3204198
AL	NC_063215.1	31400001	31500000	0.0003226788205634	81169	1201272	3722810186	3485126
AL	NC_063215.1	31500001	31600000	0.0006011746648179	82229	2110587	3510771700	4402650
AL	NC_063215.1	31600001	31700000	0.0001945833304725	83720	750095	3854878001	3541454
AL	NC_063215.1	31700001	31800000	0.0001833165239354	81156	685042	3736935358	3434412
AL	NC_063215.1	31800001	31900000	5.854776083628472e-05	82779	214238	3659200573	4007868
AL	NC_063215.1	31900001	32000000	3.4494742085095087e-05	83206	128324	3720103188	3883380
AL	NC_063215.1	32000001	32100000	0.0001219451900233	84676	494040	4051328305	3093758
AL	NC_063215.1	32100001	32200000	0.0004305233789885	82404	1648628	3829357662	3376140
AL	NC_063215.1	32200001	32300000	0.0003750744431315	83852	1440665	3841010835	3610418
AL	NC_063215.1	32300001	32400000	0.0007415575684387	81498	2653552	3578349292	4026372
AL	NC_063215.1	32400001	32500000	0.0005214111541461	77220	1805108	3461966599	3579306
AL	NC_063215.1	32500001	32600000	0.0004606308554802	81049	1642452	3565657794	3981182
AL	NC_063215.1	32600001	32700000	0.0005464800670302	74862	1898773	3474551250	3074904
AL	NC_063215.1	32700001	32800000	0.0004536907642348	84327	1699523	3745994263	4022360
AL	NC_063215.1	32800001	32900000	0.0005696495218307	83521	2299415	4036543369	2913768
AL	NC_063215.1	32900001	33000000	0.0005601141776601	83181	2095377	3740981899	3817788
AL	NC_063215.1	33000001	33100000	0.00013695728916	82337	518020	3782347060	3516626
AL	NC_063215.1	33100001	33200000	0.0002690994521939	81300	965823	3589093148	3957904
AL	NC_063215.1	33200001	33300000	0.0004742033691338	80435	1667735	3516919340	4022934
AL	NC_063215.1	33300001	33400000	0.000694772963262	78468	2459309	3539730430	3563524
AL	NC_063215.1	33400001	33500000	0.0005622765505895	81373	2040259	3628568536	3831482
AL	NC_063215.1	33500001	33600000	0.0004373872185306	82317	1674809	3829121952	3354442
AL	NC_063215.1	33600001	33700000	9.9288454509252e-05	80530	353061	3555911931	3919558
AL	NC_063215.1	33700001	33800000	0.0004137610754588	75920	1426369	3447325243	3375538
AL	NC_063215.1	33800001	33900000	0.0003903886641647	78388	1389637	3559624363	3478562
AL	NC_063215.1	33900001	34000000	0.0005230768825296	82157	1999367	3822319561	3339704
AL	NC_063215.1	34000001	34100000	0.0004935263976908	81258	1840622	3729531001	3485690
AL	NC_063215.1	34100001	34200000	0.0004362103028119	81136	1577084	3615421254	3832724
AL	NC_063215.1	34200001	34300000	0.0004997030070852	83594	1938125	3878553806	3440848
AL	NC_063215.1	34300001	34400000	0.0004642216001785	85472	1865528	4018615246	3339692
AL	NC_063215.1	34400001	34500000	0.0006274632951757	83035	2367859	3773701216	3679654
AL	NC_063215.1	34500001	34600000	0.000432173309533	83309	1643630	3803173319	3632916
AL	NC_063215.1	34600001	34700000	0.0003262627577886	80212	1204975	3693265539	3401074
AL	NC_063215.1	34700001	34800000	9.06112272384884e-05	77630	326136	3599289072	3202412
AL	NC_063215.1	34800001	34900000	0.0004536220158424	79071	1616839	3564286881	3595892
AL	NC_063215.1	34900001	35000000	0.0005011694559796	77703	1802033	3595656077	3227340
AL	NC_063215.1	35000001	35100000	0.0002672248988073	82212	979806	3666596954	3869396
AL	NC_063215.1	35100001	35200000	0.0002408110131094	83484	897726	3727927508	3911224
AL	NC_063215.1	35200001	35300000	0.00064049707212	83434	2538568	3963434199	3129694
AL	NC_063215.1	35300001	35400000	0.000733614186964	82522	2814283	3836189444	3363260
AL	NC_063215.1	35400001	35500000	0.0003618490673589	80097	1335900	3691870784	3379618
AL	NC_063215.1	35500001	35600000	0.0004130658394785	79852	1570708	3802560875	2960946
AL	NC_063215.1	35600001	35700000	0.000819351152799	82559	3120283	3808236541	3466924
AL	NC_063215.1	35700001	35800000	0.0005620430786531	81614	2085655	3710845448	3617572
AL	NC_063215.1	35800001	35900000	0.0005338973004019	82293	2014008	3772276051	3536884
AL	NC_063215.1	35900001	36000000	0.0005375599410034	74643	1846181	3434372354	3167866
AL	NC_063215.1	36000001	36100000	0.0005386706449378	86813	2176141	4039835882	3529070
AL	NC_063215.1	36100001	36200000	0.0006039394318132	82957	2335476	3867069903	3355420
AL	NC_063215.1	36200001	36300000	0.0004929571728472	82131	1891383	3836809979	3297720
AL	NC_063215.1	36300001	36400000	3.613686729328725e-05	84737	143725	3977240164	3330802
AL	NC_063215.1	36400001	36500000	3.987184710857552e-05	78887	148521	3724959107	3030152
AL	NC_063215.1	36500001	36600000	7.77931611325072e-05	83772	314132	4038041332	2953632
AL	NC_063215.1	36600001	36700000	0.0004422974988453	81310	1759276	3977585233	2677738
AL	NC_063215.1	36700001	36800000	0.0002411646017775	83650	960860	3984249732	3104372
AL	NC_063215.1	36800001	36900000	6.0403577859326935e-05	83692	233716	3869241000	3489648
AL	NC_063215.1	36900001	37000000	0.0001390357956259	76467	508181	3655037163	2795968
AL	NC_063215.1	37000001	37100000	3.524151209905229e-05	83009	138073	3917907938	3189486
AL	NC_063215.1	37100001	37200000	4.6765187655927375e-05	86374	196524	4202356707	2913654
AL	NC_063215.1	37200001	37300000	0.0003233842816185	78067	1194822	3694743585	2979156
AL	NC_063215.1	37300001	37400000	0.000388156947393	79523	1498500	3860551795	2716152
AL	NC_063215.1	37400001	37500000	0.0002499517478193	84449	995518	3982840723	3262996
AL	NC_063215.1	37500001	37600000	0.0003396055255729	83417	1380860	4066070473	2788504
AL	NC_063215.1	37600001	37700000	0.0002455193901027	84666	1007588	4103903971	2908078
AL	NC_063215.1	37700001	37800000	0.0006900520110011	81552	2760634	4000617281	2647630
AL	NC_063215.1	37800001	37900000	0.0005576521128905	82180	2031804	3643497358	3940132
AL	NC_063215.1	37900001	38000000	0.0004243996491125	81433	1580379	3723799026	3535630
AL	NC_063215.1	38000001	38100000	0.0007060769419295	81332	2793846	3956857722	2755220
AL	NC_063215.1	38100001	38200000	0.0005493865910774	83244	2199307	4003204730	2970372
AL	NC_063215.1	38200001	38300000	0.0004881223572222	85796	2020835	4140017293	3011550
AL	NC_063215.1	38300001	38400000	0.0001797389778989	83928	695219	3867936761	3532150
AL	NC_063215.1	38400001	38500000	0.000219006721557	84819	912041	4164442961	2741940
AL	NC_063215.1	38500001	38600000	0.0004777437865736	84494	1998940	4184125584	2614636
AL	NC_063215.1	38600001	38700000	0.0006177086218254	79435	2400614	3886321018	2610682
AL	NC_063215.1	38700001	38800000	0.0004193421670349	82057	1596537	3807241736	3383346
AL	NC_063215.1	38800001	38900000	0.0005963682854905	84164	2316867	3884960110	3525108
AL	NC_063215.1	38900001	39000000	0.0004789245935074	79946	1737267	3627433261	3559378
AL	NC_063215.1	39000001	39100000	4.717746349932896e-05	79785	167227	3544637367	3803580
AL	NC_063215.1	39100001	39200000	0.000319332165727	79373	1111371	3480297694	3937366
AL	NC_063215.1	39200001	39300000	0.00045575587346	80217	1564708	3433215217	4267784
AL	NC_063215.1	39300001	39400000	0.000324393441387	78991	1108950	3418533973	4075036
AL	NC_063215.1	39400001	39500000	0.0006463162077597	79142	2204274	3410519454	4134656
AL	NC_063215.1	39500001	39600000	0.0004333191094169	68408	1293009	2983964870	3459516
AL	NC_063215.1	39600001	39700000	0.0004854683579843	79588	1633371	3364526180	4378120
AL	NC_063215.1	39700001	39800000	0.0005168272865783	77349	1726106	3339812051	4017964
AL	NC_063215.1	39800001	39900000	0.0005046300088723	80226	1784886	3537019140	3915620
AL	NC_063215.1	39900001	40000000	0.0004292036386124	74390	1391878	3242931501	3755898
AL	NC_063215.1	40000001	40100000	0.000334652026496	82367	1223224	3655211692	3944982
AL	NC_063215.1	40100001	40200000	0.0004682147637915	74347	1533269	3274713056	3642582
AL	NC_063215.1	40200001	40300000	0.0007100398463552	79713	2426231	3417034991	4226404
AL	NC_063215.1	40300001	40400000	0.0005696144530623	78273	1878669	3298141383	4339604
AL	NC_063215.1	40400001	40500000	0.0005496729278164	78703	1825805	3321620745	4349276
AL	NC_063215.1	40500001	40600000	0.000832777007835	77370	2791797	3352394427	3978286
AL	NC_063215.1	40600001	40700000	0.0003415540485303	76882	1147438	3359462448	3860972
AL	NC_063215.1	40700001	40800000	0.0004961201916729	79043	1664294	3354618554	4305354
AL	NC_063215.1	40800001	40900000	0.0003772069519169	80836	1338494	3548434071	3998618
AL	NC_063215.1	40900001	41000000	0.0004276624000349	79829	1498820	3504680327	3948756
AL	NC_063215.1	41000001	41100000	0.0005292972414982	84807	1968071	3718271787	4204464
AL	NC_063215.1	41100001	41200000	0.0004817602339971	82113	1802895	3742307631	3601516
AL	NC_063215.1	41200001	41300000	0.0003565109629949	80012	1336082	3747660349	3178534
AL	NC_063215.1	41300001	41400000	0.000491398974881	79201	1756613	3574718487	3587628
AL	NC_063215.1	41400001	41500000	0.000325489848582	82247	1194693	3670446268	3866982
AL	NC_063215.1	41500001	41600000	0.0003011577906281	79497	1037181	3443978646	4091846
AL	NC_063215.1	41600001	41700000	0.000159286171746	79652	564687	3545109998	3776660
AL	NC_063215.1	41700001	41800000	0.0002199288757276	82580	791339	3598158711	4170354
AL	NC_063215.1	41800001	41900000	0.0001498317925379	80774	545312	3639494601	3678346
AL	NC_063215.1	41900001	42000000	3.127811184002267e-05	79581	110663	3538033260	3785826
AL	NC_063215.1	42000001	42100000	0.0001297474152579	83876	499146	3847059296	3594496
AL	NC_063215.1	42100001	42200000	0.0004243003744167	84328	1728378	4073477433	2940942
AL	NC_063215.1	42200001	42300000	0.0003354967149522	79514	1273491	3795837465	2932642
AL	NC_063215.1	42300001	42400000	0.0004918054560061	84181	2004897	4076605852	2908010
AL	NC_063215.1	42400001	42500000	0.0004875371824185	84436	1999489	4101203092	2875744
AL	NC_063215.1	42500001	42600000	0.0005194156659351	83345	2050518	3947739998	3173574
AL	NC_063215.1	42600001	42700000	0.0003078702773807	79427	1185627	3851060291	2742544
AL	NC_063215.1	42700001	42800000	0.0005022002594054	81890	1871428	3726457653	3607818
AL	NC_063215.1	42800001	42900000	0.0004411047766944	80320	1575049	3570691326	3824276
AL	NC_063215.1	42900001	43000000	0.0006131683418249	81568	2247431	3665275662	3751612
AL	NC_063215.1	43000001	43100000	0.0004027195389479	84018	1596896	3965280662	3262592
AL	NC_063215.1	43100001	43200000	0.0001635603411274	81766	561590	3433534047	4574214
AL	NC_063215.1	43200001	43300000	0.0001967263479056	80384	680483	3459033359	4214946
AL	NC_063215.1	43300001	43400000	4.117669851816509e-05	81112	147168	3574060216	3976152
AL	NC_063215.1	43400001	43500000	6.545900989130559e-05	81121	234442	3581508495	3960740
AL	NC_063215.1	43500001	43600000	9.698560828549682e-05	79762	320458	3304180957	4619402
AL	NC_063215.1	43600001	43700000	0.0001927162241003	77040	590623	3064728996	4905920
AL	NC_063215.1	43700001	43800000	0.0003358290498734	76460	1027643	3060018186	4804716
AL	NC_063215.1	43800001	43900000	0.0004922790261498	69274	1405716	2855526897	4065738
AL	NC_063215.1	43900001	44000000	0.000608236424929	76337	1937100	3184781313	4345048
AL	NC_063215.1	44000001	44100000	0.0004204703363802	74761	1277528	3038330863	4539924
AL	NC_063215.1	44100001	44200000	0.000530723777882	77310	1676664	3159202715	4630190
AL	NC_063215.1	44200001	44300000	0.0006090633074615	72549	1851392	3039736555	4088900
AL	NC_063215.1	44300001	44400000	0.0003970179439626	75988	1258994	3171126190	4322292
AL	NC_063215.1	44400001	44500000	0.0005771756673398	76916	1865602	3232294959	4304354
AL	NC_063215.1	44500001	44600000	0.0006746430107049	76859	2235350	3313381988	4010998
AL	NC_063215.1	44600001	44700000	0.0002955742157215	79596	1021562	3456194572	4066720
AL	NC_063215.1	44700001	44800000	0.0003005428185264	69668	931633	3099834508	3305912
AL	NC_063215.1	44800001	44900000	8.081296602042728e-05	77187	278016	3440240022	3643658
AL	NC_063215.1	44900001	45000000	0.0002059263429839	80300	764565	3712808128	3344504
AL	NC_063215.1	45000001	45100000	0.0007476908834515	83941	2836416	3793567720	3780818
AL	NC_063215.1	45100001	45200000	0.0005281048961134	80113	2009694	3805482613	3014184
AL	NC_063215.1	45200001	45300000	0.0005765430852784	81953	2275960	3947597427	2899764
AL	NC_063215.1	45300001	45400000	0.0004580388795161	82247	1765229	3853884635	3261184
AL	NC_063215.1	45400001	45500000	0.000399402252508	83142	1593589	3989934934	2992008
AL	NC_063215.1	45500001	45600000	0.0003982243048311	86167	1606271	4033583537	3420772
AL	NC_063215.1	45600001	45700000	0.0002445313689946	84107	981239	4012732616	3096582
AL	NC_063215.1	45700001	45800000	0.0002938117761413	84016	1204651	4100077321	2801150
AL	NC_063215.1	45800001	45900000	0.0002980845780363	83084	1138996	3821049742	3536796
AL	NC_063215.1	45900001	46000000	0.0002422858619629	84164	955309	3942900309	3342382
AL	NC_063215.1	46000001	46100000	2.552361634842685e-05	86928	103136	4040806702	3549036
AL	NC_063215.1	46100001	46200000	8.074194055478536e-05	82100	318255	3941631794	2946708
AL	NC_063215.1	46200001	46300000	6.304515301014735e-05	75811	223596	3546600957	3027756
AL	NC_063215.1	46300001	46400000	6.445166977883853e-05	84566	257979	4002673645	3221738
AL	NC_063215.1	46400001	46500000	5.544766816416796e-05	85863	238211	4296140990	2518386
AL	NC_063215.1	46500001	46600000	6.880313386849395e-05	82474	283574	4121527379	2442958
AL	NC_063215.1	46600001	46700000	7.515011259527223e-05	81982	296327	3943134478	2930776
AL	NC_063215.1	46700001	46800000	2.0887062500740804e-05	83734	84069	4024931701	2994378
AL	NC_063215.1	46800001	46900000	0.0003555642652791	82671	1427622	4015088521	2823516
AL	NC_063215.1	46900001	47000000	0.0001153326059169	85503	488893	4238983383	2633440
AL	NC_063215.1	47000001	47100000	0.0006866571011404	83347	2675703	3896709137	3340220
AL	NC_063215.1	47100001	47200000	0.000555232968546	85830	2242911	4039585412	3346628
AL	NC_063215.1	47200001	47300000	0.0002220762901123	80590	850071	3827833217	3022266
AL	NC_063215.1	47300001	47400000	7.283278135029119e-05	81845	276471	3795969272	3389458
AL	NC_063215.1	47400001	47500000	0.0005976798391921	83323	2359183	3947235368	3174446
AL	NC_063215.1	47500001	47600000	0.0002518118718429	79989	922897	3665025772	3450562
AL	NC_063215.1	47600001	47700000	0.0003314838490748	85238	1371003	4135957163	2917710
AL	NC_063215.1	47700001	47800000	0.0003902978187243	86060	1624585	4162423980	2996008
AL	NC_063215.1	47800001	47900000	0.0006580168468101	81863	2462285	3741978662	3552642
AL	NC_063215.1	47900001	48000000	0.0003608373006127	83618	1420839	3937616753	3252434
AL	NC_063215.1	48000001	48100000	0.0002422357849454	77347	879414	3630404980	3051334
AL	NC_063215.1	48100001	48200000	3.0484701747565983e-05	82134	112685	3696444234	3754544
AL	NC_063215.1	48200001	48300000	0.0001632759608356	84024	659390	4038500197	3003182
AL	NC_063215.1	48300001	48400000	0.000344754129034	83402	1390225	4032511529	2893298
AL	NC_063215.1	48400001	48500000	0.0006691792543865	82420	2714385	4056289824	2634872
AL	NC_063215.1	48500001	48600000	0.0004406332613059	81114	1651785	3748661631	3383878
AL	NC_063215.1	48600001	48700000	0.0006712510086796	81880	2589284	3857400535	3171850
AL	NC_063215.1	48700001	48800000	0.0005163103609633	81179	1955474	3787400269	3266052
AL	NC_063215.1	48800001	48900000	0.000643863665321	82640	2426739	3769026163	3610978
AL	NC_063215.1	48900001	49000000	0.0006495314881717	79838	2344521	3609557108	3592612
AL	NC_063215.1	49000001	49100000	0.0003870321852053	80193	1364984	3526797130	3943334
AL	NC_063215.1	49100001	49200000	0.0004093550754874	80105	1484678	3626870873	3592072
AL	NC_063215.1	49200001	49300000	0.0004117660553551	82245	1516627	3683224929	3817016
AL	NC_063215.1	49300001	49400000	0.0003075273396292	84067	1164472	3786564152	3831758
AL	NC_063215.1	49400001	49500000	0.0006789656347381	82617	2625949	3867572769	3282688
AL	NC_063215.1	49500001	49600000	0.0005499865022885	83135	2085552	3792005788	3630774
AL	NC_063215.1	49600001	49700000	0.0009989676669586	83138	3655495	3659272588	4075748
AL	NC_063215.1	49700001	49800000	0.0006115028247801	79306	2157506	3528202835	3768206
AL	NC_063215.1	49800001	49900000	0.0007490974397664	75290	2511620	3352861546	3566888
AL	NC_063215.1	49900001	50000000	0.0004146464635239	77531	1444691	3484151264	3566414
AL	NC_063215.1	50000001	50100000	0.0004678997220782	75834	1529427	3268706793	3959490
AL	NC_063215.1	50100001	50200000	0.0005411588356546	80781	1917935	3544125816	4005922
AL	NC_063215.1	50200001	50300000	0.0004920580599463	80546	1778700	3614817325	3722978
AL	NC_063215.1	50300001	50400000	0.0003594752822779	83783	1360121	3783628714	3796730
AL	NC_063215.1	50400001	50500000	0.0003823428568212	83510	1441230	3769470187	3783766
AL	NC_063215.1	50500001	50600000	0.0006105457937994	79108	2306430	3777652755	2908610
AL	NC_063215.1	50600001	50700000	0.0006768578659991	82054	2572941	3801301764	3407052
AL	NC_063215.1	50700001	50800000	0.0006303584423862	83121	2536365	4023686889	2873600
AL	NC_063215.1	50800001	50900000	0.0005813744322555	83271	2269745	3904101856	3293174
AL	NC_063215.1	50900001	51000000	0.0004562766425672	85054	1834955	4021584339	3252382
AL	NC_063215.1	51000001	51100000	0.0004180194351507	82167	1652356	3952820996	2923022
AL	NC_063215.1	51100001	51200000	0.0002264438330124	82814	902330	3984785048	2942420
AL	NC_063215.1	51200001	51300000	0.000270042663752	84162	1042118	3859086507	3605854
AL	NC_063215.1	51300001	51400000	0.0005454442354545	86422	2193868	4022167359	3505822
AL	NC_063215.1	51400001	51500000	0.0004903834025598	82308	1887630	3849294226	3284644
AL	NC_063215.1	51500001	51600000	0.0003962807205076	78362	1443798	3643371795	3197062
AL	NC_063215.1	51600001	51700000	0.0004677541293868	79760	1694163	3621909233	3547646
AL	NC_063215.1	51700001	51800000	0.0005663909159618	82680	2122336	3747122244	3692192
AL	NC_063215.1	51800001	51900000	0.0004416830282557	82160	1681835	3807787242	3395820
AL	NC_063215.1	51900001	52000000	0.0005035767306442	82340	1925219	3823089676	3375664
AL	NC_063215.1	52000001	52100000	0.0005657592481729	83171	2088052	3690707676	3976630
AL	NC_063215.1	52100001	52200000	0.0005794235453176	77678	2025371	3495493092	3554292
AL	NC_063215.1	52200001	52300000	0.0006509946003145	79811	2360995	3626750512	3535142
AL	NC_063215.1	52300001	52400000	0.0006058695660007	81328	2141332	3534311872	4142504
AL	NC_063215.1	52400001	52500000	0.0003139873731214	80752	1104469	3517558649	4084606
AL	NC_063215.1	52500001	52600000	0.0005311115068718	80712	1928781	3631593319	3705818
AL	NC_063215.1	52600001	52700000	0.0003742371730849	84189	1415126	3781361398	3869910
AL	NC_063215.1	52700001	52800000	0.0003628434020633	83850	1355836	3736697408	3959188
AL	NC_063215.1	52800001	52900000	0.0004480232815343	83413	1668713	3724612244	3906778
AL	NC_063215.1	52900001	53000000	0.0004862203349543	84668	1857425	3820130230	3834892
AL	NC_063215.1	53000001	53100000	0.0002277519053929	82981	907152	3983070958	2981174
AL	NC_063215.1	53100001	53200000	0.0006618721174337	84328	2603298	3933234127	3404450
AL	NC_063215.1	53200001	53300000	0.0005538646203341	84765	2116820	3821908680	3854970
AL	NC_063215.1	53300001	53400000	0.0005231600670582	80205	1818852	3476664437	4119544
AL	NC_063215.1	53400001	53500000	0.0002974540835168	81802	1044232	3510565354	4319120
AL	NC_063215.1	53500001	53600000	0.0007157801316465	81668	2588541	3616391243	3944546
AL	NC_063215.1	53600001	53700000	0.0005541554477924	80660	1978184	3569727606	3889236
AL	NC_063215.1	53700001	53800000	0.0007394227637862	80951	2584692	3495553730	4200874
AL	NC_063215.1	53800001	53900000	0.0005083446772768	80577	1758651	3459564108	4247298
AL	NC_063215.1	53900001	54000000	0.0006622405613587	74596	2173663	3282286116	3666648
AL	NC_063215.1	54000001	54100000	0.0003262175133539	82358	1187228	3639375421	3988130
AL	NC_063215.1	54100001	54200000	0.0003148140215097	81958	1226356	3895493581	3067338
AL	NC_063215.1	54200001	54300000	0.0002503962838951	80791	940408	3755678740	3300222
AL	NC_063215.1	54300001	54400000	0.0001981091339793	83159	786926	3972184342	3052986
AL	NC_063215.1	54400001	54500000	0.000426791418357	84157	1706162	3997648328	3151658
AL	NC_063215.1	54500001	54600000	0.0003912640057389	84670	1639007	4189005316	2643420
AL	NC_063215.1	54600001	54700000	0.0003749019431991	83391	1526158	4070819124	2778102
AL	NC_063215.1	54700001	54800000	0.0002143235664474	77704	785450	3664785973	3004062
AL	NC_063215.1	54800001	54900000	0.0002463313029827	82723	923759	3750067445	3690340
AL	NC_063215.1	54900001	55000000	0.0003003663921287	84605	1191291	3966126142	3346438
AL	NC_063215.1	55000001	55100000	0.0002302977721996	83088	907872	3942165794	3131428
AL	NC_063215.1	55100001	55200000	0.0004543362578733	84109	1826924	4021083434	3073046
AL	NC_063215.1	55200001	55300000	0.0005906381977942	83924	2364979	4004107775	3092050
AL	NC_063215.1	55300001	55400000	0.0006084364919264	80782	2327048	3824635818	3072488
AL	NC_063215.1	55400001	55500000	0.0002679067272493	83890	1026130	3830176310	3650168
AL	NC_063215.1	55500001	55600000	1.5152270985005644e-05	83572	56774	3746897086	3863524
AL	NC_063215.1	55600001	55700000	2.2888739123579068e-05	78617	82452	3602295415	3385708
AL	NC_063215.1	55700001	55800000	1.0955121365720063e-05	82520	40472	3694345197	3834262
AL	NC_063215.1	55800001	55900000	0.0001550310936094	84533	594973	3837765613	3758912
AL	NC_063215.1	55900001	56000000	0.0003419798123757	81850	1228145	3591279238	4057056
AL	NC_063215.1	56000001	56100000	0.0004821978615605	83885	1755027	3639640778	4289822
AL	NC_063215.1	56100001	56200000	0.0004869410456494	80681	1723258	3538945865	3996264
AL	NC_063215.1	56200001	56300000	0.0002948756958136	84324	1089636	3695238419	4188282
AL	NC_063215.1	56300001	56400000	0.0004111586330014	83278	1599601	3890471637	3340386
AL	NC_063215.1	56400001	56500000	0.0004738391198483	83606	1789442	3776475865	3780834
AL	NC_063215.1	56500001	56600000	4.851263360955429e-05	85356	186036	3834794901	3921174
AL	NC_063215.1	56600001	56700000	0.0003700707388419	82782	1381114	3732027029	3766746
AL	NC_063215.1	56700001	56800000	0.0008621759907601	84657	3317171	3847440703	3741660
AL	NC_063215.1	56800001	56900000	0.0006691003851232	82927	2473063	3696101594	3916122
AL	NC_063215.1	56900001	57000000	0.0006077588988282	82214	2301723	3787230437	3483026
AL	NC_063215.1	57000001	57100000	0.000671611766861	83090	2648436	3943403214	3131800
AL	NC_063215.1	57100001	57200000	0.0003048277570438	81750	1152781	3781745505	3404226
AL	NC_063215.1	57200001	57300000	0.0003173214911798	83394	1201384	3786015235	3703334
AL	NC_063215.1	57300001	57400000	0.0003915853404156	81981	1488848	3802103517	3374784
AL	NC_063215.1	57400001	57500000	0.0004702773345281	83145	1808448	3845492579	3455964
AL	NC_063215.1	57500001	57600000	0.000138545054602	82602	532121	3840779460	3367980
AL	NC_063215.1	57600001	57700000	2.6376392749534927e-05	52908	66290	2513232216	1989248
AL	NC_063215.1	57700001	57800000	0.0004750807921294	84824	1917572	4036307154	3162060
AL	NC_063215.1	57800001	57900000	0.0003155119285009	82849	1218337	3861460978	3347462
AL	NC_063215.1	57900001	58000000	0.000461680501231	83689	1761547	3815510933	3665680
AL	NC_063215.1	58000001	58100000	0.0004164217854485	84195	1620021	3890336809	3517652
AL	NC_063215.1	58100001	58200000	0.0003465289610715	84285	1345150	3881782336	3554818
AL	NC_063215.1	58200001	58300000	0.0003805399398702	84384	1582518	4158612104	2685472
AL	NC_063215.1	58300001	58400000	0.0004723417094028	77702	1780607	3769743312	2660484
AL	NC_063215.1	58400001	58500000	0.0003694493788996	84828	1475440	3993618840	3293608
AL	NC_063215.1	58500001	58600000	0.0002948584920895	81641	1141939	3872837414	3077478
AL	NC_063215.1	58600001	58700000	0.0004811811953234	86823	1945539	4043256509	3520004
AL	NC_063215.1	58700001	58800000	0.0002636328712462	81028	999088	3789694340	3240312
AL	NC_063215.1	58800001	58900000	0.0003392671180801	83638	1281744	3777978860	3783164
AL	NC_063215.1	58900001	59000000	0.0002661017879547	84274	1051138	3950135052	3336956
AL	NC_063215.1	59000001	59100000	0.0002215079983619	88855	948709	4282955952	3137470
AL	NC_063215.1	59100001	59200000	0.0004526221632245	84998	1879677	4152861156	2822452
AL	NC_063215.1	59200001	59300000	0.0002785039633853	85822	1172564	4210223746	2784224
AL	NC_063215.1	59300001	59400000	0.0004049716652665	86450	1676372	4139479731	3127990
AL	NC_063215.1	59400001	59500000	0.0002825073725254	84200	1160757	4108767108	2808056
AL	NC_063215.1	59500001	59600000	0.0002773572570072	81630	1078330	3887873754	3033680
AL	NC_063215.1	59600001	59700000	0.0002489412954754	85053	1005109	4037534223	3197348
AL	NC_063215.1	59700001	59800000	0.0001238292109995	86621	513076	4143416532	3153074
AL	NC_063215.1	59800001	59900000	0.0001131767545574	83868	437027	3861455488	3546224
AL	NC_063215.1	59900001	60000000	0.0001703923853526	82109	664139	3897703519	3090820
AL	NC_063215.1	60000001	60100000	3.174298483040045e-07	84130	1236	3893773716	3485892
AL	NC_063215.1	60100001	60200000	1.1892835927247287e-05	85148	50209	4221785309	2622702
AL	NC_063215.1	60200001	60300000	0.0	75163	0	3474889460	3137518
AL	NC_063215.1	60300001	60400000	4.448807067103973e-05	80969	164771	3703711973	3505520
AL	NC_063215.1	60400001	60500000	0.0002832718742891	83020	1054799	3723627708	3836896
AL	NC_063215.1	60500001	60600000	0.0001406084898309	83549	534706	3802800248	3677570
AL	NC_063215.1	60600001	60700000	0.000376928837522	85447	1401504	3718219092	4338302
AL	NC_063215.1	60700001	60800000	0.0005655517469999	82916	2098522	3710574693	3865926
AL	NC_063215.1	60800001	60900000	0.000702331699408	82540	2615991	3724722951	3748130
AL	NC_063215.1	60900001	61000000	0.0004098092679069	82268	1524816	3720794329	3708862
AL	NC_063215.1	61000001	61100000	0.0005480223029664	80985	2008762	3665474907	3637308
AL	NC_063215.1	61100001	61200000	0.0001404023504279	81911	505178	3598073668	4042998
AL	NC_063215.1	61200001	61300000	0.00056991908596	79443	1979130	3472650853	3979212
AL	NC_063215.1	61300001	61400000	0.0004582476320636	81525	1705505	3721797737	3557208
AL	NC_063215.1	61400001	61500000	0.0002941512666101	82442	1130393	3842896932	3330332
AL	NC_063215.1	61500001	61600000	0.0002697284205138	84495	1079945	4003823542	3197794
AL	NC_063215.1	61600001	61700000	0.0004760186795317	78053	1764536	3706862936	2931370
AL	NC_063215.1	61700001	61800000	0.0006886058552783	83626	2617156	3800658940	3707948
AL	NC_063215.1	61800001	61900000	0.0002852133770871	85031	1166722	4090698732	3021214
AL	NC_063215.1	61900001	62000000	0.0005000647891693	84209	1933745	3866988922	3587886
AL	NC_063215.1	62000001	62100000	0.0005217524614857	85353	2040744	3911326061	3673936
AL	NC_063215.1	62100001	62200000	0.0004130103068861	82601	1534124	3714493257	3783232
AL	NC_063215.1	62200001	62300000	0.0003129814560096	85053	1250568	3995661647	3331452
AL	NC_063215.1	62300001	62400000	0.0003957563174006	83219	1542931	3898689502	3296418
AL	NC_063215.1	62400001	62500000	0.000504406482392	85635	2065179	4094275296	3121726
AL	NC_063215.1	62500001	62600000	0.0002506765138478	82502	987510	3939379820	3030356
AL	NC_063215.1	62600001	62700000	0.0004914116767451	83616	1937609	3942944565	3233438
AL	NC_063215.1	62700001	62800000	0.000506001399468	83156	2031631	4015069923	2907098
AL	NC_063215.1	62800001	62900000	0.0003854668408221	84861	1545719	4009992135	3250884
AL	NC_063215.1	62900001	63000000	0.00049102923026	82747	1926944	3924295910	3129266
AL	NC_063215.1	63000001	63100000	0.0005094662430027	83736	1878337	3686872341	4098150
AL	NC_063215.1	63100001	63200000	0.0006934538609132	82057	2665160	3843312656	3257970
AL	NC_063215.1	63200001	63300000	0.0004945988411306	85019	1951820	3946268850	3486946
AL	NC_063215.1	63300001	63400000	0.0004069703177754	80519	1514355	3721045329	3364004
AL	NC_063215.1	63400001	63500000	0.0006334533602093	85034	2554617	4032841501	3214218
AL	NC_063215.1	63500001	63600000	0.0004824538127731	85026	1904323	3947161261	3490914
AL	NC_063215.1	63600001	63700000	0.0006572841517957	86615	2862814	4355519591	2476880
AL	NC_063215.1	63700001	63800000	0.0004454247009691	83688	1804991	4052292107	2894610
AL	NC_063215.1	63800001	63900000	0.0003365237213225	85772	1382360	4107763918	3108284
AL	NC_063215.1	63900001	64000000	0.0006865492507346	82288	2744486	3997507822	2803628
AL	NC_063215.1	64000001	64100000	0.0002441625576234	86003	981129	4018343392	3439662
AL	NC_063215.1	64100001	64200000	0.0002573505352369	84780	1032972	4013871582	3229716
AL	NC_063215.1	64200001	64300000	0.0002127671339306	87132	907213	4263877523	2866962
AL	NC_063215.1	64300001	64400000	0.0004046850145455	84201	1604980	3965998103	3268116
AL	NC_063215.1	64400001	64500000	0.0004067481673884	84417	1544722	3797735611	3865572
AL	NC_063215.1	64500001	64600000	0.0003487882082314	81702	1289855	3698103805	3681434
AL	NC_063215.1	64600001	64700000	0.0007485743019342	80487	2629684	3512923157	4048604
AL	NC_063215.1	64700001	64800000	0.0005056007878828	77876	1755017	3471151632	3680096
AL	NC_063215.1	64800001	64900000	0.0004413270155432	79150	1489440	3374912361	4255066
AL	NC_063215.1	64900001	65000000	0.0001230523862145	77557	416658	3386021294	3900998
AL	NC_063215.1	65000001	65100000	0.0004754786536842	82893	1723002	3623721037	4147912
AL	NC_063215.1	65100001	65200000	0.0004311587850142	83339	1593506	3695868101	3991660
AL	NC_063215.1	65200001	65300000	0.0004393372318747	84828	1656679	3770859558	4035516
AL	NC_063215.1	65300001	65400000	0.0002665536730265	84618	1014260	3805087315	3874230
AL	NC_063215.1	65400001	65500000	0.0006742580196975	84739	2614767	3877991694	3663594
AL	NC_063215.1	65500001	65600000	0.0005354520069021	83273	2171089	4054684588	2801754
AL	NC_063215.1	65600001	65700000	0.0003311237970769	85256	1279827	3865101244	3814424
AL	NC_063215.1	65700001	65800000	0.0003558690324608	84696	1450852	4076926812	3005472
AL	NC_063215.1	65800001	65900000	0.0005298035343171	85190	2197891	4148501959	2866150
AL	NC_063215.1	65900001	66000000	0.0005593941519486	84363	2278563	4073269254	2952394
AL	NC_063215.1	66000001	66100000	0.0004794576535199	84651	1932192	4029953398	3148194
AL	NC_063215.1	66100001	66200000	0.0003111637368874	85156	1294195	4159208952	2824592
AL	NC_063215.1	66200001	66300000	0.0004832176708802	81683	1956572	4049048944	2525046
AL	NC_063215.1	66300001	66400000	0.0005709389581103	84626	2404889	4212164831	2556446
AL	NC_063215.1	66400001	66500000	0.0004753701174531	84043	1885901	3967226653	3230924
AL	NC_063215.1	66500001	66600000	0.0006141987531618	82121	2337473	3805727361	3396560
AL	NC_063215.1	66600001	66700000	0.0006396209882928	83865	2489291	3891821947	3448844
AL	NC_063215.1	66700001	66800000	0.0004225720788623	84875	1650642	3906178573	3591476
AL	NC_063215.1	66800001	66900000	0.0003743883261938	84844	1475640	3941469049	3473966
AL	NC_063215.1	66900001	67000000	0.0005414531004645	83371	2073594	3829683491	3553504
AL	NC_063215.1	67000001	67100000	0.0005740151506385	85529	2190052	3815320898	4023590
AL	NC_063215.1	67100001	67200000	0.0007862938152709	84709	2983853	3794832087	3938276
AL	NC_063215.1	67200001	67300000	0.0008424367112628	84312	3400368	4036348315	3060066
AL	NC_063215.1	67300001	67400000	0.0004366202033786	82831	1677076	3841040765	3410404
AL	NC_063215.1	67400001	67500000	0.0001945272462543	83288	729237	3748765348	3806936
AL	NC_063215.1	67500001	67600000	0.0005744379329055	82194	2079834	3620641815	4018854
AL	NC_063215.1	67600001	67700000	0.0005216740188113	83390	1971380	3778949936	3723924
AL	NC_063215.1	67700001	67800000	0.0006995090452191	81061	2608891	3729602952	3440034
AL	NC_063215.1	67800001	67900000	0.0004843781787392	77567	1770703	3655620913	3009772
AL	NC_063215.1	67900001	68000000	0.0004812934793383	81603	1831173	3804691064	3304726
AL	NC_063215.1	68000001	68100000	0.0004434913575312	82173	1663432	3750765312	3590474
AL	NC_063215.1	68100001	68200000	0.0007794640059386	81023	2972920	3814056810	3155338
AL	NC_063215.1	68200001	68300000	0.0007252285830303	82168	2738000	3775361402	3504956
AL	NC_063215.1	68300001	68400000	0.0004788587538144	81651	1721726	3595477761	4014308
AL	NC_063215.1	68400001	68500000	0.0003435372666503	83225	1314264	3825681018	3538030
AL	NC_063215.1	68500001	68600000	0.0002714340751968	81753	964837	3554590555	4169404
AL	NC_063215.1	68600001	68700000	0.0004424277921086	82955	1672281	3779782893	3640060
AL	NC_063215.1	68700001	68800000	0.0003487540246435	83589	1289511	3697479911	4032764
AL	NC_063215.1	68800001	68900000	0.0005263175459225	82961	1946770	3698850656	3910474
AL	NC_063215.1	68900001	69000000	0.0005029821677342	82138	1890213	3758011956	3551148
AL	NC_063215.1	69000001	69100000	2.750667146503357e-05	85102	111874	4067158767	3111358
AL	NC_063215.1	69100001	69200000	0.0003494886100111	84802	1425756	4079549259	3017398
AL	NC_063215.1	69200001	69300000	0.0004500950623716	81532	1732457	3849091325	3135950
AL	NC_063215.1	69300001	69400000	0.000235779680586	79260	890863	3778370544	2936264
AL	NC_063215.1	69400001	69500000	0.0001130992769768	84763	443185	3918548481	3528516
AL	NC_063215.1	69500001	69600000	0.0001180372053743	83821	479695	4063930508	2883514
AL	NC_063215.1	69600001	69700000	8.709647650060339e-05	83541	320413	3678828500	4092810
AL	NC_063215.1	69700001	69800000	0.000250150122334	85117	983599	3932034855	3559116
AL	NC_063215.1	69800001	69900000	0.0002437057781855	79998	859999	3528841238	3900320
AL	NC_063215.1	69900001	70000000	0.0004083948718502	81141	1461136	3577753054	3961806
AL	NC_063215.1	70000001	70100000	0.0003744286900927	84306	1462560	3906110933	3487874
AL	NC_063215.1	70100001	70200000	0.000431166720464	81659	1525594	3538292562	4200538
AL	NC_063215.1	70200001	70300000	0.0007698199220929	81941	2759705	3584870852	4093594
AL	NC_063215.1	70300001	70400000	0.0004850271789697	81601	1757223	3622937180	3899602
AL	NC_063215.1	70400001	70500000	0.0004037208126573	81458	1465673	3630412290	3842024
AL	NC_063215.1	70500001	70600000	0.0004392355506579	79901	1588536	3616592504	3591666
AL	NC_063215.1	70600001	70700000	0.0004632717633811	80711	1694688	3658086104	3608878
AL	NC_063215.1	70700001	70800000	0.0004375207333935	79478	1537061	3513115797	3852410
AL	NC_063215.1	70800001	70900000	0.0004439604581874	82146	1596753	3596610848	4095732
AL	NC_063215.1	70900001	71000000	0.0003417722811377	70400	1064159	3113649230	3410804
AL	NC_063215.1	71000001	71100000	NA	0	NA	NA	NA
AL	NC_063215.1	71100001	71200000	0.0	28	0	1286542	1204
AL	NC_063215.1	71200001	71300000	0.0	13	0	620491	484
AL	NC_063215.1	71300001	71400000	0.0	116	0	5249208	5264
AL	NC_063215.1	71400001	71500000	0.0	54	0	2484381	2346
AL	NC_063215.1	71500001	71600000	0.0	84	0	4101188	2832
AL	NC_063215.1	71600001	71700000	0.0004041695695277	44970	832455	2059667681	1937690
AL	NC_063215.1	71700001	71800000	0.0004615724756638	75403	1584271	3432334213	3325804
AL	NC_063215.1	71800001	71900000	0.0005965478835705	79821	1999897	3352450080	4462290
AL	NC_063215.1	71900001	72000000	0.0006096025707459	81291	2113538	3467075274	4363290
AL	NC_063215.1	72000001	72100000	0.0007618262538167	80039	2674273	3510345025	3969276
AL	NC_063215.1	72100001	72200000	0.0006073662864551	83455	2277710	3750142296	3837990
AL	NC_063215.1	72200001	72300000	0.0006099043081353	83704	2378976	3900572546	3385636
AL	NC_063215.1	72300001	72400000	0.0005721775081309	84905	2236783	3909246638	3591158
AL	NC_063215.1	72400001	72500000	0.0003213666399903	84885	1283453	3993734384	3314106
AL	NC_063215.1	72500001	72600000	0.0003074905850014	79423	1155952	3759308598	3025834
AL	NC_063215.1	72600001	72700000	0.0004136149470407	86065	1625733	3930547026	3749134
AL	NC_063215.1	72700001	72800000	0.0006261531209531	82912	2426023	3874488394	3325852
AL	NC_063215.1	72800001	72900000	0.0005188492597406	83491	1944551	3747814926	3854330
AL	NC_063215.1	72900001	73000000	0.0002046368151446	84515	880731	4303873667	2245728
AL	NC_063215.1	73000001	73100000	0.0001627084494196	87567	740241	4549493297	2040972
AL	NC_063215.1	73100001	73200000	0.0004853733028444	82392	1945000	4007224931	2795162
AL	NC_063215.1	73200001	73300000	0.0004498199228022	87201	1928549	4287380132	2805162
AL	NC_063215.1	73300001	73400000	0.0004681596543391	84167	1829469	3907788685	3450604
AL	NC_063215.1	73400001	73500000	0.0004832996685656	86088	1967249	4070453857	3289382
AL	NC_063215.1	73500001	73600000	0.0004630368790996	83105	1820404	3931444950	3177598
AL	NC_063215.1	73600001	73700000	0.0003635425187603	83305	1416256	3895709379	3325956
AL	NC_063215.1	73700001	73800000	0.0001822849677592	84331	718791	3943226964	3364998
AL	NC_063215.1	73800001	73900000	0.0002689878509064	85256	1073016	3989087226	3394508
AL	NC_063215.1	73900001	74000000	0.0001770248563069	82164	648365	3662564758	3883588
AL	NC_063215.1	74000001	74100000	1.9055828207889185e-05	86459	76642	4021971607	3522784
AL	NC_063215.1	74100001	74200000	0.0003051568962339	86136	1260011	4129059561	3102366
AL	NC_063215.1	74200001	74300000	8.936929365005515e-06	78032	33019	3694669461	2961758
AL	NC_063215.1	74300001	74400000	0.0001721975208576	82952	655629	3807424153	3544278
AL	NC_063215.1	74400001	74500000	0.0003694075360803	83988	1512100	4093311187	2815066
AL	NC_063215.1	74500001	74600000	0.000297663253702	83835	1241143	4169621156	2549814
AL	NC_063215.1	74600001	74700000	0.000462702867153	87085	2022834	4371777535	2505092
AL	NC_063215.1	74700001	74800000	0.0003899583624578	85878	1652093	4236588208	2707764
AL	NC_063215.1	74800001	74900000	0.0003788265338832	85144	1565555	4132643466	2921092
AL	NC_063215.1	74900001	75000000	0.0001787357120128	85137	749137	4191311247	2720284
AL	NC_063215.1	75000001	75100000	0.0004192332358737	84784	1682483	4013238589	3225846
AL	NC_063215.1	75100001	75200000	0.0002984013396888	78275	1097002	3676263656	3077974
AL	NC_063215.1	75200001	75300000	0.0004609802439603	84036	1844233	4000676871	3122066
AL	NC_063215.1	75300001	75400000	0.0003733850653004	84900	1555345	4165525471	2762778
AL	NC_063215.1	75400001	75500000	0.000393834782368	83957	1511337	3837489901	3650376
AL	NC_063215.1	75500001	75600000	0.0003691977569167	83667	1513875	4100444739	2731656
AL	NC_063215.1	75600001	75700000	0.0003921103152014	84462	1595857	4069918434	2983056
AL	NC_063215.1	75700001	75800000	0.0003309949773191	83823	1366418	4128213700	2681334
AL	NC_063215.1	75800001	75900000	0.0004557573419794	85632	1960381	4301370092	2458736
AL	NC_063215.1	75900001	76000000	0.000786887525123	85545	3234427	4110405740	3053722
AL	NC_063215.1	76000001	76100000	0.0007020273374677	82015	2705117	3853292964	3235470
AL	NC_063215.1	76100001	76200000	0.0008290789914898	81933	3031983	3657049607	3851988
AL	NC_063215.1	76200001	76300000	0.0007396170319077	83234	2826388	3821420922	3556296
AL	NC_063215.1	76300001	76400000	0.0004212748440545	81611	1523259	3615831853	3922084
AL	NC_063215.1	76400001	76500000	0.00080171637926	81433	2929874	3654501861	3756888
AL	NC_063215.1	76500001	76600000	0.0003002277629983	82405	1114155	3711032547	3757836
AL	NC_063215.1	76600001	76700000	0.0004064382117771	85329	1571849	3867375051	3811692
AL	NC_063215.1	76700001	76800000	0.0006727467391193	81878	2597361	3860830308	3169108
AL	NC_063215.1	76800001	76900000	0.0006972076518442	86713	2850772	4088842101	3346016
AL	NC_063215.1	76900001	77000000	0.0007119830907043	87058	3098186	4351488175	2570358
AL	NC_063215.1	77000001	77100000	0.0006241305640862	83611	2448045	3922328341	3307756
AL	NC_063215.1	77100001	77200000	0.000618737047718	84208	2332268	3769400925	3920166
AL	NC_063215.1	77200001	77300000	0.0006545848386368	87048	2754415	4207880839	3023938
AL	NC_063215.1	77300001	77400000	0.0007704125558844	84956	3111107	4038235068	3170936
AL	NC_063215.1	77400001	77500000	0.000830950411399	78796	3016792	3630531929	3327966
AL	NC_063215.1	77500001	77600000	0.000573732881684	83570	2250743	3922980662	3292560
AL	NC_063215.1	77600001	77700000	0.0006060434314456	83561	2336887	3855972821	3501968
AL	NC_063215.1	77700001	77800000	0.0003874796145641	81985	1489569	3844251269	3237392
AL	NC_063215.1	77800001	77900000	0.0005414867759347	84730	2152162	3974542123	3341830
AL	NC_063215.1	77900001	78000000	0.0004306837775195	83265	1754924	4074739035	2743396
AL	NC_063215.1	78000001	78100000	0.0005837803887197	81664	2262379	3875393973	3077310
AL	NC_063215.1	78100001	78200000	0.0002513208684172	81859	972694	3870327228	3130734
AL	NC_063215.1	78200001	78300000	0.0001769492386794	82463	663705	3750821450	3639218
AL	NC_063215.1	78300001	78400000	0.000638337360062	79731	2245469	3517683815	3881560
AL	NC_063215.1	78400001	78500000	0.0002236984912907	81750	828419	3703283805	3653810
AL	NC_063215.1	78500001	78600000	0.0005012025653691	83007	1854739	3700577627	3905616
AL	NC_063215.1	78600001	78700000	0.0006705734444877	80127	2461955	3671417382	3447474
AL	NC_063215.1	78700001	78800000	0.0006169906688738	81917	2306281	3737951182	3572918
AL	NC_063215.1	78800001	78900000	0.0007494570055514	82852	2950719	3937142462	3101924
AL	NC_063215.1	78900001	79000000	0.0007121844043362	79663	2705773	3799258989	2936124
AL	NC_063215.1	79000001	79100000	0.0004255724147244	83141	1678969	3945201667	3126484
AL	NC_063215.1	79100001	79200000	0.0005782861988556	84811	2323204	4017394855	3218512
AL	NC_063215.1	79200001	79300000	0.0002486978861822	82423	893960	3594562116	4151390
AL	NC_063215.1	79300001	79400000	0.0003963439509313	76446	1415617	3571688168	3075260
AL	NC_063215.1	79400001	79500000	0.0003839017847107	81479	1299071	3383862883	4688288
AL	NC_063215.1	79500001	79600000	0.000422101209356	79437	1440060	3411646231	4200260
AL	NC_063215.1	79600001	79700000	0.000691850896954	82037	2423629	3503108850	4394606
AL	NC_063215.1	79700001	79800000	0.0006128627838902	80281	2163085	3529476837	3954976
AL	NC_063215.1	79800001	79900000	0.0005725512469382	81427	2030177	3545843295	4121008
AL	NC_063215.1	79900001	80000000	0.0004985469539419	80767	1766359	3543014326	4005250
AL	NC_063215.1	80000001	80100000	0.000276511338238	82496	985666	3564649487	4271370
AL	NC_063215.1	80100001	80200000	0.0002668164610438	80767	943288	3535344095	4027248
AL	NC_063215.1	80200001	80300000	0.0001991311894346	84145	746558	3749076185	3972792
AL	NC_063215.1	80300001	80400000	0.0002998488415946	83604	1189472	3966905437	3147654
AL	NC_063215.1	80400001	80500000	0.0001092155336836	82629	416298	3811710532	3474938
AL	NC_063215.1	80500001	80600000	0.000169345595569	87806	745846	4404283427	2548318
AL	NC_063215.1	80600001	80700000	0.0002107367365981	86513	949304	4504691566	1987486
AL	NC_063215.1	80700001	80800000	0.0001738648118238	84615	705147	4055720031	3056664
AL	NC_063215.1	80800001	80900000	0.0003926808043368	86369	1547868	3941796958	3759886
AL	NC_063215.1	80900001	81000000	0.0004659344031952	83262	1727992	3708659391	3932870
AL	NC_063215.1	81000001	81100000	0.0004410310347847	85053	1750004	3967983797	3429512
AL	NC_063215.1	81100001	81200000	0.0006369845152422	76048	2117608	3324426182	3812500
AL	NC_063215.1	81200001	81300000	0.0006947268360407	81280	2613994	3762621313	3371446
AL	NC_063215.1	81300001	81400000	0.0002876333117408	84307	1080628	3756964009	3977692
AL	NC_063215.1	81400001	81500000	0.0004615596152788	77314	1656440	3588788848	3177060
AL	NC_063215.1	81500001	81600000	0.0002770090977952	84751	1091749	3941202685	3454308
AL	NC_063215.1	81600001	81700000	0.0003311130899991	80900	1280556	3867427893	2959782
AL	NC_063215.1	81700001	81800000	0.0003436774161622	81865	1334278	3882355771	3094812
AL	NC_063215.1	81800001	81900000	0.000261315699451	82776	988639	3783312683	3594610
AL	NC_063215.1	81900001	82000000	0.0005146797111303	87324	2159711	4196223308	3120664
AL	NC_063215.1	82000001	82100000	0.0006127551270921	83160	2359274	3850272149	3449774
AL	NC_063215.1	82100001	82200000	0.0004905617031349	81937	1818804	3707594760	3682666
AL	NC_063215.1	82200001	82300000	0.0005792191725633	82793	2177140	3758749888	3681898
AL	NC_063215.1	82300001	82400000	0.0006094971306327	80360	2300847	3774992341	3155718
AL	NC_063215.1	82400001	82500000	0.000339557378424	84224	1306902	3848839940	3657032
AL	NC_063215.1	82500001	82600000	0.0003408537791112	79685	1250180	3667789758	3370606
AL	NC_063215.1	82600001	82700000	0.0005312418981152	80917	1942973	3657416719	3645300
AL	NC_063215.1	82700001	82800000	0.0004672320894645	75446	1617912	3462758737	3229218
AL	NC_063215.1	82800001	82900000	0.0006392829829454	83524	2414967	3777618151	3755778
AL	NC_063215.1	82900001	83000000	0.0005237772735861	80704	1925808	3676768919	3544162
AL	NC_063215.1	83000001	83100000	0.00060146224449	84127	2281409	3793104257	3820348
AL	NC_063215.1	83100001	83200000	0.0006681123566244	82038	2496018	3735925515	3604070
AL	NC_063215.1	83200001	83300000	0.0011042490488663	85470	4248686	3847579497	3899194
AL	NC_063215.1	83300001	83400000	0.0007196171635466	82405	2798897	3889425019	3172244
AL	NC_063215.1	83400001	83500000	0.0004158110671745	83702	1615989	3886353990	3440048
AL	NC_063215.1	83500001	83600000	0.0006037638414498	82406	2397185	3970401729	2917970
AL	NC_063215.1	83600001	83700000	0.0007100813563665	75750	2608351	3673312891	2607238
AL	NC_063215.1	83700001	83800000	0.0005842585800168	78894	2143328	3668457894	3223456
AL	NC_063215.1	83800001	83900000	0.0008476885233566	82223	3144092	3709018010	3731858
AL	NC_063215.1	83900001	84000000	0.0005610323687268	80976	2074496	3697640485	3525078
AL	NC_063215.1	84000001	84100000	0.000732225988735	80988	2717377	3711117936	3485344
AL	NC_063215.1	84100001	84200000	0.0007783228437755	84334	2927488	3761277243	3967702
AL	NC_063215.1	84200001	84300000	0.0004879525376786	86530	2029716	4159658662	3083752
AL	NC_063215.1	84300001	84400000	0.0008838482589304	76330	3138587	3551047330	3105208
AL	NC_063215.1	84400001	84500000	0.0005995864124774	85364	2344765	3910637318	3668548
AL	NC_063215.1	84500001	84600000	0.0005207391639542	79263	2002867	3846200053	2714380
AL	NC_063215.1	84600001	84700000	0.0005617583455256	82010	2243727	3994114227	2764526
AL	NC_063215.1	84700001	84800000	0.0006205459492457	85045	2636488	4248658787	2532684
AL	NC_063215.1	84800001	84900000	0.0004335197691278	83749	1807485	4169325435	2530524
AL	NC_063215.1	84900001	85000000	0.0004999765219095	82832	1854706	3709586188	3851168
AL	NC_063215.1	85000001	85100000	0.0004067915792302	82778	1547766	3804813273	3528314
AL	NC_063215.1	85100001	85200000	0.0005849349324474	82026	2151174	3677629563	3806798
AL	NC_063215.1	85200001	85300000	0.0008439300606304	79613	3031047	3591585537	3622416
AL	NC_063215.1	85300001	85400000	0.0007012401964013	83872	2537702	3618876974	4358908
AL	NC_063215.1	85400001	85500000	0.0005261665323241	80434	1941577	3690042754	3450992
AL	NC_063215.1	85500001	85600000	0.0007074732175417	83908	2705361	3823976559	3679690
AL	NC_063215.1	85600001	85700000	0.0006084713996383	86379	2537194	4169783496	3021070
AL	NC_063215.1	85700001	85800000	0.0006997092918278	87059	3109852	4444491500	2276534
AL	NC_063215.1	85800001	85900000	0.0007406617834517	86749	3280353	4428948642	2266550
AL	NC_063215.1	85900001	86000000	0.000621898002499	88447	2708842	4355765719	2811424
AL	NC_063215.1	86000001	86100000	0.000533367719263	89160	2384939	4471472333	2577958
AL	NC_063215.1	86100001	86200000	0.0006132652464907	85781	2777136	4528441838	1776918
AL	NC_063215.1	86200001	86300000	0.0006446052441457	83516	2839625	4405215480	1742296
AL	NC_063215.1	86300001	86400000	0.0005681820689318	86045	2607107	4588506295	1637548
AL	NC_063215.1	86400001	86500000	0.0005475653250715	87199	2367320	4323356304	2681886
AL	NC_063215.1	86500001	86600000	0.0006062693848524	85816	2653629	4376980046	2251436
AL	NC_063215.1	86600001	86700000	0.0005138511117095	86388	2259472	4397133622	2294284
AL	NC_063215.1	86700001	86800000	0.000600149429338	86215	2579327	4297807969	2576684
AL	NC_063215.1	86800001	86900000	0.0005586748091675	84738	2235307	4001087866	3260256
AL	NC_063215.1	86900001	87000000	0.0005855849631248	83244	2178872	3720846909	3885958
AL	NC_063215.1	87000001	87100000	0.0004696877642163	84288	1825809	3887282444	3544008
AL	NC_063215.1	87100001	87200000	0.0005080375853157	79779	1806291	3555427890	3778154
AL	NC_063215.1	87200001	87300000	0.0007722422362603	78793	2590888	3355019809	4248696
AL	NC_063215.1	87300001	87400000	0.0004131779838112	84440	1657443	4011450428	3165568
AL	NC_063215.1	87400001	87500000	0.0004544448984082	85016	1801319	3963778681	3425702
AL	NC_063215.1	87500001	87600000	0.0005589855434595	87887	2310593	4133546971	3424000
AL	NC_063215.1	87600001	87700000	0.0004883082561328	83581	1801764	3689808594	4061262
AL	NC_063215.1	87700001	87800000	0.0003362301156484	80564	1180190	3510066306	4081004
AL	NC_063215.1	87800001	87900000	0.0004821261407312	86345	1945626	4035512360	3446786
AL	NC_063215.1	87900001	88000000	0.0004074636016291	85303	1631795	4004762618	3346234
AL	NC_063215.1	88000001	88100000	0.0004801217806857	83403	1885393	3926905789	3245420
AL	NC_063215.1	88100001	88200000	0.0005167730896761	86150	2003610	3877156222	3932888
AL	NC_063215.1	88200001	88300000	0.0007618739076142	81761	2822477	3704651087	3650132
AL	NC_063215.1	88300001	88400000	0.0004567165170537	82614	1744510	3819677929	3439058
AL	NC_063215.1	88400001	88500000	0.0006264996700829	83010	2409870	3846562281	3424266
AL	NC_063215.1	88500001	88600000	0.0006087652963721	75238	2131051	3500611833	3057514
AL	NC_063215.1	88600001	88700000	0.0003137419197084	81959	1179261	3758697598	3511426
AL	NC_063215.1	88700001	88800000	0.0001960475438525	82592	756999	3861303157	3295422
AL	NC_063215.1	88800001	88900000	0.0008572935344696	566	22365	26087914	24128
AL	NC_063215.1	88900001	89000000	0.0	125	0	5045510	7758
AL	NC_063215.1	89000001	89100000	0.0019328577056068	229	19872	10281150	10622
AL	NC_063215.1	89100001	89200000	0.0	26	0	987352	1820
AL	NC_063215.1	89200001	89300000	0.0	18	0	670817	1306
AL	NC_063215.1	89300001	89400000	0.0009041702726523	11162	497818	550579924	353396
AL	NC_063215.1	89400001	89500000	0.0004926447120922	82947	1961651	3981877714	2969826
AL	NC_063215.1	89500001	89600000	0.000349667104226	83417	1423272	4070362876	2776826
AL	NC_063215.1	89600001	89700000	0.0004996185866529	84886	2146667	4296611570	2334664
AL	NC_063215.1	89700001	89800000	0.0002789841077028	86540	1195696	4285892877	2690446
AL	NC_063215.1	89800001	89900000	0.0005699056486042	83070	2118422	3717145119	3867702
AL	NC_063215.1	89900001	90000000	0.0004598134519912	83649	1705808	3709782723	4006204
AL	NC_063215.1	90000001	90100000	0.000372970652348	86988	1621942	4348712130	2573764
AL	NC_063215.1	90100001	90200000	0.0005465713194339	85175	2220468	4062540278	3138298
AL	NC_063215.1	90200001	90300000	0.0006399345224083	87294	2675339	4180644904	3167316
AL	NC_063215.1	90300001	90400000	0.0004378430546811	86897	1852676	4231370077	2922720
AL	NC_063215.1	90400001	90500000	0.0005105939511972	86597	2117998	4148106328	3130922
AL	NC_063215.1	90500001	90600000	0.0005129119718096	84947	2079389	4054085524	3117494
AL	NC_063215.1	90600001	90700000	0.0005651682480294	84412	2264867	4007420813	3178238
AL	NC_063215.1	90700001	90800000	0.0003567055344875	86341	1475965	4137768712	3127890
AL	NC_063215.1	90800001	90900000	0.0004268420978396	85962	1767802	4141583056	3031988
AL	NC_063215.1	90900001	91000000	0.0003051581361969	83439	1193723	3911817705	3298796
AL	NC_063215.1	91000001	91100000	0.0001136609062255	82540	426906	3755961607	3636810
AL	NC_063215.1	91100001	91200000	0.0004424728994027	82958	1678764	3794049313	3592402
AL	NC_063215.1	91200001	91300000	0.0001084950844188	84454	424616	3913688830	3490608
AL	NC_063215.1	91300001	91400000	0.0002218615339451	83394	824304	3715398453	3936282
AL	NC_063215.1	91400001	91500000	0.0001752758998928	85564	701408	4001736693	3409222
AL	NC_063215.1	91500001	91600000	0.0005671411128031	83269	2241838	3952875130	3135022
AL	NC_063215.1	91600001	91700000	0.0007217885438853	82430	2978618	4126718310	2425000
AL	NC_063215.1	91700001	91800000	0.0005724008166504	85434	2275877	3976019834	3476072
AL	NC_063215.1	91800001	91900000	0.0002820862615143	82320	1004332	3560371904	4248944
AL	NC_063215.1	91900001	92000000	0.0006038780500965	80323	2130871	3528644566	3961962
AL	NC_063215.1	92000001	92100000	0.0006794998371018	84142	2658328	3912183425	3435626
AL	NC_063215.1	92100001	92200000	0.0003729060608613	80958	1403730	3764299236	3309748
AL	NC_063215.1	92200001	92300000	0.0004034603235661	83686	1502728	3724599204	3975028
AL	NC_063215.1	92300001	92400000	0.0004478476487643	83541	1683735	3759615585	3830144
AL	NC_063215.1	92400001	92500000	0.0009636879376489	81442	3648594	3786074161	3328242
AL	NC_063215.1	92500001	92600000	0.0008018248316369	83588	3182183	3968676043	3142514
AL	NC_063215.1	92600001	92700000	0.0005815125571618	84458	2373266	4081194758	2940736
AL	NC_063215.1	92700001	92800000	0.0002292525021069	85874	910264	3970573894	3570496
AL	NC_063215.1	92800001	92900000	0.0002961085652315	85891	1193009	4028958092	3384462
AL	NC_063215.1	92900001	93000000	0.0004767579226067	82538	1817492	3812190451	3449174
AL	NC_063215.1	93000001	93100000	0.0008220703979657	85527	3285121	3996155327	3428104
AL	NC_063215.1	93100001	93200000	0.0005252088723279	85114	2050445	3904056287	3645750
AL	NC_063215.1	93200001	93300000	1.5889114950222043e-05	80936	57115	3594599207	3857546
AL	NC_063215.1	93300001	93400000	0.0006211389671232	83297	2311136	3720803431	3896964
AL	NC_063215.1	93400001	93500000	0.0005105731913913	79317	1857337	3637748772	3402914
AL	NC_063215.1	93500001	93600000	0.0007799041025832	84278	2963665	3800037710	3831648
AL	NC_063215.1	93600001	93700000	0.000223211236083	80421	814581	3649372739	3581004
AL	NC_063215.1	93700001	93800000	0.0005113052379827	83098	1967448	3847893301	3440586
AL	NC_063215.1	93800001	93900000	0.0005641051789446	78232	2089868	3704748827	2968514
AL	NC_063215.1	93900001	94000000	0.000664546403801	83356	2585619	3890802787	3350570
AL	NC_063215.1	94000001	94100000	0.0004684553592747	81742	1832698	3912214822	2975360
AL	NC_063215.1	94100001	94200000	0.0002855756184348	84345	1123354	3933648139	3399508
AL	NC_063215.1	94200001	94300000	0.0003830687249564	85431	1559322	4070606391	3167032
AL	NC_063215.1	94300001	94400000	0.0005577186336211	84267	2257582	4047886988	3014318
AL	NC_063215.1	94400001	94500000	0.0006176994816358	82694	2354955	3812460703	3475366
AL	NC_063215.1	94500001	94600000	0.0003964103440076	84615	1606066	4051523943	3072760
AL	NC_063215.1	94600001	94700000	0.0005157246149222	81679	1979700	3838676578	3211386
AL	NC_063215.1	94700001	94800000	0.0004465514539847	84116	1816816	4068547944	2915408
AL	NC_063215.1	94800001	94900000	0.0003746091711671	81327	1419956	3790499831	3295632
AL	NC_063215.1	94900001	95000000	0.0002908714832829	84127	1160730	3990525255	3185720
AL	NC_063215.1	95000001	95100000	0.0006774568184464	81974	2602416	3841449269	3244122
AL	NC_063215.1	95100001	95200000	0.0004667009084733	83770	1858601	3982424217	3128986
AL	NC_063215.1	95200001	95300000	0.000646377857427	84296	2559970	3960485296	3299016
AL	NC_063215.1	95300001	95400000	0.000421696656952	82786	1673627	3968793616	2995292
AL	NC_063215.1	95400001	95500000	0.0005074221476455	85838	2220043	4375140128	2265356
AL	NC_063215.1	95500001	95600000	0.0004936172424101	84283	2016363	4084871489	2901476
AL	NC_063215.1	95600001	95700000	0.0004971138032575	83180	1992766	4008671630	2934532
AL	NC_063215.1	95700001	95800000	0.0004367074662098	85567	1783908	4084903827	3144960
AL	NC_063215.1	95800001	95900000	0.0004191183391423	84137	1668946	3982040021	3208736
AL	NC_063215.1	95900001	96000000	0.0003315210165192	83615	1390092	4193073533	2432900
AL	NC_063215.1	96000001	96100000	0.0004046084210344	84413	1663166	4110557056	2843618
AL	NC_063215.1	96100001	96200000	0.0002713841557843	84607	1096468	4040280085	3103044
AL	NC_063215.1	96200001	96300000	0.000196532446897	86444	789795	4018649401	3521094
AL	NC_063215.1	96300001	96400000	0.0003820327402686	86260	1589331	4160195796	3027592
AL	NC_063215.1	96400001	96500000	2.0247198939361317e-05	84101	83657	4131781401	2718096
AL	NC_063215.1	96500001	96600000	0.0002273864989911	85202	931508	4096584468	3038748
AL	NC_063215.1	96600001	96700000	0.0003448727035125	84932	1389107	4027883291	3201426
AL	NC_063215.1	96700001	96800000	0.0005583945990999	83367	2130391	3815207030	3603290
AL	NC_063215.1	96800001	96900000	0.0002034543067173	83525	787099	3868677015	3458204
AL	NC_063215.1	96900001	97000000	0.0003599914329415	82593	1362640	3785201189	3547472
AL	NC_063215.1	97000001	97100000	0.0002651948732745	82710	1042350	3930505847	3101302
AL	NC_063215.1	97100001	97200000	0.0001147005449131	76916	404739	3528658040	3291408
AL	NC_063215.1	97200001	97300000	7.544934162171688e-05	81413	271687	3600919427	3934980
AL	NC_063215.1	97300001	97400000	0.000269292182156	79849	943590	3503963585	3952224
AL	NC_063215.1	97400001	97500000	0.0004325766626219	81470	1640592	3792604044	3315924
AL	NC_063215.1	97500001	97600000	0.0003422795335864	84751	1294774	3782797021	3976428
AL	NC_063215.1	97600001	97700000	0.0004373644746605	84136	1724908	3943868558	3329708
AL	NC_063215.1	97700001	97800000	0.000369267768413	84860	1495281	4049313609	3119894
AL	NC_063215.1	97800001	97900000	0.0004699140950971	84562	1911501	4067766896	3009764
AL	NC_063215.1	97900001	98000000	0.0003860363970134	84237	1513688	3921101771	3419756
AL	NC_063215.1	98000001	98100000	0.000532591585463	83402	1911731	3589487803	4363798
AL	NC_063215.1	98100001	98200000	0.0008038151646294	84012	2920371	3633137478	4346644
AL	NC_063215.1	98200001	98300000	0.0004143027984955	85777	1612525	3892141221	3817872
AL	NC_063215.1	98300001	98400000	0.0004071217014618	81910	1572353	3862120330	3169456
AL	NC_063215.1	98400001	98500000	0.0003740235126918	85669	1546591	4135010093	2997912
AL	NC_063215.1	98500001	98600000	0.0003064300768667	82215	1219926	3981090931	2838592
AL	NC_063215.1	98600001	98700000	0.0001653240632959	84489	656374	3970226638	3304622
AL	NC_063215.1	98700001	98800000	0.0002925750579394	82519	1113543	3806007962	3464818
AL	NC_063215.1	98800001	98900000	0.0002376363646721	83091	918393	3864698912	3382158
AL	NC_063215.1	98900001	99000000	0.0005418293196423	83205	2170339	4005576888	2949362
AL	NC_063215.1	99000001	99100000	0.0006510231549475	82947	2536229	3895758516	3262318
AL	NC_063215.1	99100001	99200000	0.0009561419337186	81165	3756368	3928671955	2821252
AL	NC_063215.1	99200001	99300000	0.0005176282526215	83749	2028238	3918329399	3338132
AL	NC_063215.1	99300001	99400000	0.0004833442623881	83852	2047639	4236398690	2336676
AL	NC_063215.1	99400001	99500000	0.0008157626126602	85715	3368612	4129402289	3022452
AL	NC_063215.1	99500001	99600000	0.000764593285138	82695	3131909	4096176439	2557384
AL	NC_063215.1	99600001	99700000	0.0007190747592985	86940	3167559	4405048236	2376888
AL	NC_063215.1	99700001	99800000	0.0006311209276362	83824	2581782	4090788131	2784042
AL	NC_063215.1	99800001	99900000	0.0004879458236023	82366	1934346	3964263872	2916644
AL	NC_063215.1	99900001	100000000	0.0004355464762477	83229	1805052	4144338431	2507572
AL	NC_063215.1	100000001	100100000	0.0004764635930757	83866	1912728	4014426344	3049540
AL	NC_063215.1	100100001	100200000	0.0007462230040258	78209	2836422	3801038007	2658468
AL	NC_063215.1	100200001	100300000	0.0007328171444722	83818	3029117	4133523653	2645946
AL	NC_063215.1	100300001	100400000	0.0008900984451599	84346	3696185	4152557529	2684618
AL	NC_063215.1	100400001	100500000	0.0008007283001703	84832	3553362	4437662562	1883796
AL	NC_063215.1	100500001	100600000	0.0007621277858698	85164	3328002	4366724402	2173596
AL	NC_063215.1	100600001	100700000	0.0008654996635965	83451	3613850	4175449341	2453444
AL	NC_063215.1	100700001	100800000	0.0008965756251176	83122	3448913	3846761950	3444240
AL	NC_063215.1	100800001	100900000	0.0006782041675363	80907	2555266	3767694335	3278808
AL	NC_063215.1	100900001	101000000	0.0006307343531632	81965	2408766	3818986532	3312586
AL	NC_063215.1	101000001	101100000	0.0007798943625491	81968	2983100	3825005210	3295468
AL	NC_063215.1	101100001	101200000	0.000954629416316	82624	3574656	3744548344	3686848
AL	NC_063215.1	101200001	101300000	0.0007594346085289	80417	2752299	3624142183	3657916
AL	NC_063215.1	101300001	101400000	0.0005780513937226	76103	1959319	3389523875	3601120
AL	NC_063215.1	101400001	101500000	0.0006854355608502	82218	2474563	3610205162	4059296
AL	NC_063215.1	101500001	101600000	0.0007094074368022	81083	2528927	3564844219	3999840
AL	NC_063215.1	101600001	101700000	0.000698370769424	82471	2525751	3616633328	4084974
AL	NC_063215.1	101700001	101800000	0.0008873461759257	82079	3176673	3579970350	4134202
AL	NC_063215.1	101800001	101900000	0.0009048101254644	82599	3292572	3638964582	4037746
AL	NC_063215.1	101900001	102000000	0.0006372111571872	81463	2373285	3724487516	3533150
AL	NC_063215.1	102000001	102100000	0.0007107949185293	84301	2723864	3832137694	3722526
AL	NC_063215.1	102100001	102200000	0.0007341261312802	83165	2892254	3939723539	3155404
AL	NC_063215.1	102200001	102300000	0.0007887155025319	83419	3134259	3973877767	3086680
AL	NC_063215.1	102300001	102400000	0.0009063233785151	84546	3587989	3958839731	3351206
AL	NC_063215.1	102400001	102500000	0.0008630783633371	81466	3344915	3875563497	3031978
AL	NC_063215.1	102500001	102600000	0.0009366078027419	86506	3922465	4187948241	2983866
AL	NC_063215.1	102600001	102700000	0.000676743933462	84294	2769121	4091829809	2882002
AL	NC_063215.1	102700001	102800000	0.0004972147722821	84443	2109233	4242096409	2431452
AL	NC_063215.1	102800001	102900000	0.0005504631208297	85359	2203272	4002578768	3372510
AL	NC_063215.1	102900001	103000000	0.0004873630176678	80792	1934084	3968466892	2606824
AL	NC_063215.1	103000001	103100000	0.0004607947124677	84658	1885881	4092670660	2944524
AL	NC_063215.1	103100001	103200000	0.0006942276912478	78419	2676267	3855027729	2527044
AL	NC_063215.1	103200001	103300000	0.0005241250107159	75693	1947855	3716393914	2451678
AL	NC_063215.1	103300001	103400000	0.000659361805753	85519	2628794	3986876366	3445946
AL	NC_063215.1	103400001	103500000	0.000839572232069	83695	3272975	3898384052	3384782
AL	NC_063215.1	103500001	103600000	0.0008167847288029	83437	3264467	3996728740	3017842
AL	NC_063215.1	103600001	103700000	0.0007935456127768	84382	3328226	4194120598	2565112
AL	NC_063215.1	103700001	103800000	0.0006736381822578	84510	2980980	4425194531	1862102
AL	NC_063215.1	103800001	103900000	0.0006792069684592	85425	2738331	4031659166	3299222
AL	NC_063215.1	103900001	104000000	0.0007670919792078	84665	3250114	4236928671	2487628
AL	NC_063215.1	104000001	104100000	0.000930704102972	86368	4084247	4388341028	2318704
AL	NC_063215.1	104100001	104200000	0.0006980927691063	85917	3117603	4465886395	1997012
AL	NC_063215.1	104200001	104300000	0.0005183202406812	87185	2230638	4303590377	2743632
AL	NC_063215.1	104300001	104400000	0.0006018179245917	84221	2380263	3955121479	3306500
AL	NC_063215.1	104400001	104500000	0.0005697639314285	84059	2150648	3774629950	3869218
AL	NC_063215.1	104500001	104600000	0.0007299152171701	85303	3030559	4151932894	2879570
AL	NC_063215.1	104600001	104700000	0.0005600145452531	86892	2490504	4447213061	2237798
AL	NC_063215.1	104700001	104800000	0.000749904736369	84373	3260749	4348217636	2080258
AL	NC_063215.1	104800001	104900000	0.0006241425180438	84283	2558722	4099579705	2853772
AL	NC_063215.1	104900001	105000000	0.0008561913936882	76505	3338725	3899507779	2024412
AL	NC_063215.1	105000001	105100000	0.0005955720366824	82431	2443385	4102585161	2496308
AL	NC_063215.1	105100001	105200000	0.000534206709431	85102	2151997	4028397551	3239246
AL	NC_063215.1	105200001	105300000	0.0002666781845302	84202	1074153	4027899777	3069882
AL	NC_063215.1	105300001	105400000	0.0002092945643318	81946	814347	3890913281	3079130
AL	NC_063215.1	105400001	105500000	0.000277624659997	84979	1111034	4001928359	3299288
AL	NC_063215.1	105500001	105600000	0.0003038000869919	83931	1230424	4050110756	2947662
AL	NC_063215.1	105600001	105700000	0.0001023634072572	84840	438013	4278999808	2380600
AL	NC_063215.1	105700001	105800000	0.0001979120815721	83882	805454	4069756599	2868774
AL	NC_063215.1	105800001	105900000	0.0001813376580725	7067	66338	365825834	170738
AL	NC_063215.1	105900001	106000000	0.0	1091	0	51401431	42880
AL	NC_063215.1	106000001	106100000	0.0	1477	0	75667887	38356
AL	NC_063215.1	106100001	106200000	0.0	1749	0	86719982	54686
AL	NC_063215.1	106200001	106300000	0.0	986	0	43376742	48888
AL	NC_063215.1	106300001	106400000	0.0	2024	0	92068696	90384
AL	NC_063215.1	106400001	106500000	0.0	4343	0	208318706	158794
AL	NC_063215.1	106500001	106600000	0.0	4998	0	239986814	181032
AL	NC_063215.1	106600001	106700000	0.0	2060	0	97154686	80796
AL	NC_063215.1	106700001	106800000	0.0	554	0	25623853	23330
AL	NC_063215.1	106800001	106900000	0.0	2606	0	127095909	88474
AL	NC_063215.1	106900001	107000000	0.0	910	0	41965102	38872
AL	NC_063215.1	107000001	107100000	0.0	782	0	38733876	24660
AL	NC_063215.1	107100001	107200000	0.0	1278	0	57396492	59308
AL	NC_063215.1	107200001	107300000	0.0	845	0	41521337	27944
AL	NC_063215.1	107300001	107400000	0.0001019775588889	4260	20503	201054038	166372
AL	NC_063215.1	107400001	107500000	0.0001657352085571	15933	133915	808005741	439568
AL	NC_063215.1	107500001	107600000	0.0001626849995399	86141	689812	4240169665	2748048
AL	NC_063215.1	107600001	107700000	0.0003220059124537	86646	1417899	4403332191	2328382
AL	NC_063215.1	107700001	107800000	0.0005693496186409	84496	2520361	4426736960	1857152
AL	NC_063215.1	107800001	107900000	0.0005304866278702	86412	2356809	4442730271	2161890
AL	NC_063215.1	107900001	108000000	0.0004154536601214	80304	1706454	4107447265	2078126
AL	NC_063215.1	108000001	108100000	0.0003105787417905	82112	1348773	4342773083	1682082
AL	NC_063215.1	108100001	108200000	0.0001644571951645	17310	140828	856320089	544906
AL	NC_063215.1	108200001	108300000	5.17965465699218e-05	10997	26835	518084733	432112
AL	NC_063215.1	108300001	108400000	0.0	2482	0	110281761	119114
AL	NC_063215.1	108400001	108500000	0.0	1260	0	55444772	62384
AL	NC_063215.1	108500001	108600000	8.250203792924628e-05	3877	14400	174541143	178732
AL	NC_063215.1	108600001	108700000	0.0	1932	0	85418988	94208
AL	NC_063215.1	108700001	108800000	6.181102064566296e-05	7837	22525	364417215	323012
AL	NC_063215.1	108800001	108900000	4.67261389454341e-05	8309	17789	380707681	360048
AL	NC_063215.1	108900001	109000000	4.215037199746413e-05	6955	13255	314469348	315654
AL	NC_063215.1	109000001	109100000	0.0001218260296365	9408	53124	436064445	392630
AL	NC_063215.1	109100001	109200000	0.0004128470195576	78330	1531867	3710495480	2977660
AL	NC_063215.1	109200001	109300000	0.0003688368648018	86572	1558626	4225786923	2886034
AL	NC_063215.1	109300001	109400000	0.0003013087300091	83925	1282733	4257204894	2291694
AL	NC_063215.1	109400001	109500000	0.0003212210264313	84605	1408805	4385780768	2006914
AL	NC_063215.1	109500001	109600000	0.000202906820336	81887	868580	4280684102	1824426
AL	NC_063215.1	109600001	109700000	0.0004287339957876	83783	1771516	4131969980	2644158
AL	NC_063215.1	109700001	109800000	0.000579632252852	82899	2391851	4126497427	2499888
AL	NC_063215.1	109800001	109900000	0.0005621697174036	83035	2234451	3974691149	3014868
AL	NC_063215.1	109900001	110000000	0.000146883784741	83455	615069	4187453374	2415786
AL	NC_063215.1	110000001	110100000	0.0003454857047635	81490	1432626	4146701239	2173814
AL	NC_063215.1	110100001	110200000	0.0003880998289955	84286	1626358	4190566134	2560112
AL	NC_063215.1	110200001	110300000	0.0004070779369588	84684	1616224	3970306060	3342168
AL	NC_063215.1	110300001	110400000	0.0004118552144161	81069	1629197	3955751786	2704318
AL	NC_063215.1	110400001	110500000	0.0001827923571623	83726	701065	3835308056	3606004
AL	NC_063215.1	110500001	110600000	0.000132922123662	83946	552125	4153747960	2618412
AL	NC_063215.1	110600001	110700000	0.0004493455493415	85003	1889441	4204873071	2655264
AL	NC_063215.1	110700001	110800000	0.0005081221763011	51355	1331037	2619521568	1347358
AL	NC_063215.1	110800001	110900000	0.0003509267380005	84782	1454274	4144095740	2809908
AL	NC_063215.1	110900001	111000000	4.8438886073493474e-05	84526	208560	4305631630	2240520
AL	NC_063215.1	111000001	111100000	0.0004117353567572	85335	1795610	4361077985	2217468
AL	NC_063215.1	111100001	111200000	0.0004983604694039	84030	2062339	4138247567	2679758
AL	NC_063215.1	111200001	111300000	0.0001091571191959	84801	450723	4129121429	2851248
AL	NC_063215.1	111300001	111400000	6.822511948949027e-05	85539	275561	4038996224	3284814
AL	NC_063215.1	111400001	111500000	0.0003531440222133	85812	1411299	3996383660	3470664
AL	NC_063215.1	111500001	111600000	0.0005842594905577	84092	2350499	4023039485	3056702
AL	NC_063215.1	111600001	111700000	0.0002939770262613	82296	1209198	4113239784	2433728
AL	NC_063215.1	111700001	111800000	0.000392267408869	83631	1608191	4099731366	2726170
AL	NC_063215.1	111800001	111900000	0.0002885453693725	83522	1139559	3949323472	3187636
AL	NC_063215.1	111900001	112000000	0.0003264542863284	82806	1245916	3816509852	3484276
AL	NC_063215.1	112000001	112100000	0.000265642972339	81271	997377	3754577022	3391322
AL	NC_063215.1	112100001	112200000	7.117293312845434e-05	83324	275055	3864601161	3425054
AL	NC_063215.1	112200001	112300000	0.0001280900084706	85342	503668	3932141203	3589670
AL	NC_063215.1	112300001	112400000	0.0004944003882213	76710	1810332	3661671882	2820192
AL	NC_063215.1	112400001	112500000	0.0003854526921732	78328	1427237	3702755303	3001026
AL	NC_063215.1	112500001	112600000	0.0004593728278336	79576	1699470	3699544024	3250096
AL	NC_063215.1	112600001	112700000	0.0004014397041806	74492	1472036	3666891901	2383406
AL	NC_063215.1	112700001	112800000	0.0004019384666582	68008	1323455	3292680621	2352862
AL	NC_063215.1	112800001	112900000	0.0004142697340697	80253	1571935	3794472226	3067830
AL	NC_063215.1	112900001	113000000	0.0006572244495986	69555	2248897	3421809705	2235324
AL	NC_063215.1	113000001	113100000	0.0003033124677489	70487	1069080	3524682015	2079256
AL	NC_063215.1	113100001	113200000	0.0002755968799262	16995	230896	837803389	546308
AL	NC_063215.1	113200001	113300000	0.0	14	0	591362	768
AL	NC_063215.1	113300001	113400000	NA	0	NA	NA	NA
AL	NC_063215.1	113400001	113500000	0.0006250019803611	24	789	1262396	536
AL	NC_063215.1	113500001	113600000	0.0001172430810982	5902	31171	265866435	272774
AL	NC_063215.1	113600001	113700000	0.0003866084633248	49087	935808	2420557460	1559950
AL	NC_063215.1	113700001	113800000	0.000443081399411	68658	1477471	3334536277	2345066
AL	NC_063215.1	113800001	113900000	0.0003228782070751	78285	1158107	3586823064	3372362
AL	NC_063215.1	113900001	114000000	0.0005342603868287	66262	1807882	3383896775	1730846
AL	NC_063215.1	114000001	114100000	0.0002551822234912	78745	958789	3757271909	2899072
AL	NC_063215.1	114100001	114200000	0.0003800609508619	80225	1397051	3675860403	3449220
AL	NC_063215.1	114200001	114300000	0.0003116693065646	79469	1147375	3681385930	3287502
AL	NC_063215.1	114300001	114400000	0.0006082749853544	81618	2296595	3775586791	3390070
AL	NC_063215.1	114400001	114500000	0.000170034360404	76537	599549	3526046139	3226684
AL	NC_063215.1	114500001	114600000	0.0003192226861918	84271	1227105	3844040706	3675826
AL	NC_063215.1	114600001	114700000	0.0003750135844278	84018	1445623	3854855024	3592524
AL	NC_063215.1	114700001	114800000	0.0004116601544782	83844	1637109	3976845906	3162828
AL	NC_063215.1	114800001	114900000	0.0003801607359402	84220	1532803	4031986618	3058068
AL	NC_063215.1	114900001	115000000	0.0003055650607385	74853	1080472	3535980185	2876448
AL	NC_063215.1	115000001	115100000	5.754375052188781e-06	74357	19947	3466405964	3006858
AL	NC_063215.1	115100001	115200000	0.0003355631975271	85895	1435584	4278133033	2584364
AL	NC_063215.1	115200001	115300000	0.0001569081612831	85331	645188	4111882994	3010242
AL	NC_063215.1	115300001	115400000	0.0002441018943687	81846	950984	3895848504	3040692
AL	NC_063215.1	115400001	115500000	0.0005166132840391	76592	2015017	3900435901	2031222
AL	NC_063215.1	115500001	115600000	5.67270425084737e-05	78754	228348	4025381721	2042010
AL	NC_063215.1	115600001	115700000	0.0002004361908677	85220	843288	4207264149	2675614
AL	NC_063215.1	115700001	115800000	0.0003420620487858	84051	1366575	3995108504	3136742
AL	NC_063215.1	115800001	115900000	0.0002931907667835	85980	1204053	4106722095	3144074
AL	NC_063215.1	115900001	116000000	0.0002496042952678	84236	1021948	4094272492	2859784
AL	NC_063215.1	116000001	116100000	3.236503572202273e-05	83620	126836	3918920439	3308546
AL	NC_063215.1	116100001	116200000	3.772226429798163e-05	85840	162050	4295871497	2515398
AL	NC_063215.1	116200001	116300000	0.0006788100912161	85469	2918057	4298782587	2440612
AL	NC_063215.1	116300001	116400000	0.0004450427187121	83553	1923101	4321160462	2008414
AL	NC_063215.1	116400001	116500000	0.0003686216274686	84249	1474417	3999811433	3161568
AL	NC_063215.1	116500001	116600000	0.0005924525546429	83249	2346869	3961277543	3100084
AL	NC_063215.1	116600001	116700000	0.0003212766833267	86306	1367539	4256577184	2724940
AL	NC_063215.1	116700001	116800000	0.0005327920055597	84811	2152569	4040167603	3136168
AL	NC_063215.1	116800001	116900000	0.000657249504903	84177	2675216	4070320297	2916752
AL	NC_063215.1	116900001	117000000	0.0004930831640408	87187	2063358	4184604445	3128132
AL	NC_063215.1	117000001	117100000	0.0004569331878481	84669	1882888	4120707469	2857368
AL	NC_063215.1	117100001	117200000	0.0004360098610358	86560	1815649	4164238386	3066332
AL	NC_063215.1	117200001	117300000	0.0004366610706353	86315	1892087	4333079194	2489178
AL	NC_063215.1	117300001	117400000	0.0005003899091231	86268	2172901	4342415705	2444302
AL	NC_063215.1	117400001	117500000	0.0004403385915537	83603	1890053	4292271984	2107950
AL	NC_063215.1	117500001	117600000	0.0005284375133116	85893	2244272	4246995990	2678662
AL	NC_063215.1	117600001	117700000	0.0005127595459872	86059	2205893	4302002795	2543704
AL	NC_063215.1	117700001	117800000	0.0007236163097204	84816	2943068	4067166481	3055342
AL	NC_063215.1	117800001	117900000	0.0006092254765748	84198	2392939	3927838037	3390354
AL	NC_063215.1	117900001	118000000	0.0005876778536792	84951	2410825	4102290030	2976346
AL	NC_063215.1	118000001	118100000	0.0005359984484056	84533	2251163	4199943128	2582314
AL	NC_063215.1	118100001	118200000	0.0004958964528317	84946	2185901	4407978697	2005394
AL	NC_063215.1	118200001	118300000	0.0004703504172386	81628	1998935	4249884611	1874458
AL	NC_063215.1	118300001	118400000	0.00040866035185	84009	1714919	4196440864	2486090
AL	NC_063215.1	118400001	118500000	0.0002121124454915	84989	926414	4367560790	2131070
AL	NC_063215.1	118500001	118600000	0.0001342337833232	83880	578639	4310680856	2102760
AL	NC_063215.1	118600001	118700000	0.0001185397387076	85187	510232	4304311833	2363068
AL	NC_063215.1	118700001	118800000	0.0001297949723435	84694	525188	4046289240	3094236
AL	NC_063215.1	118800001	118900000	0.0002482280728395	83626	995435	4010162866	3007872
AL	NC_063215.1	118900001	119000000	0.0002127088632294	83805	851574	4003472103	3062940
AL	NC_063215.1	119000001	119100000	0.0002933125287327	84152	1158411	3949408520	3319144
AL	NC_063215.1	119100001	119200000	0.0002319628568216	85242	955405	4118784417	2969146
AL	NC_063215.1	119200001	119300000	0.0002039821551205	86484	865540	4243214312	2801616
AL	NC_063215.1	119300001	119400000	0.0003282578214713	85618	1362836	4151724379	2928310
AL	NC_063215.1	119400001	119500000	0.000703723693419	84307	3004154	4268939682	2310714
AL	NC_063215.1	119500001	119600000	0.0004501426804147	86341	1963961	4362974420	2397930
AL	NC_063215.1	119600001	119700000	0.0004203465603212	86338	1800798	4284079305	2648450
AL	NC_063215.1	119700001	119800000	0.0004314810752538	83993	1795253	4160676106	2605118
AL	NC_063215.1	119800001	119900000	0.0002481160318247	84808	1045403	4213363370	2588404
AL	NC_063215.1	119900001	120000000	0.000458296546451	84153	1966079	4289971232	2222978
AL	NC_063215.1	120000001	120100000	0.0006167220878159	86076	2664758	4320840866	2483564
AL	NC_063215.1	120100001	120200000	0.0006269611791242	86864	2815390	4490533216	2093248
AL	NC_063215.1	120200001	120300000	0.0006881022485741	83184	2779215	4038956428	2834088
AL	NC_063215.1	120300001	120400000	0.0006497091060836	52566	1788198	2752305583	1165134
AL	NC_063215.1	120400001	120500000	0.0004350170752599	27196	602250	1384428415	731354
AL	NC_063215.1	120500001	120600000	0.0007154746026171	75567	2832599	3959048986	1664330
AL	NC_063215.1	120600001	120700000	0.0009977867648725	67687	3520645	3528454299	1552208
AL	NC_063215.1	120700001	120800000	0.0008121746295987	63834	2666546	3283217553	1598194
AL	NC_063215.1	120800001	120900000	0.00066658628674	73857	2563985	3846441265	1703144
AL	NC_063215.1	120900001	121000000	0.0008762969449011	79686	3714388	4238732112	1559740
AL	NC_063215.1	121000001	121100000	0.0006692519361308	83720	3006744	4492693764	1511952
AL	NC_063215.1	121100001	121200000	0.0007350756522707	84209	3312865	4506835439	1557500
AL	NC_063215.1	121200001	121300000	0.0007448074698122	86098	3465937	4653467024	1448084
AL	NC_063215.1	121300001	121400000	0.0004459405046472	66884	1502918	3370220880	1887960
AL	NC_063215.1	121400001	121500000	9.445875260064388e-05	21210	99506	1053433348	657236
AL	NC_063216.1	1	100000	2.9408272579368887e-05	14023	18487	628632639	657696
AL	NC_063216.1	100001	200000	0.0002876011460126	64485	944150	3282845055	1717164
AL	NC_063216.1	200001	300000	0.0001663024202591	85198	698595	4200750650	2698040
AL	NC_063216.1	300001	400000	0.0002040370333579	86324	927091	4543738873	1826430
AL	NC_063216.1	400001	500000	0.0002917874277599	85349	1292639	4430070925	2007536
AL	NC_063216.1	500001	600000	0.0006150991506923	84365	2681442	4359365473	2049144
AL	NC_063216.1	600001	700000	0.0006336418608982	85557	2673971	4220003704	2709850
AL	NC_063216.1	700001	800000	0.0006701984416472	85710	2892906	4316491684	2433276
AL	NC_063216.1	800001	900000	0.0006049232862531	83832	2385582	3943610792	3268632
AL	NC_063216.1	900001	1000000	0.0006064628031344	84378	2340790	3859742078	3645728
AL	NC_063216.1	1000001	1100000	0.0006473782841139	83527	2657660	4105265909	2699156
AL	NC_063216.1	1100001	1200000	0.0007193795315339	83052	3060272	4254043750	2130492
AL	NC_063216.1	1200001	1300000	0.0006659827994739	86561	2972776	4463742911	2122092
AL	NC_063216.1	1300001	1400000	0.0007337563786665	85427	3135246	4272870521	2517540
AL	NC_063216.1	1400001	1500000	0.0008110184035514	84696	3343567	4122677100	2857168
AL	NC_063216.1	1500001	1600000	0.0008998526093204	83321	3558520	3954558739	3134988
AL	NC_063216.1	1600001	1700000	0.0007801194737478	84304	3170523	4064150565	2962102
AL	NC_063216.1	1700001	1800000	0.0006448104977821	85972	2664331	4131959714	3059820
AL	NC_063216.1	1800001	1900000	0.0007184303793075	83025	3056055	4253794227	2125780
AL	NC_063216.1	1900001	2000000	0.0005932991073153	85428	2653797	4472949592	1881736
AL	NC_063216.1	2000001	2100000	0.0006622650306144	86831	2909854	4393790802	2397786
AL	NC_063216.1	2100001	2200000	0.0006222191440526	84417	2630812	4228111631	2463548
AL	NC_063216.1	2200001	2300000	0.0007639769768696	86324	3184109	4167807534	3017116
AL	NC_063216.1	2300001	2400000	0.0006808874837866	86750	3000214	4406328610	2340592
AL	NC_063216.1	2400001	2500000	0.0006783220539103	85362	2877084	4241472002	2601224
AL	NC_063216.1	2500001	2600000	0.000692895434102	85941	2844132	4104705934	3141830
AL	NC_063216.1	2600001	2700000	0.000124939076415	84844	511207	4091650224	2975800
AL	NC_063216.1	2700001	2800000	0.0007184299278049	83610	2856029	3975375871	3114222
AL	NC_063216.1	2800001	2900000	0.0007134323423363	84923	2923480	4097767688	2972302
AL	NC_063216.1	2900001	3000000	0.000530477382764	82430	2145993	4045399615	2671102
AL	NC_063216.1	3000001	3100000	0.0003554164334796	84139	1444299	4063680978	2935442
AL	NC_063216.1	3100001	3200000	0.0006101937315745	82762	2421502	3968415070	2980272
AL	NC_063216.1	3200001	3300000	0.000500978867481	83026	1998133	3988457657	2971362
AL	NC_063216.1	3300001	3400000	0.0003140655800337	83927	1254615	3994754853	3120916
AL	NC_063216.1	3400001	3500000	0.0004755264602171	83849	1856820	3904766938	3398046
AL	NC_063216.1	3500001	3600000	0.0004999539138381	83226	1969580	3939523115	3168990
AL	NC_063216.1	3600001	3700000	0.0003740187521371	85218	1470419	3931404486	3574368
AL	NC_063216.1	3700001	3800000	0.0004000365337579	81547	1467844	3669274869	3728932
AL	NC_063216.1	3800001	3900000	0.0003528051186132	83465	1359306	3852852264	3494770
AL	NC_063216.1	3900001	4000000	0.0006815492737553	81416	2583111	3790057593	3302254
AL	NC_063216.1	4000001	4100000	0.0006800197613163	79230	2537015	3730795992	3074116
AL	NC_063216.1	4100001	4200000	0.0006232784926983	81193	2309793	3705876309	3538000
AL	NC_063216.1	4200001	4300000	0.0005198801202675	77510	1855062	3568249540	3275612
AL	NC_063216.1	4300001	4400000	0.0004534959212259	83428	1715863	3783634912	3718800
AL	NC_063216.1	4400001	4500000	0.0004251937244456	82464	1624940	3821646244	3404160
AL	NC_063216.1	4500001	4600000	0.0004179799314629	83854	1624093	3885576502	3463032
AL	NC_063216.1	4600001	4700000	0.0003728516489467	82225	1435056	3848865907	3272356
AL	NC_063216.1	4700001	4800000	0.000358303029286	85116	1401417	3911261936	3620184
AL	NC_063216.1	4800001	4900000	0.0004291580728528	82223	1615865	3765197726	3538818
AL	NC_063216.1	4900001	5000000	0.0001631284048178	81546	639780	3921941128	2903260
AL	NC_063216.1	5000001	5100000	0.0003749794383635	83259	1470991	3922857761	3219820
AL	NC_063216.1	5100001	5200000	0.0002789367908646	84863	1113680	3992589133	3304372
AL	NC_063216.1	5200001	5300000	0.000482843372508	80006	1777772	3681881333	3384066
AL	NC_063216.1	5300001	5400000	0.0015570125939318	58933	4615466	2964308714	1689174
AL	NC_063216.1	5400001	5500000	0.0004333419702809	80485	1689002	3897619238	2782214
AL	NC_063216.1	5500001	5600000	0.0005215483623472	85356	2080533	3989146837	3411086
AL	NC_063216.1	5600001	5700000	0.0004349180970689	83501	1724690	3965551242	3132374
AL	NC_063216.1	5700001	5800000	0.000371274727726	82704	1436778	3869851333	3289502
AL	NC_063216.1	5800001	5900000	0.000275645257837	83936	1080596	3920241576	3361456
AL	NC_063216.1	5900001	6000000	0.0003817207502158	83719	1495676	3918246517	3328540
AL	NC_063216.1	6000001	6100000	0.0002131340475489	83899	826283	3876823105	3499900
AL	NC_063216.1	6100001	6200000	0.0003673681613624	84089	1406788	3829368323	3686836
AL	NC_063216.1	6200001	6300000	0.0002173340733199	82221	845910	3892210674	3122510
AL	NC_063216.1	6300001	6400000	0.0003513161224901	81698	1352077	3848605041	3170810
AL	NC_063216.1	6400001	6500000	0.0003745117972873	73912	1330130	3551637117	2644126
AL	NC_063216.1	6500001	6600000	0.0003630923349793	73179	1218995	3357258974	3141410
AL	NC_063216.1	6600001	6700000	0.0002623258905236	75996	946954	3609838122	2858804
AL	NC_063216.1	6700001	6800000	0.0003026931574699	75713	1098283	3628370754	2736526
AL	NC_063216.1	6800001	6900000	0.0004337453215904	62674	1365272	3147635103	1804158
AL	NC_063216.1	6900001	7000000	0.0003981829104293	19969	400968	1006994498	561966
AL	NC_063216.1	7000001	7100000	0.0004342060330582	32553	687075	1582370920	1117890
AL	NC_063216.1	7100001	7200000	0.0001788516890976	11298	100991	564663384	336796
AL	NC_063216.1	7200001	7300000	NA	0	NA	NA	NA
AL	NC_063216.1	7300001	7400000	NA	0	NA	NA	NA
AL	NC_063216.1	7400001	7500000	NA	0	NA	NA	NA
AL	NC_063216.1	7500001	7600000	NA	0	NA	NA	NA
AL	NC_063216.1	7600001	7700000	NA	0	NA	NA	NA
AL	NC_063216.1	7700001	7800000	NA	0	NA	NA	NA
AL	NC_063216.1	7800001	7900000	NA	0	NA	NA	NA
AL	NC_063216.1	7900001	8000000	NA	0	NA	NA	NA
AL	NC_063216.1	8000001	8100000	NA	0	NA	NA	NA
AL	NC_063216.1	8100001	8200000	NA	0	NA	NA	NA
AL	NC_063216.1	8200001	8300000	NA	0	NA	NA	NA
AL	NC_063216.1	8300001	8400000	NA	0	NA	NA	NA
AL	NC_063216.1	8400001	8500000	NA	0	NA	NA	NA
AL	NC_063216.1	8500001	8600000	NA	0	NA	NA	NA
AL	NC_063216.1	8600001	8700000	NA	0	NA	NA	NA
AL	NC_063216.1	8700001	8800000	NA	0	NA	NA	NA
AL	NC_063216.1	8800001	8900000	NA	0	NA	NA	NA
AL	NC_063216.1	8900001	9000000	NA	0	NA	NA	NA
AL	NC_063216.1	9000001	9100000	NA	0	NA	NA	NA
AL	NC_063216.1	9100001	9200000	NA	0	NA	NA	NA
AL	NC_063216.1	9200001	9300000	NA	0	NA	NA	NA
AL	NC_063216.1	9300001	9400000	NA	0	NA	NA	NA
AL	NC_063216.1	9400001	9500000	NA	0	NA	NA	NA
AL	NC_063216.1	9500001	9600000	NA	0	NA	NA	NA
AL	NC_063216.1	9600001	9700000	NA	0	NA	NA	NA
AL	NC_063216.1	9700001	9800000	NA	0	NA	NA	NA
AL	NC_063216.1	9800001	9900000	NA	0	NA	NA	NA
AL	NC_063216.1	9900001	10000000	NA	0	NA	NA	NA
AL	NC_063216.1	10000001	10100000	NA	0	NA	NA	NA
AL	NC_063216.1	10100001	10200000	NA	0	NA	NA	NA
AL	NC_063216.1	10200001	10300000	NA	0	NA	NA	NA
AL	NC_063216.1	10300001	10400000	NA	0	NA	NA	NA
AL	NC_063216.1	10400001	10500000	NA	0	NA	NA	NA
AL	NC_063216.1	10500001	10600000	NA	0	NA	NA	NA
AL	NC_063216.1	10600001	10700000	NA	0	NA	NA	NA
AL	NC_063216.1	10700001	10800000	NA	0	NA	NA	NA
AL	NC_063216.1	10800001	10900000	NA	0	NA	NA	NA
AL	NC_063216.1	10900001	11000000	NA	0	NA	NA	NA
AL	NC_063216.1	11000001	11100000	NA	0	NA	NA	NA
AL	NC_063216.1	11100001	11200000	NA	0	NA	NA	NA
AL	NC_063216.1	11200001	11300000	NA	0	NA	NA	NA
AL	NC_063216.1	11300001	11400000	NA	0	NA	NA	NA
AL	NC_063216.1	11400001	11500000	NA	0	NA	NA	NA
AL	NC_063216.1	11500001	11600000	0.0004704144515108	38165	946398	2011838703	804020
AL	NC_063216.1	11600001	11700000	0.00056420301237	50706	1477518	2618770137	1234138
AL	NC_063216.1	11700001	11800000	0.0003798765145112	72555	1362998	3588002806	2266530
AL	NC_063216.1	11800001	11900000	0.0004723595680676	72020	1666879	3528835050	2353796
AL	NC_063216.1	11900001	12000000	0.0003253701560664	70325	1085135	3335078463	2663932
AL	NC_063216.1	12000001	12100000	0.0002253809939778	78191	842257	3737036496	2859822
AL	NC_063216.1	12100001	12200000	0.0002295249101371	77530	856341	3730928375	2759510
AL	NC_063216.1	12200001	12300000	0.000733921222767	64333	2357270	3211884228	1913426
AL	NC_063216.1	12300001	12400000	0.0003819665967714	63105	1185667	3104111747	2030116
AL	NC_063216.1	12400001	12500000	0.0005506695677661	69872	1949988	3541121780	1912208
AL	NC_063216.1	12500001	12600000	0.0007139151210247	76710	2623134	3674293936	2780044
AL	NC_063216.1	12600001	12700000	0.0004723195266623	82157	1770692	3748928215	3589156
AL	NC_063216.1	12700001	12800000	0.0004015820505511	83513	1597247	3977386434	3095790
AL	NC_063216.1	12800001	12900000	0.0004673402365565	77610	1702166	3642241491	3053046
AL	NC_063216.1	12900001	13000000	0.0004017516046892	83130	1605652	3996628716	2960572
AL	NC_063216.1	13000001	13100000	0.0004913129947003	83332	2007632	4086258702	2718236
AL	NC_063216.1	13100001	13200000	0.0002159689346836	85956	867152	4015170058	3442404
AL	NC_063216.1	13200001	13300000	0.000234401578893	81252	935628	3991560144	2625136
AL	NC_063216.1	13300001	13400000	0.0001975130946735	82814	779494	3946543399	3064454
AL	NC_063216.1	13400001	13500000	0.0003973494553845	80581	1579769	3975767372	2546962
AL	NC_063216.1	13500001	13600000	9.372524476732911e-05	80688	375640	4007884972	2464856
AL	NC_063216.1	13600001	13700000	0.0003096773463417	87222	1307553	4222307558	3008128
AL	NC_063216.1	13700001	13800000	0.0004937138837339	83369	2066864	4186359890	2398070
AL	NC_063216.1	13800001	13900000	0.0004606363349604	82480	1827346	3967003602	2933580
AL	NC_063216.1	13900001	14000000	0.0006181187213729	82864	2554760	4133121861	2474966
AL	NC_063216.1	14000001	14100000	0.0006781798494369	84231	2753147	4059611919	2970840
AL	NC_063216.1	14100001	14200000	0.0007442848701643	82381	3124465	4197942381	2177736
AL	NC_063216.1	14200001	14300000	0.0004835788521971	82640	2034780	4207752243	2191826
AL	NC_063216.1	14300001	14400000	0.0006413014767095	83027	2590201	4038975574	2802802
AL	NC_063216.1	14400001	14500000	0.0007366973020125	77176	2738479	3717237721	2728990
AL	NC_063216.1	14500001	14600000	0.0005973667200035	81750	2286218	3827159973	3245586
AL	NC_063216.1	14600001	14700000	0.0008550070515595	84972	3448760	4033604160	3197048
AL	NC_063216.1	14700001	14800000	0.0004196467174693	82275	1679399	4001935271	2781152
AL	NC_063216.1	14800001	14900000	0.000375423700207	84721	1503977	4006078996	3237114
AL	NC_063216.1	14900001	15000000	0.0001741803530194	78175	611444	3510407399	3603792
AL	NC_063216.1	15000001	15100000	0.0001299742885374	81410	494507	3804652486	3257416
AL	NC_063216.1	15100001	15200000	0.0001401362698031	61930	431398	3078417890	1887032
AL	NC_063216.1	15200001	15300000	0.0	426	0	17092175	26710
AL	NC_063216.1	15300001	15400000	0.0003546802037274	19964	361670	1019707320	523064
AL	NC_063216.1	15400001	15500000	0.000177429799196	80251	685925	3865895149	2830380
AL	NC_063216.1	15500001	15600000	0.0003704682187317	82885	1534448	4141915345	2450136
AL	NC_063216.1	15600001	15700000	0.0002804309409264	81552	1138977	4061524011	2456386
AL	NC_063216.1	15700001	15800000	0.000480846926134	81128	1886030	3922308530	2814124
AL	NC_063216.1	15800001	15900000	0.0002474199731466	81501	949284	3836731481	3168904
AL	NC_063216.1	15900001	16000000	0.0002631655478752	80913	1019889	3875465494	2926574
AL	NC_063216.1	16000001	16100000	0.0004100229949491	78965	1560189	3805125613	2783248
AL	NC_063216.1	16100001	16200000	0.0004989720944871	73994	1809460	3626375142	2410392
AL	NC_063216.1	16200001	16300000	0.0003357571787445	78249	1319277	3929259249	2251136
AL	NC_063216.1	16300001	16400000	0.0003414275372195	80714	1378057	4036162435	2375286
AL	NC_063216.1	16400001	16500000	0.0002726332539245	75484	1035941	3799760246	2142396
AL	NC_063216.1	16500001	16600000	0.0003244190673273	79018	1224760	3775240494	2891088
AL	NC_063216.1	16600001	16700000	0.0002950893324272	82249	1145725	3882637812	3157138
AL	NC_063216.1	16700001	16800000	0.0003251110836008	83961	1299956	3998497946	3113894
AL	NC_063216.1	16800001	16900000	0.0003754856718393	81804	1488453	3964074029	2807790
AL	NC_063216.1	16900001	17000000	0.0001394589721631	81658	557682	3998896531	2675582
AL	NC_063216.1	17000001	17100000	0.0003919495990795	77151	1447280	3692515577	2802108
AL	NC_063216.1	17100001	17200000	0.000301674462757	81443	1163170	3855712510	3093906
AL	NC_063216.1	17200001	17300000	0.0004625582198513	83725	1856077	4012634346	3028606
AL	NC_063216.1	17300001	17400000	0.0004980012783099	83639	1926401	3868265171	3473728
AL	NC_063216.1	17400001	17500000	0.000566427311372	86849	2359533	4165641297	3129872
AL	NC_063216.1	17500001	17600000	0.0003012106988314	82896	1174375	3898848894	3248348
AL	NC_063216.1	17600001	17700000	0.0003508309207987	81331	1421877	4052883927	2445728
AL	NC_063216.1	17700001	17800000	0.00045921263877	82184	1816583	3955864553	2916150
AL	NC_063216.1	17800001	17900000	0.0005211833476159	82132	2062668	3957662902	2899132
AL	NC_063216.1	17900001	18000000	0.0005088134671241	83784	2023935	3977754385	3144342
AL	NC_063216.1	18000001	18100000	0.0005175614958468	63793	1657105	3201754793	1846072
AL	NC_063216.1	18100001	18200000	0.0006169577417204	74332	2324812	3768186770	2030620
AL	NC_063216.1	18200001	18300000	0.0004969139727239	84269	2087317	4200560086	2528598
AL	NC_063216.1	18300001	18400000	0.0003279207618549	81970	1311282	3998776999	2732566
AL	NC_063216.1	18400001	18500000	0.0003886265457483	83660	1620276	4169236553	2511390
AL	NC_063216.1	18500001	18600000	0.0003772032204759	81300	1481223	3926856717	2833750
AL	NC_063216.1	18600001	18700000	3.37160233907197e-05	84220	136097	4036567374	3038412
AL	NC_063216.1	18700001	18800000	0.0004756225403416	85025	2088746	4391604314	2067918
AL	NC_063216.1	18800001	18900000	0.0005127222860741	81048	2091658	4079514499	2305250
AL	NC_063216.1	18900001	19000000	0.0007918570148182	85064	3275048	4135908300	2877352
AL	NC_063216.1	19000001	19100000	0.0007046266283444	83237	2838825	4028835820	2871242
AL	NC_063216.1	19100001	19200000	0.0005705583300562	81317	2293211	4019240241	2545000
AL	NC_063216.1	19200001	19300000	0.0005082356218635	79237	1970068	3876288704	2614090
AL	NC_063216.1	19300001	19400000	0.0006403517706578	76745	2361685	3688105676	2741306
AL	NC_063216.1	19400001	19500000	0.0005498167214128	78099	2178753	3962689593	2117956
AL	NC_063216.1	19500001	19600000	0.0005301560032667	78014	2062666	3890677437	2329066
AL	NC_063216.1	19600001	19700000	0.00054828580726	80173	2096497	3823730201	2968104
AL	NC_063216.1	19700001	19800000	0.0006382071879158	82146	2517995	3945419368	2936468
AL	NC_063216.1	19800001	19900000	0.0006680716577316	87213	2917623	4367230620	2549770
AL	NC_063216.1	19900001	20000000	0.0004344162289265	79965	1627596	3746627984	3179122
AL	NC_063216.1	20000001	20100000	0.0007385251823316	87095	3262304	4417322629	2368340
AL	NC_063216.1	20100001	20200000	0.0005096025232078	83961	2196450	4310123871	2119580
AL	NC_063216.1	20200001	20300000	0.0005329840148636	84121	2112085	3962754869	3264872
AL	NC_063216.1	20300001	20400000	0.0004822043190226	86463	1989706	4126271627	3176720
AL	NC_063216.1	20400001	20500000	0.0005003021065236	81983	1992259	3982111956	2785118
AL	NC_063216.1	20500001	20600000	0.0005271597726404	85831	2187472	4149542726	2980698
AL	NC_063216.1	20600001	20700000	0.0007263946259209	85372	3096180	4262393869	2536542
AL	NC_063216.1	20700001	20800000	0.0005615778377582	82895	2263954	4031416213	2805524
AL	NC_063216.1	20800001	20900000	0.0003654429683038	83665	1399436	3829423799	3606140
AL	NC_063216.1	20900001	21000000	0.0005628980134874	81775	2198712	3906057487	2993552
AL	NC_063216.1	21000001	21100000	0.0005020328617115	83469	1978441	3940859555	3206508
AL	NC_063216.1	21100001	21200000	0.0005633662601612	83777	2193438	3893449351	3424988
AL	NC_063216.1	21200001	21300000	0.0006902761160339	84431	2635061	3817401383	3795344
AL	NC_063216.1	21300001	21400000	0.0009044761001361	83412	3476237	3843370764	3513392
AL	NC_063216.1	21400001	21500000	0.0007258185232615	84223	2780856	3831337877	3711820
AL	NC_063216.1	21500001	21600000	0.0006106729976716	83253	2431358	3981440164	3030258
AL	NC_063216.1	21600001	21700000	0.0004911410322615	82096	1864609	3796483856	3415416
AL	NC_063216.1	21700001	21800000	0.0006179687856199	79581	2214754	3583925356	3627770
AL	NC_063216.1	21800001	21900000	0.0004987048596559	83575	1885619	3781031934	3754194
AL	NC_063216.1	21900001	22000000	0.0003743667313419	82142	1402173	3745453008	3600740
AL	NC_063216.1	22000001	22100000	0.0004354790599968	85243	1746222	4009887410	3324562
AL	NC_063216.1	22100001	22200000	0.0003419917404998	81612	1307256	3822478280	3240832
AL	NC_063216.1	22200001	22300000	0.0005255716756817	84031	2093994	3984221557	3179596
AL	NC_063216.1	22300001	22400000	0.0004793513653848	81060	1839102	3836647046	3082276
AL	NC_063216.1	22400001	22500000	0.0004692217883277	85345	1931688	4116790925	2995592
AL	NC_063216.1	22500001	22600000	0.0006291347870594	85860	2646180	4206062126	2806708
AL	NC_063216.1	22600001	22700000	0.0004915007028155	85866	2091957	4256264514	2651480
AL	NC_063216.1	22700001	22800000	0.0003502794255137	86170	1412549	4032634797	3433034
AL	NC_063216.1	22800001	22900000	0.0004021349267518	83789	1662379	4133883653	2643424
AL	NC_063216.1	22900001	23000000	0.0005364791666243	85686	2288367	4265528174	2579704
AL	NC_063216.1	23000001	23100000	0.0009150793150784	81033	3756677	4105302063	2221644
AL	NC_063216.1	23100001	23200000	0.0005408615855928	82203	2074090	3834788891	3306376
AL	NC_063216.1	23200001	23300000	0.0	9	0	406228	410
AL	NC_063216.1	23300001	23400000	0.000252105997772	11185	128416	509373046	490598
AL	NC_063216.1	23400001	23500000	0.0004460687884191	85301	1920136	4304573756	2391770
AL	NC_063216.1	23500001	23600000	0.0005135292503796	84815	2218952	4320984634	2242370
AL	NC_063216.1	23600001	23700000	0.0007477520266095	83165	2972820	3975676286	3032614
AL	NC_063216.1	23700001	23800000	0.0002431026964312	83426	973148	4003032522	2995656
AL	NC_063216.1	23800001	23900000	0.0001087028917197	82816	433809	3990776999	2921962
AL	NC_063216.1	23900001	24000000	0.0006590733800402	84294	2581735	3917219354	3445624
AL	NC_063216.1	24000001	24100000	0.0004389947153705	83823	1708500	3891846394	3445282
AL	NC_063216.1	24100001	24200000	0.0005131888301881	80924	1908973	3719825701	3449606
AL	NC_063216.1	24200001	24300000	0.0002928447083126	82647	1045901	3571520913	4277028
AL	NC_063216.1	24300001	24400000	0.0006996865568977	82880	2572933	3677265162	3965396
AL	NC_063216.1	24400001	24500000	0.0005749335017259	85315	2351458	4089965175	3078224
AL	NC_063216.1	24500001	24600000	0.0004822402976911	84318	1984010	4114152238	2811192
AL	NC_063216.1	24600001	24700000	0.0006110627366432	81922	2387804	3907624957	3020314
AL	NC_063216.1	24700001	24800000	0.0006963394277932	85313	2891593	4152562507	2877340
AL	NC_063216.1	24800001	24900000	0.0004328702827073	83788	1722054	3978221811	3152834
AL	NC_063216.1	24900001	25000000	0.0003624957110293	84826	1474727	4068260548	3057548
AL	NC_063216.1	25000001	25100000	0.0002915879570816	83971	1180222	4047567711	2952208
AL	NC_063216.1	25100001	25200000	0.0002859776577307	84476	1126075	3937632782	3418604
AL	NC_063216.1	25200001	25300000	0.0001135121063589	83723	439508	3871904188	3490390
AL	NC_063216.1	25300001	25400000	0.0002598768403914	70020	870326	3348994080	2556096
AL	NC_063216.1	25400001	25500000	0.0002371823294755	85352	968545	4083546199	3101938
AL	NC_063216.1	25500001	25600000	0.0001576409229787	88642	673858	4274638763	3110086
AL	NC_063216.1	25600001	25700000	0.0002026904007607	86034	842159	4154903226	3012768
AL	NC_063216.1	25700001	25800000	0.0001971386256345	85025	794785	4031604651	3214852
AL	NC_063216.1	25800001	25900000	0.0002067000073201	85247	846069	4093221916	3058430
AL	NC_063216.1	25900001	26000000	0.0001034250994386	84422	416890	4030839731	3100982
AL	NC_063216.1	26000001	26100000	0.0002364512353798	85874	1024385	4332330928	2406644
AL	NC_063216.1	26100001	26200000	0.0003179303513706	81518	1289411	4055639842	2462280
AL	NC_063216.1	26200001	26300000	0.0004107498511223	86321	1734207	4222051439	2845052
AL	NC_063216.1	26300001	26400000	0.0003951948460049	88281	1679766	4250475473	3124408
AL	NC_063216.1	26400001	26500000	0.0006276562253324	87066	2660117	4238175123	2925654
AL	NC_063216.1	26500001	26600000	0.0005053907971545	85215	2087232	4129936698	2922642
AL	NC_063216.1	26600001	26700000	0.0006294944250538	85901	2494290	3962370278	3600190
AL	NC_063216.1	26700001	26800000	0.0005622126400367	82721	2131764	3791739723	3556716
AL	NC_063216.1	26800001	26900000	0.0004650962526541	82748	1765391	3795754083	3540146
AL	NC_063216.1	26900001	27000000	0.0005356977618716	82909	2098833	3917942447	3170572
AL	NC_063216.1	27000001	27100000	0.0006843246131056	83953	2690545	3931679423	3326292
AL	NC_063216.1	27100001	27200000	0.0004448999680722	80916	1724936	3877132218	2924596
AL	NC_063216.1	27200001	27300000	0.0003403673729775	84910	1389514	4082394819	3017774
AL	NC_063216.1	27300001	27400000	0.0003672834668599	87140	1604496	4368549485	2530678
AL	NC_063216.1	27400001	27500000	0.0001655804920296	85626	714245	4313581819	2421326
AL	NC_063216.1	27500001	27600000	0.0002047964501199	85908	893462	4362683042	2318676
AL	NC_063216.1	27600001	27700000	0.0003325313782816	84848	1428648	4296280271	2329346
AL	NC_063216.1	27700001	27800000	0.0001591635920422	86460	676116	4247931272	2792704
AL	NC_063216.1	27800001	27900000	0.0002654427151342	85569	1180582	4447596158	1992686
AL	NC_063216.1	27900001	28000000	9.99348420374094e-05	84951	406394	4066589707	3092592
AL	NC_063216.1	28000001	28100000	0.0005197324688071	86865	2276526	4380188148	2442562
AL	NC_063216.1	28100001	28200000	0.0005781773162602	85128	2554856	4418810507	1993346
AL	NC_063216.1	28200001	28300000	0.0006113982690482	84155	2712715	4436903304	1757062
AL	NC_063216.1	28300001	28400000	0.0002890228624638	84694	1294679	4479503763	1728870
AL	NC_063216.1	28400001	28500000	0.0006283105773386	81452	2697093	4292611166	1710196
AL	NC_063216.1	28500001	28600000	0.0003867572844343	85568	1768830	4573488519	1598170
AL	NC_063216.1	28600001	28700000	0.0001039311334709	83476	450813	4337612657	1945582
AL	NC_063216.1	28700001	28800000	8.506739449950884e-05	83813	360602	4239015455	2325732
AL	NC_063216.1	28800001	28900000	5.300480993345593e-05	83602	231095	4359887344	1899628
AL	NC_063216.1	28900001	29000000	0.0001470368392978	84253	663180	4510298257	1550536
AL	NC_063216.1	29000001	29100000	0.0001569196437151	85845	713799	4548818638	1724614
AL	NC_063216.1	29100001	29200000	0.0001019619818971	85673	444260	4357114208	2287794
AL	NC_063216.1	29200001	29300000	6.030845319699852e-05	87059	265822	4407707144	2391214
AL	NC_063216.1	29300001	29400000	7.767061936747268e-05	86940	318737	4103701021	3344534
AL	NC_063216.1	29400001	29500000	0.000101405634137	85403	413191	4074635532	3145846
AL	NC_063216.1	29500001	29600000	8.516865625078849e-05	85002	338649	3976216309	3391762
AL	NC_063216.1	29600001	29700000	0.0003403381232865	87455	1475904	4336581473	2694156
AL	NC_063216.1	29700001	29800000	0.0003514653547359	81812	1394233	3966914466	2815284
AL	NC_063216.1	29800001	29900000	0.0003001918885768	85442	1244871	4146917513	2920330
AL	NC_063216.1	29900001	30000000	0.0001224375156094	85511	512014	4181839181	2828292
AL	NC_063216.1	30000001	30100000	0.0002388359348934	86400	1029146	4309008192	2579200
AL	NC_063216.1	30100001	30200000	0.0001998460154677	86222	896707	4486989635	1990262
AL	NC_063216.1	30200001	30300000	0.0003060347772627	85340	1315142	4297361273	2420582
AL	NC_063216.1	30300001	30400000	0.0005941074714069	83793	2642226	4447387261	1661864
AL	NC_063216.1	30400001	30500000	0.0002661079250264	85221	1128371	4240275820	2583354
AL	NC_063216.1	30500001	30600000	0.0002501027494799	83877	1051974	4206167274	2433366
AL	NC_063216.1	30600001	30700000	0.0002772441259799	85701	1227547	4427675413	2076624
AL	NC_063216.1	30700001	30800000	0.0001835294967817	84202	721201	3929619013	3396754
AL	NC_063216.1	30800001	30900000	0.0002660176630187	83915	1011170	3801138573	3754868
AL	NC_063216.1	30900001	31000000	0.0001840211957762	81184	697779	3791840375	3258066
AL	NC_063216.1	31000001	31100000	7.462341790084825e-05	82438	290084	3887305194	3194392
AL	NC_063216.1	31100001	31200000	0.0002131795254211	85256	894373	4195398213	2722574
AL	NC_063216.1	31200001	31300000	0.0001998995473358	86120	856774	4286022712	2599416
AL	NC_063216.1	31300001	31400000	0.0003909978520019	84881	1623329	4151759381	2790384
AL	NC_063216.1	31400001	31500000	0.0004840423965433	87393	2142848	4426984114	2389958
AL	NC_063216.1	31500001	31600000	0.0001466372280835	87977	647326	4414472426	2540630
AL	NC_063216.1	31600001	31700000	0.0002949010230777	81714	1225337	4155078837	2191306
AL	NC_063216.1	31700001	31800000	0.0004652709312436	78895	1860586	3998930247	2163624
AL	NC_063216.1	31800001	31900000	0.0001956847121108	85837	839045	4287739144	2544442
AL	NC_063216.1	31900001	32000000	0.000115980000291	85827	492618	4247439203	2670472
AL	NC_063216.1	32000001	32100000	0.0002401430266045	83232	932104	3881453537	3367302
AL	NC_063216.1	32100001	32200000	0.0001530851973446	85107	615955	4023609145	3254972
AL	NC_063216.1	32200001	32300000	0.0001590990955587	86581	655540	4120325120	3222114
AL	NC_063216.1	32300001	32400000	0.0001104745715899	84510	421111	3811836461	3832826
AL	NC_063216.1	32400001	32500000	0.000124925407994	83332	477835	3824962493	3560870
AL	NC_063216.1	32500001	32600000	8.808777128583113e-05	85415	347030	3939593373	3596572
AL	NC_063216.1	32600001	32700000	4.091368624562481e-05	83555	153280	3746423607	3877464
AL	NC_063216.1	32700001	32800000	0.0001160444912505	83743	425227	3664344558	4188426
AL	NC_063216.1	32800001	32900000	0.0001652290344948	82716	582957	3528175310	4439004
AL	NC_063216.1	32900001	33000000	9.466800100014164e-05	83612	343525	3628734064	4273752
AL	NC_063216.1	33000001	33100000	0.0001677909619597	82677	623387	3715259706	3807350
AL	NC_063216.1	33100001	33200000	0.0001444883593002	84195	555852	3847036555	3662496
AL	NC_063216.1	33200001	33300000	0.0001922120390946	85187	771789	4015299997	3306356
AL	NC_063216.1	33300001	33400000	1.2421956522300168e-05	82723	48667	3917820829	3139012
AL	NC_063216.1	33400001	33500000	6.614321703810639e-05	83144	254909	3853894797	3427502
AL	NC_063216.1	33500001	33600000	0.000228949838063	83358	875398	3823536227	3573086
AL	NC_063216.1	33600001	33700000	0.0005343311930512	83801	1998105	3739450412	3937482
AL	NC_063216.1	33700001	33800000	0.0004622004624705	81164	1706956	3693107512	3579248
AL	NC_063216.1	33800001	33900000	0.000407283833945	82553	1483619	3642715169	4030616
AL	NC_063216.1	33900001	34000000	0.000132463581551	81762	482959	3645975704	3856892
AL	NC_063216.1	34000001	34100000	5.602662803635233e-05	85178	219675	3920903465	3610026
AL	NC_063216.1	34100001	34200000	0.0002176373239058	85011	893390	4104948471	2976696
AL	NC_063216.1	34200001	34300000	1.2639440154458522e-05	85520	55624	4400827831	2126394
AL	NC_063216.1	34300001	34400000	2.84234750234554e-05	84448	111684	3929287320	3435784
AL	NC_063216.1	34400001	34500000	6.297072059731474e-06	84241	24440	3881168862	3553654
AL	NC_063216.1	34500001	34600000	1.778622182184121e-05	76133	62659	3522895454	3169486
AL	NC_063216.1	34600001	34700000	8.186776770977432e-06	84160	33046	4036509230	3031220
AL	NC_063216.1	34700001	34800000	1.596831427570836e-05	84344	62749	3929594503	3421250
AL	NC_063216.1	34800001	34900000	1.5022793015912783e-05	85246	60368	4018427195	3301862
AL	NC_063216.1	34900001	35000000	2.674172805709452e-05	84708	109348	4089040161	2962614
AL	NC_063216.1	35000001	35100000	1.7431010195562974e-05	82538	70078	4020306294	2780768
AL	NC_063216.1	35100001	35200000	1.6086972009452315e-05	86269	62532	3887120582	3932358
AL	NC_063216.1	35200001	35300000	2.0573826250075843e-05	85949	82301	4000276808	3490570
AL	NC_063216.1	35300001	35400000	4.669323489136196e-05	84082	183157	3922559669	3388474
AL	NC_063216.1	35400001	35500000	3.1186050692630297e-06	84206	12079	3873206043	3568678
AL	NC_063216.1	35500001	35600000	1.807376264658468e-05	84489	71497	3955844801	3359744
AL	NC_063216.1	35600001	35700000	2.039846595893388e-05	80924	76228	3736947678	3384076
AL	NC_063216.1	35700001	35800000	2.3091230008241487e-05	82775	86735	3756187954	3681386
AL	NC_063216.1	35800001	35900000	2.147252673994706e-05	81182	82145	3825586108	3150780
AL	NC_063216.1	35900001	36000000	3.430150414278745e-05	82634	123107	3588967979	4216542
AL	NC_063216.1	36000001	36100000	7.693113864268174e-05	80921	274442	3567372131	3955660
AL	NC_063216.1	36100001	36200000	0.000100715818207	79536	353745	3512308258	3866428
AL	NC_063216.1	36200001	36300000	6.744378150344733e-05	81164	244641	3627332195	3800226
AL	NC_063216.1	36300001	36400000	2.941955539176049e-05	85204	115407	3922798916	3600496
AL	NC_063216.1	36400001	36500000	3.7365007092216495e-05	84513	143205	3832596623	3767068
AL	NC_063216.1	36500001	36600000	5.266053606002357e-05	85528	196791	3736972973	4291134
AL	NC_063216.1	36600001	36700000	0.0001518693596874	82327	601187	3958579935	2930632
AL	NC_063216.1	36700001	36800000	5.440091087085913e-05	78415	197860	3637071454	3227514
AL	NC_063216.1	36800001	36900000	0.0001214465213388	74131	401841	3308789709	3485956
AL	NC_063216.1	36900001	37000000	5.823163592731444e-05	83697	219338	3766646712	3834882
AL	NC_063216.1	37000001	37100000	0.0001122645967769	68143	339827	3027018399	3255456
AL	NC_063216.1	37100001	37200000	0.0002095987301411	81158	738403	3522936420	4158780
AL	NC_063216.1	37200001	37300000	0.0002221267340478	78813	741700	3339084794	4309518
AL	NC_063216.1	37300001	37400000	0.0001888400181998	75493	597896	3166150934	4241502
AL	NC_063216.1	37400001	37500000	0.0001509866761777	76740	470848	3118473841	4657230
AL	NC_063216.1	37500001	37600000	8.830725754820934e-05	72746	260529	2950255814	4440976
AL	NC_063216.1	37600001	37700000	0.0001342500576767	77499	432213	3219462304	4465814
AL	NC_063216.1	37700001	37800000	0.0001773291720877	78969	593582	3347345465	4323704
AL	NC_063216.1	37800001	37900000	7.853886744437903e-05	81573	278591	3547173636	4154874
AL	NC_063216.1	37900001	38000000	1.6210641571082484e-05	79451	53827	3320473145	4499964
AL	NC_063216.1	38000001	38100000	7.77514646477285e-06	80622	26272	3378971717	4537762
AL	NC_063216.1	38100001	38200000	1.1520585994634754e-05	78953	38897	3376303950	4231718
AL	NC_063216.1	38200001	38300000	3.080737951599491e-05	79464	102735	3334752959	4456618
AL	NC_063216.1	38300001	38400000	7.106489821544372e-05	81753	251635	3540918320	4210978
AL	NC_063216.1	38400001	38500000	7.827670844291479e-05	78055	260483	3327720406	4198570
AL	NC_063216.1	38500001	38600000	5.141789804772315e-05	79716	171102	3327673952	4531008
AL	NC_063216.1	38600001	38700000	6.912692441093472e-05	79044	234083	3386278241	4198342
AL	NC_063216.1	38700001	38800000	6.081551619441223e-05	79393	198560	3264956255	4680564
AL	NC_063216.1	38800001	38900000	2.794767691301891e-05	77786	93836	3357559925	4047226
AL	NC_063216.1	38900001	39000000	7.077076699690818e-05	81033	247384	3495567598	4217342
AL	NC_063216.1	39000001	39100000	3.2504064487736087e-06	80847	11659	3586936029	3869260
AL	NC_063216.1	39100001	39200000	8.474708415308137e-05	79202	307009	3622649712	3429524
AL	NC_063216.1	39200001	39300000	3.626455088301088e-05	83242	135469	3735576388	3847740
AL	NC_063216.1	39300001	39400000	3.683840965439863e-05	79512	130869	3552514922	3728716
AL	NC_063216.1	39400001	39500000	2.3008863003131304e-06	74380	7601	3303509608	3555272
AL	NC_063216.1	39500001	39600000	8.098636931507018e-05	81225	287113	3545201525	4096056
AL	NC_063216.1	39600001	39700000	0.0001521222328747	79969	516002	3392022259	4359276
AL	NC_063216.1	39700001	39800000	0.0001272349183315	82206	454854	3574914858	4184656
AL	NC_063216.1	39800001	39900000	0.0001029808479171	77047	357280	3469382970	3522362
AL	NC_063216.1	39900001	40000000	0.0003957714676205	85206	1564418	3952831692	3516652
AL	NC_063216.1	40000001	40100000	0.0003519839569423	84391	1264758	3593226268	4550534
AL	NC_063216.1	40100001	40200000	0.000214886582049	75619	704623	3279046059	3882160
AL	NC_063216.1	40200001	40300000	0.000249776755379	84771	964731	3862373016	3721478
AL	NC_063216.1	40300001	40400000	0.0001671559495752	82384	612348	3663333561	3921718
AL	NC_063216.1	40400001	40500000	0.0001827152853389	83602	694968	3803556986	3694136
AL	NC_063216.1	40500001	40600000	0.0003589697428882	85136	1387275	3864601481	3783278
AL	NC_063216.1	40600001	40700000	0.0003782383991238	84298	1405642	3716285822	4116320
AL	NC_063216.1	40700001	40800000	0.0004426118833514	78254	1530699	3458332362	3791328
AL	NC_063216.1	40800001	40900000	0.0004211204561405	82722	1556388	3695826164	3874812
AL	NC_063216.1	40900001	41000000	0.0001852112634736	82127	682989	3687621299	3780584
AL	NC_063216.1	41000001	41100000	6.53488858573501e-05	83816	245114	3750852012	3898000
AL	NC_063216.1	41100001	41200000	2.2212571841278628e-05	83664	82298	3705018968	4030832
AL	NC_063216.1	41200001	41300000	5.7344444543576326e-05	80369	204205	3561024989	3872552
AL	NC_063216.1	41300001	41400000	2.837930574459557e-05	82720	103739	3655445307	4005298
AL	NC_063216.1	41400001	41500000	9.177147517721004e-05	81212	324569	3536708976	4112344
AL	NC_063216.1	41500001	41600000	0.0002024485921253	83420	771867	3812656793	3617702
AL	NC_063216.1	41600001	41700000	0.0002172979560885	85091	879539	4047617455	3169032
AL	NC_063216.1	41700001	41800000	0.0002140913767679	85278	871208	4069327841	3144594
AL	NC_063216.1	41800001	41900000	0.0001342208361099	83177	521413	3884739621	3337752
AL	NC_063216.1	41900001	42000000	3.447490540480955e-05	83294	135500	3930395121	3214730
AL	NC_063216.1	42000001	42100000	0.000270264707536	78451	1023867	3788385873	2749276
AL	NC_063216.1	42100001	42200000	0.0004631134048416	85499	1949251	4209014422	2725978
AL	NC_063216.1	42200001	42300000	0.0001562475934808	82630	618793	3960336196	3001020
AL	NC_063216.1	42300001	42400000	8.271616798104146e-05	81790	304170	3677273832	3754124
AL	NC_063216.1	42400001	42500000	1.1989055109376149e-05	83073	46402	3870363392	3364306
AL	NC_063216.1	42500001	42600000	0.0001079286992754	81504	398984	3696736852	3633864
AL	NC_063216.1	42600001	42700000	0.0002114931886726	80407	772465	3652434411	3567736
AL	NC_063216.1	42700001	42800000	0.0001800857044633	82304	667726	3707823461	3749862
AL	NC_063216.1	42800001	42900000	0.0001989304710722	81176	703880	3538321687	4103466
AL	NC_063216.1	42900001	43000000	0.000205584693386	79419	711296	3459868477	4020396
AL	NC_063216.1	43000001	43100000	0.0001074825249078	80353	387028	3600845815	3729404
AL	NC_063216.1	43100001	43200000	7.724605071602559e-06	80752	28010	3626075345	3718046
AL	NC_063216.1	43200001	43300000	1.044118105565156e-05	84814	39214	3755705393	4079914
AL	NC_063216.1	43300001	43400000	1.626106101430157e-05	82776	61023	3752707154	3696300
AL	NC_063216.1	43400001	43500000	7.97385065157481e-05	85141	315314	3954350461	3485720
AL	NC_063216.1	43500001	43600000	0.0002668095728461	82447	1020748	3825754785	3401932
AL	NC_063216.1	43600001	43700000	0.000141385398917	83687	533157	3770948090	3813274
AL	NC_063216.1	43700001	43800000	0.00016704831486	84484	635987	3807203925	3849238
AL	NC_063216.1	43800001	43900000	8.300257452247795e-05	84378	324895	3914276176	3472116
AL	NC_063216.1	43900001	44000000	0.0001522515994347	81166	560110	3678844768	3625092
AL	NC_063216.1	44000001	44100000	0.000146855320743	86032	581331	3958528687	3643162
AL	NC_063216.1	44100001	44200000	0.000291903151852	79009	1111844	3808948252	2785378
AL	NC_063216.1	44200001	44300000	1.908399571713188e-05	79800	68951	3613027430	3577644
AL	NC_063216.1	44300001	44400000	4.943992698069492e-05	81850	191966	3882813178	3087656
AL	NC_063216.1	44400001	44500000	4.400209352130802e-05	84588	169470	3851407659	3724258
AL	NC_063216.1	44500001	44600000	4.905473872720592e-05	82143	189218	3857282801	3234996
AL	NC_063216.1	44600001	44700000	2.510390602851557e-05	82415	97234	3873261790	3233130
AL	NC_063216.1	44700001	44800000	5.139620311091509e-05	84886	206015	4008370026	3270456
AL	NC_063216.1	44800001	44900000	2.1887408182491045e-05	81857	85798	3919970756	2969282
AL	NC_063216.1	44900001	45000000	3.345512434985029e-05	82536	129359	3866642331	3269274
AL	NC_063216.1	45000001	45100000	3.6326659495482406e-05	83716	146545	4034089620	2951464
AL	NC_063216.1	45100001	45200000	4.929996282542588e-05	82927	199322	4043045645	2774124
AL	NC_063216.1	45200001	45300000	5.070770292297229e-05	83918	197304	3891006467	3460966
AL	NC_063216.1	45300001	45400000	5.275728019968313e-05	80321	199450	3780520892	3127842
AL	NC_063216.1	45400001	45500000	2.5321235982021725e-05	84148	99262	3920108800	3404352
AL	NC_063216.1	45500001	45600000	4.176714393597722e-07	78206	1507	3608099233	3282162
AL	NC_063216.1	45600001	45700000	4.383718657464726e-05	83719	174568	3982189863	3122784
AL	NC_063216.1	45700001	45800000	2.847051893331254e-05	84148	115771	4066346675	2928682
AL	NC_063216.1	45800001	45900000	3.6896543060917857e-05	85931	148248	4017937392	3431006
AL	NC_063216.1	45900001	46000000	3.029542441193092e-05	82490	119423	3941948407	3017870
AL	NC_063216.1	46000001	46100000	7.543175184484475e-05	84929	304756	4040155406	3168998
AL	NC_063216.1	46100001	46200000	6.105459308364916e-05	83407	238713	3909828695	3305888
AL	NC_063216.1	46200001	46300000	4.58684959341858e-05	76918	170392	3714793706	2685384
AL	NC_063216.1	46300001	46400000	3.003175014960058e-05	83835	119727	3986680743	3130648
AL	NC_063216.1	46400001	46500000	6.464644112523316e-05	84966	261495	4045002253	3167946
AL	NC_063216.1	46500001	46600000	1.2750583291637175e-05	86057	51956	4074793977	3275888
AL	NC_063216.1	46600001	46700000	0.0003151563619576	85404	1244126	3947646788	3556360
AL	NC_063216.1	46700001	46800000	0.0002173284166388	84425	854888	3933622732	3418258
AL	NC_063216.1	46800001	46900000	0.0003799770852728	85197	1516151	3990111664	3378810
AL	NC_063216.1	46900001	47000000	0.0002021717759927	77514	753665	3727844781	2758242
AL	NC_063216.1	47000001	47100000	0.0001555913264625	83681	629647	4046800129	2905016
AL	NC_063216.1	47100001	47200000	0.000167641069192	81229	611776	3649320557	3743912
AL	NC_063216.1	47200001	47300000	1.855481886438618e-05	84102	69948	3769802363	3905078
AL	NC_063216.1	47300001	47400000	1.818075670787048e-06	81996	6657	3661563766	3848228
AL	NC_063216.1	47400001	47500000	6.951864931993732e-07	79294	2462	3541495734	3720008
AL	NC_063216.1	47500001	47600000	8.531799906186745e-07	80780	2979	3491643068	4184400
AL	NC_063216.1	47600001	47700000	3.247518238962334e-06	79970	11068	3408140982	4304040
AL	NC_063216.1	47700001	47800000	1.2174840952123415e-05	80365	40987	3366532685	4524184
AL	NC_063216.1	47800001	47900000	8.320983569063596e-08	78996	275	3304897765	4462870
AL	NC_063216.1	47900001	48000000	5.869978904749398e-06	78378	19513	3324202747	4272230
AL	NC_063216.1	48000001	48100000	6.32614647885318e-06	79413	21280	3363817147	4345532
AL	NC_063216.1	48100001	48200000	4.278891625029326e-07	80755	1499	3503243670	4140018
AL	NC_063216.1	48200001	48300000	7.472741875203467e-06	80656	26380	3530163418	4021556
AL	NC_063216.1	48300001	48400000	8.14236304039199e-06	84048	30564	3753701456	3945072
AL	NC_063216.1	48400001	48500000	2.356647179103727e-06	80767	8554	3629732985	3708484
AL	NC_063216.1	48500001	48600000	2.63093925731273e-07	80775	937	3561465729	3940220
AL	NC_063216.1	48600001	48700000	3.674276682765625e-07	73131	1220	3320381412	3256446
AL	NC_063216.1	48700001	48800000	7.154923846833734e-06	79882	26094	3646998984	3481140
AL	NC_063216.1	48800001	48900000	3.298928298851449e-07	81747	1226	3716358432	3617662
AL	NC_063216.1	48900001	49000000	3.224843011257817e-06	84933	12592	3904686199	3608684
AL	NC_063216.1	49000001	49100000	6.885536226140549e-05	80099	268515	3899696279	2699808
AL	NC_063216.1	49100001	49200000	0.0001270473789775	82512	505930	3982215171	2904282
AL	NC_063216.1	49200001	49300000	0.0001498356327464	84476	596120	3978492893	3288078
AL	NC_063216.1	49300001	49400000	4.135368338466525e-05	83595	154039	3724916075	3949448
AL	NC_063216.1	49400001	49500000	2.82807941746205e-05	81843	109248	3862974969	3153596
AL	NC_063216.1	49500001	49600000	2.660759053777182e-05	83194	104170	3915048221	3241314
AL	NC_063216.1	49600001	49700000	2.96645680758041e-05	82762	116626	3931491593	3104938
AL	NC_063216.1	49700001	49800000	2.680985423530789e-05	82605	100033	3731202681	3725184
AL	NC_063216.1	49800001	49900000	0.000198517813599	82621	759067	3823671973	3430056
AL	NC_063216.1	49900001	50000000	9.994899417756095e-05	82406	360672	3608560576	4101628
AL	NC_063216.1	50000001	50100000	0.0001949677256941	78454	708737	3635150369	3251866
AL	NC_063216.1	50100001	50200000	0.0001455108268885	82561	534819	3675458462	3912758
AL	NC_063216.1	50200001	50300000	0.0001409679721445	80022	520086	3689391229	3366850
AL	NC_063216.1	50300001	50400000	0.0002345364173216	83472	929574	3963452715	3137858
AL	NC_063216.1	50400001	50500000	0.0002307134427993	82518	901352	3906803128	3137316
AL	NC_063216.1	50500001	50600000	4.026993458606874e-05	84241	158978	3947808747	3336860
AL	NC_063216.1	50600001	50700000	2.261825116853218e-05	73643	77206	3413438087	3047800
AL	NC_063216.1	50700001	50800000	2.678930451094548e-05	81061	97816	3651307930	3705934
AL	NC_063216.1	50800001	50900000	2.6588322088281573e-05	77837	94676	3560811385	3364864
AL	NC_063216.1	50900001	51000000	4.253389466822301e-05	86574	169299	3980331482	3675536
AL	NC_063216.1	51000001	51100000	0.0005342142081576	78518	1931069	3614784052	3324412
AL	NC_063216.1	51100001	51200000	0.0011207728749392	69787	3616569	3226852720	2907830
AL	NC_063216.1	51200001	51300000	4.20316724481482e-05	83409	157988	3758784526	3801334
AL	NC_063216.1	51300001	51400000	2.5602611904827965e-05	83490	97385	3803713479	3666590
AL	NC_063216.1	51400001	51500000	4.4011518206810005e-05	83044	164050	3727433333	3838198
AL	NC_063216.1	51500001	51600000	7.297487804010347e-05	81642	264437	3623671695	3904830
AL	NC_063216.1	51600001	51700000	2.19470814689276e-05	84018	83697	3813582235	3741534
AL	NC_063216.1	51700001	51800000	2.510152569927598e-05	83198	96470	3843192687	3477078
AL	NC_063216.1	51800001	51900000	1.987948039717973e-05	80994	69956	3519005457	4132186
AL	NC_063216.1	51900001	52000000	2.488705311961932e-05	79241	86301	3467706666	3964078
AL	NC_063216.1	52000001	52100000	3.507419085650769e-05	78237	118877	3389301281	4029472
AL	NC_063216.1	52100001	52200000	2.8410234862765484e-05	75257	90481	3184802957	4126000
AL	NC_063216.1	52200001	52300000	7.804375200398593e-06	78097	26091	3343124764	4152466
AL	NC_063216.1	52300001	52400000	0.000124772608647	81618	435460	3490028819	4353550
AL	NC_063216.1	52400001	52500000	0.0001442106951297	80522	480362	3330973473	4682450
AL	NC_063216.1	52500001	52600000	0.00012630130575	79616	422220	3342958313	4458422
AL	NC_063216.1	52600001	52700000	6.00139398609529e-05	80836	202490	3374049437	4598710
AL	NC_063216.1	52700001	52800000	2.6588116719797087e-05	78371	86532	3254536638	4511634
AL	NC_063216.1	52800001	52900000	1.9885962446271365e-05	83985	74105	3726498036	4032858
AL	NC_063216.1	52900001	53000000	5.789530390007154e-05	79112	198875	3435079991	4042130
AL	NC_063216.1	53000001	53100000	0.0001877421553524	82688	704649	3753280656	3677312
AL	NC_063216.1	53100001	53200000	0.0001646900825076	84271	654138	3971933161	3269244
AL	NC_063216.1	53200001	53300000	0.0001115648133746	81721	414295	3713491624	3622082
AL	NC_063216.1	53300001	53400000	2.4876848095149237e-05	82700	95233	3828177896	3436552
AL	NC_063216.1	53400001	53500000	8.653594807873616e-05	79328	317755	3671942205	3300534
AL	NC_063216.1	53500001	53600000	5.437637349362188e-05	80776	194084	3569270761	3916198
AL	NC_063216.1	53600001	53700000	0.0002193064066866	82669	834849	3806769773	3499544
AL	NC_063216.1	53700001	53800000	9.60102640508354e-05	82408	361802	3768367930	3574908
AL	NC_063216.1	53800001	53900000	8.833371416190628e-05	80410	316730	3585607183	3790182
AL	NC_063216.1	53900001	54000000	0.0002048554005253	81090	721644	3522699417	4150050
AL	NC_063216.1	54000001	54100000	0.00014557162681	80429	506827	3481633139	4146388
AL	NC_063216.1	54100001	54200000	0.0001742026206204	82875	624335	3583958713	4281732
AL	NC_063216.1	54200001	54300000	0.0001142020381854	82966	421948	3694750170	3930872
AL	NC_063216.1	54300001	54400000	0.0002135308238924	82299	764148	3578630879	4184816
AL	NC_063216.1	54400001	54500000	0.0004313035268979	79672	1537619	3565050838	3716244
AL	NC_063216.1	54500001	54600000	0.0001981298312515	81263	719215	3630018738	3814234
AL	NC_063216.1	54600001	54700000	0.0003144755631788	81729	1127649	3585808031	4044900
AL	NC_063216.1	54700001	54800000	0.0004828583430808	82182	1749564	3623348390	4014584
AL	NC_063216.1	54800001	54900000	0.0005270120349202	80515	1897190	3599898815	3765320
AL	NC_063216.1	54900001	55000000	0.0004375699223884	80999	1656758	3786270297	3240164
AL	NC_063216.1	55000001	55100000	0.0004381531603784	82542	1706757	3895343351	3184302
AL	NC_063216.1	55100001	55200000	0.0001366027062297	85151	542940	3974591829	3426492
AL	NC_063216.1	55200001	55300000	0.0002326782953188	80871	884121	3799757080	3177974
AL	NC_063216.1	55300001	55400000	0.000401282967727	84097	1576536	3928738887	3371892
AL	NC_063216.1	55400001	55500000	0.0005001550867192	83725	1963996	3926774019	3314564
AL	NC_063216.1	55500001	55600000	0.0005165845043916	82871	1996633	3865065605	3351412
AL	NC_063216.1	55600001	55700000	0.0002940071595504	81116	1042383	3545434069	4066630
AL	NC_063216.1	55700001	55800000	0.0005095757401247	80017	1881752	3692781763	3358500
AL	NC_063216.1	55800001	55900000	0.0002644555707969	78723	975874	3690124572	3121934
AL	NC_063216.1	55900001	56000000	0.0003519851175411	74028	1242947	3531248732	2736080
AL	NC_063216.1	56000001	56100000	0.0002761777913296	75931	923779	3344870692	3723150
AL	NC_063216.1	56100001	56200000	0.0002633071668535	82230	923468	3507189003	4415222
AL	NC_063216.1	56200001	56300000	0.000281568775147	77239	943157	3349650541	3963716
AL	NC_063216.1	56300001	56400000	0.0004035589180622	81119	1386046	3434556735	4446904
AL	NC_063216.1	56400001	56500000	0.000375149750023	81278	1309853	3491547042	4280416
AL	NC_063216.1	56500001	56600000	0.0002667479181972	80813	921979	3456368118	4312174
AL	NC_063216.1	56600001	56700000	0.0002154781924691	82800	760298	3528422024	4457368
AL	NC_063216.1	56700001	56800000	0.0003693045426318	82973	1379897	3736474483	3789084
AL	NC_063216.1	56800001	56900000	0.0002260747134726	70628	758830	3356545225	2650070
AL	NC_063216.1	56900001	57000000	0.0002848783920994	82248	1064913	3738131882	3642212
AL	NC_063216.1	57000001	57100000	0.0001760132137559	78739	637152	3619910042	3352410
AL	NC_063216.1	57100001	57200000	0.000252057843662	83322	966640	3834992738	3528440
AL	NC_063216.1	57200001	57300000	7.86145359045389e-05	83838	294919	3751456351	3903126
AL	NC_063216.1	57300001	57400000	0.0001544727594672	82751	580721	3759374805	3668924
AL	NC_063216.1	57400001	57500000	0.0001920686641497	83244	729089	3795981001	3644806
AL	NC_063216.1	57500001	57600000	0.0004255403254309	81684	1547573	3636724671	3887586
AL	NC_063216.1	57600001	57700000	0.0004389393947221	83146	1584661	3610204550	4248120
AL	NC_063216.1	57700001	57800000	0.0004898709341065	82211	1871223	3819828591	3365896
AL	NC_063216.1	57800001	57900000	0.0002686253343694	79174	995592	3706247597	3153810
AL	NC_063216.1	57900001	58000000	0.0003712753545034	80614	1361169	3666198102	3562584
AL	NC_063216.1	58000001	58100000	0.0003421253557276	81143	1310291	3829856449	3134516
AL	NC_063216.1	58100001	58200000	0.0001789460074474	85485	717438	4009242845	3377768
AL	NC_063216.1	58200001	58300000	0.0002110647621226	84512	819385	3882149686	3607300
AL	NC_063216.1	58300001	58400000	0.000392957716925	77034	1380422	3512902128	3371988
AL	NC_063216.1	58400001	58500000	0.0004388382089505	81377	1618834	3688908502	3639182
AL	NC_063216.1	58500001	58600000	0.0003320642464771	81058	1221128	3677384762	3617128
AL	NC_063216.1	58600001	58700000	0.0003402983919571	79071	1202545	3533795717	3702908
AL	NC_063216.1	58700001	58800000	0.0002332979465965	76514	773822	3316883030	3931968
AL	NC_063216.1	58800001	58900000	0.0001493114970391	75797	487677	3266171793	3963136
AL	NC_063216.1	58900001	59000000	0.0001845226669289	71263	578744	3136438518	3514114
AL	NC_063216.1	59000001	59100000	8.490158238353966e-05	77204	280327	3301787695	4124002
AL	NC_063216.1	59100001	59200000	0.0003326150228232	80990	1151612	3462297013	4321418
AL	NC_063216.1	59200001	59300000	0.0004073476689503	80509	1399121	3434709725	4320664
AL	NC_063216.1	59300001	59400000	0.0003877352182463	80376	1384032	3569528727	3836162
AL	NC_063216.1	59400001	59500000	0.0001434139192785	83417	559555	3901678462	3334574
AL	NC_063216.1	59500001	59600000	0.0002344664496127	81319	867175	3698503566	3588218
AL	NC_063216.1	59600001	59700000	0.0004336928843373	82724	1703142	3927069273	3111422
AL	NC_063216.1	59700001	59800000	0.0005201346281668	83272	2039083	3920298495	3237146
AL	NC_063216.1	59800001	59900000	0.0002663553959096	83899	1033504	3880169187	3488136
AL	NC_063216.1	59900001	60000000	0.0004863732800168	78148	1834898	3772612673	2743422
AL	NC_063216.1	60000001	60100000	0.0002308779770026	85222	930928	4032121262	3258792
AL	NC_063216.1	60100001	60200000	8.075087943624834e-05	85248	329861	4084921456	3089064
AL	NC_063216.1	60200001	60300000	0.0006373380696788	82945	2391690	3752623786	3733022
AL	NC_063216.1	60300001	60400000	0.0003275770673711	80346	1193173	3642419201	3590706
AL	NC_063216.1	60400001	60500000	0.0002239284078776	82941	821262	3667520382	4014702
AL	NC_063216.1	60500001	60600000	0.0002259169033333	80384	794976	3518886760	4010240
AL	NC_063216.1	60600001	60700000	7.020604242190088e-05	82857	254051	3618648641	4160328
AL	NC_063216.1	60700001	60800000	4.592520058972418e-05	78121	156715	3412396636	3920914
AL	NC_063216.1	60800001	60900000	0.0001351009899528	65391	383899	2841570592	3336718
AL	NC_063216.1	60900001	61000000	0.0001068354560651	81709	376767	3526610115	4245764
AL	NC_063216.1	61000001	61100000	8.063535350793804e-05	83334	286277	3550266571	4487414
AL	NC_063216.1	61100001	61200000	2.883158336284216e-05	82247	103092	3575662103	4182544
AL	NC_063216.1	61200001	61300000	0.0001248086676764	81535	452112	3622440720	3889758
AL	NC_063216.1	61300001	61400000	0.0002045560044116	84164	779567	3811019883	3769370
AL	NC_063216.1	61400001	61500000	0.0002886060713526	81567	1093988	3790592467	3335416
AL	NC_063216.1	61500001	61600000	0.0004106292204784	83947	1578998	3845313293	3622644
AL	NC_063216.1	61600001	61700000	0.0005813279361887	79964	2071071	3562655209	3783638
AL	NC_063216.1	61700001	61800000	0.000390110445315	79043	1342297	3440812765	4014076
AL	NC_063216.1	61800001	61900000	0.0004082987080778	71916	1256669	3077817723	3830122
AL	NC_063216.1	61900001	62000000	0.0002048573025079	69645	624755	3049708223	3481044
AL	NC_063216.1	62000001	62100000	0.0002031522654142	77549	658728	3242533371	4392972
AL	NC_063216.1	62100001	62200000	0.0002789394284097	77239	925666	3318519742	4068778
AL	NC_063216.1	62200001	62300000	0.0001581338280685	67204	464458	2937119816	3382512
AL	NC_063216.1	62300001	62400000	0.0004518870735365	74502	1440515	3187776514	3973472
AL	NC_063216.1	62400001	62500000	0.000432636653412	72899	1319937	3050913485	4122324
AL	NC_063216.1	62500001	62600000	0.0010098812332585	71251	3008603	2979165174	4035890
AL	NC_063216.1	62600001	62700000	0.0005437565330439	78949	1823320	3353191896	4292322
AL	NC_063216.1	62700001	62800000	0.0002374261296104	77172	791418	3333323090	4009308
AL	NC_063216.1	62800001	62900000	0.0004483889531358	76085	1479689	3300012165	3906016
AL	NC_063216.1	62900001	63000000	0.0002211855098044	77231	746688	3375845012	3871998
AL	NC_063216.1	63000001	63100000	0.000247025844692	81050	860956	3485287141	4257946
AL	NC_063216.1	63100001	63200000	0.0002885050422321	76744	939505	3256459550	4179204
AL	NC_063216.1	63200001	63300000	0.0001669116730469	79330	580970	3480703233	3940162
AL	NC_063216.1	63300001	63400000	0.0002502629997636	77135	847215	3385298669	3826908
AL	NC_063216.1	63400001	63500000	0.0002288823355221	76488	767947	3355204316	3802408
AL	NC_063216.1	63500001	63600000	0.0003428399227105	78274	1181084	3445001360	3846620
AL	NC_063216.1	63600001	63700000	9.445814727725094e-05	80556	326938	3461194290	4242236
AL	NC_063216.1	63700001	63800000	0.0001259521531793	78242	430777	3420163841	3927738
AL	NC_063216.1	63800001	63900000	0.0001250104024037	79867	430686	3445201293	4159476
AL	NC_063216.1	63900001	64000000	0.0002123685713923	75619	706759	3327983022	3716738
AL	NC_063216.1	64000001	64100000	0.0001277395975553	82899	486426	3807949996	3540542
AL	NC_063216.1	64100001	64200000	0.0001583925786087	82107	554900	3503320704	4407126
AL	NC_063216.1	64200001	64300000	0.0003297152498324	78653	1160014	3518229747	3681492
AL	NC_063216.1	64300001	64400000	0.0002372105765483	77858	855957	3608426793	3218586
AL	NC_063216.1	64400001	64500000	0.0002491126621162	84645	1021243	4099522647	2917084
AL	NC_063216.1	64500001	64600000	0.0003820338290783	83055	1578300	4131309533	2517396
AL	NC_063216.1	64600001	64700000	0.0005093164320778	78126	2004950	3936550784	2209964
AL	NC_063216.1	64700001	64800000	0.0004799004480719	68923	1647138	3432249348	2076390
AL	NC_063216.1	64800001	64900000	0.0001816515195428	83746	737727	4061221188	2873420
AL	NC_063216.1	64900001	65000000	0.0002046791886737	80471	745390	3641747873	3620108
AL	NC_063216.1	65000001	65100000	0.0002311335918774	82237	919160	3976747787	2858660
AL	NC_063216.1	65100001	65200000	0.0002349021804621	82989	903941	3848159256	3421970
AL	NC_063216.1	65200001	65300000	0.0001433462377371	85173	586654	4092566427	3050500
AL	NC_063216.1	65300001	65400000	0.0002743612984666	80416	1002973	3655665014	3555756
AL	NC_063216.1	65400001	65500000	0.0003845092211657	81704	1476191	3839156303	3205162
AL	NC_063216.1	65500001	65600000	0.0002277033969469	84540	881535	3871417870	3657292
AL	NC_063216.1	65600001	65700000	0.0004707965468597	85846	2051229	4356932976	2332180
AL	NC_063216.1	65700001	65800000	0.000456180416579	79645	1744862	3824938416	2855762
AL	NC_063216.1	65800001	65900000	0.0002411678492215	82370	918588	3808915670	3437152
AL	NC_063216.1	65900001	66000000	0.0001870638115816	78821	660840	3532698251	3657092
AL	NC_063216.1	66000001	66100000	0.0002869724698773	82847	1119632	3901531044	3229534
AL	NC_063216.1	66100001	66200000	0.0003162324050635	83595	1251734	3958272397	3184724
AL	NC_063216.1	66200001	66300000	0.0003975192166867	82824	1648143	4146071261	2424310
AL	NC_063216.1	66300001	66400000	0.0004346887735728	75931	1597839	3675823019	2632512
AL	NC_063216.1	66400001	66500000	0.0002836813888004	85689	1145777	4038957243	3317876
AL	NC_063216.1	66500001	66600000	0.0001787977236812	83345	695858	3891872814	3350094
AL	NC_063216.1	66600001	66700000	0.0004254258280149	80592	1612482	3790277632	3153584
AL	NC_063216.1	66700001	66800000	0.0005310222704718	81873	2038230	3838313595	3244836
AL	NC_063216.1	66800001	66900000	0.0003211491139957	81766	1230227	3830703391	3246158
AL	NC_063216.1	66900001	67000000	0.0003940122545814	83882	1612564	4092674736	2796380
AL	NC_063216.1	67000001	67100000	0.0004676620812706	82453	1837135	3928338588	3052210
AL	NC_063216.1	67100001	67200000	0.0004302584600965	83555	1721186	4000353647	3035136
AL	NC_063216.1	67200001	67300000	0.0001496092124253	82938	572064	3823721753	3505650
AL	NC_063216.1	67300001	67400000	0.0006396749818903	82872	2456387	3840054824	3426256
AL	NC_063216.1	67400001	67500000	0.0005847055469434	84046	2281485	3901938355	3449910
AL	NC_063216.1	67500001	67600000	0.0005909915308852	85554	2394724	4052044530	3250808
AL	NC_063216.1	67600001	67700000	0.0005377633781766	84128	2148353	3994978251	3164146
AL	NC_063216.1	67700001	67800000	0.0005125622943798	76873	1751303	3416761278	3661478
AL	NC_063216.1	67800001	67900000	0.0005799980979451	80601	2143083	3694982807	3469260
AL	NC_063216.1	67900001	68000000	0.0004970901611382	82525	1901349	3824958023	3411764
AL	NC_063216.1	68000001	68100000	0.0004660617067202	80555	1741846	3737372058	3314994
AL	NC_063216.1	68100001	68200000	0.0004542490900726	82582	1738166	3826460059	3417230
AL	NC_063216.1	68200001	68300000	0.0005425526006496	84856	2090167	3852468862	3772156
AL	NC_063216.1	68300001	68400000	0.0004446194204092	84321	1699007	3821261335	3771836
AL	NC_063216.1	68400001	68500000	0.0003460248599759	79404	1237008	3574910774	3629060
AL	NC_063216.1	68500001	68600000	0.0003420931144194	82925	1267049	3703813221	3896664
AL	NC_063216.1	68600001	68700000	0.0001519229254226	81470	541076	3561516463	4079438
AL	NC_063216.1	68700001	68800000	0.000333728363066	79516	1203562	3606412080	3543000
AL	NC_063216.1	68800001	68900000	0.0003430678147402	83012	1302252	3795902571	3598530
AL	NC_063216.1	68900001	69000000	0.0003198762447727	78985	1170487	3659187011	3273396
AL	NC_063216.1	69000001	69100000	0.0005375576894758	81909	2017341	3752789774	3526726
AL	NC_063216.1	69100001	69200000	0.0002771749104975	82969	1065759	3845077457	3428248
AL	NC_063216.1	69200001	69300000	0.0004891085172318	78933	1765201	3609017095	3431308
AL	NC_063216.1	69300001	69400000	0.0004600076601603	81184	1701624	3699121009	3560206
AL	NC_063216.1	69400001	69500000	0.0003720310356822	81975	1376678	3700438587	3708704
AL	NC_063216.1	69500001	69600000	0.0005039394593884	77874	1789747	3551511926	3406992
AL	NC_063216.1	69600001	69700000	0.0005984916679044	80796	2085442	3484496296	4204160
AL	NC_063216.1	69700001	69800000	0.0006592003799511	79413	2270506	3444333573	4077672
AL	NC_063216.1	69800001	69900000	0.0004833218426803	78360	1660330	3435247186	3894348
AL	NC_063216.1	69900001	70000000	0.0002118410050784	80550	748340	3532554992	4000260
AL	NC_063216.1	70000001	70100000	0.000231662749617	80430	790448	3412063447	4382374
AL	NC_063216.1	70100001	70200000	0.0006080947292722	78868	2002194	3292569239	4477802
AL	NC_063216.1	70200001	70300000	0.0005895321228994	79039	2008232	3406484434	4127618
AL	NC_063216.1	70300001	70400000	0.0006969996217807	81340	2519496	3614773841	3870862
AL	NC_063216.1	70400001	70500000	0.0006307657660672	75988	2173844	3446356979	3392322
AL	NC_063216.1	70500001	70600000	0.000715289761312	79333	2515231	3516380544	3811386
AL	NC_063216.1	70600001	70700000	0.0004107744222043	82972	1470688	3580281343	4314130
AL	NC_063216.1	70700001	70800000	0.0002867335126181	81679	1007788	3514719960	4280118
AL	NC_063216.1	70800001	70900000	0.000306215747141	80522	1103939	3605101992	3752772
AL	NC_063216.1	70900001	71000000	0.0007372270953649	80687	2621730	3556204074	3945250
AL	NC_063216.1	71000001	71100000	0.0004858105721522	82517	1696099	3491276430	4525950
AL	NC_063216.1	71100001	71200000	0.0005798831678411	83270	2062127	3556107703	4454470
AL	NC_063216.1	71200001	71300000	0.0003706334593854	83508	1367325	3689156943	4046834
AL	NC_063216.1	71300001	71400000	0.0004721914125541	79994	1680955	3559901674	3788312
AL	NC_063216.1	71400001	71500000	0.0004541916805456	83789	1707356	3759108925	3868856
AL	NC_063216.1	71500001	71600000	0.000603231449946	79649	2100633	3482300202	3984558
AL	NC_063216.1	71600001	71700000	0.0007178769826638	77483	2361478	3289530180	4210286
AL	NC_063216.1	71700001	71800000	0.000642889858765	82925	2369218	3685262674	3956502
AL	NC_063216.1	71800001	71900000	0.0003522395686655	84844	1389658	3945206966	3460308
AL	NC_063216.1	71900001	72000000	0.0006702675222405	74977	2343725	3496700828	3027594
AL	NC_063216.1	72000001	72100000	0.0003369008242634	51754	790853	2347435634	2306256
AL	NC_063216.1	72100001	72200000	0.0006188041709951	79949	2228002	3600496093	3645840
AL	NC_063216.1	72200001	72300000	0.0006364455341661	76399	2236159	3513511966	3246874
AL	NC_063216.1	72300001	72400000	0.000659816987664	81259	2426216	3677104478	3648482
AL	NC_063216.1	72400001	72500000	0.0006527461154176	82487	2451773	3756089760	3625886
AL	NC_063216.1	72500001	72600000	0.0005457311871939	84494	2167114	3971028321	3305698
AL	NC_063216.1	72600001	72700000	0.0003561476999333	82938	1431694	4019944535	2846694
AL	NC_063216.1	72700001	72800000	0.0005045853746309	83452	2072419	4107172154	2672628
AL	NC_063216.1	72800001	72900000	0.0005367774717534	83799	2210148	4117438075	2699432
AL	NC_063216.1	72900001	73000000	0.0005631000050986	86049	2345992	4166208451	2968612
AL	NC_063216.1	73000001	73100000	0.0003997564121886	83081	1607927	4022266938	2866638
AL	NC_063216.1	73100001	73200000	0.0005877188659516	86534	2480937	4221298896	2880580
AL	NC_063216.1	73200001	73300000	0.0006851600855617	85174	2921233	4263577318	2488048
AL	NC_063216.1	73300001	73400000	0.0003001653604694	87964	1311881	4370527625	2677022
AL	NC_063216.1	73400001	73500000	0.0004005425246639	85954	1719830	4293751335	2549750
AL	NC_063216.1	73500001	73600000	0.0006206916795104	84355	2624135	4227759267	2454096
AL	NC_063216.1	73600001	73700000	0.0008142726123762	82955	3403373	4179648128	2341438
AL	NC_063216.1	73700001	73800000	0.0004409210930617	85829	1839524	4172002721	2905056
AL	NC_063216.1	73800001	73900000	0.0005322683817764	84841	2215682	4162715795	2747956
AL	NC_063216.1	73900001	74000000	0.0006839965844694	84115	2752827	4024620974	3058970
AL	NC_063216.1	74000001	74100000	0.0008357096742011	80664	3195551	3823757339	3061330
AL	NC_063216.1	74100001	74200000	0.0005152096107618	84007	2076493	4030384831	3022288
AL	NC_063216.1	74200001	74300000	0.0005220878360233	82519	2052443	3931221642	3060994
AL	NC_063216.1	74300001	74400000	0.000450350593695	81481	1749487	3884722313	3008384
AL	NC_063216.1	74400001	74500000	0.0004083598316392	82603	1585393	3882343162	3225394
AL	NC_063216.1	74500001	74600000	0.0004246742843309	81675	1626913	3830966602	3219354
AL	NC_063216.1	74600001	74700000	0.0002649945537192	82176	1015296	3831384403	3311386
AL	NC_063216.1	74700001	74800000	0.0004897769892344	81151	1771733	3617428011	3824032
AL	NC_063216.1	74800001	74900000	0.0004049978706995	82599	1528947	3775197626	3579626
AL	NC_063216.1	74900001	75000000	0.0006108746822121	77853	2147700	3515778379	3516908
AL	NC_063216.1	75000001	75100000	0.0005630723209923	82454	2064474	3666445540	3917076
AL	NC_063216.1	75100001	75200000	0.000723574263759	73621	2451859	3388538154	3118654
AL	NC_063216.1	75200001	75300000	0.0004405190177422	80384	1600095	3632294942	3623572
AL	NC_063216.1	75300001	75400000	0.0006313542992047	80136	2303511	3648523504	3521440
AL	NC_063216.1	75400001	75500000	0.0003741245119341	82653	1405465	3756677136	3651562
AL	NC_063216.1	75500001	75600000	0.0002301591280011	83369	895978	3892863202	3338094
AL	NC_063216.1	75600001	75700000	0.0003317680150611	82369	1307877	3942143126	2984510
AL	NC_063216.1	75700001	75800000	0.0005755600581385	82007	2262420	3930814809	2954972
AL	NC_063216.1	75800001	75900000	0.0006527640426155	72175	2404935	3684233265	1893844
AL	NC_063216.1	75900001	76000000	0.0006262888580183	81293	2437841	3892518554	2945678
AL	NC_063216.1	76000001	76100000	0.000552978841583	85056	2318406	4192576326	2690196
AL	NC_063216.1	76100001	76200000	0.0006445624649772	80464	2587733	4014712523	2395178
AL	NC_063216.1	76200001	76300000	0.0008680387719266	82531	3493931	4025086336	2749470
AL	NC_063216.1	76300001	76400000	0.0007196872992879	83861	2895564	4023364040	3007386
AL	NC_063216.1	76400001	76500000	0.0009054501128709	81861	3657802	4039760941	2574936
AL	NC_063216.1	76500001	76600000	0.0007374340537006	81035	3069401	4162271846	2039386
AL	NC_063216.1	76600001	76700000	0.0005904376924274	66298	1971050	3338286199	1877798
AL	NC_063216.1	76700001	76800000	0.0006024100933832	81829	2439908	4050244222	2540910
AL	NC_063216.1	76800001	76900000	0.0007761723115781	80120	3190219	4110194286	2035748
AL	NC_063216.1	76900001	77000000	0.000643123038564	83523	2624366	4080659287	2762040
AL	NC_063216.1	77000001	77100000	0.0009543107444551	78154	3825891	4009062061	1978066
AL	NC_063216.1	77100001	77200000	0.0008083280920349	75940	3104428	3840554387	2093706
AL	NC_063216.1	77200001	77300000	0.0007546702097725	80288	3092438	4097734295	2095274
AL	NC_063216.1	77300001	77400000	0.0007116406698167	73832	2663647	3742966237	2006558
AL	NC_063216.1	77400001	77500000	0.0006699866470624	82152	2834979	4231396271	2025306
AL	NC_063216.1	77500001	77600000	0.00077701453324	80939	3289093	4232987749	1794940
AL	NC_063216.1	77600001	77700000	0.0010799491122326	79820	4418282	4091194622	2029540
AL	NC_063216.1	77700001	77800000	0.0008796963659896	77897	3554087	4040129228	1832290
AL	NC_063216.1	77800001	77900000	0.0007105352043814	74603	2752642	3874040277	1743540
AL	NC_063216.1	77900001	78000000	0.0005614555829685	73826	2058340	3666078070	2255392
AL	NC_063216.1	78000001	78100000	0.000784752385932	76473	3048814	3885064964	2054138
AL	NC_063216.1	78100001	78200000	0.000806842438335	74769	3134409	3884784502	1738878
AL	NC_063216.1	78200001	78300000	0.0009053838870561	71058	3374010	3726607076	1544844
AL	NC_063216.1	78300001	78400000	0.0008850882170028	72997	3346437	3780907864	1737082
AL	NC_063216.1	78400001	78500000	0.0008172924073019	74731	3198652	3913717993	1643580
AL	NC_063216.1	78500001	78600000	0.0005737707007349	70435	2125613	3704638451	1503840
AL	NC_063216.1	78600001	78700000	0.0007604154819327	60074	2402780	3159825197	1287322
AL	NC_063216.1	78700001	78800000	0.001047621395119	68929	3807415	3634342538	1443070
AL	NC_063216.1	78800001	78900000	0.0006477818054102	71130	2388277	3686854092	1688140
AL	NC_063216.1	78900001	79000000	0.0008423495250628	73153	3285127	3899957087	1398052
AL	NC_063216.1	79000001	79100000	0.0010475426805527	62537	3428000	3272420364	1394074
AL	NC_063216.1	79100001	79200000	0.0009379258071506	44718	2024563	2158553464	1578228
AL	NC_063216.1	79200001	79300000	0.0007744164088505	54689	2181106	2816451169	1359104
AL	NC_063216.1	79300001	79400000	0.0002580987509653	35435	432760	1676722566	1358906
AL	NC_063216.1	79400001	79500000	0.0008727072954456	34785	1363499	1562378368	1604226
AL	NC_063216.1	79500001	79600000	0.0008284861926963	55718	2344272	2829584875	1512238
AL	NC_063216.1	79600001	79700000	0.0012176513325718	42393	2441560	2005138856	1620634
AL	NC_063216.1	79700001	79800000	0.0006342429727108	35821	1050205	1655840183	1499156
AL	NC_063216.1	79800001	79900000	0.0003492567267969	60952	1041055	2980772939	2019618
AL	NC_063216.1	79900001	80000000	0.0001429840399925	74649	535927	3748159585	2152808
AL	NC_063216.1	80000001	80100000	7.200434461116382e-05	13983	50198	697152377	424996
AL	NC_063217.1	1	100000	0.0001415595847104	16723	123902	875263941	376180
AL	NC_063217.1	100001	200000	0.0	2338	0	113113396	82356
AL	NC_063217.1	200001	300000	0.0	22	0	907781	1282
AL	NC_063217.1	300001	400000	0.0	1893	0	88955878	75014
AL	NC_063217.1	400001	500000	0.0	3297	0	160634737	112264
AL	NC_063217.1	500001	600000	0.000213604265841	32634	368544	1725358801	673018
AL	NC_063217.1	600001	700000	0.0001847123706599	67472	632434	3423885459	1828634
AL	NC_063217.1	700001	800000	0.0001246270088753	74413	462046	3707430710	2233382
AL	NC_063217.1	800001	900000	3.4471840882608684e-05	77069	141637	4108773897	1470480
AL	NC_063217.1	900001	1000000	0.0001336544723791	75382	542245	4057065883	1318894
AL	NC_063217.1	1000001	1100000	0.0004187507412421	67421	1481334	3537507768	1469018
AL	NC_063217.1	1100001	1200000	0.0003005225117087	66768	1042290	3468259313	1567326
AL	NC_063217.1	1200001	1300000	0.0006595903780049	66507	2281925	3459609291	1542296
AL	NC_063217.1	1300001	1400000	0.0006898518245328	66096	2375544	3443556885	1519062
AL	NC_063217.1	1400001	1500000	0.0004433738442445	66808	1583392	3571234570	1249604
AL	NC_063217.1	1500001	1600000	0.0006030871063552	67606	2192297	3635124971	1199134
AL	NC_063217.1	1600001	1700000	0.0006844688608629	62841	2289234	3344540754	1222806
AL	NC_063217.1	1700001	1800000	0.0005795051303497	70972	2165962	3737606255	1498130
AL	NC_063217.1	1800001	1900000	0.0002824542524988	69366	1039210	3679215274	1380736
AL	NC_063217.1	1900001	2000000	0.0005081275493502	64052	1720823	3386596539	1307634
AL	NC_063217.1	2000001	2100000	5.634954256840083e-05	57981	171473	3043023815	1258004
AL	NC_063217.1	2100001	2200000	0.0002982947596068	45723	636170	2132689159	1847848
AL	NC_063217.1	2200001	2300000	0.0005851586950686	33490	915556	1564628549	1350010
AL	NC_063217.1	2300001	2400000	0.0008542915905226	36313	1510210	1767792188	1236322
AL	NC_063217.1	2400001	2500000	0.0008395119977812	48017	1922076	2289515820	1781650
AL	NC_063217.1	2500001	2600000	0.0010302363849036	42503	1948705	1891512500	2017726
AL	NC_063217.1	2600001	2700000	0.0005824591363439	69402	2017888	3464428445	2073394
AL	NC_063217.1	2700001	2800000	0.0005071910018516	77386	1957463	3859419810	2313488
AL	NC_063217.1	2800001	2900000	0.0007349813427544	74779	2870244	3905193007	1676384
AL	NC_063217.1	2900001	3000000	0.0007943084186937	81036	3297922	4151941390	2066100
AL	NC_063217.1	3000001	3100000	0.0007508784032819	71630	2833249	3773246091	1505782
AL	NC_063217.1	3100001	3200000	0.0006537378360793	76689	2640819	4039568852	1617250
AL	NC_063217.1	3200001	3300000	0.0006099229410625	74321	2386432	3912677880	1573914
AL	NC_063217.1	3300001	3400000	0.00061234743465	73991	2376975	3881742399	1607440
AL	NC_063217.1	3400001	3500000	0.0006475433153874	79426	2682539	4142640247	1798438
AL	NC_063217.1	3500001	3600000	0.0004917966096831	79150	1992190	4050841264	2032956
AL	NC_063217.1	3600001	3700000	0.0006843958332906	77719	2591304	3786265015	2602080
AL	NC_063217.1	3700001	3800000	0.0006207632076243	80316	2345421	3778286102	3127228
AL	NC_063217.1	3800001	3900000	0.0009925986201254	76543	3659740	3687029103	2701232
AL	NC_063217.1	3900001	4000000	0.0007951566369775	78073	2999222	3771863128	2717090
AL	NC_063217.1	4000001	4100000	0.0003509973999183	78439	1325023	3775022266	2781786
AL	NC_063217.1	4100001	4200000	0.0007602588979874	77238	2773532	3648141452	2964916
AL	NC_063217.1	4200001	4300000	0.0005952037306816	78641	2149323	3611071116	3356722
AL	NC_063217.1	4300001	4400000	0.0005849428271374	77418	2122269	3628164842	3065136
AL	NC_063217.1	4400001	4500000	0.0007718683498069	80103	2827605	3663325489	3463356
AL	NC_063217.1	4500001	4600000	0.00089452590809	79063	3236459	3618071842	3413946
AL	NC_063217.1	4600001	4700000	0.0005368669407483	81212	1963230	3656827886	3701428
AL	NC_063217.1	4700001	4800000	0.0003425001274119	77503	1236258	3609511066	3141602
AL	NC_063217.1	4800001	4900000	0.00063343976858	80466	2316030	3656275016	3558508
AL	NC_063217.1	4900001	5000000	0.0004855081064505	76405	1723860	3550630725	3123280
AL	NC_063217.1	5000001	5100000	0.0005491984499493	82158	2031486	3699001700	3746924
AL	NC_063217.1	5100001	5200000	0.0004003243069932	79521	1419965	3547036678	3741422
AL	NC_063217.1	5200001	5300000	0.0007375149002944	79908	2645491	3587033969	3683478
AL	NC_063217.1	5300001	5400000	0.0007192027470687	77642	2627534	3653398170	3023176
AL	NC_063217.1	5400001	5500000	0.0007621907244282	76154	2802095	3676369851	2668814
AL	NC_063217.1	5500001	5600000	0.0003986894896566	78710	1447980	3631848939	3301582
AL	NC_063217.1	5600001	5700000	0.0006277899385595	80202	2386135	3800849382	3032704
AL	NC_063217.1	5700001	5800000	0.0004909642515471	82522	2009963	4093909065	2529882
AL	NC_063217.1	5800001	5900000	0.0005274235995545	82500	2159775	4094953282	2528508
AL	NC_063217.1	5900001	6000000	0.0005671610704289	84940	2519402	4442127874	1891276
AL	NC_063217.1	6000001	6100000	0.0005299857833033	83938	2273355	4289464117	2181554
AL	NC_063217.1	6100001	6200000	0.0005125697870549	83202	2112877	4122125520	2576908
AL	NC_063217.1	6200001	6300000	0.0007574635791369	86741	3223476	4255618473	2814672
AL	NC_063217.1	6300001	6400000	0.0004785049513996	82241	1972612	4122448460	2391978
AL	NC_063217.1	6400001	6500000	0.0008359380105733	82451	3476618	4158942357	2313716
AL	NC_063217.1	6500001	6600000	0.0006850269866657	78236	2719247	3969547263	2121962
AL	NC_063217.1	6600001	6700000	0.0005608546866855	85933	2412630	4301702486	2512998
AL	NC_063217.1	6700001	6800000	0.0004692557826109	85976	1976959	4212966730	2801420
AL	NC_063217.1	6800001	6900000	0.0006474301075381	81521	2491774	3848715052	3129738
AL	NC_063217.1	6900001	7000000	0.0006854619392982	81179	2470406	3604001708	3881542
AL	NC_063217.1	7000001	7100000	0.0003925017694788	83475	1563958	3984588406	3065922
AL	NC_063217.1	7100001	7200000	0.000611589548261	82367	2351614	3845085330	3307306
AL	NC_063217.1	7200001	7300000	0.0002508897372916	82345	961320	3831643376	3350986
AL	NC_063217.1	7300001	7400000	0.0003847006533587	84190	1506293	3915493740	3438668
AL	NC_063217.1	7400001	7500000	0.0003345319801748	81748	1312521	3923454491	2943714
AL	NC_063217.1	7500001	7600000	0.0003803806785393	78088	1384492	3639753747	3153610
AL	NC_063217.1	7600001	7700000	0.0003331599313999	85654	1322659	3970042239	3527950
AL	NC_063217.1	7700001	7800000	0.0004626751804373	84687	1880623	4064672322	3032762
AL	NC_063217.1	7800001	7900000	0.0004538076646889	79540	1761287	3881131010	2652500
AL	NC_063217.1	7900001	8000000	0.0003248892137892	85003	1328971	4090535923	3023352
AL	NC_063217.1	8000001	8100000	0.0005434796352238	80287	2166988	3987247837	2454148
AL	NC_063217.1	8100001	8200000	0.0004401605241559	82445	1747770	3970755904	2907482
AL	NC_063217.1	8200001	8300000	0.0004550150825563	85664	1898848	4173153974	2872860
AL	NC_063217.1	8300001	8400000	0.0002514799939236	85460	1045178	4156107942	2886356
AL	NC_063217.1	8400001	8500000	0.0004366625250127	84960	1874414	4292591859	2359666
AL	NC_063217.1	8500001	8600000	0.0004282126044223	83570	1767705	4128101279	2622494
AL	NC_063217.1	8600001	8700000	0.0003129553198823	83371	1230152	3930759191	3227000
AL	NC_063217.1	8700001	8800000	0.0005128163266751	85457	2151408	4195279846	2769966
AL	NC_063217.1	8800001	8900000	0.000286178298488	86087	1209128	4225086271	2787928
AL	NC_063217.1	8900001	9000000	0.0005234522324045	83151	2093186	3998809959	2974696
AL	NC_063217.1	9000001	9100000	0.0003492518583297	81893	1337599	3829898018	3277366
AL	NC_063217.1	9100001	9200000	0.0003360565903919	83616	1407847	4189315253	2445222
AL	NC_063217.1	9200001	9300000	0.0005433186367115	79394	1961248	3609756536	3506716
AL	NC_063217.1	9300001	9400000	0.0002944966958119	83804	1124933	3819849309	3676950
AL	NC_063217.1	9400001	9500000	0.0001501486217119	83469	586101	3903472395	3333588
AL	NC_063217.1	9500001	9600000	0.0001983938132429	84539	803624	4050650506	3056282
AL	NC_063217.1	9600001	9700000	0.0003418400964876	84124	1318746	3857786180	3614080
AL	NC_063217.1	9700001	9800000	0.0004047964187136	80511	1516266	3745749542	3282346
AL	NC_063217.1	9800001	9900000	0.0005180518700683	80280	1892382	3652881322	3540172
AL	NC_063217.1	9900001	10000000	0.0004999536645981	83525	1932927	3866212285	3469240
AL	NC_063217.1	10000001	10100000	0.0004181856619021	83506	1611845	3854376529	3501610
AL	NC_063217.1	10100001	10200000	0.0006623891934453	82747	2573599	3885327577	3253700
AL	NC_063217.1	10200001	10300000	0.0006942133514137	72070	2318975	3340435610	2974432
AL	NC_063217.1	10300001	10400000	0.0004104043287352	79374	1495880	3644893329	3390994
AL	NC_063217.1	10400001	10500000	0.0006086952194595	76949	2185875	3591082910	3101710
AL	NC_063217.1	10500001	10600000	0.0009301430428207	76522	3329277	3579317209	3053186
AL	NC_063217.1	10600001	10700000	0.0005417828205286	79752	2121450	3915683406	2591084
AL	NC_063217.1	10700001	10800000	0.0006305648818403	82790	2403533	3811714019	3500822
AL	NC_063217.1	10800001	10900000	0.0005243686262804	84175	2052791	3914786082	3430682
AL	NC_063217.1	10900001	11000000	0.0005740305434225	82769	2256785	3931471985	3109232
AL	NC_063217.1	11000001	11100000	0.0006692634820296	84038	2633590	3935057075	3336070
AL	NC_063217.1	11100001	11200000	0.0003891067600648	75846	1383958	3556756505	3000546
AL	NC_063217.1	11200001	11300000	0.000415594059302	84930	1596688	3841941347	3814582
AL	NC_063217.1	11300001	11400000	0.000864981579038	82842	3370012	3896050600	3240492
AL	NC_063217.1	11400001	11500000	0.0004304054519045	84722	1698683	3946704189	3433074
AL	NC_063217.1	11500001	11600000	0.0003093748629814	83806	1199653	3877667980	3478916
AL	NC_063217.1	11600001	11700000	0.0005448528971507	82098	1996743	3664737786	3850792
AL	NC_063217.1	11700001	11800000	0.0006813962289157	81623	2467311	3620963685	3906724
AL	NC_063217.1	11800001	11900000	0.00048620985355	79577	1759760	3619342527	3512252
AL	NC_063217.1	11900001	12000000	0.0001710252661866	81391	642641	3757579300	3408478
AL	NC_063217.1	12000001	12100000	0.0005470322042901	84798	2136774	3906121035	3579254
AL	NC_063217.1	12100001	12200000	0.000510157247448	83049	1989905	3900571853	3265832
AL	NC_063217.1	12200001	12300000	0.0006712018413799	84127	2696275	4017085225	3093884
AL	NC_063217.1	12300001	12400000	0.0004339998992157	78932	1619339	3731196719	3025914
AL	NC_063217.1	12400001	12500000	0.0001908778325296	82407	723088	3788224072	3505038
AL	NC_063217.1	12500001	12600000	0.0001889410455702	78972	689676	3650217971	3295530
AL	NC_063217.1	12600001	12700000	0.0001546358427183	84547	597672	3865028893	3669844
AL	NC_063217.1	12700001	12800000	0.0001502485627441	80002	554624	3691376409	3365962
AL	NC_063217.1	12800001	12900000	0.0004246131867727	83761	1589756	3744009959	3915420
AL	NC_063217.1	12900001	13000000	0.0004963368985867	84955	1994140	4017714592	3245270
AL	NC_063217.1	13000001	13100000	0.0002071352731796	84430	827374	3994365553	3222474
AL	NC_063217.1	13100001	13200000	0.0001891463805114	81198	702750	3715376409	3509690
AL	NC_063217.1	13200001	13300000	0.0004202970813837	80567	1558367	3707774974	3413506
AL	NC_063217.1	13300001	13400000	0.0002875454340179	82144	1098723	3821041373	3346558
AL	NC_063217.1	13400001	13500000	0.0002350153359453	83080	944397	4018448397	2889582
AL	NC_063217.1	13500001	13600000	0.0004694181967507	82996	1740642	3708083777	3882286
AL	NC_063217.1	13600001	13700000	0.0004784627362518	81949	1806581	3775802927	3462220
AL	NC_063217.1	13700001	13800000	0.0004195096654733	82072	1629349	3883936734	3137364
AL	NC_063217.1	13800001	13900000	0.0005053278834317	83099	1917586	3794736176	3618254
AL	NC_063217.1	13900001	14000000	0.0005335152446367	85534	2128740	3990026567	3451918
AL	NC_063217.1	14000001	14100000	0.0003964486474325	83314	1510055	3808954854	3618856
AL	NC_063217.1	14100001	14200000	0.0004349596911484	79694	1516650	3486874832	3982812
AL	NC_063217.1	14200001	14300000	0.0006049595058361	78349	2158592	3568159487	3447148
AL	NC_063217.1	14300001	14400000	0.0003595527054874	81219	1320370	3672257168	3656958
AL	NC_063217.1	14400001	14500000	5.931455760113436e-05	82106	218733	3687678183	3780734
AL	NC_063217.1	14500001	14600000	0.0004100406162026	80565	1465762	3574675147	3854404
AL	NC_063217.1	14600001	14700000	0.0007463871272827	81683	2745087	3677832722	3734538
AL	NC_063217.1	14700001	14800000	0.0001845849681303	82630	682499	3697478765	3848570
AL	NC_063217.1	14800001	14900000	4.931613171973305e-05	81418	178831	3626217097	3858042
AL	NC_063217.1	14900001	15000000	0.0003694836668688	81333	1427808	3864333198	3064286
AL	NC_063217.1	15000001	15100000	0.0002579154936647	80496	962515	3731900656	3315352
AL	NC_063217.1	15100001	15200000	8.585697902400946e-05	77825	309045	3599532659	3236764
AL	NC_063217.1	15200001	15300000	0.0003087838403757	79399	1132415	3667338934	3316154
AL	NC_063217.1	15300001	15400000	0.0003726082033304	83552	1418921	3808077727	3659290
AL	NC_063217.1	15400001	15500000	9.252215136462322e-05	83760	368735	3985369931	3125578
AL	NC_063217.1	15500001	15600000	7.112250257487239e-05	83890	277855	3906710112	3414924
AL	NC_063217.1	15600001	15700000	8.275336072417053e-05	83168	320172	3868990905	3393094
AL	NC_063217.1	15700001	15800000	0.0001593654538877	84462	634186	3979444632	3279956
AL	NC_063217.1	15800001	15900000	4.106669023997429e-05	84126	159456	3882854914	3524544
AL	NC_063217.1	15900001	16000000	8.697810986383509e-05	83032	332086	3818041120	3534328
AL	NC_063217.1	16000001	16100000	7.695568012811035e-06	84582	30313	3939020479	3430646
AL	NC_063217.1	16100001	16200000	7.864485268100335e-08	79065	289	3674747808	3236282
AL	NC_063217.1	16200001	16300000	1.574826706298138e-07	84130	602	3822642819	3729942
AL	NC_063217.1	16300001	16400000	1.9651853489509373e-06	79920	7125	3625612212	3560840
AL	NC_063217.1	16400001	16500000	3.49287244229578e-05	85142	135999	3893614847	3692262
AL	NC_063217.1	16500001	16600000	0.0002623313430384	81578	961631	3665711420	3760748
AL	NC_063217.1	16600001	16700000	0.000332447200777	82972	1223358	3679856522	3978516
AL	NC_063217.1	16700001	16800000	0.0003970792824263	74804	1312652	3305768037	3627462
AL	NC_063217.1	16800001	16900000	0.0001792184962484	80367	626946	3498221518	4079434
AL	NC_063217.1	16900001	17000000	3.3571291351373834e-05	75992	109532	3262668655	4009114
AL	NC_063217.1	17000001	17100000	9.91222814442759e-05	79400	336019	3389944169	4253534
AL	NC_063217.1	17100001	17200000	0.0002478522512648	79080	852705	3440376255	4018090
AL	NC_063217.1	17200001	17300000	6.912246232023451e-05	79504	232389	3361989608	4368608
AL	NC_063217.1	17300001	17400000	0.0003468973969232	80329	1217410	3509423855	4038708
AL	NC_063217.1	17400001	17500000	0.00046311137451	82187	1643465	3548746782	4270410
AL	NC_063217.1	17500001	17600000	0.0003419069609528	79361	1171575	3426590078	4125198
AL	NC_063217.1	17600001	17700000	0.0006467667453414	81389	2254482	3485772910	4319886
AL	NC_063217.1	17700001	17800000	0.0004648267016566	80635	1614417	3473158909	4217060
AL	NC_063217.1	17800001	17900000	0.000321283901515	81298	1130586	3518962496	4188748
AL	NC_063217.1	17900001	18000000	0.0007149688097462	79895	2500359	3497158150	3989506
AL	NC_063217.1	18000001	18100000	0.0005487545015961	83462	2029118	3697679006	4017920
AL	NC_063217.1	18100001	18200000	0.0005375208976048	83340	1952699	3632787132	4211328
AL	NC_063217.1	18200001	18300000	0.0005716373554711	82874	2074955	3629845006	4129128
AL	NC_063217.1	18300001	18400000	0.0002819230496056	83897	1071790	3801711146	3754846
AL	NC_063217.1	18400001	18500000	0.0001565894589372	83882	605279	3865387901	3533890
AL	NC_063217.1	18500001	18600000	0.0002902791846484	85033	1183853	4078325497	3062240
AL	NC_063217.1	18600001	18700000	0.0002997074900539	84514	1208479	4032194857	3107626
AL	NC_063217.1	18700001	18800000	0.0005131853546653	86352	2039038	3973297331	3657002
AL	NC_063217.1	18800001	18900000	0.0005495930026749	83334	2101928	3824517397	3563730
AL	NC_063217.1	18900001	19000000	0.000636670398179	81798	2417850	3797647899	3356686
AL	NC_063217.1	19000001	19100000	0.0004898799653008	82493	1939360	3958847345	2974192
AL	NC_063217.1	19100001	19200000	0.0004358673501474	79028	1607762	3688649768	3184440
AL	NC_063217.1	19200001	19300000	0.0003110470649479	85100	1243364	3997350048	3343624
AL	NC_063217.1	19300001	19400000	0.0003817297253375	81983	1476547	3868043021	3163660
AL	NC_063217.1	19400001	19500000	0.0004152410823487	76393	1465195	3528540557	3199840
AL	NC_063217.1	19500001	19600000	0.0003287865992688	83848	1218161	3705020225	4072950
AL	NC_063217.1	19600001	19700000	0.000188499586696	83317	697263	3699016068	3978058
AL	NC_063217.1	19700001	19800000	0.0004688723929677	81177	1667461	3556321560	4043802
AL	NC_063217.1	19800001	19900000	0.0006666981869881	79537	2343361	3514875315	3860620
AL	NC_063217.1	19900001	20000000	0.0006844426081491	76771	2264483	3308506766	4007058
AL	NC_063217.1	20000001	20100000	0.000714112544767	77830	2328756	3261049000	4383372
AL	NC_063217.1	20100001	20200000	0.0004714772798166	78093	1579713	3350560181	4128752
AL	NC_063217.1	20200001	20300000	9.007491546437245e-05	68158	263553	2925931139	3605950
AL	NC_063217.1	20300001	20400000	0.0001566398529574	75098	504780	3222551544	3975324
AL	NC_063217.1	20400001	20500000	0.0001956170371134	73693	608934	3112888371	4071140
AL	NC_063217.1	20500001	20600000	0.0001509947772651	76822	486181	3219853089	4330642
AL	NC_063217.1	20600001	20700000	0.0001531089270139	74441	463843	3029496771	4506396
AL	NC_063217.1	20700001	20800000	0.0002591964168827	75216	835366	3222907207	3998610
AL	NC_063217.1	20800001	20900000	0.0002437590335	75751	764372	3135768915	4401856
AL	NC_063217.1	20900001	21000000	0.0002032309592157	79155	692992	3409874178	4153986
AL	NC_063217.1	21000001	21100000	8.862600191279403e-05	78498	279568	3154469275	4884630
AL	NC_063217.1	21100001	21200000	0.0002792967008923	78859	891503	3191956787	4828576
AL	NC_063217.1	21200001	21300000	0.000469541058475	76464	1523699	3245081495	4166914
AL	NC_063217.1	21300001	21400000	0.0004943700694206	69777	1440968	2914755745	3967504
AL	NC_063217.1	21400001	21500000	0.0005026302800451	71362	1548317	3080429217	3723586
AL	NC_063217.1	21500001	21600000	0.0005155244408924	71775	1569264	3044014746	3924706
AL	NC_063217.1	21600001	21700000	0.0001458894236528	68071	422438	2895604009	3688652
AL	NC_063217.1	21700001	21800000	0.0001579822944815	75940	502788	3182559170	4277844
AL	NC_063217.1	21800001	21900000	0.0002840942645372	73404	887003	3122213683	3982514
AL	NC_063217.1	21900001	22000000	0.0003828307789915	75449	1244099	3249736093	3959608
AL	NC_063217.1	22000001	22100000	0.0004971643836858	76833	1564285	3146414046	4582934
AL	NC_063217.1	22100001	22200000	0.0004187169078512	74527	1285212	3069405548	4387526
AL	NC_063217.1	22200001	22300000	0.0005535139197566	73293	1723131	3113076182	3985702
AL	NC_063217.1	22300001	22400000	0.000136099060294	75813	448110	3292528244	3877074
AL	NC_063217.1	22400001	22500000	0.0004379890912325	73115	1418144	3237852331	3536128
AL	NC_063217.1	22500001	22600000	0.0007413543450227	72054	2335479	3150287060	3615556
AL	NC_063217.1	22600001	22700000	0.0002756975924897	77112	930497	3375063930	3856236
AL	NC_063217.1	22700001	22800000	0.0003246863777197	75540	1061354	3268859037	3907062
AL	NC_063217.1	22800001	22900000	0.0003773364613844	79067	1280973	3394776628	4172446
AL	NC_063217.1	22900001	23000000	0.0003073719596851	79936	1045598	3401735152	4322704
AL	NC_063217.1	23000001	23100000	0.0001497619627602	79875	521975	3485364310	4027170
AL	NC_063217.1	23100001	23200000	0.0002566105511206	79365	898046	3499645654	3872510
AL	NC_063217.1	23200001	23300000	0.0006151880529239	80656	2251401	3659695583	3590138
AL	NC_063217.1	23300001	23400000	0.0001873245732261	82802	711105	3796111678	3557736
AL	NC_063217.1	23400001	23500000	0.0002188916561572	82626	852320	3893798489	3206634
AL	NC_063217.1	23500001	23600000	0.0001027231055856	84949	410582	3996978067	3314980
AL	NC_063217.1	23600001	23700000	0.0001221699903354	85158	505681	4139158877	2893370
AL	NC_063217.1	23700001	23800000	0.0003379709906985	78998	1239068	3666196313	3251442
AL	NC_063217.1	23800001	23900000	0.0001189283260501	82405	435159	3659002144	3940162
AL	NC_063217.1	23900001	24000000	0.0003020985211438	85147	1213063	4015454943	3294584
AL	NC_063217.1	24000001	24100000	0.0006060525363183	84984	2366755	3905197748	3627816
AL	NC_063217.1	24100001	24200000	6.243330129603032e-05	81262	231555	3708837995	3550838
AL	NC_063217.1	24200001	24300000	0.0001833267006687	82917	727352	3967518083	3029092
AL	NC_063217.1	24300001	24400000	0.000212710591175	85190	882193	4147386339	2867110
AL	NC_063217.1	24400001	24500000	0.0004642826966889	82172	1826893	3934872036	2990872
AL	NC_063217.1	24500001	24600000	0.0003661118036834	83481	1427385	3898768042	3346758
AL	NC_063217.1	24600001	24700000	0.0005873356641053	84555	2408739	4101128447	2898568
AL	NC_063217.1	24700001	24800000	0.0003665132371859	79192	1369643	3736953706	3051820
AL	NC_063217.1	24800001	24900000	5.229567676761557e-05	85059	213394	4080528510	3064802
AL	NC_063217.1	24900001	25000000	0.0002127981735706	82853	851215	4000104821	2914264
AL	NC_063217.1	25000001	25100000	0.0002496360640341	84259	982915	3937391834	3380954
AL	NC_063217.1	25100001	25200000	0.0003178136749757	81863	1141546	3591871873	4066300
AL	NC_063217.1	25200001	25300000	0.0003392284218471	75432	1172429	3456163825	3254566
AL	NC_063217.1	25300001	25400000	0.000129702471827	81246	479475	3696729856	3582220
AL	NC_063217.1	25400001	25500000	9.591124760561354e-05	80627	341331	3558821395	3922056
AL	NC_063217.1	25500001	25600000	0.0003110113274718	80585	1100504	3538469190	3983086
AL	NC_063217.1	25600001	25700000	0.00020520657757	77606	705220	3436634480	3742476
AL	NC_063217.1	25700001	25800000	0.0001726570765419	82665	636709	3687708681	3894040
AL	NC_063217.1	25800001	25900000	0.0001496344494022	80895	553481	3698887537	3518740
AL	NC_063217.1	25900001	26000000	0.0001951740215008	80163	676938	3468381677	4135836
AL	NC_063217.1	26000001	26100000	0.0003214029714825	74801	1069663	3328105509	3557104
AL	NC_063217.1	26100001	26200000	0.0002077003808187	80866	723670	3484201604	4222076
AL	NC_063217.1	26200001	26300000	0.0002353624458372	79122	826295	3510734251	3787518
AL	NC_063217.1	26300001	26400000	0.0002466457641506	83102	906262	3674346499	4023030
AL	NC_063217.1	26400001	26500000	0.0001951177069722	80325	702869	3602281981	3720432
AL	NC_063217.1	26500001	26600000	0.0001490640471295	81668	550086	3690266101	3686750
AL	NC_063217.1	26600001	26700000	0.0002327880793146	81382	878001	3771675090	3363712
AL	NC_063217.1	26700001	26800000	0.0001580892246983	84116	616135	3897387701	3479630
AL	NC_063217.1	26800001	26900000	6.790767887931533e-06	79558	24506	3608722961	3548530
AL	NC_063217.1	26900001	27000000	1.2944325562162447e-05	76536	46528	3594470780	3012720
AL	NC_063217.1	27000001	27100000	5.104575222291189e-05	80727	193877	3798102517	3150420
AL	NC_063217.1	27100001	27200000	0.0001541945230443	83810	609579	3953311622	3252288
AL	NC_063217.1	27200001	27300000	0.0001028632201021	82187	374104	3636907338	3965090
AL	NC_063217.1	27300001	27400000	0.0001484368061861	83399	592892	3994238459	3035304
AL	NC_063217.1	27400001	27500000	0.0001496399278892	84206	571472	3818980723	3758918
AL	NC_063217.1	27500001	27600000	0.0003939827235412	86205	1604508	4072533906	3302534
AL	NC_063217.1	27600001	27700000	0.0003073464688845	82686	1166409	3795094846	3541408
AL	NC_063217.1	27700001	27800000	8.479458942957881e-05	84352	338543	3992507096	3206968
AL	NC_063217.1	27800001	27900000	0.0002622022364902	76577	942442	3594332423	3011660
AL	NC_063217.1	27900001	28000000	0.0001849654308774	84374	725521	3922468088	3450868
AL	NC_063217.1	28000001	28100000	0.0002815914341969	85932	1157805	4111648507	3121410
AL	NC_063217.1	28100001	28200000	0.0002232523563147	85796	908205	4068064566	3236676
AL	NC_063217.1	28200001	28300000	0.000273251341384	83608	1088586	3983826738	3111420
AL	NC_063217.1	28300001	28400000	0.0003240995895673	84372	1313821	4053757062	3014516
AL	NC_063217.1	28400001	28500000	0.0001887372379291	86390	782867	4147920191	3095358
AL	NC_063217.1	28500001	28600000	0.0003269851709547	87045	1368008	4183700429	3101536
AL	NC_063217.1	28600001	28700000	0.0004466973115914	82558	1737170	3888919756	3215700
AL	NC_063217.1	28700001	28800000	0.0007013002794527	80244	2596992	3703109889	3371246
AL	NC_063217.1	28800001	28900000	0.0006463600256724	80885	2395376	3705947003	3499348
AL	NC_063217.1	28900001	29000000	0.0005403510044795	82676	2082568	3854102209	3341142
AL	NC_063217.1	29000001	29100000	0.0001874281739043	83734	735600	3924703446	3318384
AL	NC_063217.1	29100001	29200000	0.0001601238091276	82792	605887	3783865768	3600872
AL	NC_063217.1	29200001	29300000	0.0001341646462701	84411	521245	3885114406	3571642
AL	NC_063217.1	29300001	29400000	0.0006023117165803	83095	2224130	3692656043	3960688
AL	NC_063217.1	29400001	29500000	0.0002944632314318	82322	1032039	3504814489	4439314
AL	NC_063217.1	29500001	29600000	0.0004293575157306	80284	1462033	3405164569	4374942
AL	NC_063217.1	29600001	29700000	0.0003869791819105	75679	1237162	3196973010	4173954
AL	NC_063217.1	29700001	29800000	0.00048045766193	79615	1592378	3314294112	4553342
AL	NC_063217.1	29800001	29900000	0.0002276172211476	77672	710444	3121222535	4836458
AL	NC_063217.1	29900001	30000000	7.823076939511389e-05	80573	266496	3406536866	4431022
AL	NC_063217.1	30000001	30100000	4.437234471190123e-05	82211	160606	3619506723	4041544
AL	NC_063217.1	30100001	30200000	2.2405257784249015e-05	81727	78316	3495429544	4361110
AL	NC_063217.1	30200001	30300000	2.3102420510278e-05	81832	76746	3321989571	4973346
AL	NC_063217.1	30300001	30400000	0.0003542167347746	82571	1244140	3512369343	4466880
AL	NC_063217.1	30400001	30500000	0.0001460167046161	77444	475192	3254367377	4327510
AL	NC_063217.1	30500001	30600000	0.0003088367001196	78997	1038215	3361695678	4270030
AL	NC_063217.1	30600001	30700000	0.0005048173517008	74686	1609126	3187540988	4002804
AL	NC_063217.1	30700001	30800000	0.0004665650336803	82295	1708350	3661547430	3918106
AL	NC_063217.1	30800001	30900000	0.0003360181262779	82012	1254530	3733518825	3609134
AL	NC_063217.1	30900001	31000000	0.0002597716196384	75950	906512	3489649875	3242758
AL	NC_063217.1	31000001	31100000	0.0005284557898417	86079	2085023	3945501289	3697804
AL	NC_063217.1	31100001	31200000	0.0005844835977427	83445	2224608	3806108518	3652526
AL	NC_063217.1	31200001	31300000	0.000660175283116	82857	2488114	3768868759	3661356
AL	NC_063217.1	31300001	31400000	0.0005288503048134	81874	1885440	3565167653	4147586
AL	NC_063217.1	31400001	31500000	0.0002585814090204	82083	920392	3559389685	4207996
AL	NC_063217.1	31500001	31600000	0.0004581720603763	75205	1533158	3346249439	3569644
AL	NC_063217.1	31600001	31700000	0.0006679579947603	81384	2293955	3434280326	4494804
AL	NC_063217.1	31700001	31800000	0.0002971978412567	78902	1005982	3384889997	4173770
AL	NC_063217.1	31800001	31900000	0.0007227010683398	78028	2332461	3227421547	4539186
AL	NC_063217.1	31900001	32000000	0.0005877754453162	78922	1922790	3271300316	4563116
AL	NC_063217.1	32000001	32100000	0.0003552593509466	80007	1183131	3330330354	4578170
AL	NC_063217.1	32100001	32200000	0.0003071026366526	77875	1014089	3302117530	4252610
AL	NC_063217.1	32200001	32300000	0.0004876925675347	80144	1641041	3364908775	4484514
AL	NC_063217.1	32300001	32400000	0.0004481783071245	82475	1600995	3572227782	4246602
AL	NC_063217.1	32400001	32500000	0.0001852556100124	82248	676043	3649244414	3942660
AL	NC_063217.1	32500001	32600000	0.0007611609532846	79461	2555536	3357418676	4382058
AL	NC_063217.1	32600001	32700000	0.000515066629501	75996	1673047	3248214705	4060102
AL	NC_063217.1	32700001	32800000	0.0008315313170181	74961	2742330	3297927503	3689908
AL	NC_063217.1	32800001	32900000	0.0008129952514154	81682	3042530	3742371182	3518648
AL	NC_063217.1	32900001	33000000	0.0002027365426346	84387	763606	3766494141	3972060
AL	NC_063217.1	33000001	33100000	0.0006863144739326	86364	2621810	3820129255	4173618
AL	NC_063217.1	33100001	33200000	0.0001536726593381	84121	567587	3693480691	4154796
AL	NC_063217.1	33200001	33300000	0.0002110476501042	82468	815768	3865326146	3270092
AL	NC_063217.1	33300001	33400000	0.0004667219368806	81229	1758711	3768220135	3350460
AL	NC_063217.1	33400001	33500000	0.0004262827641326	81045	1686550	3956411429	2697848
AL	NC_063217.1	33500001	33600000	0.0003679473544915	84767	1469711	3994351317	3294420
AL	NC_063217.1	33600001	33700000	0.0002374545358695	86462	1013786	4269389912	2719092
AL	NC_063217.1	33700001	33800000	0.0006787432082436	84384	2745473	4044936239	3048994
AL	NC_063217.1	33800001	33900000	0.0004599624578681	84744	1889294	4107496096	2914296
AL	NC_063217.1	33900001	34000000	0.0005243611506572	82115	2033328	3877724346	3163034
AL	NC_063217.1	34000001	34100000	0.0004393924822012	85765	1730734	3938924925	3658176
AL	NC_063217.1	34100001	34200000	0.0003045113754691	76135	1082116	3553614371	3068384
AL	NC_063217.1	34200001	34300000	0.0003650523368025	82751	1409684	3861594237	3336204
AL	NC_063217.1	34300001	34400000	0.000184551304174	80777	674341	3653948711	3634364
AL	NC_063217.1	34400001	34500000	7.262219348373134e-05	84061	276411	3806150527	3770892
AL	NC_063217.1	34500001	34600000	0.0004359250270794	82370	1582662	3630583017	4018714
AL	NC_063217.1	34600001	34700000	0.0004041593831909	77213	1382328	3420254626	3729238
AL	NC_063217.1	34700001	34800000	0.0005326760449369	76618	1746990	3279648140	4078236
AL	NC_063217.1	34800001	34900000	0.0004566209265272	82032	1568333	3434649857	4628742
AL	NC_063217.1	34900001	35000000	0.000368270880477	80804	1237775	3361044996	4632512
AL	NC_063217.1	35000001	35100000	0.0002987439819946	79367	966191	3234177283	4784952
AL	NC_063217.1	35100001	35200000	0.0002835288948612	80316	944304	3330538852	4641240
AL	NC_063217.1	35200001	35300000	0.0004504174420442	79436	1482938	3292363620	4595504
AL	NC_063217.1	35300001	35400000	0.0003481884906703	75120	1096190	3148266038	4237364
AL	NC_063217.1	35400001	35500000	0.0005531123435718	77691	1787828	3232305373	4461868
AL	NC_063217.1	35500001	35600000	0.0002954101594065	79844	1001656	3390729696	4347248
AL	NC_063217.1	35600001	35700000	0.0005790707951335	78309	1864519	3219846374	4626638
AL	NC_063217.1	35700001	35800000	0.0006867998868428	77068	2245667	3269754470	4206148
AL	NC_063217.1	35800001	35900000	0.0004682560476838	77133	1532263	3272275943	4207180
AL	NC_063217.1	35900001	36000000	0.0005915479585129	78014	1938162	3276424121	4365602
AL	NC_063217.1	36000001	36100000	0.0007031674382484	78041	2380273	3385072844	3999418
AL	NC_063217.1	36100001	36200000	0.0004182383735796	81212	1435309	3431796532	4469984
AL	NC_063217.1	36200001	36300000	0.0007436910665459	78478	2550723	3429815302	3935760
AL	NC_063217.1	36300001	36400000	0.0007797906203099	81732	2799173	3589646922	4039300
AL	NC_063217.1	36400001	36500000	0.0007485291049003	80214	2595229	3467104997	4157906
AL	NC_063217.1	36500001	36600000	0.0004507679929631	81079	1552453	3444017819	4412168
AL	NC_063217.1	36600001	36700000	0.0003701733089287	81855	1318090	3560737547	4157528
AL	NC_063217.1	36700001	36800000	0.0002895032368444	81339	1023630	3535815389	4146612
AL	NC_063217.1	36800001	36900000	0.0006712048994682	79785	2316166	3450758482	4134022
AL	NC_063217.1	36900001	37000000	0.0004208702064431	78090	1399935	3326286771	4209862
AL	NC_063217.1	37000001	37100000	0.000480077396737	80129	1613267	3360431070	4497838
AL	NC_063217.1	37100001	37200000	0.000376218797035	78102	1259700	3348317548	4136908
AL	NC_063217.1	37200001	37300000	6.289018479609409e-05	75394	206559	3284439387	3821398
AL	NC_063217.1	37300001	37400000	0.0003696594826366	81163	1277638	3456256528	4377750
AL	NC_063217.1	37400001	37500000	0.0004433247056543	80735	1534082	3460402681	4279868
AL	NC_063217.1	37500001	37600000	0.0004665416220795	82967	1749006	3748874521	3751412
AL	NC_063217.1	37600001	37700000	0.0003284456211437	83731	1189006	3620100021	4327532
AL	NC_063217.1	37700001	37800000	0.0004734040272546	83961	1762618	3723284760	4021586
AL	NC_063217.1	37800001	37900000	0.0006179979669462	81004	2486856	4024052073	2481502
AL	NC_063217.1	37900001	38000000	0.0006907672609665	84499	2761662	3997963071	3225304
AL	NC_063217.1	38000001	38100000	0.0004370138574298	82030	1668802	3818647788	3336060
AL	NC_063217.1	38100001	38200000	0.0007093770279119	81514	2539008	3579208094	4028664
AL	NC_063217.1	38200001	38300000	0.0009607480768673	80804	3312035	3447350122	4332452
AL	NC_063217.1	38300001	38400000	0.0007373239949041	81464	2572219	3488587131	4324954
AL	NC_063217.1	38400001	38500000	0.0004528772960983	79011	1565908	3457687134	3944058
AL	NC_063217.1	38500001	38600000	0.0006162688194643	80631	2071608	3361533043	4596376
AL	NC_063217.1	38600001	38700000	0.0008327578417252	77247	2736924	3286578478	4177338
AL	NC_063217.1	38700001	38800000	0.0009983982848887	80912	3472527	3478097922	4251860
AL	NC_063217.1	38800001	38900000	0.0006147624025815	82895	2218643	3608943863	4201824
AL	NC_063217.1	38900001	39000000	0.0005853370034735	82693	2100349	3588273059	4226916
AL	NC_063217.1	39000001	39100000	0.0004373520702015	84381	1706212	3901232248	3520594
AL	NC_063217.1	39100001	39200000	0.0004315813290471	81627	1618840	3750950032	3481462
AL	NC_063217.1	39200001	39300000	0.0002196689349022	81848	808078	3678617554	3766316
AL	NC_063217.1	39300001	39400000	0.0003600169132243	84580	1380616	3834864278	3773348
AL	NC_063217.1	39400001	39500000	0.0001731352243996	81557	629245	3634413518	3854574
AL	NC_063217.1	39500001	39600000	0.0005782711878615	78847	1983506	3430061953	4007188
AL	NC_063217.1	39600001	39700000	0.0001390755724387	81708	502366	3612179991	3960714
AL	NC_063217.1	39700001	39800000	9.181421733542913e-05	79957	325659	3546934336	3831298
AL	NC_063217.1	39800001	39900000	8.58612254134379e-05	82283	312330	3637614051	3987336
AL	NC_063217.1	39900001	40000000	0.0001701451693415	80355	593418	3487715827	4114456
AL	NC_063217.1	40000001	40100000	0.0003706240339382	81156	1288000	3475219851	4312818
AL	NC_063217.1	40100001	40200000	0.0002070152008029	80270	720019	3478097247	4124030
AL	NC_063217.1	40200001	40300000	0.0001068621774018	81179	375691	3515659227	4180616
AL	NC_063217.1	40300001	40400000	0.0002137720831755	83118	788423	3688147621	3975674
AL	NC_063217.1	40400001	40500000	0.0003839045015195	83543	1463421	3811940194	3652490
AL	NC_063217.1	40500001	40600000	0.0003608318744009	84115	1338785	3710273662	4097618
AL	NC_063217.1	40600001	40700000	4.394335231400198e-05	82685	167195	3804784824	3509602
AL	NC_063217.1	40700001	40800000	0.0002652717900129	82914	1002117	3777699091	3648894
AL	NC_063217.1	40800001	40900000	0.000341433626769	76251	1157312	3389566549	3631628
AL	NC_063217.1	40900001	41000000	0.0006010370768325	81091	2184194	3634042032	3758582
AL	NC_063217.1	41000001	41100000	0.0003882698800193	80237	1368220	3523889105	3964968
AL	NC_063217.1	41100001	41200000	0.0006530752212479	81096	2466667	3777002893	3301942
AL	NC_063217.1	41200001	41300000	0.0004969169204111	81978	1831319	3685362532	3767988
AL	NC_063217.1	41300001	41400000	0.0007033048366363	40060	1250417	1777916111	1916242
AL	NC_063217.1	41400001	41500000	NA	0	NA	NA	NA
AL	NC_063217.1	41500001	41600000	0.000373965370313	18805	312130	834649475	900020
AL	NC_063217.1	41600001	41700000	0.0009393930818799	80866	3541070	3769529570	3271792
AL	NC_063217.1	41700001	41800000	0.0003449955330987	86490	1345454	3899917161	3925898
AL	NC_063217.1	41800001	41900000	0.0004419577379875	85295	1776169	4018866166	3301082
AL	NC_063217.1	41900001	42000000	0.0004643571715012	67198	1485688	3199450964	2503124
AL	NC_063217.1	42000001	42100000	0.0004278874736822	69725	1454998	3400422049	2332096
AL	NC_063217.1	42100001	42200000	0.000379300552357	83597	1550172	4086922601	2767280
AL	NC_063217.1	42200001	42300000	0.0002804941972547	79712	1103157	3932904890	2517068
AL	NC_063217.1	42300001	42400000	0.0003333178528092	81344	1318427	3955464698	2755252
AL	NC_063217.1	42400001	42500000	0.0003567302548891	82889	1362412	3819165830	3492086
AL	NC_063217.1	42500001	42600000	0.0004349341877563	81464	1674189	3849292714	3123956
AL	NC_063217.1	42600001	42700000	0.0004081649366602	84337	1583890	3880514610	3576254
AL	NC_063217.1	42700001	42800000	0.000472298204409	85789	1815016	3842944951	3977380
AL	NC_063217.1	42800001	42900000	0.000321109465667	82748	1233076	3840048743	3398162
AL	NC_063217.1	42900001	43000000	0.000277361495131	85794	1109825	4001366518	3454336
AL	NC_063217.1	43000001	43100000	0.0002288751174983	83966	911429	3982210954	3172680
AL	NC_063217.1	43100001	43200000	0.0005622303764502	79789	2012806	3580037800	3690698
AL	NC_063217.1	43200001	43300000	0.0005443153849956	76949	1858661	3414676585	3679672
AL	NC_063217.1	43300001	43400000	0.0007264594501171	84654	2958080	4071913442	3011368
AL	NC_063217.1	43400001	43500000	0.0004300362062779	82755	1811350	4212087200	2210302
AL	NC_063217.1	43500001	43600000	0.0005584850835025	84130	2300874	4119848619	2756670
AL	NC_063217.1	43600001	43700000	0.0003053794983492	86357	1287901	4217378727	2865244
AL	NC_063217.1	43700001	43800000	0.0002526168762196	85504	1037911	4108636824	3054816
AL	NC_063217.1	43800001	43900000	0.0003885701920886	76626	1357062	3492450084	3367092
AL	NC_063217.1	43900001	44000000	0.0006343324117974	77359	2289487	3609285853	3119428
AL	NC_063217.1	44000001	44100000	0.0004855546097553	85697	1862213	3835228752	3990714
AL	NC_063217.1	44100001	44200000	0.0002506299693486	83214	935979	3734505504	3837380
AL	NC_063217.1	44200001	44300000	0.0001242433017863	82501	469812	3781386950	3541734
AL	NC_063217.1	44300001	44400000	0.0002686196877686	83678	1041158	3875955663	3464358
AL	NC_063217.1	44400001	44500000	0.0004137645777517	82420	1541657	3725927938	3716924
AL	NC_063217.1	44500001	44600000	0.0001659515049152	83648	644330	3882640295	3441658
AL	NC_063217.1	44600001	44700000	0.0002614605559026	84482	1116384	4269798923	2348590
AL	NC_063217.1	44700001	44800000	0.0005350591794324	86218	2158950	4034974229	3422402
AL	NC_063217.1	44800001	44900000	0.0005510233967643	87528	2312424	4196598572	3157760
AL	NC_063217.1	44900001	45000000	0.0004444971966476	85113	1745869	3927739057	3570240
AL	NC_063217.1	45000001	45100000	0.0004500589978998	82733	1691253	3757847322	3667198
AL	NC_063217.1	45100001	45200000	0.0008197367412099	85082	3156824	3851021726	3812832
AL	NC_063217.1	45200001	45300000	0.0002898069455153	84527	1141285	3938087122	3430930
AL	NC_063217.1	45300001	45400000	0.0005228402059303	83354	2095156	4007258769	2973994
AL	NC_063217.1	45400001	45500000	0.0003106364282597	85754	1236247	3979723199	3519206
AL	NC_063217.1	45500001	45600000	0.000534756643115	84502	2192372	4099756456	2889828
AL	NC_063217.1	45600001	45700000	0.0004421652404828	83207	1750298	3958470363	3101392
AL	NC_063217.1	45700001	45800000	0.0005196690890878	82330	2070144	3983581174	2861880
AL	NC_063217.1	45800001	45900000	0.0006756678603311	83733	2595840	3841887638	3580422
AL	NC_063217.1	45900001	46000000	0.0004668179414302	83413	1774775	3801856875	3655156
AL	NC_063217.1	46000001	46100000	0.0003353732331402	83946	1293609	3857221961	3573962
AL	NC_063217.1	46100001	46200000	0.0005376693751307	83376	2058368	3828315495	3562458
AL	NC_063217.1	46200001	46300000	0.0002574621027186	82925	946092	3674684507	3978548
AL	NC_063217.1	46300001	46400000	0.0004027052080214	84863	1602565	3979499068	3356750
AL	NC_063217.1	46400001	46500000	0.0004116032030364	86635	1735963	4217564361	2922020
AL	NC_063217.1	46500001	46600000	0.0003992029749716	84044	1636565	4099581172	2808176
AL	NC_063217.1	46600001	46700000	0.0004824357538408	85430	1959327	4061322123	3186150
AL	NC_063217.1	46700001	46800000	0.0005545228919254	84000	2216352	3996862947	3128906
AL	NC_063217.1	46800001	46900000	0.0004920351124022	82529	1980666	4025456619	2748676
AL	NC_063217.1	46900001	47000000	0.0006014556780942	79023	2288465	3804877206	2792714
AL	NC_063217.1	47000001	47100000	0.0007095937635226	85145	2834318	3994282568	3353010
AL	NC_063217.1	47100001	47200000	0.0005343463592874	85110	2179291	4078423970	3072312
AL	NC_063217.1	47200001	47300000	0.0005029581204878	84213	2069844	4115340653	2780784
AL	NC_063217.1	47300001	47400000	0.0005786873468029	80235	2285781	3949941212	2561398
AL	NC_063217.1	47400001	47500000	0.0003968243464778	86278	1767428	4453930349	2104386
AL	NC_063217.1	47500001	47600000	0.0003411934596552	88734	1525079	4469836560	2508396
AL	NC_063217.1	47600001	47700000	0.0006598078517692	82771	2528342	3831936818	3426770
AL	NC_063217.1	47700001	47800000	0.0006574500993461	86411	2784397	4235145759	2821448
AL	NC_063217.1	47800001	47900000	0.0003666051796252	86095	1636716	4464519573	2032580
AL	NC_063217.1	47900001	48000000	0.0005889816386204	85398	2387771	4054066958	3217064
AL	NC_063217.1	48000001	48100000	0.0004706627180542	83928	1793317	3810195563	3729642
AL	NC_063217.1	48100001	48200000	0.0004313956539133	83496	1705865	3954293430	3168868
AL	NC_063217.1	48200001	48300000	0.0003732321440986	82004	1375667	3685821336	3760880
AL	NC_063217.1	48300001	48400000	0.0004757295484121	83522	1864144	3918495301	3293546
AL	NC_063217.1	48400001	48500000	0.0006400832486735	83597	2449992	3827614619	3610660
AL	NC_063217.1	48500001	48600000	0.0004470308830671	84044	1775314	3971345308	3224288
AL	NC_063217.1	48600001	48700000	0.0004013169703182	83869	1588502	3958222845	3237336
AL	NC_063217.1	48700001	48800000	0.0004166803708133	87287	1756914	4216454921	3054908
AL	NC_063217.1	48800001	48900000	0.000466153575737	79205	1739844	3732340779	3068220
AL	NC_063217.1	48900001	49000000	0.0003077256928102	84465	1240581	4031450831	3110292
AL	NC_063217.1	49000001	49100000	0.0003752847147532	83478	1534210	4088122803	2740118
AL	NC_063217.1	49100001	49200000	0.0004190454327562	84764	1734036	4138062044	2816384
AL	NC_063217.1	49200001	49300000	0.0002547784737755	84979	1015263	3984885320	3357582
AL	NC_063217.1	49300001	49400000	0.0002700118403375	84693	1064191	3941275311	3447572
AL	NC_063217.1	49400001	49500000	0.0006230480231571	84848	2466215	3958306436	3422992
AL	NC_063217.1	49500001	49600000	0.0005248490328992	81996	1993155	3797577732	3394144
AL	NC_063217.1	49600001	49700000	0.0006544464880083	83647	2559076	3910290676	3344966
AL	NC_063217.1	49700001	49800000	0.0005174522696925	83437	1965327	3798083640	3673194
AL	NC_063217.1	49800001	49900000	0.000609442637575	60512	1669879	2740010129	2715846
AL	NC_063217.1	49900001	50000000	0.0003425649991572	82879	1275647	3723810089	3809468
AL	NC_063217.1	50000001	50100000	0.0006688532698869	81402	2400873	3589536163	3975598
AL	NC_063217.1	50100001	50200000	0.0005432718663205	82720	1947272	3584341691	4251090
AL	NC_063217.1	50200001	50300000	0.0002071837961493	83805	773692	3734326788	3951250
AL	NC_063217.1	50300001	50400000	0.0003930051615714	80943	1420586	3614675172	3797942
AL	NC_063217.1	50400001	50500000	0.000321933985109	82956	1208251	3753101741	3736286
AL	NC_063217.1	50500001	50600000	0.0004523977786546	79807	1635761	3615758249	3573556
AL	NC_063217.1	50600001	50700000	0.0003791345788103	80744	1358761	3583848786	3859604
AL	NC_063217.1	50700001	50800000	0.0002275812206755	82672	836092	3673818066	3944036
AL	NC_063217.1	50800001	50900000	0.0005963823499977	83902	2239561	3755243595	3905422
AL	NC_063217.1	50900001	51000000	0.0004550454051452	76190	1569936	3450064504	3417052
AL	NC_063217.1	51000001	51100000	0.0003536453436182	82434	1344434	3801644852	3475164
AL	NC_063217.1	51100001	51200000	0.0004765638407274	84753	1900303	3987509831	3304420
AL	NC_063217.1	51200001	51300000	0.0004425975622383	80386	1616931	3653275883	3555830
AL	NC_063217.1	51300001	51400000	0.0005022706232462	82282	1889891	3762694676	3569188
AL	NC_063217.1	51400001	51500000	0.0003650928064768	79726	1302708	3568155759	3718518
AL	NC_063217.1	51500001	51600000	0.0005187198206869	80406	1772678	3417409417	4359074
AL	NC_063217.1	51600001	51700000	0.0003620825531367	79992	1259404	3478223375	4070594
AL	NC_063217.1	51700001	51800000	0.0002462480660191	75064	788223	3200930723	4036130
AL	NC_063217.1	51800001	51900000	0.0002762006397459	76974	915591	3314948875	4027110
AL	NC_063217.1	51900001	52000000	0.0004572463901786	78968	1539733	3367403293	4243926
AL	NC_063217.1	52000001	52100000	0.0005904271860728	78694	1922470	3256066193	4574738
AL	NC_063217.1	52100001	52200000	0.0007129311407431	77708	2311579	3242359420	4423128
AL	NC_063217.1	52200001	52300000	0.000471690175939	79864	1650284	3498660952	3983304
AL	NC_063217.1	52300001	52400000	0.0009598658000819	76643	3250099	3385993125	3729492
AL	NC_063217.1	52400001	52500000	0.001028881981141	81513	3531791	3432649288	4527058
AL	NC_063217.1	52500001	52600000	0.0007154944721749	81168	2612773	3651702566	3718276
AL	NC_063217.1	52600001	52700000	0.0007395980524787	81979	2746047	3712891064	3665166
AL	NC_063217.1	52700001	52800000	0.0006049407414024	83244	2337527	3864059469	3419070
AL	NC_063217.1	52800001	52900000	0.000612174511077	84821	2340962	3824010895	3854316
AL	NC_063217.1	52900001	53000000	0.0004498802661594	79527	1607124	3572337177	3657268
AL	NC_063217.1	53000001	53100000	0.0005378954422936	84179	2024329	3763424712	3930926
AL	NC_063217.1	53100001	53200000	0.0005580157514507	84432	2223334	3984357062	3252892
AL	NC_063217.1	53200001	53300000	0.0004148551118662	82961	1670758	4027328945	2830136
AL	NC_063217.1	53300001	53400000	0.0003713507512595	86617	1535528	4134980190	3176270
AL	NC_063217.1	53400001	53500000	0.0004104977745801	84382	1672927	4075361923	2946886
AL	NC_063217.1	53500001	53600000	0.0003386996131603	84440	1316007	3885469451	3572314
AL	NC_063217.1	53600001	53700000	0.0001719359324595	82108	667468	3882073924	3138376
AL	NC_063217.1	53700001	53800000	0.0004459987134392	82088	1745206	3913029225	3035214
AL	NC_063217.1	53800001	53900000	0.0006013376628788	81515	2393917	3980986304	2702582
AL	NC_063217.1	53900001	54000000	0.0004213785705541	81778	1647255	3909204490	2983592
AL	NC_063217.1	54000001	54100000	0.0006582074853308	81988	2675858	4065371573	2527454
AL	NC_063217.1	54100001	54200000	0.0006542581127442	82661	2556597	3907627510	3159494
AL	NC_063217.1	54200001	54300000	0.0006739967450392	81608	2439686	3619729647	3905650
AL	NC_063217.1	54300001	54400000	0.0009381435778191	81191	3427206	3653178555	3713568
AL	NC_063217.1	54400001	54500000	0.0007451482422866	79235	2656534	3565108054	3627274
AL	NC_063217.1	54500001	54600000	0.0005950687112825	83149	2232154	3751086148	3771618
AL	NC_063217.1	54600001	54700000	0.0005677120155192	83244	2082348	3667965347	4065746
AL	NC_063217.1	54700001	54800000	0.0004986672983237	79640	1807181	3624021479	3512810
AL	NC_063217.1	54800001	54900000	0.000557528385351	81788	2019405	3622066702	3933532
AL	NC_063217.1	54900001	55000000	0.0005588633201442	80891	2028782	3630193514	3734466
AL	NC_063217.1	55000001	55100000	0.000314343070582	82910	1148684	3654236748	4046724
AL	NC_063217.1	55100001	55200000	0.0002480572089242	81656	900092	3628566184	3889712
AL	NC_063217.1	55200001	55300000	6.292358167080918e-05	83136	232277	3691414154	3966292
AL	NC_063217.1	55300001	55400000	0.0002328187508284	82589	854106	3668544724	3935034
AL	NC_063217.1	55400001	55500000	0.000793227109144	84469	3037564	3829374923	3768940
AL	NC_063217.1	55500001	55600000	0.0008824455190646	84168	3453453	3913502789	3430710
AL	NC_063217.1	55600001	55700000	0.0005786243221058	83414	2269410	3922078477	3258266
AL	NC_063217.1	55700001	55800000	0.0003739412705628	85405	1489365	3982884793	3437224
AL	NC_063217.1	55800001	55900000	0.0003278632704885	86743	1376582	4198646582	2994762
AL	NC_063217.1	55900001	56000000	0.0002021557347713	85612	826803	4089930968	3130600
AL	NC_063217.1	56000001	56100000	0.000268205359037	86839	1151168	4292114088	2714654
AL	NC_063217.1	56100001	56200000	0.0002283135390919	84461	951362	4166910135	2674524
AL	NC_063217.1	56200001	56300000	0.0003226978213991	84376	1284257	3979751070	3250956
AL	NC_063217.1	56300001	56400000	0.000256681360129	86037	1020730	3976642478	3577894
AL	NC_063217.1	56400001	56500000	0.0002116339362953	84487	844894	3992242524	3230238
AL	NC_063217.1	56500001	56600000	0.0003286945171173	85476	1325064	4031293286	3291220
AL	NC_063217.1	56600001	56700000	0.0002096147616217	84149	829310	3956353043	3281964
AL	NC_063217.1	56700001	56800000	0.0002723754898465	83567	1056678	3879490040	3420750
AL	NC_063217.1	56800001	56900000	0.0002113432115849	83127	829858	3926589332	3183222
AL	NC_063217.1	56900001	57000000	0.0003064116098662	87010	1299084	4239669641	2909874
AL	NC_063217.1	57000001	57100000	0.0003053729705125	85674	1288750	4220249087	2720302
AL	NC_063217.1	57100001	57200000	0.0003378794642946	84717	1394611	4127539988	2838194
AL	NC_063217.1	57200001	57300000	0.0001767982190945	85157	722164	4084679154	3055414
AL	NC_063217.1	57300001	57400000	0.0001577235658976	85489	645984	4095672047	3082172
AL	NC_063217.1	57400001	57500000	0.0003956101138242	79737	1515753	3831431369	2843128
AL	NC_063217.1	57500001	57600000	0.0004430944488995	83836	1706908	3852244153	3563910
AL	NC_063217.1	57600001	57700000	0.0003226523511104	78444	1165271	3611537297	3310958
AL	NC_063217.1	57700001	57800000	0.0003661298768512	80656	1355140	3701254898	3447564
AL	NC_063217.1	57800001	57900000	0.0004828791282124	77917	1712370	3546166939	3428836
AL	NC_063217.1	57900001	58000000	0.0004696568447168	82463	1765668	3759485292	3605654
AL	NC_063217.1	58000001	58100000	0.0005034215589916	80907	1880627	3735690231	3381752
AL	NC_063217.1	58100001	58200000	0.0004358903954193	84852	1728089	3964503504	3389576
AL	NC_063217.1	58200001	58300000	0.0002151073746177	84906	893532	4153888269	2800186
AL	NC_063217.1	58300001	58400000	0.0003874466797149	86865	1758242	4538023145	1946472
AL	NC_063217.1	58400001	58500000	0.0002298479254417	83207	930206	4047049797	2813956
AL	NC_063217.1	58500001	58600000	0.000252645188016	86249	1031217	4081680748	3278610
AL	NC_063217.1	58600001	58700000	0.0003672763612808	87915	1574943	4288168709	2932684
AL	NC_063217.1	58700001	58800000	0.0003561511550756	83504	1389646	3901843305	3340750
AL	NC_063217.1	58800001	58900000	0.0002958409184763	83753	1134158	3833675226	3608118
AL	NC_063217.1	58900001	59000000	0.0001378105239583	82045	524495	3805913982	3375510
AL	NC_063217.1	59000001	59100000	0.0001150480227015	85905	480442	4176012666	2912382
AL	NC_063217.1	59100001	59200000	0.0002874067831813	81252	1097480	3818559840	3180984
AL	NC_063217.1	59200001	59300000	0.0002157746195565	83567	809465	3751437503	3854840
AL	NC_063217.1	59300001	59400000	0.0002745292337963	82812	1020457	3717115973	3814150
AL	NC_063217.1	59400001	59500000	0.0002098018729845	82905	796471	3796300713	3574248
AL	NC_063217.1	59500001	59600000	0.0001770861555145	83375	703829	3974500423	3084128
AL	NC_063217.1	59600001	59700000	0.0006873574383605	77111	2639357	3839860970	2326658
AL	NC_063217.1	59700001	59800000	0.0005723622329071	83902	2284925	3992096034	3120888
AL	NC_063217.1	59800001	59900000	0.0002507261046004	82634	1011517	4034350558	2753368
AL	NC_063217.1	59900001	60000000	0.0006751626401153	84845	2634523	3902056843	3596940
AL	NC_063217.1	60000001	60100000	0.000481166058047	81531	1864100	3874130290	3065778
AL	NC_063217.1	60100001	60200000	0.0003118191427082	79935	1117361	3583362427	3710488
AL	NC_063217.1	60200001	60300000	0.0002651009564257	82569	998604	3766881921	3603040
AL	NC_063217.1	60300001	60400000	0.0001347256180756	84714	512162	3801519023	3909718
AL	NC_063217.1	60400001	60500000	0.0003090450214732	80862	1175954	3805121967	3154262
AL	NC_063217.1	60500001	60600000	0.0003495504254025	79228	1263740	3615329601	3452990
AL	NC_063217.1	60600001	60700000	0.0002755982715497	84559	1103261	4003149199	3212568
AL	NC_063217.1	60700001	60800000	8.187392712956418e-05	81011	321708	3929309504	2778566
AL	NC_063217.1	60800001	60900000	0.0001104287291121	83594	445081	4030481955	2943182
AL	NC_063217.1	60900001	61000000	0.0003204654908564	83757	1258170	3926070157	3311136
AL	NC_063217.1	61000001	61100000	0.0001679242902188	83709	640176	3812289450	3674046
AL	NC_063217.1	61100001	61200000	0.0002033612691311	79947	730550	3592375299	3674168
AL	NC_063217.1	61200001	61300000	0.0003650270857887	82244	1365737	3741467560	3626176
AL	NC_063217.1	61300001	61400000	0.0004002333041179	83221	1527966	3817688294	3570838
AL	NC_063217.1	61400001	61500000	0.0002578376427361	81837	964688	3741455242	3555390
AL	NC_063217.1	61500001	61600000	0.0003516402828458	81610	1265137	3597815898	3979080
AL	NC_063217.1	61600001	61700000	0.0003386444701471	81490	1254878	3705591293	3599314
AL	NC_063217.1	61700001	61800000	0.0004971792195918	81678	2024240	4071449329	2454226
AL	NC_063217.1	61800001	61900000	0.0002800061910121	82504	1093273	3904460098	3137900
AL	NC_063217.1	61900001	62000000	0.0003247500857277	82414	1326434	4084476212	2549388
AL	NC_063217.1	62000001	62100000	0.0004316396047234	84697	1795047	4158670753	2736200
AL	NC_063217.1	62100001	62200000	0.0005167839900964	85980	2100068	4063724961	3283422
AL	NC_063217.1	62200001	62300000	0.00036508532411	79251	1411359	3865833291	2643784
AL	NC_063217.1	62300001	62400000	0.0002514035895899	83300	1030693	4099754509	2672270
AL	NC_063217.1	62400001	62500000	0.0003298359489172	84111	1373693	4164776473	2609060
AL	NC_063217.1	62500001	62600000	0.0004580885295611	80826	1885474	4115959860	2153820
AL	NC_063217.1	62600001	62700000	0.0002242464914848	80984	889223	3965381996	2661632
AL	NC_063217.1	62700001	62800000	0.0002277974890849	81207	875691	3844164409	3085660
AL	NC_063217.1	62800001	62900000	0.0003117182804329	83282	1206665	3871011345	3401890
AL	NC_063217.1	62900001	63000000	0.0004500127751054	78744	1640416	3645265403	3262082
AL	NC_063217.1	63000001	63100000	9.202497318314769e-05	81750	338666	3680153205	3732354
AL	NC_063217.1	63100001	63200000	0.0003338509513348	77686	1186973	3555397986	3360392
AL	NC_063217.1	63200001	63300000	0.0001405480914888	80867	521091	3707563685	3477628
AL	NC_063217.1	63300001	63400000	0.0003258003756534	80382	1249448	3835010925	2960762
AL	NC_063217.1	63400001	63500000	0.0001956744358249	78520	737647	3769766842	2817172
AL	NC_063217.1	63500001	63600000	0.0002340477884294	78707	899382	3842728043	2619776
AL	NC_063217.1	63600001	63700000	0.0004574538528541	76653	1636671	3577783835	3089812
AL	NC_063217.1	63700001	63800000	0.0002202495704931	78260	819194	3719389773	2942630
AL	NC_063217.1	63800001	63900000	0.0003624924332403	78647	1377112	3799008955	2744864
AL	NC_063217.1	63900001	64000000	0.0003166412297675	67384	1050676	3318190751	2148802
AL	NC_063217.1	64000001	64100000	0.0001806740340297	76540	696049	3852512641	2174366
AL	NC_063217.1	64100001	64200000	0.000221223884858	67312	757960	3426212321	1795446
AL	NC_063217.1	64200001	64300000	0.0002615776081573	79723	987389	3774745885	3041276
AL	NC_063217.1	64300001	64400000	0.0002967119009947	74477	1099149	3704431795	2264708
AL	NC_063217.1	64400001	64500000	3.927889874243295e-05	1681	3443	87655207	38116
AL	NC_063217.1	64500001	64600000	NA	0	NA	NA	NA
AL	NC_063217.1	64600001	64700000	0.0	6	0	313335	134
AL	NC_063217.1	64700001	64800000	0.0	5	0	226658	222
AL	NC_063217.1	64800001	64900000	NA	0	NA	NA	NA
AL	NC_063217.1	64900001	65000000	NA	0	NA	NA	NA
AL	NC_063217.1	65000001	65100000	0.0001830055105069	31058	278849	1523719145	1007394
AL	NC_063217.1	65100001	65200000	0.0011419129153931	71968	3982833	3487860542	2479260
AL	NC_063217.1	65200001	65300000	0.0002995689259817	77606	1095970	3658490267	3003398
AL	NC_063217.1	65300001	65400000	0.0002132399926769	79190	778898	3652682549	3321282
AL	NC_063217.1	65400001	65500000	0.0007235897330395	74050	2539211	3509186054	2816536
AL	NC_063217.1	65500001	65600000	0.0004589051619226	71242	1560133	3399685010	2627160
AL	NC_063217.1	65600001	65700000	0.0002371928857085	80492	889152	3748645316	3272928
AL	NC_063217.1	65700001	65800000	0.0001027506540582	78098	350070	3406985612	3933428
AL	NC_063217.1	65800001	65900000	0.0001141647165403	72648	377274	3304646229	3217382
AL	NC_063217.1	65900001	66000000	0.0001855861631423	72399	586487	3160187107	3652736
AL	NC_063217.1	66000001	66100000	0.0002026753443672	56099	509720	2514958105	2607596
AL	NC_063217.1	66100001	66200000	0.0001881291660031	72892	610889	3247178590	3455876
AL	NC_063217.1	66200001	66300000	0.0002474632171801	80225	863773	3490510670	4075550
AL	NC_063217.1	66300001	66400000	0.0003258020875858	70623	994503	3052475837	3659236
AL	NC_063217.1	66400001	66500000	0.0002230788016911	72235	708351	3175339811	3563136
AL	NC_063217.1	66500001	66600000	0.0003478444598053	74293	1142741	3285206844	3600194
AL	NC_063217.1	66600001	66700000	0.0002589705596382	41316	473368	1827883450	2003268
AL	NC_063217.1	66700001	66800000	0.0002996172985188	37649	503657	1681001072	1770450
AL	NC_063217.1	66800001	66900000	0.000333344460307	79835	1171996	3515870637	3911548
AL	NC_063217.1	66900001	67000000	0.0001991802157288	80931	716739	3598444742	3848474
AL	NC_063217.1	67000001	67100000	7.229138187175175e-05	79268	257983	3568654981	3625710
AL	NC_063217.1	67100001	67200000	0.0002595067299336	81598	938924	3618110406	3909624
AL	NC_063217.1	67200001	67300000	0.0001800276321386	77377	646469	3590943192	3185866
AL	NC_063217.1	67300001	67400000	0.0003426109229269	79554	1214080	3543611481	3762234
AL	NC_063217.1	67400001	67500000	0.0002435722473116	75116	826708	3394097682	3391212
AL	NC_063217.1	67500001	67600000	0.0003711199169192	81116	1363424	3673809833	3635126
AL	NC_063217.1	67600001	67700000	0.0002451509562561	81707	926345	3778671779	3405568
AL	NC_063217.1	67700001	67800000	0.0003402545962114	80555	1243591	3654883766	3591634
AL	NC_063217.1	67800001	67900000	0.0001700085914218	78644	598705	3521616143	3660570
AL	NC_063217.1	67900001	68000000	0.0001118797968235	75111	375287	3354376846	3525994
AL	NC_063217.1	68000001	68100000	9.967418744455774e-05	80895	355703	3568657133	3939580
AL	NC_063217.1	68100001	68200000	0.0001713021945512	78884	605053	3532079677	3680710
AL	NC_063217.1	68200001	68300000	7.813912277875914e-05	77768	261193	3342666141	4090406
AL	NC_063217.1	68300001	68400000	0.0001801007659535	79822	615933	3419935483	4232062
AL	NC_063217.1	68400001	68500000	0.0002671771725398	80554	949582	3554128487	3923062
AL	NC_063217.1	68500001	68600000	0.0003026982925364	83795	1096575	3622666619	4330488
AL	NC_063217.1	68600001	68700000	0.0003417780581578	80485	1217416	3562007481	3883080
AL	NC_063217.1	68700001	68800000	0.0003494712440163	80293	1275998	3651224591	3547172
AL	NC_063217.1	68800001	68900000	0.0001867806704929	81659	690755	3698214586	3662290
AL	NC_063217.1	68900001	69000000	0.0004264182927247	84614	1709796	4009668509	3208554
AL	NC_063217.1	69000001	69100000	0.0007633020206152	83593	2951124	3866259908	3478498
AL	NC_063217.1	69100001	69200000	0.0008960722498784	82472	3498164	3903886099	3141010
AL	NC_063217.1	69200001	69300000	0.0007047984550728	84518	2798129	3970112278	3319016
AL	NC_063217.1	69300001	69400000	3.14365233241061e-05	83552	121036	3850171304	3516672
AL	NC_063217.1	69400001	69500000	1.3891177147903308e-05	81177	53431	3846398288	3075474
AL	NC_063217.1	69500001	69600000	4.362117336327142e-05	81031	166147	3808861321	3172812
AL	NC_063217.1	69600001	69700000	5.7079138749664624e-05	82667	217380	3808396636	3481614
AL	NC_063217.1	69700001	69800000	3.7512082910103766e-05	82702	141867	3781901430	3577312
AL	NC_063217.1	69800001	69900000	8.78381198740411e-05	83678	339058	3860032529	3508314
AL	NC_063217.1	69900001	70000000	0.0003574884318085	83470	1439033	4025397389	2938338
AL	NC_063217.1	70000001	70100000	0.0005337540322657	85007	2213915	4147818782	2830914
AL	NC_063217.1	70100001	70200000	0.0001504725258705	83642	606721	4032104841	2943410
AL	NC_063217.1	70200001	70300000	0.0003215012105608	83509	1285555	3998600807	3029820
AL	NC_063217.1	70300001	70400000	0.0003805547211313	83000	1535473	4034828409	2811398
AL	NC_063217.1	70400001	70500000	0.0004274582967831	84042	1738907	4068015554	2904512
AL	NC_063217.1	70500001	70600000	0.0004300878267141	84481	1704862	3963985712	3321434
AL	NC_063217.1	70600001	70700000	0.0004207183900281	85685	1780404	4231818818	2692478
AL	NC_063217.1	70700001	70800000	9.038390646780924e-05	82581	362319	4008667186	2815606
AL	NC_063217.1	70800001	70900000	0.0002326378801638	84665	944288	4059046615	3049436
AL	NC_063217.1	70900001	71000000	0.0002361459000063	85128	975900	4132614625	2905950
AL	NC_063217.1	71000001	71100000	0.0004566789294228	84487	1853263	4058131174	3025146
AL	NC_063217.1	71100001	71200000	0.0002432262030975	83941	978356	4022412008	3039122
AL	NC_063217.1	71200001	71300000	0.0003495658217233	85408	1434402	4103381712	3049576
AL	NC_063217.1	71300001	71400000	0.0004274245291083	85292	1781512	4168015354	2822524
AL	NC_063217.1	71400001	71500000	0.0004849607831318	84965	1951728	4024506863	3225516
AL	NC_063217.1	71500001	71600000	0.0004572688422798	87044	1881842	4115395203	3321786
AL	NC_063217.1	71600001	71700000	0.0003145733584108	81001	1226059	3897529677	2884216
AL	NC_063217.1	71700001	71800000	0.0004720770499673	85686	1885074	3993149000	3463068
AL	NC_063217.1	71800001	71900000	0.0004324896126639	84812	1707622	3948353787	3447594
AL	NC_063217.1	71900001	72000000	0.0002372863155913	87484	952870	4015697229	3738174
AL	NC_063217.1	72000001	72100000	0.0003500183882843	78161	1326032	3788463819	2693812
AL	NC_063217.1	72100001	72200000	0.0003967099693148	86838	1633821	4118426877	3280482
AL	NC_063217.1	72200001	72300000	0.0003958622330742	82643	1560930	3943114219	3039072
AL	NC_063217.1	72300001	72400000	0.0006141636675534	86103	2451583	3991742152	3549086
AL	NC_063217.1	72400001	72500000	0.0005753073618602	83732	2136085	3712945708	4011192
AL	NC_063217.1	72500001	72600000	0.0002111265755303	78585	743784	3522929305	3643928
AL	NC_063217.1	72600001	72700000	3.82901149887025e-05	45338	81056	2116891005	1835114
AL	NC_063217.1	72700001	72800000	0.0001526444231064	85320	609612	3993673582	3388692
AL	NC_063217.1	72800001	72900000	0.0004089068646292	85087	1626846	3978524551	3395592
AL	NC_063217.1	72900001	73000000	0.0003484219216822	86242	1507600	4326937848	2494276
AL	NC_063217.1	73000001	73100000	0.0003259470725708	87322	1362868	4181255531	3164286
AL	NC_063217.1	73100001	73200000	0.0001522732608235	84785	627683	4122082870	2873366
AL	NC_063217.1	73200001	73300000	0.0003564407083445	83299	1441157	4043188576	2843406
AL	NC_063217.1	73300001	73400000	0.0005927402237674	70363	2024620	3415695306	2409978
AL	NC_063217.1	73400001	73500000	0.0001096235024725	32529	155621	1419595219	1650620
AL	NC_063217.1	73500001	73600000	0.0005696707914202	72249	2002310	3514854597	2449216
AL	NC_063217.1	73600001	73700000	0.0006476218027168	84966	2733833	4221341821	2591970
AL	NC_063217.1	73700001	73800000	0.0004645467654104	85863	1969260	4239099584	2704214
AL	NC_063217.1	73800001	73900000	0.0002770655033999	81632	1158987	4183079401	2091478
AL	NC_063217.1	73900001	74000000	0.0004664109807926	77970	1897956	4069278122	1765008
AL	NC_063217.1	74000001	74100000	0.0007337152964494	82681	3181551	4336220078	1803974
AL	NC_063217.1	74100001	74200000	0.0006125536607375	87320	2810057	4587446260	1877080
AL	NC_063217.1	74200001	74300000	0.0005319847826678	84203	2352822	4422724252	1814598
AL	NC_063217.1	74300001	74400000	0.0004907815172369	84576	2201539	4485782212	1686536
AL	NC_063217.1	74400001	74500000	0.0001912675606551	88087	873289	4565797760	2086094
AL	NC_063217.1	74500001	74600000	0.0002781358845403	86688	1241889	4465044135	2143754
AL	NC_063217.1	74600001	74700000	0.0005890985466562	83218	2600048	4413604506	1660384
AL	NC_063217.1	74700001	74800000	0.0005389154147573	85776	2425962	4501563573	1859070
AL	NC_063217.1	74800001	74900000	0.0005786339530064	80972	2467091	4263647142	1711332
AL	NC_063217.1	74900001	75000000	0.0003183044383968	85272	1342626	4218056169	2656374
AL	NC_063217.1	75000001	75100000	0.0004341094329765	80243	1729127	3983159242	2457738
AL	NC_063217.1	75100001	75200000	0.0003392518891644	84427	1464395	4316541917	2187820
AL	NC_063217.1	75200001	75300000	0.0004301694767639	88554	1943051	4516942984	2326268
AL	NC_063217.1	75300001	75400000	0.0001482343095614	80686	600216	4049103084	2334236
AL	NC_063217.1	75400001	75500000	0.0003944139554519	77382	1497459	3796668397	2510314
AL	NC_063217.1	75500001	75600000	0.0002287483517577	85543	1024111	4477020237	1891116
AL	NC_063217.1	75600001	75700000	0.0002312703990333	87781	1078994	4665508446	1716486
AL	NC_063217.1	75700001	75800000	0.0001304355389613	87433	609720	4674492894	1628246
AL	NC_063217.1	75800001	75900000	0.0001272259402673	82494	562432	4420733687	1512022
AL	NC_063217.1	75900001	76000000	0.0001728884199746	50884	469720	2716896829	968302
AL	NC_063217.1	76000001	76100000	0.0001028599408905	20169	94709	920756897	887720
AL	NC_063217.1	76100001	76200000	0.0	6751	0	307558335	299000
AL	NC_063217.1	76200001	76300000	0.0003312423952337	3951	62182	187723555	149112
AL	NC_063218.1	1	100000	7.218548822654383e-05	13987	49874	690914493	446764
AL	NC_063218.1	100001	200000	0.0001877393514147	59862	553259	2946952761	1917042
AL	NC_063218.1	200001	300000	0.0002304692098945	80558	967296	4197072574	1841336
AL	NC_063218.1	300001	400000	0.0001329343603098	76623	552203	4153952362	1250202
AL	NC_063218.1	400001	500000	0.000635885478586	75723	2593002	4077781436	1320110
AL	NC_063218.1	500001	600000	0.0004732743393802	69820	1803482	3810648180	1062208
AL	NC_063218.1	600001	700000	0.000675314735251	65414	2379397	3523389726	1138968
AL	NC_063218.1	700001	800000	0.0007844306155853	63234	2663082	3394923588	1133852
AL	NC_063218.1	800001	900000	0.0008228093099534	53977	2381241	2894037502	980726
AL	NC_063218.1	900001	1000000	0.0006258458563819	64927	2175542	3476162665	1193724
AL	NC_063218.1	1000001	1100000	0.0005550082859084	68624	2030623	3658725557	1314566
AL	NC_063218.1	1100001	1200000	0.0003879762122311	68449	1425508	3674214952	1231522
AL	NC_063218.1	1200001	1300000	0.000494484398314	68403	1805597	3651474154	1289210
AL	NC_063218.1	1300001	1400000	0.0004524474280131	65660	1557564	3442530344	1431288
AL	NC_063218.1	1400001	1500000	0.000642987894378	65749	2243277	3488832402	1307350
AL	NC_063218.1	1500001	1600000	0.0006525092687263	63880	2189119	3354923991	1376538
AL	NC_063218.1	1600001	1700000	0.0007351618234126	67725	2615845	3558189390	1452694
AL	NC_063218.1	1700001	1800000	0.0004653597591487	70202	1694001	3640196572	1654532
AL	NC_063218.1	1800001	1900000	0.0005257528501187	70083	1918311	3648693487	1606472
AL	NC_063218.1	1900001	2000000	0.0005600813485206	66434	1955521	3491494593	1429874
AL	NC_063218.1	2000001	2100000	0.0005155235627068	75455	2046369	3969496543	1609792
AL	NC_063218.1	2100001	2200000	0.0003906588370061	74758	1506032	3855107980	1835868
AL	NC_063218.1	2200001	2300000	0.0004213161707887	75515	1639789	3892062811	1860304
AL	NC_063218.1	2300001	2400000	0.0005585174267847	71382	2072761	3711184111	1659166
AL	NC_063218.1	2400001	2500000	0.0005621507883767	69390	2070978	3684025786	1370400
AL	NC_063218.1	2500001	2600000	0.0001594883095603	66994	551162	3455814420	1644692
AL	NC_063218.1	2600001	2700000	0.00043551673236	68386	1545045	3547613410	1610432
AL	NC_063218.1	2700001	2800000	0.0005438096129412	72776	2083348	3831024591	1542762
AL	NC_063218.1	2800001	2900000	0.0006402690777132	72006	2364516	3693003586	1828272
AL	NC_063218.1	2900001	3000000	0.000460797138504	77944	1871917	4062345105	1774622
AL	NC_063218.1	3000001	3100000	0.0007867966235285	81619	3305748	4201527944	2022086
AL	NC_063218.1	3100001	3200000	0.0003420597287941	81452	1399155	4090382124	2341728
AL	NC_063218.1	3200001	3300000	0.0001682500285993	81873	666881	3963630827	2824324
AL	NC_063218.1	3300001	3400000	0.0001541575857653	77564	615653	3993660104	1921072
AL	NC_063218.1	3400001	3500000	0.0003228199423317	79646	1321318	4093049489	2000706
AL	NC_063218.1	3500001	3600000	0.0002726343513807	79862	1105036	4053179632	2169764
AL	NC_063218.1	3600001	3700000	0.000547647942142	82233	2302158	4203718891	2128884
AL	NC_063218.1	3700001	3800000	0.0007412207997134	81087	3082879	4159191163	2055296
AL	NC_063218.1	3800001	3900000	0.0005163170114674	74329	1932172	3742220297	2109552
AL	NC_063218.1	3900001	4000000	0.0004950888777984	78671	2010580	4061048612	1920374
AL	NC_063218.1	4000001	4100000	0.0005417641564577	79662	2201086	4062812155	2092582
AL	NC_063218.1	4100001	4200000	0.0006875088303271	76530	2646154	3848901837	2183594
AL	NC_063218.1	4200001	4300000	0.0004859532516204	74064	1802004	3708183851	2163994
AL	NC_063218.1	4300001	4400000	0.0005229061620992	79992	2067193	3953277184	2507304
AL	NC_063218.1	4400001	4500000	0.0003997624367788	80995	1633975	4087365019	2262552
AL	NC_063218.1	4500001	4600000	0.0003879412871166	82267	1600442	4125474790	2380034
AL	NC_063218.1	4600001	4700000	0.000664103495563	80963	2677998	4032500985	2438924
AL	NC_063218.1	4700001	4800000	0.0005092789678377	78171	1918990	3768052720	2753678
AL	NC_063218.1	4800001	4900000	0.0006272169116388	78744	2521594	4020290195	2054434
AL	NC_063218.1	4900001	5000000	0.0005575266171956	86083	2435440	4368293683	2327736
AL	NC_063218.1	5000001	5100000	0.0006453293568527	82101	2727040	4225811163	2038212
AL	NC_063218.1	5100001	5200000	0.0006028591822595	81492	2559926	4246308384	1863368
AL	NC_063218.1	5200001	5300000	0.0005187287128212	84032	2195138	4231764978	2375420
AL	NC_063218.1	5300001	5400000	0.0005060482414791	78761	1924019	3802046608	2761098
AL	NC_063218.1	5400001	5500000	0.0004029251383477	77524	1527194	3790267359	2562010
AL	NC_063218.1	5500001	5600000	0.0005283059845162	80888	2051501	3883168202	2909180
AL	NC_063218.1	5600001	5700000	0.0006944384846939	79981	2845307	4097277243	2051524
AL	NC_063218.1	5700001	5800000	0.0005328777654411	81771	2100624	3942037248	2876998
AL	NC_063218.1	5800001	5900000	0.0004262777595372	83317	1728925	4055864894	2811694
AL	NC_063218.1	5900001	6000000	0.0006835418360835	81370	2779175	4065844771	2401934
AL	NC_063218.1	6000001	6100000	0.0009950763695188	84886	4275139	4296292356	2332796
AL	NC_063218.1	6100001	6200000	0.000690172711786	83703	2846150	4123822851	2659176
AL	NC_063218.1	6200001	6300000	0.0005287332365065	84183	2232165	4221722498	2438466
AL	NC_063218.1	6300001	6400000	0.0006077667484681	77302	2226411	3663265563	2920582
AL	NC_063218.1	6400001	6500000	0.0003281595666416	83245	1323430	4032885628	2858858
AL	NC_063218.1	6500001	6600000	0.0003431271837344	81573	1336155	3894051720	2993610
AL	NC_063218.1	6600001	6700000	0.000623883467216	83437	2570103	4119524134	2619342
AL	NC_063218.1	6700001	6800000	0.0006910652639518	83446	2730262	3950801961	3173122
AL	NC_063218.1	6800001	6900000	0.000313018977761	81969	1235302	3946412479	2905284
AL	NC_063218.1	6900001	7000000	0.0008927679794845	85930	3696491	4140483401	3033746
AL	NC_063218.1	7000001	7100000	0.0007408923030061	85151	3048731	4114944895	2962440
AL	NC_063218.1	7100001	7200000	0.0004896910027734	82999	1945186	3972272288	3014302
AL	NC_063218.1	7200001	7300000	0.0004052676723703	84871	1737685	4287746392	2366142
AL	NC_063218.1	7300001	7400000	0.0002675289806179	81093	1039748	3886487354	2926662
AL	NC_063218.1	7400001	7500000	0.0005863652088255	84267	2418468	4124508009	2769012
AL	NC_063218.1	7500001	7600000	0.0005143321216716	84292	2189392	4256766995	2346898
AL	NC_063218.1	7600001	7700000	0.0004769629533315	85158	1957341	4103758974	2997208
AL	NC_063218.1	7700001	7800000	0.0004617700347567	83927	1924349	4167331908	2560670
AL	NC_063218.1	7800001	7900000	0.0004402297879854	83016	1789638	4065236040	2713984
AL	NC_063218.1	7900001	8000000	0.0001793468222657	84439	715608	3990079060	3235686
AL	NC_063218.1	8000001	8100000	0.0002127649568793	85212	895142	4207187185	2686982
AL	NC_063218.1	8100001	8200000	0.0005848920384534	85653	2492127	4260832489	2595200
AL	NC_063218.1	8200001	8300000	0.0004029064153179	85721	1715465	4257725702	2616070
AL	NC_063218.1	8300001	8400000	0.0001051278143922	81974	427154	4063187297	2530538
AL	NC_063218.1	8400001	8500000	0.0001382247534804	80081	538082	3892804917	2718784
AL	NC_063218.1	8500001	8600000	0.0001858743677583	84054	792515	4263713225	2283138
AL	NC_063218.1	8600001	8700000	0.0004586284487489	82456	1862143	4060243112	2629112
AL	NC_063218.1	8700001	8800000	0.0002701648029214	81450	1053926	3901048503	2952318
AL	NC_063218.1	8800001	8900000	0.0005099771898733	86131	2202097	4318030382	2495418
AL	NC_063218.1	8900001	9000000	0.0006279119168522	83065	2531093	4030968249	2835440
AL	NC_063218.1	9000001	9100000	0.0006760094947845	82020	2598742	3844238905	3238774
AL	NC_063218.1	9100001	9200000	0.0006323510271813	83804	2503835	3959565008	3205840
AL	NC_063218.1	9200001	9300000	0.0004276990557345	83626	1683414	3935977827	3248142
AL	NC_063218.1	9300001	9400000	0.0003846252458899	83408	1493553	3883138239	3381778
AL	NC_063218.1	9400001	9500000	0.0002427220641382	84366	955010	3934582558	3397952
AL	NC_063218.1	9500001	9600000	0.0004871760079269	80074	1842802	3782620593	3071482
AL	NC_063218.1	9600001	9700000	0.0002065240290584	84460	858279	4155831183	2704802
AL	NC_063218.1	9700001	9800000	0.0003502769890517	83670	1349387	3852342695	3536854
AL	NC_063218.1	9800001	9900000	0.0004349001201699	83423	1630326	3748736605	3838500
AL	NC_063218.1	9900001	10000000	0.0004124161728568	84406	1625265	3940837210	3394096
AL	NC_063218.1	10000001	10100000	0.0003636271345716	86672	1568673	4313960238	2616740
AL	NC_063218.1	10100001	10200000	0.0001392451779319	86157	586582	4212583938	2848126
AL	NC_063218.1	10200001	10300000	0.0002959112938621	85748	1292940	4369349960	2266728
AL	NC_063218.1	10300001	10400000	0.000249463146593	85465	1088240	4362327722	2235078
AL	NC_063218.1	10400001	10500000	0.0003436544635139	85423	1484869	4320819770	2365010
AL	NC_063218.1	10500001	10600000	0.0004507201671219	85507	1839010	4080159119	3155888
AL	NC_063218.1	10600001	10700000	0.0001704061786143	85027	687560	4034830225	3207004
AL	NC_063218.1	10700001	10800000	0.0003737833630719	86747	1605585	4295496158	2685258
AL	NC_063218.1	10800001	10900000	0.0004329177173897	82028	1783665	4120101646	2361772
AL	NC_063218.1	10900001	11000000	0.0002085017412916	83556	802937	3850984625	3524286
AL	NC_063218.1	11000001	11100000	0.0002817321308621	85654	1140417	4047876955	3281494
AL	NC_063218.1	11100001	11200000	0.0002466772569067	81329	913888	3704792292	3577010
AL	NC_063218.1	11200001	11300000	0.0003950558127528	82360	1504112	3807340511	3439994
AL	NC_063218.1	11300001	11400000	7.95192077695201e-05	80993	297497	3741196729	3385216
AL	NC_063218.1	11400001	11500000	4.707512779190023e-05	84214	178258	3786670549	3861810
AL	NC_063218.1	11500001	11600000	7.083412090448309e-05	84375	271531	3833336202	3736378
AL	NC_063218.1	11600001	11700000	0.0004289954615163	79958	1588059	3701808393	3314178
AL	NC_063218.1	11700001	11800000	0.0004996673294775	83371	1866353	3735191176	3866822
AL	NC_063218.1	11800001	11900000	0.0004677738445602	85248	1821838	3894698306	3702348
AL	NC_063218.1	11900001	12000000	0.0007126293474166	83464	2701767	3791265417	3703158
AL	NC_063218.1	12000001	12100000	0.0003696488572328	82352	1481114	4006813415	2790722
AL	NC_063218.1	12100001	12200000	0.0005441101832614	84857	2272881	4177244003	2707812
AL	NC_063218.1	12200001	12300000	0.0003916280218651	84285	1593721	4069476419	2948652
AL	NC_063218.1	12300001	12400000	0.000398928258176	84021	1564696	3922249096	3382106
AL	NC_063218.1	12400001	12500000	0.0006682748899259	85767	2931705	4386974648	2215766
AL	NC_063218.1	12500001	12600000	0.000485978077498	86920	2135748	4394741448	2405032
AL	NC_063218.1	12600001	12700000	0.0005057959179892	82849	1978574	3911803021	3193304
AL	NC_063218.1	12700001	12800000	0.000380265709962	84156	1550987	4078692765	2898246
AL	NC_063218.1	12800001	12900000	0.0004686160175179	84771	1923447	4104526794	2931122
AL	NC_063218.1	12900001	13000000	0.0003050624950668	81434	1151319	3774043085	3369074
AL	NC_063218.1	13000001	13100000	0.0002112817657958	83670	799303	3783113971	3762774
AL	NC_063218.1	13100001	13200000	0.000367128921979	84032	1390244	3786800540	3827256
AL	NC_063218.1	13200001	13300000	0.0004920967319457	80931	1788342	3634126959	3726768
AL	NC_063218.1	13300001	13400000	0.0004801223184479	82587	1794487	3737562140	3705822
AL	NC_063218.1	13400001	13500000	0.0003300034374839	80372	1200261	3637116659	3605794
AL	NC_063218.1	13500001	13600000	0.0004736676462052	83419	1791244	3781647352	3721062
AL	NC_063218.1	13600001	13700000	0.0004143023478308	83452	1540656	3718675523	3938098
AL	NC_063218.1	13700001	13800000	0.0003068783270884	81404	1135372	3699746446	3604268
AL	NC_063218.1	13800001	13900000	0.0002970061569872	80973	1065804	3588491265	3894880
AL	NC_063218.1	13900001	14000000	0.0002050644535351	82075	767337	3741930826	3590906
AL	NC_063218.1	14000001	14100000	9.839574844344568e-05	82734	373350	3794371260	3552132
AL	NC_063218.1	14100001	14200000	4.2324733821175405e-05	82598	163524	3863556489	3292314
AL	NC_063218.1	14200001	14300000	0.0002667286965823	81166	960900	3602537006	3890224
AL	NC_063218.1	14300001	14400000	0.0003187701945411	85440	1246286	3909669164	3690000
AL	NC_063218.1	14400001	14500000	0.0003011317882321	83157	1183386	3929794350	3181894
AL	NC_063218.1	14500001	14600000	0.000562089506275	83107	2167421	3856006874	3415034
AL	NC_063218.1	14600001	14700000	0.0006231818922879	80997	2432762	3903775174	2859678
AL	NC_063218.1	14700001	14800000	0.0006504141301516	85736	2680680	4121497175	3056778
AL	NC_063218.1	14800001	14900000	0.0003846810209136	87216	1608365	4181035488	3148456
AL	NC_063218.1	14900001	15000000	0.0003761986574087	81216	1407597	3741632173	3434078
AL	NC_063218.1	15000001	15100000	0.0003375785174746	85170	1363086	4037833954	3220968
AL	NC_063218.1	15100001	15200000	0.0003801548822384	84105	1450605	3815826306	3736006
AL	NC_063218.1	15200001	15300000	0.0001660413854998	83839	653861	3937939918	3289130
AL	NC_063218.1	15300001	15400000	0.0001129041691632	79893	402949	3568947037	3753216
AL	NC_063218.1	15400001	15500000	0.0002404229488379	86541	1031761	4291441416	2665042
AL	NC_063218.1	15500001	15600000	0.0002812888210756	84226	1142653	4062205514	2957312
AL	NC_063218.1	15600001	15700000	0.0004700339270207	87566	1871877	3982429549	3868370
AL	NC_063218.1	15700001	15800000	0.0001568946991591	81758	612330	3902808720	3009460
AL	NC_063218.1	15800001	15900000	0.0002459508407997	85655	1032064	4196220662	2800042
AL	NC_063218.1	15900001	16000000	0.0002142659717179	85451	883819	4124868699	2987512
AL	NC_063218.1	16000001	16100000	0.0004634207599753	85460	1903044	4106514348	3056816
AL	NC_063218.1	16100001	16200000	0.0003784266718477	86077	1548352	4091550927	3218580
AL	NC_063218.1	16200001	16300000	0.0001950025576992	84392	758348	3888913094	3555084
AL	NC_063218.1	16300001	16400000	0.000173595506373	82799	661292	3809384320	3520014
AL	NC_063218.1	16400001	16500000	0.0002990713528813	79961	1143093	3822141402	2919182
AL	NC_063218.1	16500001	16600000	0.0003450003970729	84239	1337843	3877801334	3570194
AL	NC_063218.1	16600001	16700000	0.0003131450348875	76939	1130882	3611368133	3022404
AL	NC_063218.1	16700001	16800000	0.0003227972438016	82881	1253741	3883989173	3286232
AL	NC_063218.1	16800001	16900000	0.0003140432660268	81030	1140517	3631719331	3758310
AL	NC_063218.1	16900001	17000000	0.0004211464595372	80773	1486951	3530721834	4044526
AL	NC_063218.1	17000001	17100000	0.0002565449617452	86923	1079399	4207445715	3003288
AL	NC_063218.1	17100001	17200000	0.0002077995616281	84299	829103	3989916983	3215368
AL	NC_063218.1	17200001	17300000	0.0002186852078832	82133	844923	3863649527	3203980
AL	NC_063218.1	17300001	17400000	0.0005094630156028	76488	1747903	3430873187	3544082
AL	NC_063218.1	17400001	17500000	0.0003200586291094	84089	1294147	4043468547	3010276
AL	NC_063218.1	17500001	17600000	0.0003672596411933	85750	1565049	4261423866	2608632
AL	NC_063218.1	17600001	17700000	0.0001961588380643	86212	801385	4085388188	3263264
AL	NC_063218.1	17700001	17800000	0.0001852556135399	78036	688092	3714284209	2905846
AL	NC_063218.1	17800001	17900000	0.0002594836655291	77273	905241	3488624219	3509012
AL	NC_063218.1	17900001	18000000	0.0003234311945027	80199	1165467	3603446482	3691002
AL	NC_063218.1	18000001	18100000	0.0003594634051912	82453	1350874	3758029275	3617476
AL	NC_063218.1	18100001	18200000	0.000360198947602	85637	1438998	3995008896	3449930
AL	NC_063218.1	18200001	18300000	0.0005457214596266	83538	2077157	3806258602	3662680
AL	NC_063218.1	18300001	18400000	0.0004727863542128	81783	1716540	3630688544	3904822
AL	NC_063218.1	18400001	18500000	0.0004157923664136	75350	1423642	3423925293	3341730
AL	NC_063218.1	18500001	18600000	0.0006377747603597	76701	2177074	3413546812	3647026
AL	NC_063218.1	18600001	18700000	0.0005037325922255	81278	1745964	3466053273	4364970
AL	NC_063218.1	18700001	18800000	0.0006114858063361	76763	2015662	3296334893	4049428
AL	NC_063218.1	18800001	18900000	0.0004592860166598	76324	1518332	3305852878	3933084
AL	NC_063218.1	18900001	19000000	0.0004157149516669	79549	1397960	3362784991	4372436
AL	NC_063218.1	19000001	19100000	0.0004011986857751	78502	1336593	3331498949	4270794
AL	NC_063218.1	19100001	19200000	0.0002787758014357	82522	1016907	3647759220	4004556
AL	NC_063218.1	19200001	19300000	0.000294885978729	80439	1001346	3395705704	4443950
AL	NC_063218.1	19300001	19400000	0.0004591659614906	76595	1472882	3207733420	4317382
AL	NC_063218.1	19400001	19500000	0.0003877110110931	78979	1275121	3288843916	4514094
AL	NC_063218.1	19500001	19600000	0.0004985194599647	80398	1659486	3328828929	4662434
AL	NC_063218.1	19600001	19700000	0.0004477247189173	80862	1496507	3342471248	4705580
AL	NC_063218.1	19700001	19800000	0.0004600657407708	77488	1531971	3329895848	4073680
AL	NC_063218.1	19800001	19900000	0.0005388299746591	75563	1759889	3266130473	3912660
AL	NC_063218.1	19900001	20000000	0.0006302713373447	77384	2111992	3350925030	3985348
AL	NC_063218.1	20000001	20100000	0.0005501603604209	73595	1779796	3235049502	3629722
AL	NC_063218.1	20100001	20200000	0.0006501060011067	78681	2274469	3498612528	3738434
AL	NC_063218.1	20200001	20300000	0.0004367015528774	81553	1573599	3603373951	3954252
AL	NC_063218.1	20300001	20400000	0.0004702275249526	78131	1664983	3540802934	3487250
AL	NC_063218.1	20400001	20500000	0.0001626267387307	86025	622066	3825115137	4082744
AL	NC_063218.1	20500001	20600000	0.0004508931525767	78327	1666229	3695396549	3027324
AL	NC_063218.1	20600001	20700000	0.0002139588142679	87146	874106	4085393738	3451136
AL	NC_063218.1	20700001	20800000	0.0002651570956857	80785	995268	3753503173	3306224
AL	NC_063218.1	20800001	20900000	0.0002872304652561	79787	1000245	3482377815	4027120
AL	NC_063218.1	20900001	21000000	0.0001954154997937	79873	695647	3559835329	3770304
AL	NC_063218.1	21000001	21100000	0.000195528260206	80122	714994	3656729719	3491934
AL	NC_063218.1	21100001	21200000	0.0002402272203378	82415	898609	3740662689	3658228
AL	NC_063218.1	21200001	21300000	0.0001816061845025	83968	683189	3761925850	3889916
AL	NC_063218.1	21300001	21400000	0.0003839100778445	84250	1460445	3804133010	3804120
AL	NC_063218.1	21400001	21500000	0.0007048301900187	85542	2766131	3924535355	3659766
AL	NC_063218.1	21500001	21600000	0.0004550741396025	86321	1818245	3995491815	3573036
AL	NC_063218.1	21600001	21700000	0.0005538224506238	84709	2138986	3862223349	3698944
AL	NC_063218.1	21700001	21800000	0.0003462216675648	84233	1356872	3919084584	3425362
AL	NC_063218.1	21800001	21900000	0.000316696595897	85419	1271757	4015695200	3334878
AL	NC_063218.1	21900001	22000000	0.0001216781244734	85439	491099	4036050047	3268984
AL	NC_063218.1	22000001	22100000	0.0002932512552753	85176	1175178	4007409956	3313120
AL	NC_063218.1	22100001	22200000	0.0003073934851587	82306	1274773	4147039744	2323492
AL	NC_063218.1	22200001	22300000	9.431947810140844e-05	87282	400138	4242368682	2957200
AL	NC_063218.1	22300001	22400000	0.0002879806274261	86776	1191211	4136427546	3209124
AL	NC_063218.1	22400001	22500000	0.0001365873000352	84397	580678	4251332297	2390200
AL	NC_063218.1	22500001	22600000	0.0001357222053257	85097	595393	4386850321	2091968
AL	NC_063218.1	22600001	22700000	0.0003510617440049	83513	1385172	3945664897	3213168
AL	NC_063218.1	22700001	22800000	0.0003384729716791	85941	1424268	4207922402	2817526
AL	NC_063218.1	22800001	22900000	0.000131972306046	83093	537876	4075673269	2701216
AL	NC_063218.1	22900001	23000000	0.0001314833642991	84851	529658	4028327103	3184880
AL	NC_063218.1	23000001	23100000	0.0001507788692406	82722	612441	4061849005	2670858
AL	NC_063218.1	23100001	23200000	0.0002229483168196	86469	906534	4066117264	3369298
AL	NC_063218.1	23200001	23300000	0.0002115416692848	88348	948581	4484133094	2392036
AL	NC_063218.1	23300001	23400000	0.0004780879505577	86018	1942711	4063501282	3297664
AL	NC_063218.1	23400001	23500000	0.0004208706230577	86168	1780749	4231107857	2787694
AL	NC_063218.1	23500001	23600000	0.0003222706466196	82410	1388103	4307258556	1841652
AL	NC_063218.1	23600001	23700000	0.0002144214501457	87599	947530	4419007517	2464636
AL	NC_063218.1	23700001	23800000	0.0003611246596168	85952	1537653	4257956246	2673140
AL	NC_063218.1	23800001	23900000	0.0001717640163435	88617	774295	4507899946	2366870
AL	NC_063218.1	23900001	24000000	0.0006202987898462	87240	2858920	4608940154	1792732
AL	NC_063218.1	24000001	24100000	0.0003450205034271	86349	1532631	4442144698	2154446
AL	NC_063218.1	24100001	24200000	0.0003819351490578	85771	1566610	4101769643	3127216
AL	NC_063218.1	24200001	24300000	0.0003464786066156	83455	1347428	3888921204	3384686
AL	NC_063218.1	24300001	24400000	0.0005104904317725	82481	1919384	3759882420	3619786
AL	NC_063218.1	24400001	24500000	0.0004092237018847	82824	1498122	3660887659	4013186
AL	NC_063218.1	24500001	24600000	0.0007158251167467	78451	2594927	3625085149	3279588
AL	NC_063218.1	24600001	24700000	0.0006385266689659	77860	2248135	3520816137	3499926
AL	NC_063218.1	24700001	24800000	0.0003830405243391	80539	1462062	3816990389	3072220
AL	NC_063218.1	24800001	24900000	0.000259577163167	83548	977426	3765454511	3801338
AL	NC_063218.1	24900001	25000000	0.0005235633994829	82000	1899965	3628911039	3965258
AL	NC_063218.1	25000001	25100000	0.0002901553233783	83830	1053336	3630248750	4308696
AL	NC_063218.1	25100001	25200000	0.0005036989171753	83439	1855421	3683591401	4054420
AL	NC_063218.1	25200001	25300000	0.0004906452966597	83792	1981821	4039213284	2969704
AL	NC_063218.1	25300001	25400000	0.0002397256974243	83035	957613	3994619727	2968584
AL	NC_063218.1	25400001	25500000	0.0002719929183083	85261	1044368	3839688204	3893410
AL	NC_063218.1	25500001	25600000	0.0006737484873885	78950	2461332	3653191133	3281810
AL	NC_063218.1	25600001	25700000	0.0003861492416027	82245	1466626	3798080747	3448284
AL	NC_063218.1	25700001	25800000	0.0003987462118026	82499	1419909	3560934143	4282944
AL	NC_063218.1	25800001	25900000	0.0003686832883122	83630	1559146	4228957616	2317588
AL	NC_063218.1	25900001	26000000	0.0004474303108305	83835	1758355	3929896919	3322184
AL	NC_063218.1	26000001	26100000	0.0004668537448959	84524	1843302	3948350035	3389978
AL	NC_063218.1	26100001	26200000	0.0004884585250937	72690	1694881	3469856524	2683532
AL	NC_063218.1	26200001	26300000	0.0004395859234622	86223	1817557	4134702462	3106858
AL	NC_063218.1	26300001	26400000	0.0004744784424132	83915	1854900	3909345155	3400056
AL	NC_063218.1	26400001	26500000	0.0005911276768613	82910	2230704	3773641613	3649482
AL	NC_063218.1	26500001	26600000	0.0003700830321247	81945	1306584	3530515821	4273800
AL	NC_063218.1	26600001	26700000	0.0003576828422927	83354	1268312	3545912328	4502228
AL	NC_063218.1	26700001	26800000	0.0004261111404113	81946	1486853	3489354910	4417448
AL	NC_063218.1	26800001	26900000	0.0003294925909746	82512	1170906	3553664125	4312110
AL	NC_063218.1	26900001	27000000	0.0001184809308737	81201	420844	3551997751	4055436
AL	NC_063218.1	27000001	27100000	6.447105126411031e-05	78595	222119	3445251716	3910710
AL	NC_063218.1	27100001	27200000	0.0001835848957721	82800	641121	3492231740	4577224
AL	NC_063218.1	27200001	27300000	0.00039451535912	81475	1387612	3517257232	4238974
AL	NC_063218.1	27300001	27400000	0.0006873774584746	83523	2599317	3781498750	3743426
AL	NC_063218.1	27400001	27500000	0.0003789140603942	81603	1404116	3705631822	3629314
AL	NC_063218.1	27500001	27600000	0.0004273547767602	85124	1673414	3915748907	3617450
AL	NC_063218.1	27600001	27700000	0.0005137743993524	82239	1922948	3742786722	3632722
AL	NC_063218.1	27700001	27800000	0.0003143636608305	80884	1135209	3611133033	3796998
AL	NC_063218.1	27800001	27900000	0.0003950409303018	81673	1432815	3627003913	3902256
AL	NC_063218.1	27900001	28000000	0.0003900283972631	81518	1436482	3683019006	3692952
AL	NC_063218.1	28000001	28100000	0.0002878844042665	81587	1040275	3613516344	3936782
AL	NC_063218.1	28100001	28200000	0.0004120605409417	79411	1408658	3418570477	4162892
AL	NC_063218.1	28200001	28300000	0.000317443998338	80406	1111052	3499993718	4082544
AL	NC_063218.1	28300001	28400000	9.541683490776594e-05	82958	345418	3620094927	4176558
AL	NC_063218.1	28400001	28500000	0.0001466754799283	80850	491419	3350382765	4677306
AL	NC_063218.1	28500001	28600000	0.0002041920953598	79640	672420	3293075566	4634652
AL	NC_063218.1	28600001	28700000	0.0003210542688061	78418	1153288	3592190206	3401952
AL	NC_063218.1	28700001	28800000	0.0005409170195168	79604	1969284	3640639745	3463462
AL	NC_063218.1	28800001	28900000	0.0007059298614983	79533	2377168	3367428026	4358326
AL	NC_063218.1	28900001	29000000	0.0003115673076507	80880	1058633	3397766627	4517914
AL	NC_063218.1	29000001	29100000	0.0003666577571991	78165	1199321	3270954934	4415806
AL	NC_063218.1	29100001	29200000	0.000422958283912	76673	1399582	3309030827	3989948
AL	NC_063218.1	29200001	29300000	0.0002654871145524	80229	880659	3317144041	4673264
AL	NC_063218.1	29300001	29400000	0.0003394693785455	77407	1108550	3265537542	4285658
AL	NC_063218.1	29400001	29500000	0.0003013279259885	77184	929639	3085140539	4863386
AL	NC_063218.1	29500001	29600000	0.0004095935634008	80406	1385655	3382999939	4480766
AL	NC_063218.1	29600001	29700000	0.0007186236131099	78735	2380465	3312533789	4383156
AL	NC_063218.1	29700001	29800000	0.0004433701398368	78151	1437977	3243287878	4506690
AL	NC_063218.1	29800001	29900000	0.0009395812172705	69751	2813761	2994696944	3684222
AL	NC_063218.1	29900001	30000000	0.0006450582757934	82430	2386379	3699478155	3807550
AL	NC_063218.1	30000001	30100000	0.0006268916650104	80251	2200756	3510584241	4008404
AL	NC_063218.1	30100001	30200000	0.0004194872234596	80599	1493812	3561042903	3909608
AL	NC_063218.1	30200001	30300000	0.0009465611352703	78190	3306755	3493440494	3664400
AL	NC_063218.1	30300001	30400000	0.0003579555674612	83261	1338436	3739112118	3847830
AL	NC_063218.1	30400001	30500000	0.0003997916633682	79547	1344622	3363306750	4372786
AL	NC_063218.1	30500001	30600000	0.0002248787388385	80879	755137	3357974186	4663554
AL	NC_063218.1	30600001	30700000	0.0003803528966212	79869	1272358	3345203918	4497262
AL	NC_063218.1	30700001	30800000	0.0004657297436001	79082	1563554	3357213108	4298796
AL	NC_063218.1	30800001	30900000	0.0004787556533001	82214	1661539	3470536564	4542764
AL	NC_063218.1	30900001	31000000	0.0005226773904081	81051	1796876	3437829975	4426680
AL	NC_063218.1	31000001	31100000	0.0004510982948802	81554	1552060	3440624843	4511990
AL	NC_063218.1	31100001	31200000	0.0004191036082479	82824	1604086	3827421116	3466376
AL	NC_063218.1	31200001	31300000	0.0002233046195354	83149	841748	3769505538	3711998
AL	NC_063218.1	31300001	31400000	0.0003433590155024	81771	1289825	3756490850	3496706
AL	NC_063218.1	31400001	31500000	0.0003614044374426	84046	1310554	3626280876	4369420
AL	NC_063218.1	31500001	31600000	0.0004981928076404	80407	1721083	3454652443	4229824
AL	NC_063218.1	31600001	31700000	0.0003878736342592	81580	1379635	3556918744	4119592
AL	NC_063218.1	31700001	31800000	0.0002365297433394	82726	858038	3627611428	4104772
AL	NC_063218.1	31800001	31900000	0.0003405923659778	83606	1254204	3682419588	4095020
AL	NC_063218.1	31900001	32000000	0.0005122277536988	82730	1910374	3729540202	3768920
AL	NC_063218.1	32000001	32100000	0.0003552037865329	81959	1325921	3732845905	3614500
AL	NC_063218.1	32100001	32200000	0.0003980542106204	80123	1320488	3317357196	4647158
AL	NC_063218.1	32200001	32300000	0.0005321708896347	80276	1891013	3553394289	3881606
AL	NC_063218.1	32300001	32400000	0.000352105299541	78645	1163045	3303116998	4400358
AL	NC_063218.1	32400001	32500000	0.0004553394418468	80197	1504819	3304829017	4708176
AL	NC_063218.1	32500001	32600000	0.0004070302529302	81044	1428835	3510390173	4176878
AL	NC_063218.1	32600001	32700000	0.0007624795189682	82205	2813679	3690169939	3797916
AL	NC_063218.1	32700001	32800000	0.0009101551665992	81315	3287650	3612186274	3878730
AL	NC_063218.1	32800001	32900000	0.0005523240058562	81405	2025290	3666851302	3709582
AL	NC_063218.1	32900001	33000000	0.0004916750947015	80193	1762880	3585457183	3748916
AL	NC_063218.1	33000001	33100000	0.0005592941759616	84188	2124629	3798768325	3819878
AL	NC_063218.1	33100001	33200000	0.0005173342271092	80856	1879503	3633053646	3727580
AL	NC_063218.1	33200001	33300000	0.000188329502365	84546	766474	4069856238	3001576
AL	NC_063218.1	33300001	33400000	0.0002155945381802	82896	870039	4035533587	2800538
AL	NC_063218.1	33400001	33500000	0.0001735913912756	81333	633806	3651137279	3752676
AL	NC_063218.1	33500001	33600000	0.0003424656430026	80796	1203396	3513917453	4104054
AL	NC_063218.1	33600001	33700000	0.000352339220301	83051	1290955	3663954864	4045422
AL	NC_063218.1	33700001	33800000	0.0003281513046477	83031	1238057	3772823641	3679132
AL	NC_063218.1	33800001	33900000	0.0004012061421477	86315	1665094	4150220610	3076346
AL	NC_063218.1	33900001	34000000	0.000472866539487	86675	1974415	4175417026	3067058
AL	NC_063218.1	34000001	34100000	0.0006643072577303	83042	2577539	3880040403	3325510
AL	NC_063218.1	34100001	34200000	0.0004860962193187	79373	1758890	3618398848	3473298
AL	NC_063218.1	34200001	34300000	0.0006290470930301	83820	2417255	3842725015	3593890
AL	NC_063218.1	34300001	34400000	0.0005618105304516	87537	2300552	4094889425	3480120
AL	NC_063218.1	34400001	34500000	0.0002528683034414	80456	1016495	4019859295	2381602
AL	NC_063218.1	34500001	34600000	0.0005484063093999	86488	2335845	4259332834	2756892
AL	NC_063218.1	34600001	34700000	0.0007375100576153	86737	3105769	4211154774	2961878
AL	NC_063218.1	34700001	34800000	0.0005936039860179	85532	2456233	4137831042	2969244
AL	NC_063218.1	34800001	34900000	0.0008515425037304	87567	3612665	4242495218	3011074
AL	NC_063218.1	34900001	35000000	0.0006230341951413	86180	2678794	4299593860	2565008
AL	NC_063218.1	35000001	35100000	0.0003802780539325	84812	1611003	4236381730	2512284
AL	NC_063218.1	35100001	35200000	0.0001912855470383	88680	795120	4156717600	3502064
AL	NC_063218.1	35200001	35300000	0.0002860375815418	84131	1216171	4251787452	2335862
AL	NC_063218.1	35300001	35400000	0.0003549424757416	87724	1552260	4373272026	2622052
AL	NC_063218.1	35400001	35500000	0.0003234594075499	86494	1308110	4044124145	3450906
AL	NC_063218.1	35500001	35600000	0.0004212691977769	86440	1769633	4200717758	2936308
AL	NC_063218.1	35600001	35700000	0.0005405404184748	84891	2166265	4007591155	3264400
AL	NC_063218.1	35700001	35800000	0.0004891479231458	84779	1885146	3853938473	3754132
AL	NC_063218.1	35800001	35900000	0.0003108855460185	84365	1268619	4080662534	2928854
AL	NC_063218.1	35900001	36000000	0.0004920232689953	84108	1886482	3834131674	3675780
AL	NC_063218.1	36000001	36100000	0.0008292272261863	84001	3205491	3865636461	3556408
AL	NC_063218.1	36100001	36200000	0.0005846882481512	84616	2389704	4087142178	2955484
AL	NC_063218.1	36200001	36300000	0.0005850159021009	86420	2363019	4039238919	3447754
AL	NC_063218.1	36300001	36400000	0.000647520095501	84021	2649492	4091752547	2822900
AL	NC_063218.1	36400001	36500000	0.0002460442477021	86455	1055495	4289858470	2652930
AL	NC_063218.1	36500001	36600000	0.0002485953339735	86728	1025682	4125910103	3229202
AL	NC_063218.1	36600001	36700000	0.0003364622858739	85766	1399117	4158317466	2945080
AL	NC_063218.1	36700001	36800000	0.0003657958033644	85047	1443386	3945879058	3495994
AL	NC_063218.1	36800001	36900000	0.0004554729133777	86142	1869584	4104709512	3200916
AL	NC_063218.1	36900001	37000000	0.0002770342526373	83762	1135952	4100402709	2754114
AL	NC_063218.1	37000001	37100000	0.0004989740195027	84272	2002930	4014096770	3133932
AL	NC_063218.1	37100001	37200000	0.0006395351494948	82433	2337901	3655625499	3954444
AL	NC_063218.1	37200001	37300000	0.0004148707098319	81958	1527177	3681091395	3780206
AL	NC_063218.1	37300001	37400000	0.0003576846797676	80760	1317647	3683822860	3527616
AL	NC_063218.1	37400001	37500000	0.0005077640640657	84944	1995617	3930205269	3538094
AL	NC_063218.1	37500001	37600000	0.0004767708756407	85475	1918083	4023070825	3329332
AL	NC_063218.1	37600001	37700000	0.0006702324662872	84756	2633862	3929773821	3488950
AL	NC_063218.1	37700001	37800000	0.0007028559533225	82449	2722810	3873923223	3227796
AL	NC_063218.1	37800001	37900000	0.0004648070044294	85335	1875344	4034672417	3261820
AL	NC_063218.1	37900001	38000000	0.000508051065577	85850	2005104	3946658389	3644034
AL	NC_063218.1	38000001	38100000	0.0003297891719567	86070	1345694	4080467506	3252664
AL	NC_063218.1	38100001	38200000	0.000149246980011	85776	632811	4240025493	2679534
AL	NC_063218.1	38200001	38300000	0.0002870224687815	85492	1196732	4169471488	2857776
AL	NC_063218.1	38300001	38400000	0.0003686583879977	86752	1600933	4342592091	2545346
AL	NC_063218.1	38400001	38500000	0.0003712349760027	86412	1493572	4023252378	3502292
AL	NC_063218.1	38500001	38600000	0.0004096396370651	86257	1679462	4099852280	3220210
AL	NC_063218.1	38600001	38700000	4.9374281437404365e-05	83645	194625	3941829518	3244014
AL	NC_063218.1	38700001	38800000	0.0002059518999493	83179	799390	3881440279	3352056
AL	NC_063218.1	38800001	38900000	0.0002907332351334	87059	1222921	4206333684	3037566
AL	NC_063218.1	38900001	39000000	0.0004184757877992	87155	1864944	4456515895	2253520
AL	NC_063218.1	39000001	39100000	0.0003114656906029	88955	1388936	4459354728	2581358
AL	NC_063218.1	39100001	39200000	0.0003977944938507	85503	1633315	4105926616	3065470
AL	NC_063218.1	39200001	39300000	0.0003879128424194	82603	1509897	3892361466	3196642
AL	NC_063218.1	39300001	39400000	0.0003329510950274	86657	1436558	4314621641	2614064
AL	NC_063218.1	39400001	39500000	0.0003878325917254	85715	1747530	4505887430	1834706
AL	NC_063218.1	39500001	39600000	0.0002410473432944	85044	1008780	4184987008	2734920
AL	NC_063218.1	39600001	39700000	8.68561550191021e-05	82198	330169	3801331062	3424656
AL	NC_063218.1	39700001	39800000	0.0001079902894396	87869	494839	4582254595	1993132
AL	NC_063218.1	39800001	39900000	0.0002069885168317	86288	926099	4474156413	2044158
AL	NC_063218.1	39900001	40000000	0.0003287810241316	88307	1381368	4201483354	3288042
AL	NC_063218.1	40000001	40100000	0.0002239780334533	87503	946646	4226512687	3054232
AL	NC_063218.1	40100001	40200000	0.0002256677335225	86155	931199	4126416238	3118770
AL	NC_063218.1	40200001	40300000	0.0003185875252981	83751	1235826	3879078438	3463994
AL	NC_063218.1	40300001	40400000	0.0001318459291058	88152	582568	4418551289	2561006
AL	NC_063218.1	40400001	40500000	0.0001871955673881	85309	738969	3947577447	3544548
AL	NC_063218.1	40500001	40600000	0.0001037978537845	84813	391617	3772881478	4022062
AL	NC_063218.1	40600001	40700000	0.0002404106541312	85274	1005681	4183179833	2775522
AL	NC_063218.1	40700001	40800000	0.0003660220900203	83623	1476899	4034999636	2940558
AL	NC_063218.1	40800001	40900000	0.0001929920796376	83209	733394	3800124862	3619046
AL	NC_063218.1	40900001	41000000	7.756910354354921e-05	82701	277847	3581928723	4254436
AL	NC_063218.1	41000001	41100000	4.166971860744691e-07	82245	1565	3755724906	3575894
AL	NC_063218.1	41100001	41200000	3.950649826606154e-07	82016	1473	3728500537	3621974
AL	NC_063218.1	41200001	41300000	6.3992819990046006e-06	86478	26336	4115461704	3221212
AL	NC_063218.1	41300001	41400000	0.0	84679	0	4350103040	2126342
AL	NC_063218.1	41400001	41500000	3.683735788772189e-06	85900	16156	4385765138	2242956
AL	NC_063218.1	41500001	41600000	9.221308570444131e-06	85985	38892	4217622662	2790886
AL	NC_063218.1	41600001	41700000	3.5125806430222215e-05	77896	134870	3839627149	2465014
AL	NC_063218.1	41700001	41800000	3.203738368981378e-05	87767	141806	4426266557	2463420
AL	NC_063218.1	41800001	41900000	2.909973047491654e-05	85037	124103	4264747404	2462810
AL	NC_063218.1	41900001	42000000	2.643536561010676e-05	86329	108219	4093720571	3273468
AL	NC_063218.1	42000001	42100000	2.847883580051682e-05	85405	121614	4270329056	2518330
AL	NC_063218.1	42100001	42200000	1.7672764454932336e-05	86577	73812	4176596151	3041196
AL	NC_063218.1	42200001	42300000	2.661703775866218e-05	81788	105340	3957615455	2845458
AL	NC_063218.1	42300001	42400000	3.678450354993818e-05	85872	148973	4049884751	3321234
AL	NC_063218.1	42400001	42500000	2.3638648822928465e-05	85157	91574	3873910082	3749718
AL	NC_063218.1	42500001	42600000	3.61453967191317e-05	85474	137437	3802337572	4051820
AL	NC_063218.1	42600001	42700000	3.0187449220930637e-05	81743	109388	3623625143	3923512
AL	NC_063218.1	42700001	42800000	0.0002611037235383	74390	865188	3313579708	3521532
AL	NC_063218.1	42800001	42900000	0.0003702346586866	78350	1294181	3495569552	3686212
AL	NC_063218.1	42900001	43000000	0.0003328844076661	76358	1155292	3470550057	3382722
AL	NC_063218.1	43000001	43100000	1.5903603523843467e-05	80916	56421	3547686530	4014644
AL	NC_063218.1	43100001	43200000	0.0004238096443226	81523	1478157	3487785188	4339414
AL	NC_063218.1	43200001	43300000	0.0001089328293881	81836	373960	3432941218	4590908
AL	NC_063218.1	43300001	43400000	0.0001399199679132	80266	480002	3430546813	4284754
AL	NC_063218.1	43400001	43500000	0.0002656617030778	79505	912979	3436622552	4113594
AL	NC_063218.1	43500001	43600000	0.0002617548762434	80884	904904	3457066447	4315610
AL	NC_063218.1	43600001	43700000	0.0001224768573737	73593	385753	3149599102	3915846
AL	NC_063218.1	43700001	43800000	0.0003157398348902	70327	948437	3003856008	3761302
AL	NC_063218.1	43800001	43900000	0.000257073845662	80149	874219	3400653216	4362170
AL	NC_063218.1	43900001	44000000	0.0002687783244592	81652	929718	3459051253	4470718
AL	NC_063218.1	44000001	44100000	0.0003042875058689	81190	1031762	3390747172	4603340
AL	NC_063218.1	44100001	44200000	0.0004809054318741	81576	1692378	3519149271	4242778
AL	NC_063218.1	44200001	44300000	0.0003193111749168	81126	1146944	3591931915	3907110
AL	NC_063218.1	44300001	44400000	0.000562045643283	82785	2105567	3746256243	3715476
AL	NC_063218.1	44400001	44500000	0.0004764926179038	84463	1829870	3840290345	3727284
AL	NC_063218.1	44500001	44600000	0.0003442423364533	86272	1452447	4219257326	2848780
AL	NC_063218.1	44600001	44700000	0.0006653588243231	84492	2725254	4095916219	2899650
AL	NC_063218.1	44700001	44800000	0.00040056975464	83529	1637281	4087380490	2741758
AL	NC_063218.1	44800001	44900000	0.0004879937055304	86633	2058652	4218603594	2909998
AL	NC_063218.1	44900001	45000000	0.0005724578602496	86701	2382049	4161090563	3113068
AL	NC_063218.1	45000001	45100000	0.0001874723087029	74821	654272	3489966089	3014568
AL	NC_063218.1	45100001	45200000	0.0002147750740125	82799	822465	3829424824	3445342
AL	NC_063218.1	45200001	45300000	0.0003453430288879	82621	1344580	3893462116	3203994
AL	NC_063218.1	45300001	45400000	0.0002458742609255	84509	976005	3969528963	3314228
AL	NC_063218.1	45400001	45500000	0.0002520259309343	83659	947914	3761176465	3842700
AL	NC_063218.1	45500001	45600000	0.0005219703879414	85394	2073377	3972211926	3474448
AL	NC_063218.1	45600001	45700000	0.0003829523814742	83640	1528838	3992240482	3070588
AL	NC_063218.1	45700001	45800000	0.0002951772600635	84219	1234720	4182978051	2567216
AL	NC_063218.1	45800001	45900000	0.0002157925895588	85100	865878	4012547427	3288474
AL	NC_063218.1	45900001	46000000	0.0004488162460724	85691	1966314	4381111462	2217626
AL	NC_063218.1	46000001	46100000	0.000409505995806	86738	1804596	4406763316	2331700
AL	NC_063218.1	46100001	46200000	0.0004270709489243	87337	1857760	4350003213	2628312
AL	NC_063218.1	46200001	46300000	0.0003577766808161	85596	1580165	4416623790	2091060
AL	NC_063218.1	46300001	46400000	0.0004150558976531	86561	1850494	4458421168	2137122
AL	NC_063218.1	46400001	46500000	0.0004766309341552	87143	2128138	4464959883	2224800
AL	NC_063218.1	46500001	46600000	0.0002353493311162	78564	889250	3778425865	2792054
AL	NC_063218.1	46600001	46700000	0.0004175643485979	85551	1692450	4053147750	3233970
AL	NC_063218.1	46700001	46800000	0.0004527137801949	86683	1882558	4158384574	3117218
AL	NC_063218.1	46800001	46900000	0.0002601097096842	86640	1065134	4094941328	3308384
AL	NC_063218.1	46900001	47000000	0.0007391386986495	82952	2757189	3730272823	3800194
AL	NC_063218.1	47000001	47100000	0.0006170659715645	83676	2383974	3863402148	3503896
AL	NC_063218.1	47100001	47200000	0.0004687790398723	79407	1684107	3592539036	3570038
AL	NC_063218.1	47200001	47300000	0.0003786512757434	77132	1347568	3558862960	3237424
AL	NC_063218.1	47300001	47400000	0.0003970989089147	86030	1561007	3931028177	3735202
AL	NC_063218.1	47400001	47500000	0.0003857683879182	67480	1181810	3063522147	3002458
AL	NC_063218.1	47500001	47600000	0.0002365211982538	83277	912744	3859036766	3444518
AL	NC_063218.1	47600001	47700000	0.0006301250861583	83901	2456025	3897678499	3429620
AL	NC_063218.1	47700001	47800000	0.0003638609099184	86604	1507837	4143992825	3145766
AL	NC_063218.1	47800001	47900000	0.0003888082705411	86046	1597630	4109043251	3150990
AL	NC_063218.1	47900001	48000000	0.0008254609066844	85639	3356784	4066557208	3215078
AL	NC_063218.1	48000001	48100000	0.0008682825775	85348	3946857	4545590459	1647738
AL	NC_063218.1	48100001	48200000	0.0003996791011664	86304	1833840	4588280935	1684818
AL	NC_063218.1	48200001	48300000	0.0005291553083453	85121	2227192	4208957115	2653428
AL	NC_063218.1	48300001	48400000	0.0005378081016905	86475	2309190	4293706236	2635502
AL	NC_063218.1	48400001	48500000	0.0005075690709717	85031	2208757	4351638282	2189586
AL	NC_063218.1	48500001	48600000	0.00056811410038	84971	2551027	4490342694	1743922
AL	NC_063218.1	48600001	48700000	0.0004607483107145	83681	2006065	4353928063	1930588
AL	NC_063218.1	48700001	48800000	0.0002909605585877	85430	1181403	4060354454	3194784
AL	NC_063218.1	48800001	48900000	0.0006329610693489	82310	2420297	3823769134	3362728
AL	NC_063218.1	48900001	49000000	0.000570728556817	83299	2153012	3772392277	3723228
AL	NC_063218.1	49000001	49100000	0.0003623978228704	83975	1420127	3918696279	3371360
AL	NC_063218.1	49100001	49200000	0.0004221607851075	80803	1731407	4101297565	2187196
AL	NC_063218.1	49200001	49300000	0.0001969611464584	84774	806170	4093040757	2981722
AL	NC_063218.1	49300001	49400000	0.0002319327669531	71301	831512	3585142414	2036886
AL	NC_063218.1	49400001	49500000	0.0002536641270587	86085	1070671	4220821495	2798796
AL	NC_063218.1	49500001	49600000	0.0007519514325286	86595	3140359	4176279031	3037160
AL	NC_063218.1	49600001	49700000	0.0004710393899203	82632	1868115	3965942212	2961544
AL	NC_063218.1	49700001	49800000	0.0004983412552359	84292	2009642	4032662315	3062818
AL	NC_063218.1	49800001	49900000	0.0007393206204949	85018	3094536	4185648167	2721142
AL	NC_063218.1	49900001	50000000	0.00073046714899	84347	3032902	4152003282	2697418
AL	NC_063218.1	50000001	50100000	0.0003896897851845	82720	1543927	3961938595	2993546
AL	NC_063218.1	50100001	50200000	0.0005137272983785	85125	2052586	3995477769	3340816
AL	NC_063218.1	50200001	50300000	0.0002708224517835	85909	1098560	4056384516	3298370
AL	NC_063218.1	50300001	50400000	0.0006553091323397	80072	2586582	3947117280	2539048
AL	NC_063218.1	50400001	50500000	0.0006639194308195	84426	2518266	3793029520	3877004
AL	NC_063218.1	50500001	50600000	0.0004292603884679	82863	1644588	3831213045	3452252
AL	NC_063218.1	50600001	50700000	0.0004181415610452	83403	1639650	3921279664	3261046
AL	NC_063218.1	50700001	50800000	0.0008078913699447	84571	3252769	4026245509	3148204
AL	NC_063218.1	50800001	50900000	0.0006584443354788	82828	2516548	3821960133	3478422
AL	NC_063218.1	50900001	51000000	0.000382339595542	81552	1429539	3738924811	3505402
AL	NC_063218.1	51000001	51100000	0.0001647698068814	82742	621764	3773531157	3628882
AL	NC_063218.1	51100001	51200000	0.0003580851232283	82568	1321553	3690611294	3860060
AL	NC_063218.1	51200001	51300000	0.0005113040382315	83663	1919305	3753745045	3864108
AL	NC_063218.1	51300001	51400000	0.0002201365822104	83408	829495	3768092480	3763096
AL	NC_063218.1	51400001	51500000	0.0002747309241211	81234	1003825	3653847863	3718390
AL	NC_063218.1	51500001	51600000	0.0003391970310535	81479	1204299	3550440864	4113254
AL	NC_063218.1	51600001	51700000	0.0006073224133301	79463	2118510	3488278966	3927202
AL	NC_063218.1	51700001	51800000	0.000644096453509	82206	2387830	3707255314	3731472
AL	NC_063218.1	51800001	51900000	0.0004047451745834	82674	1502367	3711883660	3805364
AL	NC_063218.1	51900001	52000000	0.0007147232996028	81053	2712003	3794479628	3226314
AL	NC_063218.1	52000001	52100000	0.0006501154975822	82433	2513304	3865934606	3262982
AL	NC_063218.1	52100001	52200000	0.0007435090206076	86041	3082314	4145630940	3036938
AL	NC_063218.1	52200001	52300000	0.0011650195325	82742	4581880	3932878267	3092166
AL	NC_063218.1	52300001	52400000	0.0007239816083959	78342	2773686	3831155333	2585370
AL	NC_063218.1	52400001	52500000	0.0007001721079873	82916	2948794	4211527375	2237970
AL	NC_063218.1	52500001	52600000	0.0005043010030564	84889	2082068	4128621572	2870330
AL	NC_063218.1	52600001	52700000	0.0005880975658186	84957	2344339	3986309647	3341492
AL	NC_063218.1	52700001	52800000	0.0005014566852885	83317	1936483	3861715392	3438746
AL	NC_063218.1	52800001	52900000	0.0006080960155483	85932	2528131	4157453651	2983586
AL	NC_063218.1	52900001	53000000	0.0005817997547194	86432	2437954	4190366153	2965310
AL	NC_063218.1	53000001	53100000	0.0006881064139437	85784	2991801	4347875473	2345102
AL	NC_063218.1	53100001	53200000	0.000644192867285	86062	2672439	4148507591	3030102
AL	NC_063218.1	53200001	53300000	0.0003641099942064	83495	1445285	3969363717	3127652
AL	NC_063218.1	53300001	53400000	0.0003018444778466	83970	1233607	4086896036	2839420
AL	NC_063218.1	53400001	53500000	0.0003493996057222	79138	1270357	3635828373	3374050
AL	NC_063218.1	53500001	53600000	0.0001933533533966	83152	724532	3747191281	3785638
AL	NC_063218.1	53600001	53700000	0.0002339600105188	82441	901705	3854098818	3296726
AL	NC_063218.1	53700001	53800000	0.0004164002943863	84668	1667879	4005470271	3231986
AL	NC_063218.1	53800001	53900000	0.0001817275899994	41279	333085	1832880742	1968906
AL	NC_063218.1	53900001	54000000	9.836581812039294e-05	27584	124120	1261820441	1195918
AL	NC_063218.1	54000001	54100000	0.0003642762580946	81050	1408368	3866208595	2991766
AL	NC_063218.1	54100001	54200000	0.0003619730971998	56268	1038206	2868185531	1497178
AL	NC_063218.1	54200001	54300000	0.0003108908808876	43024	616352	1982534831	1825378
AL	NC_063218.1	54300001	54400000	0.0005317487120124	64142	1675297	3150542657	2080714
AL	NC_063218.1	54400001	54500000	0.0005814640164911	73358	2232900	3840134448	1626932
AL	NC_063218.1	54500001	54600000	0.0004969407014366	83364	2185031	4396965259	1736850
AL	NC_063218.1	54600001	54700000	0.0007435027996386	85932	3308618	4450041078	2042932
AL	NC_063218.1	54700001	54800000	0.0006634932216733	74534	2347855	3538626957	2812642
AL	NC_063218.1	54800001	54900000	0.0004557175312207	78010	1642522	3604254582	3259544
AL	NC_063218.1	54900001	55000000	0.0006243401485178	83353	2377201	3807541459	3618332
AL	NC_063218.1	55000001	55100000	0.0004203937875737	83700	1638530	3897607549	3391942
AL	NC_063218.1	55100001	55200000	0.0004730897844633	83475	1884415	3983207970	3072010
AL	NC_063218.1	55200001	55300000	0.0005972189093667	83825	2317136	3879877150	3478606
AL	NC_063218.1	55300001	55400000	0.0006261259306769	83349	2564521	4095854962	2683470
AL	NC_063218.1	55400001	55500000	0.0003432157895078	85215	1449006	4221851221	2639452
AL	NC_063218.1	55500001	55600000	0.0002873422603415	84840	1165511	4056176765	3096598
AL	NC_063218.1	55600001	55700000	0.0003694955974139	84278	1566927	4240718999	2399766
AL	NC_063218.1	55700001	55800000	0.0004464738572239	83607	1872436	4193831217	2423092
AL	NC_063218.1	55800001	55900000	0.00069813806947	84871	2781947	3984809197	3332316
AL	NC_063218.1	55900001	56000000	0.0005585392143166	83792	2294709	4108411623	2735930
AL	NC_063218.1	56000001	56100000	0.0005045181487421	85831	2035621	4034782505	3351844
AL	NC_063218.1	56100001	56200000	0.0004079564598473	81845	1561441	3827469727	3263452
AL	NC_063218.1	56200001	56300000	0.0005157341860568	81248	1960108	3800616777	3237238
AL	NC_063218.1	56300001	56400000	0.0008908733863497	79581	3406865	3824185403	2841428
AL	NC_063218.1	56400001	56500000	0.0007026222009641	76537	2516222	3581187723	3046132
AL	NC_063218.1	56500001	56600000	0.0008057833008703	81887	3040508	3773356927	3454416
AL	NC_063218.1	56600001	56700000	0.0006787377117661	80825	2513619	3703373124	3477474
AL	NC_063218.1	56700001	56800000	0.0007625098343405	81701	2824042	3703613872	3642058
AL	NC_063218.1	56800001	56900000	0.0005758853073602	82716	2316296	4022148109	2801550
AL	NC_063218.1	56900001	57000000	0.0006798276118763	83241	2772908	4078839917	2721272
AL	NC_063218.1	57000001	57100000	0.000571353934593	84119	2296606	4019585516	3085390
AL	NC_063218.1	57100001	57200000	0.0003459053996487	82652	1366547	3950637953	3029430
AL	NC_063218.1	57200001	57300000	0.0006217923791184	83226	2344303	3770234372	3734428
AL	NC_063218.1	57300001	57400000	0.0006582591329464	84576	2669178	4054904621	3054302
AL	NC_063218.1	57400001	57500000	0.0004540754773966	82554	1741909	3836166203	3379454
AL	NC_063218.1	57500001	57600000	0.0006084921594376	85991	2489590	4091408511	3204232
AL	NC_063218.1	57600001	57700000	0.0002811463371255	82698	1179437	4195100004	2261556
AL	NC_063218.1	57700001	57800000	0.0003171436803188	84379	1178667	3716507921	4131324
AL	NC_063218.1	57800001	57900000	0.0001181228474066	82720	455571	3856755996	3343904
AL	NC_063218.1	57900001	58000000	0.0002336931251634	80198	828164	3543809855	3888222
AL	NC_063218.1	58000001	58100000	0.0002865862808058	80698	1044072	3643133220	3653372
AL	NC_063218.1	58100001	58200000	0.0001541393738227	82706	602865	3911168088	3162980
AL	NC_063218.1	58200001	58300000	0.0001047599976643	81954	409823	3912018033	3012226
AL	NC_063218.1	58300001	58400000	0.0005014356990268	76829	1821821	3633209609	2936832
AL	NC_063218.1	58400001	58500000	0.0002821185072672	82195	1065280	3776001831	3510384
AL	NC_063218.1	58500001	58600000	0.0002999705857642	74607	1017122	3390739120	3304118
AL	NC_063218.1	58600001	58700000	0.0005039672434701	78510	1752030	3476475947	3784198
AL	NC_063218.1	58700001	58800000	0.0003377790924558	73522	1105316	3272304369	3488138
AL	NC_063218.1	58800001	58900000	0.0003894503182814	80738	1371551	3521761148	4070948
AL	NC_063218.1	58900001	59000000	0.0004623376973962	74942	1545517	3342831460	3531500
AL	NC_063218.1	59000001	59100000	0.0004483106306543	78801	1570946	3504146216	3752514
AL	NC_063218.1	59100001	59200000	0.000258850196178	80248	994518	3842060059	2917498
AL	NC_063218.1	59200001	59300000	0.000242792102257	74679	869561	3581504472	2697982
AL	NC_063218.1	59300001	59400000	0.0001667966894375	81122	624033	3741279291	3416894
AL	NC_063218.1	59400001	59500000	0.0005048810380674	62045	1530042	3030500028	2070162
AL	NC_063218.1	59500001	59600000	0.0004802563670231	68690	1566445	3261685024	2589948
AL	NC_063218.1	59600001	59700000	0.0002877854271153	80039	1023474	3556378828	3819598
AL	NC_063218.1	59700001	59800000	0.0008793249166002	65957	2649936	3013602765	2882480
AL	NC_063218.1	59800001	59900000	0.0003879000014299	73182	1321953	3407973692	2977476
AL	NC_063218.1	59900001	60000000	0.0003734867824493	68119	1186817	3177668008	2752918
AL	NC_063218.1	60000001	60100000	0.0007094762627514	63598	2098603	2957960837	2603890
AL	NC_063218.1	60100001	60200000	0.0001567815878129	64427	476159	3037084945	2510300
AL	NC_063218.1	60200001	60300000	0.0	1	0	34716	82
AL	NC_063218.1	60300001	60400000	0.0	15	0	582538	1010
AL	NC_063218.1	60400001	60500000	NA	0	NA	NA	NA
AL	NC_063218.1	60500001	60600000	NA	0	NA	NA	NA
AL	NC_063218.1	60600001	60700000	NA	0	NA	NA	NA
AL	NC_063218.1	60700001	60800000	NA	0	NA	NA	NA
AL	NC_063218.1	60800001	60900000	NA	0	NA	NA	NA
AL	NC_063218.1	60900001	61000000	NA	0	NA	NA	NA
AL	NC_063218.1	61000001	61100000	NA	0	NA	NA	NA
AL	NC_063218.1	61100001	61200000	NA	0	NA	NA	NA
AL	NC_063218.1	61200001	61300000	0.0004130520359767	51032	1042239	2523263195	1601986
AL	NC_063218.1	61300001	61400000	0.000190305432999	82519	692475	3638755810	4030282
AL	NC_063218.1	61400001	61500000	0.0001649662496917	80490	583929	3539687670	3957168
AL	NC_063218.1	61500001	61600000	0.000134613941819	84164	523121	3886083365	3532894
AL	NC_063218.1	61600001	61700000	0.0002053319810215	76299	715732	3485730749	3324852
AL	NC_063218.1	61700001	61800000	0.0002433280641494	75879	863178	3547383665	3037668
AL	NC_063218.1	61800001	61900000	0.0002089134582239	80357	784444	3754875376	3221434
AL	NC_063218.1	61900001	62000000	0.0003767318452221	81150	1413241	3751318127	3379830
AL	NC_063218.1	62000001	62100000	0.0003136080580531	84743	1264012	4030546944	3164150
AL	NC_063218.1	62100001	62200000	0.0004263896467753	81105	1645885	3860049165	3021040
AL	NC_063218.1	62200001	62300000	0.0003892948503727	82682	1540605	3957424555	3003526
AL	NC_063218.1	62300001	62400000	0.0003231009405221	81292	1290490	3994076891	2620618
AL	NC_063218.1	62400001	62500000	0.0003960781821012	84622	1638700	4137314485	2793850
AL	NC_063218.1	62500001	62600000	0.0004919173905819	82897	1972988	4010811648	2872210
AL	NC_063218.1	62600001	62700000	0.0002980431141548	83464	1174386	3940322538	3203796
AL	NC_063218.1	62700001	62800000	0.0002038371828478	58958	568656	2789755981	2248466
AL	NC_063218.1	62800001	62900000	0.000597273536545	45903	1370979	2295395520	1355334
AL	NC_063218.1	62900001	63000000	0.0004524224271519	84269	1807524	3995213083	3178172
AL	NC_063218.1	63000001	63100000	0.0005692944165428	85440	2343807	4117038446	3005340
AL	NC_063218.1	63100001	63200000	0.0005197712731328	84985	2157162	4150213972	2816546
AL	NC_063218.1	63200001	63300000	0.0005981181112139	83404	2487177	4158337548	2493944
AL	NC_063218.1	63300001	63400000	0.0005350477063361	83223	2253601	4211962734	2293266
AL	NC_063218.1	63400001	63500000	0.0005499004448873	84220	2289730	4163899159	2630290
AL	NC_063218.1	63500001	63600000	0.0003585853476095	82259	1482018	4132957495	2361792
AL	NC_063218.1	63600001	63700000	0.0003116014245163	78556	1227643	3939786225	2279478
AL	NC_063218.1	63700001	63800000	0.000313579353833	82488	1265494	4035641966	2710604
AL	NC_063218.1	63800001	63900000	0.0003514546797879	83393	1428044	4063237971	2796412
AL	NC_063218.1	63900001	64000000	0.0004050083441595	83549	1644134	4059506486	2834622
AL	NC_063218.1	64000001	64100000	0.0003285550894507	81539	1368952	4166582847	2122000
AL	NC_063218.1	64100001	64200000	0.0004461191861428	76240	1766973	3960764421	1780998
AL	NC_063218.1	64200001	64300000	0.0005581469645397	84438	2368390	4243308932	2417420
AL	NC_063218.1	64300001	64400000	0.0005425020925686	82115	2231352	4113075379	2394904
AL	NC_063218.1	64400001	64500000	0.0004894165571903	75056	1932690	3948967340	1595952
AL	NC_063218.1	64500001	64600000	0.0004796026809033	19146	442104	921813029	690466
AL	NC_063218.1	64600001	64700000	0.0006604854237537	54427	1773647	2685368876	1730478
AL	NC_063218.1	64700001	64800000	0.000501304223882	39218	897641	1790611284	1712868
AL	NC_063218.1	64800001	64900000	0.0005789227624251	50699	1405647	2428038922	1842330
AL	NC_063218.1	64900001	65000000	0.0006052080932623	75754	2397486	3961424222	1683640
AL	NC_063218.1	65000001	65100000	0.0005313824399606	50285	1284329	2416957926	1826222
AL	NC_063218.1	65100001	65200000	0.0006120466575559	26740	789485	1289909830	955084
AL	NC_063218.1	65200001	65300000	0.0006079033699761	72453	2275828	3743733153	1758424
AL	NC_063218.1	65300001	65400000	0.0004760627050296	62268	1478544	3105775740	1866944
AL	NC_063218.1	65400001	65500000	0.000851096153903	54535	2246571	2639620670	1894778
AL	NC_063218.1	65500001	65600000	0.0009379835684714	37734	1586348	1691232185	1751554
AL	NC_063218.1	65600001	65700000	0.000630549381942	69008	2226813	3531544180	1785152
AL	NC_063218.1	65700001	65800000	0.0003818886687867	76125	1522678	3987230113	1679504
AL	NC_063218.1	65800001	65900000	0.0	36	0	1644203	1570
AL	NC_063218.1	65900001	66000000	0.0	77	0	3457681	3560
AL	NC_063218.1	66000001	66100000	0.0001453001077074	6219	43139	296895857	231204
AL	NC_063218.1	66100001	66200000	0.0005335380384434	5984	163355	306173109	155278
AL	NC_063219.1	1	100000	0.0	3013	0	126880732	168786
AL	NC_063219.1	100001	200000	0.0001054553226085	24136	116625	1105918574	1050676
AL	NC_063219.1	200001	300000	0.0	57	0	2211727	3852
AL	NC_063219.1	300001	400000	0.0011110178080263	4914	284182	255785279	113510
AL	NC_063219.1	400001	500000	0.0005667078408842	82927	2432209	4291821684	1987830
AL	NC_063219.1	500001	600000	0.0006106497336802	77100	2458456	4025967530	1740156
AL	NC_063219.1	600001	700000	0.0006850058454557	73333	2594618	3787731181	1785816
AL	NC_063219.1	700001	800000	0.0007466741850747	75046	2975740	3985325942	1483592
AL	NC_063219.1	800001	900000	0.0007256237429408	76461	3000005	4134380978	1282582
AL	NC_063219.1	900001	1000000	0.000517663770478	74412	2074778	4007964471	1292962
AL	NC_063219.1	1000001	1100000	0.0005717345855655	77201	2377106	4157708944	1344314
AL	NC_063219.1	1100001	1200000	0.0006525430912801	76434	2660252	4076745330	1452104
AL	NC_063219.1	1200001	1300000	0.000497704456942	72301	1884156	3785692440	1596122
AL	NC_063219.1	1300001	1400000	0.0004885682594453	75279	1967531	4027136356	1396486
AL	NC_063219.1	1400001	1500000	0.0007388078042171	73610	2897611	3922009193	1412802
AL	NC_063219.1	1500001	1600000	0.0007582009481369	78155	3085517	4069524059	1792632
AL	NC_063219.1	1600001	1700000	0.0006322170715558	81846	2601805	4115366568	2336476
AL	NC_063219.1	1700001	1800000	0.0009687890387903	78418	3885768	4010953721	2026570
AL	NC_063219.1	1800001	1900000	0.0008454038654005	79258	3504348	4145176221	1761290
AL	NC_063219.1	1900001	2000000	0.001004059400445	76584	4061939	4045516628	1578368
AL	NC_063219.1	2000001	2100000	0.0008597644056471	78061	3412560	3969180368	2091618
AL	NC_063219.1	2100001	2200000	0.0007465471883441	77687	3006984	4027855234	1835274
AL	NC_063219.1	2200001	2300000	0.0010226285965476	78500	4243222	4149328519	1605770
AL	NC_063219.1	2300001	2400000	0.0008061093360075	70183	2896231	3592851330	1805938
AL	NC_063219.1	2400001	2500000	0.0008630044283516	84135	3802399	4406001725	1850684
AL	NC_063219.1	2500001	2600000	0.0009218890787335	82892	3898925	4229277784	2175736
AL	NC_063219.1	2600001	2700000	0.0006566360787953	82906	2730302	4158013987	2405510
AL	NC_063219.1	2700001	2800000	0.0008140848865539	83208	3541288	4350023024	1855824
AL	NC_063219.1	2800001	2900000	0.0005831806839262	86842	2473363	4241160704	2878812
AL	NC_063219.1	2900001	3000000	0.0007532028210269	86584	3342512	4437731653	2205822
AL	NC_063219.1	3000001	3100000	0.0006192574017416	86376	2706366	4370340980	2381536
AL	NC_063219.1	3100001	3200000	0.0008446815919578	84370	3623086	4289292006	2265704
AL	NC_063219.1	3200001	3300000	0.0003982504158159	82767	1576445	3958426501	3010172
AL	NC_063219.1	3300001	3400000	0.0005238916326656	83207	2114683	4036489358	2847186
AL	NC_063219.1	3400001	3500000	0.0002342545600514	80547	883866	3773100510	3188186
AL	NC_063219.1	3500001	3600000	0.0003650337166264	83450	1460605	4001287918	3021232
AL	NC_063219.1	3600001	3700000	0.0004902663796492	83517	2007944	4095618389	2711920
AL	NC_063219.1	3700001	3800000	0.0007417574005115	85474	3204892	4320674115	2371054
AL	NC_063219.1	3800001	3900000	0.000260995187521	83304	1100516	4216614147	2289266
AL	NC_063219.1	3900001	4000000	0.0004490077278833	84167	1855906	4133349795	2712816
AL	NC_063219.1	4000001	4100000	0.0004441558264312	84664	1900949	4279914586	2341708
AL	NC_063219.1	4100001	4200000	0.0003352698775231	83489	1371063	4089430909	2727768
AL	NC_063219.1	4200001	4300000	0.0005925706099989	84063	2388397	4030569454	3027202
AL	NC_063219.1	4300001	4400000	0.0007922483990786	76429	2980922	3762610317	2439232
AL	NC_063219.1	4400001	4500000	0.00098085219613	73427	3597955	3668192837	2175724
AL	NC_063219.1	4500001	4600000	0.0005505156496664	76610	2095521	3806469446	2333784
AL	NC_063219.1	4600001	4700000	0.0003663556763945	84350	1488144	4062019769	2976162
AL	NC_063219.1	4700001	4800000	0.0004507693006799	85628	1882643	4176511127	2854594
AL	NC_063219.1	4800001	4900000	0.0002883438806756	71670	986781	3422236663	2631486
AL	NC_063219.1	4900001	5000000	0.0003095935186701	38558	602830	1947166086	1086096
AL	NC_063219.1	5000001	5100000	2.1502027133892598e-05	655	568	26416114	40674
AL	NC_063219.1	5100001	5200000	0.0003001276364307	17195	252890	842608175	564568
AL	NC_063219.1	5200001	5300000	0.0006300203952428	53267	1711385	2716396188	1407782
AL	NC_063219.1	5300001	5400000	0.0003290459108502	78236	1226795	3728339905	2910238
AL	NC_063219.1	5400001	5500000	0.000291960498863	77314	1074354	3679792315	2883334
AL	NC_063219.1	5500001	5600000	0.0004237372401193	79509	1633248	3854388629	2729472
AL	NC_063219.1	5600001	5700000	0.0004836184459124	84655	1996150	4127530736	2827030
AL	NC_063219.1	5700001	5800000	0.0005281288392424	77541	1955411	3702526457	2841312
AL	NC_063219.1	5800001	5900000	0.0003985657840044	83253	1583152	3972122203	3065868
AL	NC_063219.1	5900001	6000000	0.0007027123461454	50017	1759872	2504398862	1466870
AL	NC_063219.1	6000001	6100000	NA	0	NA	NA	NA
AL	NC_063219.1	6100001	6200000	NA	0	NA	NA	NA
AL	NC_063219.1	6200001	6300000	NA	0	NA	NA	NA
AL	NC_063219.1	6300001	6400000	0.0005734991812626	46385	1380563	2407262373	1092648
AL	NC_063219.1	6400001	6500000	0.0003620023143702	79123	1368712	3780948203	2897240
AL	NC_063219.1	6500001	6600000	0.000370406234301	83542	1541771	4162378646	2515432
AL	NC_063219.1	6600001	6700000	0.0003489226918736	76713	1337224	3832436328	2274898
AL	NC_063219.1	6700001	6800000	0.0003943819898978	74210	1399148	3547697501	2715034
AL	NC_063219.1	6800001	6900000	0.0003398789462937	77223	1261016	3710191566	2767026
AL	NC_063219.1	6900001	7000000	0.0005132685092681	77741	1856092	3616220295	3170540
AL	NC_063219.1	7000001	7100000	0.0004838731251112	80925	1853853	3831279118	3082590
AL	NC_063219.1	7100001	7200000	0.0007101752830246	81166	2657272	3741712875	3416910
AL	NC_063219.1	7200001	7300000	0.000299561419824	72008	1052603	3513813630	2402588
AL	NC_063219.1	7300001	7400000	0.0003419447425065	80469	1275405	3729857025	3319856
AL	NC_063219.1	7400001	7500000	0.0010110274359391	19029	901822	891985685	752592
AL	NC_063219.1	7500001	7600000	0.000231231267437	35036	377403	1632145186	1419268
AL	NC_063219.1	7600001	7700000	0.000410233484668	81711	1517125	3698198847	3666704
AL	NC_063219.1	7700001	7800000	0.0008869744071386	79205	3315065	3737497918	3060446
AL	NC_063219.1	7800001	7900000	0.0005597261406475	80945	2112094	3773441772	3276754
AL	NC_063219.1	7900001	8000000	0.0003304006416281	81924	1254232	3796094323	3387850
AL	NC_063219.1	8000001	8100000	0.000312329211656	82808	1140104	3650327787	4041370
AL	NC_063219.1	8100001	8200000	0.000164320220691	85046	652023	3968002217	3426394
AL	NC_063219.1	8200001	8300000	0.0006995255521913	80152	2521432	3604488774	3676588
AL	NC_063219.1	8300001	8400000	0.0006412716697318	74007	2142078	3340359634	3351290
AL	NC_063219.1	8400001	8500000	0.0005057769029093	85036	1949996	3855446915	3795890
AL	NC_063219.1	8500001	8600000	0.0007209909217822	83262	2722885	3776587080	3705300
AL	NC_063219.1	8600001	8700000	0.0003809302672079	81312	1437353	3773270658	3342076
AL	NC_063219.1	8700001	8800000	0.0005579143807459	83786	2122741	3804779144	3715644
AL	NC_063219.1	8800001	8900000	0.0007158999317236	85191	2853267	3985566800	3392342
AL	NC_063219.1	8900001	9000000	0.0006843383369418	81565	2588561	3782574876	3360426
AL	NC_063219.1	9000001	9100000	0.0003022946139921	85961	1217279	4026796852	3411146
AL	NC_063219.1	9100001	9200000	0.0002893595089226	84329	1133914	3918703084	3452130
AL	NC_063219.1	9200001	9300000	0.0002653871495519	83205	1056109	3979503159	3047012
AL	NC_063219.1	9300001	9400000	0.0005532664239241	84419	2339621	4228742065	2471708
AL	NC_063219.1	9400001	9500000	0.000615936358334	84146	2478850	4024522934	3077376
AL	NC_063219.1	9500001	9600000	0.0003702288326627	84293	1494084	4035569000	3058090
AL	NC_063219.1	9600001	9700000	0.0005864053186265	85165	2372508	4045850071	3188836
AL	NC_063219.1	9700001	9800000	0.0005864558095679	85923	2561351	4367508955	2306096
AL	NC_063219.1	9800001	9900000	0.0006863395656278	85986	3025238	4407786104	2195404
AL	NC_063219.1	9900001	10000000	0.0005576876765087	86637	2403838	4310366001	2620656
AL	NC_063219.1	10000001	10100000	0.0004889431541498	85470	1972469	4034147903	3283550
AL	NC_063219.1	10100001	10200000	0.0006007074084847	83570	2326062	3872204616	3448348
AL	NC_063219.1	10200001	10300000	0.0004979580657317	83994	1888085	3791654619	3799942
AL	NC_063219.1	10300001	10400000	0.0005860881194135	84115	2264889	3864417184	3585014
AL	NC_063219.1	10400001	10500000	0.0006685396014037	83855	2518527	3767206901	3856292
AL	NC_063219.1	10500001	10600000	0.0006617399459773	77565	2334135	3527269306	3425550
AL	NC_063219.1	10600001	10700000	0.0005103996251714	84690	1972574	3864763810	3690400
AL	NC_063219.1	10700001	10800000	0.0004081988567104	80452	1485361	3638817149	3619358
AL	NC_063219.1	10800001	10900000	0.000734116897566	58920	2068119	2817152155	2167546
AL	NC_063219.1	10900001	11000000	0.0007719136989311	85798	3103702	4020788858	3394224
AL	NC_063219.1	11000001	11100000	0.0006452473928245	84110	2575195	3991019613	3169458
AL	NC_063219.1	11100001	11200000	0.0004741689172967	81657	1765629	3723628723	3570924
AL	NC_063219.1	11200001	11300000	0.0006884665570688	84324	2652061	3852127562	3664380
AL	NC_063219.1	11300001	11400000	0.0006212627699482	84097	2450324	3944102429	3328424
AL	NC_063219.1	11400001	11500000	0.0006981568627357	85349	2844417	4074180391	3138228
AL	NC_063219.1	11500001	11600000	0.0006748569307896	79771	2553801	3784210969	3011940
AL	NC_063219.1	11600001	11700000	0.0005669397574604	84410	2252293	3972720153	3290154
AL	NC_063219.1	11700001	11800000	0.0005914239769304	86032	2467128	4171504870	2950796
AL	NC_063219.1	11800001	11900000	0.0004484411565121	83950	1806568	4028550845	3027562
AL	NC_063219.1	11900001	12000000	0.0005202524203049	83849	1996129	3836847119	3629028
AL	NC_063219.1	12000001	12100000	0.0006238014208045	86170	2590430	4152651651	3033406
AL	NC_063219.1	12100001	12200000	0.0004790521207226	86378	2069861	4320742797	2540346
AL	NC_063219.1	12200001	12300000	0.000767681428644	86294	3452635	4497484075	1972022
AL	NC_063219.1	12300001	12400000	0.0005666090399768	83714	2327504	4107777737	2712050
AL	NC_063219.1	12400001	12500000	0.0003639587607053	85766	1574989	4327383127	2404230
AL	NC_063219.1	12500001	12600000	0.0004272648036332	84737	1728708	4045987372	3110074
AL	NC_063219.1	12600001	12700000	0.0005644764729269	84137	2181088	3863913032	3593394
AL	NC_063219.1	12700001	12800000	0.0006765740297888	85811	2728848	4033332466	3359138
AL	NC_063219.1	12800001	12900000	0.0006739760717959	78942	2473211	3669582799	3222390
AL	NC_063219.1	12900001	13000000	0.0003286474384594	83352	1305323	3971803359	3095706
AL	NC_063219.1	13000001	13100000	0.0003015420964016	84820	1192142	3953484486	3435076
AL	NC_063219.1	13100001	13200000	0.0006423365453022	84735	2574152	4007481777	3239564
AL	NC_063219.1	13200001	13300000	0.0004616069034891	83413	1846265	3999647722	3004286
AL	NC_063219.1	13300001	13400000	0.0004806264096997	86696	2017353	4197341135	2989922
AL	NC_063219.1	13400001	13500000	0.0003730882779829	85652	1540111	4128006938	3023564
AL	NC_063219.1	13500001	13600000	0.0005881540403259	84285	2318477	3941955408	3365626
AL	NC_063219.1	13600001	13700000	0.0003120088123349	83721	1244456	3988528371	3108932
AL	NC_063219.1	13700001	13800000	0.0004264342224022	86903	1775069	4162585709	3147612
AL	NC_063219.1	13800001	13900000	0.0002408186132596	85478	1006528	4179610481	2826114
AL	NC_063219.1	13900001	14000000	0.0006342274982002	82703	2679275	4224469938	2164746
AL	NC_063219.1	14000001	14100000	0.0006725939164214	82509	2677720	3981183794	2893422
AL	NC_063219.1	14100001	14200000	0.0006897077588474	86204	2733637	3963471434	3669284
AL	NC_063219.1	14200001	14300000	0.0006116597452067	82238	2263500	3700586834	3769496
AL	NC_063219.1	14300001	14400000	0.000729054399371	84615	2944441	4038712341	3116716
AL	NC_063219.1	14400001	14500000	0.000479091068283	85900	2165551	4520123925	1824118
AL	NC_063219.1	14500001	14600000	0.000363244719375	86178	1549080	4264563027	2686118
AL	NC_063219.1	14600001	14700000	0.000721163175619	82436	2750525	3814011992	3422552
AL	NC_063219.1	14700001	14800000	0.0006658412639997	83474	2508727	3767755373	3776810
AL	NC_063219.1	14800001	14900000	0.0003509610289827	83399	1340663	3819976833	3589572
AL	NC_063219.1	14900001	15000000	0.0004008514553071	83487	1583573	3950523265	3182612
AL	NC_063219.1	15000001	15100000	0.0003898925800888	84079	1549158	3973294387	3215120
AL	NC_063219.1	15100001	15200000	0.0005131271326618	86471	2104987	4102271866	3253882
AL	NC_063219.1	15200001	15300000	0.000451598458483	86386	1873843	4149356502	3094424
AL	NC_063219.1	15300001	15400000	0.0005710832206874	83113	2207195	3864927072	3387546
AL	NC_063219.1	15400001	15500000	0.0003719229806971	83728	1464106	3936583852	3277856
AL	NC_063219.1	15500001	15600000	0.000483120148464	85447	1952961	4042391952	3269614
AL	NC_063219.1	15600001	15700000	0.0002944275414142	87730	1234687	4193517339	3205494
AL	NC_063219.1	15700001	15800000	0.0004896527289846	83917	1877448	3834243922	3646198
AL	NC_063219.1	15800001	15900000	0.0003722580964436	82804	1349100	3624098476	4130384
AL	NC_063219.1	15900001	16000000	0.0003163749938692	84923	1216955	3846558747	3806784
AL	NC_063219.1	16000001	16100000	0.0005696352388882	85362	2333334	4096189703	3065238
AL	NC_063219.1	16100001	16200000	0.0006590679522864	83096	2602276	3948418355	3123706
AL	NC_063219.1	16200001	16300000	0.0001883816487426	82980	703813	3736101710	3794164
AL	NC_063219.1	16300001	16400000	0.0006836912074192	84615	2570397	3759587621	4027916
AL	NC_063219.1	16400001	16500000	0.0003123666276953	83125	1245672	3987852381	2994816
AL	NC_063219.1	16500001	16600000	0.0003863496296898	83633	1499336	3880775041	3437592
AL	NC_063219.1	16600001	16700000	0.0003001786991585	71916	1051987	3504535808	2415184
AL	NC_063219.1	16700001	16800000	0.0007376347049824	81454	2823950	3828385488	3198756
AL	NC_063219.1	16800001	16900000	0.000812294250952	82129	3003103	3697062975	3751652
AL	NC_063219.1	16900001	17000000	0.0005923975341064	83042	2259769	3814615811	3546718
AL	NC_063219.1	17000001	17100000	0.0005706410379401	81740	2035099	3566338319	4121818
AL	NC_063219.1	17100001	17200000	0.0004751686529453	86399	1856609	3907263218	3896258
AL	NC_063219.1	17200001	17300000	0.0003431158421917	78023	1144566	3335800506	4159562
AL	NC_063219.1	17300001	17400000	0.00026037713572	87820	1045532	4015452421	3801870
AL	NC_063219.1	17400001	17500000	0.0004826671283821	82805	1785706	3699663588	3873858
AL	NC_063219.1	17500001	17600000	0.0003939801990982	81981	1504159	3817854307	3333068
AL	NC_063219.1	17600001	17700000	0.0005228633891405	85661	2144644	4101729141	3118568
AL	NC_063219.1	17700001	17800000	0.000582042449473	86147	2330401	4003833401	3525492
AL	NC_063219.1	17800001	17900000	0.0007258628116016	82496	2724027	3752812455	3647002
AL	NC_063219.1	17900001	18000000	0.000538820423437	84242	2051870	3808077628	3796172
AL	NC_063219.1	18000001	18100000	0.0006874080752486	85070	2802864	4077438280	3078556
AL	NC_063219.1	18100001	18200000	0.0003917018693344	86480	1622705	4142704253	3133086
AL	NC_063219.1	18200001	18300000	0.0006018615271826	80848	2456731	4081887426	2270460
AL	NC_063219.1	18300001	18400000	0.000490195082455	83284	1967978	4014683277	2962214
AL	NC_063219.1	18400001	18500000	0.0004087749869769	82918	1553135	3799486391	3569854
AL	NC_063219.1	18500001	18600000	0.0003038265290289	85496	1222455	4023529492	3332752
AL	NC_063219.1	18600001	18700000	0.0006735320141868	85203	2651448	3936632475	3563504
AL	NC_063219.1	18700001	18800000	0.0006611286011303	83473	2552357	3860605933	3476800
AL	NC_063219.1	18800001	18900000	0.0005925325751809	80425	2388799	4031506621	2341160
AL	NC_063219.1	18900001	19000000	0.0003040286126392	84151	1220818	4015470746	3112466
AL	NC_063219.1	19000001	19100000	0.0005179502175088	82217	1979074	3820973393	3371608
AL	NC_063219.1	19100001	19200000	0.0004498060816071	83920	1774491	3945013357	3297686
AL	NC_063219.1	19200001	19300000	0.0005637391396717	84109	2103309	3730996931	4024924
AL	NC_063219.1	19300001	19400000	0.0008062351882078	82876	3108985	3856176269	3377262
AL	NC_063219.1	19400001	19500000	0.0005348049734748	84995	2213681	4139230392	2864622
AL	NC_063219.1	19500001	19600000	0.0006097058192854	83220	2385359	3912311355	3261394
AL	NC_063219.1	19600001	19700000	0.0004876582300846	85939	1873651	3842139606	4014378
AL	NC_063219.1	19700001	19800000	0.0002818604056347	83283	1048338	3719351775	3906088
AL	NC_063219.1	19800001	19900000	0.0003003486691802	82798	1152068	3835768619	3426534
AL	NC_063219.1	19900001	20000000	0.0001648703489835	82327	641550	3891239413	3158908
AL	NC_063219.1	20000001	20100000	0.0001322151796527	82860	500222	3783393112	3620032
AL	NC_063219.1	20100001	20200000	0.0002643525408511	81570	968352	3663108351	3768566
AL	NC_063219.1	20200001	20300000	0.0004180188737782	82528	1531398	3663466164	3946320
AL	NC_063219.1	20300001	20400000	0.0002979258861928	84463	1183954	3973988347	3310976
AL	NC_063219.1	20400001	20500000	0.00062807039016	83727	2430776	3870228621	3505508
AL	NC_063219.1	20500001	20600000	0.0005340930975075	84135	1983512	3713794485	4093060
AL	NC_063219.1	20600001	20700000	0.0004091660436536	79672	1487803	3636183948	3483120
AL	NC_063219.1	20700001	20800000	0.0005760386502057	82598	2134505	3705489205	3823818
AL	NC_063219.1	20800001	20900000	0.0003355147896205	83525	1320365	3935340679	3248276
AL	NC_063219.1	20900001	21000000	5.938192764264511e-05	84616	223406	3762188411	4022674
AL	NC_063219.1	21000001	21100000	1.7969825958701404e-05	84391	68057	3787293219	3895200
AL	NC_063219.1	21100001	21200000	4.134293644422544e-05	87155	166384	4024484333	3644876
AL	NC_063219.1	21200001	21300000	0.0001980222504122	79967	735742	3715451160	3270566
AL	NC_063219.1	21300001	21400000	0.0006253129788441	82949	2398356	3835448937	3461936
AL	NC_063219.1	21400001	21500000	0.0005638706812646	84256	2127047	3772224857	3925734
AL	NC_063219.1	21500001	21600000	0.000342324391546	81665	1206342	3523973254	4242934
AL	NC_063219.1	21600001	21700000	0.0005484052771409	76080	1857402	3386914892	3608624
AL	NC_063219.1	21700001	21800000	0.0005123762817838	79409	1788251	3490112762	3917870
AL	NC_063219.1	21800001	21900000	0.0008617461604624	81487	3100420	3597834423	3963824
AL	NC_063219.1	21900001	22000000	0.0005217287890937	82784	1863538	3571851964	4315048
AL	NC_063219.1	22000001	22100000	0.000581875039761	80440	2151671	3697823163	3426178
AL	NC_063219.1	22100001	22200000	0.000594777762689	81894	2170911	3649953203	3875238
AL	NC_063219.1	22200001	22300000	0.0004437322839755	82261	1525662	3438248816	4661474
AL	NC_063219.1	22300001	22400000	0.0004204194931492	79635	1494867	3555655778	3748634
AL	NC_063219.1	22400001	22500000	0.0005057407628076	81020	1820425	3599521996	3863952
AL	NC_063219.1	22500001	22600000	0.0005295389156536	82049	1896830	3582040798	4126446
AL	NC_063219.1	22600001	22700000	0.0003650807916717	81900	1299618	3559809307	4166202
AL	NC_063219.1	22700001	22800000	0.0003435059670684	82177	1252407	3645954132	3943066
AL	NC_063219.1	22800001	22900000	0.0002092670313279	82096	773116	3694399424	3760688
AL	NC_063219.1	22900001	23000000	0.0004627742435111	83877	1777410	3840771229	3616368
AL	NC_063219.1	23000001	23100000	0.0003000597410646	85166	1140828	3802002881	3996058
AL	NC_063219.1	23100001	23200000	0.0003842520388391	81320	1408684	3666041706	3705140
AL	NC_063219.1	23200001	23300000	0.000401410202177	82562	1381914	3442647926	4702776
AL	NC_063219.1	23300001	23400000	0.0003887860713716	82507	1418423	3648338005	4008916
AL	NC_063219.1	23400001	23500000	0.0004455679856272	82056	1608043	3608973382	4042556
AL	NC_063219.1	23500001	23600000	0.0004791724004642	83523	1781745	3718379853	3953156
AL	NC_063219.1	23600001	23700000	0.0004542647231715	82942	1689476	3719144177	3842482
AL	NC_063219.1	23700001	23800000	0.0003771008055077	82240	1419130	3763264303	3577082
AL	NC_063219.1	23800001	23900000	0.000428031824732	82242	1559691	3643866904	3965924
AL	NC_063219.1	23900001	24000000	0.0001909754668174	84456	728194	3813023799	3828770
AL	NC_063219.1	24000001	24100000	0.0002824507763055	77890	1047273	3707807122	2898600
AL	NC_063219.1	24100001	24200000	0.0002242868334737	83968	877706	3913319326	3397700
AL	NC_063219.1	24200001	24300000	0.0003361778437891	84196	1313798	3908044579	3460386
AL	NC_063219.1	24300001	24400000	0.0005622858094088	88480	2455521	4367033560	2790032
AL	NC_063219.1	24400001	24500000	0.0003055191111813	84688	1335581	4371513765	2064574
AL	NC_063219.1	24500001	24600000	0.000464178931499	79658	1874901	4039177293	2171194
AL	NC_063219.1	24600001	24700000	0.0004121474288667	74599	1517331	3681524847	2357472
AL	NC_063219.1	24700001	24800000	0.0001874797739118	83584	819151	4369276658	1866004
AL	NC_063219.1	24800001	24900000	0.0002189356403828	82911	924759	4223885149	2196220
AL	NC_063219.1	24900001	25000000	0.0003381851993975	81222	1429322	4226447528	1878164
AL	NC_063219.1	25000001	25100000	0.0002739159401714	86166	1233140	4501892074	1931904
AL	NC_063219.1	25100001	25200000	0.0002547026668279	80767	1007429	3955313906	2650250
AL	NC_063219.1	25200001	25300000	0.0001878216767116	77737	750198	3994203508	1957146
AL	NC_063219.1	25300001	25400000	0.0002081367581826	86517	877117	4214137895	2899948
AL	NC_063219.1	25400001	25500000	0.0002304866017373	86114	941105	4083122372	3245044
AL	NC_063219.1	25500001	25600000	0.0002196814070968	86358	888050	4042444974	3424400
AL	NC_063219.1	25600001	25700000	0.0001870224878843	86693	771504	4125193760	3219370
AL	NC_063219.1	25700001	25800000	0.0001792613681362	86688	742687	4143039896	3158880
AL	NC_063219.1	25800001	25900000	0.0002352925489794	86420	1008391	4285690322	2657436
AL	NC_063219.1	25900001	26000000	0.0001708019171404	81526	718103	4204302926	1994656
AL	NC_063219.1	26000001	26100000	0.0002082695114375	85681	892365	4284664586	2524254
AL	NC_063219.1	26100001	26200000	0.0001656079084492	86548	710212	4288515003	2674338
AL	NC_063219.1	26200001	26300000	0.000212361025993	81717	814225	3834154578	3226102
AL	NC_063219.1	26300001	26400000	0.0001279503896869	81797	489909	3828898069	3259504
AL	NC_063219.1	26400001	26500000	0.0001467161739904	85190	602101	4103848837	3006754
AL	NC_063219.1	26500001	26600000	0.0001052227034672	86759	439902	4180675705	3052844
AL	NC_063219.1	26600001	26700000	0.0003472094359974	85393	1390136	4003739115	3369308
AL	NC_063219.1	26700001	26800000	5.530687975279185e-05	83839	216626	3916800242	3352466
AL	NC_063219.1	26800001	26900000	0.0001975933638066	81631	732886	3709061812	3612702
AL	NC_063219.1	26900001	27000000	0.0003625691370086	82855	1342779	3703511587	3868688
AL	NC_063219.1	27000001	27100000	0.0002266323191675	81043	840185	3707260302	3504866
AL	NC_063219.1	27100001	27200000	0.0001496571049892	74758	517995	3461212216	3098924
AL	NC_063219.1	27200001	27300000	9.959843307164638e-05	83705	384838	3863896129	3504480
AL	NC_063219.1	27300001	27400000	0.0001919633973816	82054	736790	3838179622	3264608
AL	NC_063219.1	27400001	27500000	0.0001793157114521	84532	704110	3926649786	3461444
AL	NC_063219.1	27500001	27600000	7.873587800093938e-05	82838	294419	3739324530	3748048
AL	NC_063219.1	27600001	27700000	0.0003152603516923	83506	1162379	3687044672	4051276
AL	NC_063219.1	27700001	27800000	0.0002623600765857	83602	976100	3720459350	3965552
AL	NC_063219.1	27800001	27900000	0.0003199846758009	81900	1186589	3708268207	3670762
AL	NC_063219.1	27900001	28000000	0.0002737627238467	81338	1007094	3678711206	3657296
AL	NC_063219.1	28000001	28100000	0.000254758688656	85251	1025687	4026111947	3272992
AL	NC_063219.1	28100001	28200000	0.0002194489874588	87821	960287	4375900801	2634328
AL	NC_063219.1	28200001	28300000	0.0002575431189195	84417	996369	3868746345	3630968
AL	NC_063219.1	28300001	28400000	0.0001216731483882	84199	483261	3971796624	3257750
AL	NC_063219.1	28400001	28500000	4.108456705034349e-05	85054	165618	4031148723	3223046
AL	NC_063219.1	28500001	28600000	0.0003094035308205	85125	1270128	4105085668	2995858
AL	NC_063219.1	28600001	28700000	0.0004186582492476	85318	1658840	3962277115	3493550
AL	NC_063219.1	28700001	28800000	8.080158225135012e-05	87014	345468	4275510335	2799622
AL	NC_063219.1	28800001	28900000	0.0002531914511097	87188	1120913	4427136047	2353850
AL	NC_063219.1	28900001	29000000	0.0002297477622929	84549	962736	4190404252	2607226
AL	NC_063219.1	29000001	29100000	0.0003210779802592	87232	1368054	4260815391	2891858
AL	NC_063219.1	29100001	29200000	0.0005179812857881	86926	2151334	4153304490	3180776
AL	NC_063219.1	29200001	29300000	0.0003026256348802	88206	1345423	4445832887	2484230
AL	NC_063219.1	29300001	29400000	0.0005001911551954	87624	2133360	4265089412	2954488
AL	NC_063219.1	29400001	29500000	0.0005672547536123	87293	2428036	4280327286	2838926
AL	NC_063219.1	29500001	29600000	0.0003827259144478	83606	1544943	4036682497	2932274
AL	NC_063219.1	29600001	29700000	0.0004692408832079	87175	1989461	4239743533	2946820
AL	NC_063219.1	29700001	29800000	0.0005939938541595	86650	2467322	4153783718	3119600
AL	NC_063219.1	29800001	29900000	0.000510567443752	87119	2163632	4237700673	2947916
AL	NC_063219.1	29900001	30000000	0.0004018364646152	86369	1672123	4161202746	3041206
AL	NC_063219.1	30000001	30100000	0.0003444254484281	85686	1412815	4101947189	3109434
AL	NC_063219.1	30100001	30200000	0.000317397135588	87685	1288213	4058678720	3628258
AL	NC_063219.1	30200001	30300000	0.0002943392637179	85281	1202717	4086158893	3086312
AL	NC_063219.1	30300001	30400000	0.0004690483455496	84713	1817742	3875383033	3661704
AL	NC_063219.1	30400001	30500000	0.0006258059353128	86338	2493816	3984966999	3616014
AL	NC_063219.1	30500001	30600000	0.0004298270921201	85806	1783176	4148589125	2977794
AL	NC_063219.1	30600001	30700000	0.0004842434627752	87258	2035547	4203561135	3076862
AL	NC_063219.1	30700001	30800000	0.0003775773501295	86582	1523353	4034545503	3496758
AL	NC_063219.1	30800001	30900000	0.0005846933565855	87561	2402293	4108637413	3441832
AL	NC_063219.1	30900001	31000000	0.0004561670126609	86405	1971362	4321579477	2540544
AL	NC_063219.1	31000001	31100000	0.0004948806693457	81580	2123963	4291868993	1735030
AL	NC_063219.1	31100001	31200000	0.0002828094929943	85337	1229563	4347672304	2266738
AL	NC_063219.1	31200001	31300000	0.0003199743883764	82284	1299326	4060718755	2609146
AL	NC_063219.1	31300001	31400000	0.0005335296221257	86893	2308940	4327669738	2620902
AL	NC_063219.1	31400001	31500000	0.0005588036525927	85003	2298337	4112959873	2950308
AL	NC_063219.1	31500001	31600000	0.0004048341027621	86969	1724709	4260285851	2847396
AL	NC_063219.1	31600001	31700000	0.0002424430881208	87003	1032583	4259073781	2856940
AL	NC_063219.1	31700001	31800000	0.0004626862497307	85705	2043948	4417568063	2106716
AL	NC_063219.1	31800001	31900000	0.0003203476249621	81907	1328841	4148121904	2250750
AL	NC_063219.1	31900001	32000000	0.0003821184336672	85063	1504851	3938179547	3524216
AL	NC_063219.1	32000001	32100000	0.0003985406529474	85387	1585181	3977463750	3458418
AL	NC_063219.1	32100001	32200000	0.0001201297496663	84718	480179	3997169738	3267744
AL	NC_063219.1	32200001	32300000	0.0001509809826699	83972	599564	3971122650	3215980
AL	NC_063219.1	32300001	32400000	1.1760625808175745e-06	84353	4583	3896901470	3521086
AL	NC_063219.1	32400001	32500000	0.0001565459327819	84279	601487	3842239714	3684522
AL	NC_063219.1	32500001	32600000	0.0003244411586202	82144	1203801	3710383125	3705222
AL	NC_063219.1	32600001	32700000	0.0002883355796752	82488	1076833	3734651829	3691470
AL	NC_063219.1	32700001	32800000	0.0002474718285531	83805	940379	3799943636	3735434
AL	NC_063219.1	32800001	32900000	0.000311787972037	84002	1188199	3810919941	3737298
AL	NC_063219.1	32900001	33000000	0.0003581479028793	83010	1376594	3843646686	3439984
AL	NC_063219.1	33000001	33100000	0.000246345998189	83230	916986	3722349893	3880802
AL	NC_063219.1	33100001	33200000	0.0001188574154941	83663	473689	3985355041	3102052
AL	NC_063219.1	33200001	33300000	0.0001227914644663	83653	493306	4017429079	2999812
AL	NC_063219.1	33300001	33400000	0.0001252285874496	84686	502476	4012470397	3215490
AL	NC_063219.1	33400001	33500000	8.74220962431459e-05	85036	354372	4053574728	3146128
AL	NC_063219.1	33500001	33600000	0.0001025989973515	83396	386803	3770046589	3753678
AL	NC_063219.1	33600001	33700000	0.0004177038038836	85022	1705197	4082311399	3055526
AL	NC_063219.1	33700001	33800000	0.0006511950088332	86014	2588763	3975403627	3581598
AL	NC_063219.1	33800001	33900000	0.0003264899183271	86995	1312796	4020938860	3624582
AL	NC_063219.1	33900001	34000000	0.0005352413606676	82841	1989391	3716811043	3825492
AL	NC_063219.1	34000001	34100000	0.0007048180835063	84871	2797133	3968588584	3385926
AL	NC_063219.1	34100001	34200000	0.0005984284467324	84453	2371994	3963705290	3325822
AL	NC_063219.1	34200001	34300000	0.0005517211825629	83666	2181504	3953997180	3219668
AL	NC_063219.1	34300001	34400000	0.000547140533518	85043	2287341	4180536553	2737748
AL	NC_063219.1	34400001	34500000	0.0007844999020207	83914	3060978	3901820755	3434774
AL	NC_063219.1	34500001	34600000	0.0005688227405883	85911	2272147	3994472861	3504820
AL	NC_063219.1	34600001	34700000	0.0006533261565576	83686	2620425	4010898651	3021934
AL	NC_063219.1	34700001	34800000	0.0007460064623518	84434	3046766	4084101350	2930136
AL	NC_063219.1	34800001	34900000	0.0009578935116435	85107	3958399	4132399846	2900826
AL	NC_063219.1	34900001	35000000	0.0005410580511995	84871	2336328	4318072700	2265838
AL	NC_063219.1	35000001	35100000	0.0006978991078776	81915	2770412	3969645424	2816990
AL	NC_063219.1	35100001	35200000	0.000641648540602	82526	2481408	3867238594	3269720
AL	NC_063219.1	35200001	35300000	0.0005928877260995	82997	2357232	3975848877	3006440
AL	NC_063219.1	35300001	35400000	0.0005468291164152	84959	2160731	3951382498	3456234
AL	NC_063219.1	35400001	35500000	0.0007646533072447	82466	3065168	4008572213	2796026
AL	NC_063219.1	35500001	35600000	0.0006054417346074	82819	2343738	3871120648	3307262
AL	NC_063219.1	35600001	35700000	0.0006616221612097	82216	2460759	3719281403	3701266
AL	NC_063219.1	35700001	35800000	0.0002793219954448	80960	1000182	3580749158	3914980
AL	NC_063219.1	35800001	35900000	0.0003696598594702	80118	1337050	3616973728	3626908
AL	NC_063219.1	35900001	36000000	0.0002847390068538	81770	1083782	3806229473	3315962
AL	NC_063219.1	36000001	36100000	0.0004119199722467	78503	1504784	3653097935	3194928
AL	NC_063219.1	36100001	36200000	0.0008187009461651	83841	3292967	4022185409	3010616
AL	NC_063219.1	36200001	36300000	0.0006967833327241	82063	2735696	3926178873	2985116
AL	NC_063219.1	36300001	36400000	0.0002591578971476	82740	1011181	3901795049	3192694
AL	NC_063219.1	36400001	36500000	0.0003542503247957	81169	1344541	3795454530	3241806
AL	NC_063219.1	36500001	36600000	0.0005238706145868	81270	2013383	3843282948	3104444
AL	NC_063219.1	36600001	36700000	0.0005372467330539	80848	1994651	3712728021	3448990
AL	NC_063219.1	36700001	36800000	0.0003177138327847	82359	1201051	3780291810	3519490
AL	NC_063219.1	36800001	36900000	0.0002049904505805	82604	798430	3894961925	3190038
AL	NC_063219.1	36900001	37000000	0.0003890614576225	84313	1592336	4092762130	2880926
AL	NC_063219.1	37000001	37100000	0.0006178224428308	79395	2338910	3785731689	2931500
AL	NC_063219.1	37100001	37200000	0.0004276043748176	81431	1654186	3868496436	3049022
AL	NC_063219.1	37200001	37300000	0.0003971831594559	82772	1664734	4191350918	2276076
AL	NC_063219.1	37300001	37400000	0.0001777930244458	81216	719709	4048015957	2437334
AL	NC_063219.1	37400001	37500000	0.000467235664724	81339	1818684	3892434027	2954264
AL	NC_063219.1	37500001	37600000	0.0004614995327494	82250	1837292	3981135125	2842450
AL	NC_063219.1	37600001	37700000	0.0003116965357247	80249	1226710	3935590741	2610224
AL	NC_063219.1	37700001	37800000	0.000499306280977	80873	1970013	3945500137	2696360
AL	NC_063219.1	37800001	37900000	0.0006846499720136	73019	2455034	3585823560	2361406
AL	NC_063219.1	37900001	38000000	0.0006376369883801	78239	2421635	3797827046	2674258
AL	NC_063219.1	38000001	38100000	0.0007952641616526	80236	3032354	3813014777	3000838
AL	NC_063219.1	38100001	38200000	0.0006732503899883	76685	2505289	3721184625	2618664
AL	NC_063219.1	38200001	38300000	0.0004594352796636	78722	1799070	3915829018	2379784
AL	NC_063219.1	38300001	38400000	0.0004926492079388	77445	1969291	3997349368	1883090
AL	NC_063219.1	38400001	38500000	0.0005105114784	80312	2009403	3936058414	2620076
AL	NC_063219.1	38500001	38600000	0.0004103536211516	77848	1606339	3914523760	2228968
AL	NC_063219.1	38600001	38700000	0.0005481972113739	80850	2278379	4156130226	2028760
AL	NC_063219.1	38700001	38800000	0.0009418923177037	75952	3642095	3866784909	2016110
AL	NC_063219.1	38800001	38900000	0.0007736078069385	72280	2931316	3789149972	1581656
AL	NC_063219.1	38900001	39000000	0.0005920755757658	73339	2308371	3898777613	1432980
AL	NC_063219.1	39000001	39100000	0.0008013948815341	73065	3136308	3913561307	1336324
AL	NC_063219.1	39100001	39200000	0.0006975541791273	75052	2672465	3831193447	1966490
AL	NC_063219.1	39200001	39300000	0.0005384537713371	79853	2161257	4013820898	2296238
AL	NC_063219.1	39300001	39400000	0.0006629288438837	74788	2614380	3943681172	1564088
AL	NC_063219.1	39400001	39500000	0.0006978768356442	76632	2888947	4139623000	1296264
AL	NC_063219.1	39500001	39600000	0.0006619170616302	65711	2315732	3498522903	1273104
AL	NC_063219.1	39600001	39700000	0.0008377359441895	61749	2755632	3289380167	1190716
AL	NC_063219.1	39700001	39800000	0.0008192147819533	66917	2986208	3645207662	1040822
AL	NC_063219.1	39800001	39900000	0.0006132569844321	75001	2496935	4071596514	1208670
AL	NC_063219.1	39900001	40000000	0.0006874485847499	74645	2747396	3996511246	1377446
AL	NC_063219.1	40000001	40100000	0.0004410193826151	77508	1862668	4223551330	1200996
AL	NC_063219.1	40100001	40200000	0.000535863844679	75929	2186396	4080133455	1356124
AL	NC_063219.1	40200001	40300000	0.0004067326745128	82493	1811561	4453935259	1404468
AL	NC_063219.1	40300001	40400000	0.0003909050089311	81778	1604483	4104534256	2362636
AL	NC_063219.1	40400001	40500000	0.0003250543308428	83974	1362190	4190653287	2503798
AL	NC_063219.1	40500001	40600000	0.0001544283881505	80926	578429	3745613141	3359602
AL	NC_063219.1	40600001	40700000	8.773773318712929e-05	81122	333348	3799368731	3225182
AL	NC_063219.1	40700001	40800000	0.0002531901376334	11757	156880	619613392	248666
AL	NC_063219.1	40800001	40900000	0.0001096824784373	25990	137990	1258086086	905856
AL	NC_063219.1	40900001	41000000	0.000107111921871	17515	97000	905594805	426836
AL	NC_063220.1	1	100000	8.41200100748668e-05	5989	22048	262101728	301674
AL	NC_063220.1	100001	200000	0.0001010981156821	1783	7752	76677987	94736
AL	NC_063220.1	200001	300000	0.0001772580860479	34084	288791	1629211995	1262642
AL	NC_063220.1	300001	400000	0.00022347302803	81832	867895	3883667786	3096604
AL	NC_063220.1	400001	500000	0.0003258680633931	82222	1244126	3817882572	3384396
AL	NC_063220.1	500001	600000	0.0003729496499673	87339	1654537	4436354881	2355548
AL	NC_063220.1	600001	700000	0.0005131699775268	80455	2198115	4283405297	1556308
AL	NC_063220.1	700001	800000	0.0005127195167262	80197	2238652	4366231296	1254522
AL	NC_063220.1	800001	900000	0.000469689414729	78672	2007079	4273204669	1263334
AL	NC_063220.1	900001	1000000	0.0006630990341878	72940	2635316	3974241952	1131096
AL	NC_063220.1	1000001	1100000	0.0008494502930172	72669	3376848	3975333257	1076392
AL	NC_063220.1	1100001	1200000	0.000682888793661	70706	2629020	3849850846	1104880
AL	NC_063220.1	1200001	1300000	0.0007691425378359	68542	2854947	3711856853	1129714
AL	NC_063220.1	1300001	1400000	0.0006050278949815	68878	2228848	3683876427	1277710
AL	NC_063220.1	1400001	1500000	0.0006008722154427	75988	2429293	4042944469	1481806
AL	NC_063220.1	1500001	1600000	0.0001301549190914	81875	555124	4265101956	1875102
AL	NC_063220.1	1600001	1700000	0.0007025788400683	72337	2708047	3854438599	1389460
AL	NC_063220.1	1700001	1800000	0.0004424848766901	77344	1787831	4040434135	1734842
AL	NC_063220.1	1800001	1900000	0.0004383292676915	79145	1776550	4053003372	2030586
AL	NC_063220.1	1900001	2000000	0.0005537549756184	73970	2102878	3797488226	1869720
AL	NC_063220.1	2000001	2100000	0.0003826884533892	78458	1544708	4036463568	1953428
AL	NC_063220.1	2100001	2200000	0.0005186639903607	82154	2162047	4168492589	2227058
AL	NC_063220.1	2200001	2300000	0.0005947450999996	77307	2418275	4066069649	1648324
AL	NC_063220.1	2300001	2400000	0.0006894932696772	77693	2724368	3951261194	2077094
AL	NC_063220.1	2400001	2500000	0.0006063346509969	77002	2419486	3990347568	1828676
AL	NC_063220.1	2500001	2600000	0.0006342694033265	73952	2445649	3855852083	1682922
AL	NC_063220.1	2600001	2700000	0.0008436540586277	76064	3288688	3898147548	1940784
AL	NC_063220.1	2700001	2800000	0.000715297320208	74169	2709448	3787862646	1934310
AL	NC_063220.1	2800001	2900000	0.0004819609612615	75139	1827515	3791832009	2102276
AL	NC_063220.1	2900001	3000000	0.000344889051277	78392	1379098	3998671442	2057100
AL	NC_063220.1	3000001	3100000	0.00020094981033	78138	790975	3936181869	2209122
AL	NC_063220.1	3100001	3200000	0.000410910238706	81153	1661264	4042887822	2435390
AL	NC_063220.1	3200001	3300000	0.0006416158479728	79547	2505623	3905176295	2575904
AL	NC_063220.1	3300001	3400000	0.000684491833867	82634	2801608	4092975053	2556794
AL	NC_063220.1	3400001	3500000	0.0006503408960433	80503	2685281	4129036043	2042688
AL	NC_063220.1	3500001	3600000	0.0004893498906962	81187	2083669	4258035078	1767722
AL	NC_063220.1	3600001	3700000	0.0005833961043047	81885	2382507	4083858261	2447984
AL	NC_063220.1	3700001	3800000	0.0006267956795319	82028	2722519	4343550999	1656154
AL	NC_063220.1	3800001	3900000	0.0007746382065194	50810	1989145	2567837454	1415872
AL	NC_063220.1	3900001	4000000	0.0005761355546004	72631	2079566	3609508185	2206972
AL	NC_063220.1	4000001	4100000	0.0003970165558388	80998	1578750	3976534421	2617802
AL	NC_063220.1	4100001	4200000	0.000278479454123	80123	1105981	3971499454	2470722
AL	NC_063220.1	4200001	4300000	0.0004767315807257	79818	1877501	3938276959	2521094
AL	NC_063220.1	4300001	4400000	0.0005209230198562	81945	2085787	4004021555	2710268
AL	NC_063220.1	4400001	4500000	0.0005142759089996	80686	2072026	4029016261	2401618
AL	NC_063220.1	4500001	4600000	0.0004723207833171	72765	1699886	3599007412	2280578
AL	NC_063220.1	4600001	4700000	0.0005637211840636	66760	1853145	3287343198	2130796
AL	NC_063220.1	4700001	4800000	0.0002194518687718	81207	882908	4023242112	2514270
AL	NC_063220.1	4800001	4900000	0.0004283981204131	84781	1794381	4188582803	2655780
AL	NC_063220.1	4900001	5000000	0.0003821111863614	81489	1472797	3854367662	3115574
AL	NC_063220.1	5000001	5100000	0.000290374345047	83023	1216882	4190735238	2318122
AL	NC_063220.1	5100001	5200000	0.0006640674896365	83635	2647953	3987475733	3084052
AL	NC_063220.1	5200001	5300000	0.0007638194403721	82471	3020909	3955004076	2966838
AL	NC_063220.1	5300001	5400000	0.000854663876327	83067	3357046	3927913760	3171486
AL	NC_063220.1	5400001	5500000	0.0004341481661514	84213	1707312	3932556056	3374378
AL	NC_063220.1	5500001	5600000	0.0008518095056599	82979	3262450	3830023002	3471890
AL	NC_063220.1	5600001	5700000	0.0007575859142265	82302	3025986	3994247970	2812904
AL	NC_063220.1	5700001	5800000	0.0004441192425484	83342	1821342	4101020234	2677608
AL	NC_063220.1	5800001	5900000	0.0005971017070035	83724	2498828	4184928582	2469780
AL	NC_063220.1	5900001	6000000	0.0007291373941441	83432	3069922	4210347768	2336072
AL	NC_063220.1	6000001	6100000	0.000550106394677	85217	2356032	4282866047	2444236
AL	NC_063220.1	6100001	6200000	0.000580221167044	84977	2402946	4141431124	2844194
AL	NC_063220.1	6200001	6300000	0.0004170041331684	85558	1693297	4060624021	3216826
AL	NC_063220.1	6300001	6400000	0.0006918076149634	84195	2764018	3995356426	3174530
AL	NC_063220.1	6400001	6500000	0.0007049353174536	85039	2847998	4040084146	3190802
AL	NC_063220.1	6500001	6600000	0.000627686901261	84139	2468707	3933022969	3371948
AL	NC_063220.1	6600001	6700000	0.0006400594110387	83742	2535433	3961246341	3194978
AL	NC_063220.1	6700001	6800000	0.000711244318805	82695	2822175	3967940306	2980362
AL	NC_063220.1	6800001	6900000	0.0007424933223639	83559	3004079	4045934030	2890914
AL	NC_063220.1	6900001	7000000	0.000806643603181	82076	3181189	3943735483	2936954
AL	NC_063220.1	7000001	7100000	0.0006635877363568	82086	2662528	4012322492	2717292
AL	NC_063220.1	7100001	7200000	0.0008768150881918	78708	3324151	3791165372	2791896
AL	NC_063220.1	7200001	7300000	0.000538055087411	85933	2175666	4043574814	3342318
AL	NC_063220.1	7300001	7400000	0.0003432393690712	84011	1318539	3841456193	3652092
AL	NC_063220.1	7400001	7500000	0.0004441805086321	84642	1721639	3875989528	3649548
AL	NC_063220.1	7500001	7600000	0.0004013721711966	84266	1519990	3786984024	3870884
AL	NC_063220.1	7600001	7700000	0.0006900685231459	84179	2554875	3702349715	4134144
AL	NC_063220.1	7700001	7800000	0.000239653564612	82372	842744	3516509347	4411250
AL	NC_063220.1	7800001	7900000	0.0003594298932099	81045	1252209	3483875503	4256300
AL	NC_063220.1	7900001	8000000	0.0004083400694279	76907	1412036	3457990302	3533018
AL	NC_063220.1	8000001	8100000	0.0003941796250614	81717	1516518	3847276479	3175780
AL	NC_063220.1	8100001	8200000	0.0004161488297178	84132	1682440	4042880527	3007818
AL	NC_063220.1	8200001	8300000	0.0003103376962382	86027	1235765	3982000946	3563778
AL	NC_063220.1	8300001	8400000	0.0004903938488951	86915	2133517	4350619415	2548640
AL	NC_063220.1	8400001	8500000	0.0004899176857689	84421	2090521	4267086208	2347746
AL	NC_063220.1	8500001	8600000	0.0004334333206546	85362	1818214	4194910528	2751652
AL	NC_063220.1	8600001	8700000	0.0003325730294803	85123	1316067	3957227085	3472788
AL	NC_063220.1	8700001	8800000	0.0004597573812693	86221	1881693	4092795628	3249394
AL	NC_063220.1	8800001	8900000	0.0007474958909468	84672	3135209	4194282588	2618280
AL	NC_063220.1	8900001	9000000	0.000475526431077	83754	1942638	4085236641	2794474
AL	NC_063220.1	9000001	9100000	1.2313811664894235e-05	84076	52038	4225986349	2408902
AL	NC_063220.1	9100001	9200000	9.950755744494474e-06	83239	41213	4141695471	2519144
AL	NC_063220.1	9200001	9300000	5.199343396938153e-05	85365	211306	4064090095	3168180
AL	NC_063220.1	9300001	9400000	0.0002734018654124	85182	1066679	3901505933	3666426
AL	NC_063220.1	9400001	9500000	0.0004704000384545	82238	1752924	3726453777	3681994
AL	NC_063220.1	9500001	9600000	0.0005062834069654	87496	2075481	4099445037	3466014
AL	NC_063220.1	9600001	9700000	0.0006328218562354	85062	2499860	3950337643	3482718
AL	NC_063220.1	9700001	9800000	0.0003813706678724	85207	1480394	3881772052	3733966
AL	NC_063220.1	9800001	9900000	0.0006520827900451	82480	2528256	3877200930	3223996
AL	NC_063220.1	9900001	10000000	0.0001223540845017	85348	499460	4082086855	3106618
AL	NC_063220.1	10000001	10100000	0.0001559772861652	84343	641964	4115753106	2821562
AL	NC_063220.1	10100001	10200000	0.0001034406720897	86175	436327	4218137713	2834044
AL	NC_063220.1	10200001	10300000	0.0003129990704851	85359	1269109	4054673383	3208280
AL	NC_063220.1	10300001	10400000	0.0005923080156989	86309	2516468	4248580018	2753654
AL	NC_063220.1	10400001	10500000	0.0004622918859188	84938	1998892	4323874290	2262296
AL	NC_063220.1	10500001	10600000	0.0005052739121041	82509	1992047	3942509107	3019468
AL	NC_063220.1	10600001	10700000	0.0004515150484123	85873	1944025	4305559708	2493442
AL	NC_063220.1	10700001	10800000	0.0003894698328444	86756	1600273	4108849685	3287126
AL	NC_063220.1	10800001	10900000	0.0005142604254052	83650	1994947	3879254365	3440362
AL	NC_063220.1	10900001	11000000	0.0002180111629326	85676	883139	4050888900	3270872
AL	NC_063220.1	11000001	11100000	0.0003486847612569	85093	1356113	3889223593	3685176
AL	NC_063220.1	11100001	11200000	2.5979058116669907e-05	85729	104180	4010153083	3411948
AL	NC_063220.1	11200001	11300000	0.0006407817502667	82974	2457021	3834411637	3457802
AL	NC_063220.1	11300001	11400000	0.0006218441568366	84861	2442276	3927472781	3517168
AL	NC_063220.1	11400001	11500000	0.000538545207533	83789	2074621	3852268985	3556800
AL	NC_063220.1	11500001	11600000	0.000567181716415	86093	2235878	3942084054	3704294
AL	NC_063220.1	11600001	11700000	0.0004765695157669	84074	1913096	4014306280	3079508
AL	NC_063220.1	11700001	11800000	0.0005596096888037	85814	2258235	4035375093	3341378
AL	NC_063220.1	11800001	11900000	0.0004532755325023	87242	1881011	4149818080	3242964
AL	NC_063220.1	11900001	12000000	0.0003204593311678	85802	1339417	4179678573	2876178
AL	NC_063220.1	12000001	12100000	0.0002030331733588	83926	813896	4008684820	3084732
AL	NC_063220.1	12100001	12200000	0.0004118308086132	84807	1649505	4005297723	3256952
AL	NC_063220.1	12200001	12300000	0.000539192984932	85434	2142284	3973130326	3484088
AL	NC_063220.1	12300001	12400000	0.0003637324351141	87599	1595501	4386468860	2558374
AL	NC_063220.1	12400001	12500000	0.000367572067491	87729	1626170	4424084809	2463664
AL	NC_063220.1	12500001	12600000	0.0001837459264521	88115	796650	4335606320	2815038
AL	NC_063220.1	12600001	12700000	0.0003842394827121	86321	1639958	4268062169	2694232
AL	NC_063220.1	12700001	12800000	0.000721672795847	88017	3235691	4483598410	2333062
AL	NC_063220.1	12800001	12900000	0.0005295711489091	84536	2214565	4181808251	2640914
AL	NC_063220.1	12900001	13000000	0.0005720474345622	86599	2439521	4264543205	2760676
AL	NC_063220.1	13000001	13100000	0.0006130353563414	86549	2636112	4300097821	2637832
AL	NC_063220.1	13100001	13200000	0.0005487481941496	84418	2412889	4397078707	1936174
AL	NC_063220.1	13200001	13300000	0.0004855400858484	87317	2110911	4347552471	2629340
AL	NC_063220.1	13300001	13400000	0.0005348410175534	86944	2352637	4398759487	2406194
AL	NC_063220.1	13400001	13500000	0.0005696374128357	76980	2264113	3974656420	1879592
AL	NC_063220.1	13500001	13600000	0.0004822368295277	81015	2049516	4250019647	1761872
AL	NC_063220.1	13600001	13700000	0.0005266419877756	84643	2217737	4211090364	2569422
AL	NC_063220.1	13700001	13800000	0.0006008649979108	83730	2510820	4178675757	2498130
AL	NC_063220.1	13800001	13900000	0.0002655979458317	88662	1186823	4468494650	2497656
AL	NC_063220.1	13900001	14000000	0.0006595636774595	83139	2846275	4315390761	1958724
AL	NC_063220.1	14000001	14100000	0.0002772091338597	87457	1171079	4224532517	3048296
AL	NC_063220.1	14100001	14200000	0.0003356183872337	81535	1378491	4107316680	2310950
AL	NC_063220.1	14200001	14300000	0.0001310072917307	83729	529444	4041332303	2943684
AL	NC_063220.1	14300001	14400000	0.0003055203602872	84810	1368901	4480555727	1749158
AL	NC_063220.1	14400001	14500000	0.0005821944013096	74824	2209232	3794663767	2042634
AL	NC_063220.1	14500001	14600000	9.421344206425588e-05	81100	394868	4191206598	1963452
AL	NC_063220.1	14600001	14700000	0.0001340968435588	85571	587295	4379633289	2203484
AL	NC_063220.1	14700001	14800000	0.0003539077545622	82701	1547397	4372317306	1698190
AL	NC_063220.1	14800001	14900000	0.0003282596610211	87110	1425122	4341447242	2620048
AL	NC_063220.1	14900001	15000000	0.0001931172685493	84746	738202	3822558208	3844204
AL	NC_063220.1	15000001	15100000	4.736182228290657e-05	82130	173123	3655328103	3894438
AL	NC_063220.1	15100001	15200000	0.0002679630103079	81638	912852	3406634367	4641270
AL	NC_063220.1	15200001	15300000	0.0005128547942555	83156	1872717	3651554048	4111656
AL	NC_063220.1	15300001	15400000	0.0006223535518527	84009	2380616	3825182636	3716538
AL	NC_063220.1	15400001	15500000	0.00057980820653	82176	2069573	3569409637	4197406
AL	NC_063220.1	15500001	15600000	0.0007416181279909	80752	2543952	3430272136	4384272
AL	NC_063220.1	15600001	15700000	0.0003272076219473	80266	1142850	3492736487	4072534
AL	NC_063220.1	15700001	15800000	0.0003824666266439	85310	1472717	3850576488	3869308
AL	NC_063220.1	15800001	15900000	0.0004111416368454	84143	1600451	3892699879	3506352
AL	NC_063220.1	15900001	16000000	0.0003954593733765	85296	1539116	3891969956	3727024
AL	NC_063220.1	16000001	16100000	0.0001384721822257	82881	521445	3765702191	3682060
AL	NC_063220.1	16100001	16200000	4.726756594335567e-05	83705	179946	3806965652	3704562
AL	NC_063220.1	16200001	16300000	0.0001084382073806	82952	419235	3866118872	3369040
AL	NC_063220.1	16300001	16400000	0.0001753680474249	85472	699840	3990692776	3444016
AL	NC_063220.1	16400001	16500000	0.0003324499447438	84309	1243984	3741868572	4034050
AL	NC_063220.1	16500001	16600000	0.000161938758436	84230	626249	3867196501	3612466
AL	NC_063220.1	16600001	16700000	0.0002388873561109	82317	877449	3673065893	3879064
AL	NC_063220.1	16700001	16800000	0.0002560625997551	84690	980487	3829091015	3817174
AL	NC_063220.1	16800001	16900000	0.0004559804685597	83985	1794104	3934607124	3339594
AL	NC_063220.1	16900001	17000000	0.0004884457581327	83255	1886291	3861822871	3434456
AL	NC_063220.1	17000001	17100000	0.0006458210460209	84031	2528624	3915363266	3410778
AL	NC_063220.1	17100001	17200000	0.0002947621076746	85771	1190012	4037194636	3341294
AL	NC_063220.1	17200001	17300000	0.0004365992417618	83213	1648058	3774761480	3711058
AL	NC_063220.1	17300001	17400000	0.0004498170351609	84432	1759010	3910501076	3502968
AL	NC_063220.1	17400001	17500000	0.0004446888414018	76574	1653063	3717347606	2615648
AL	NC_063220.1	17500001	17600000	0.000277326692877	84614	1113606	4015502397	3188154
AL	NC_063220.1	17600001	17700000	0.0002498975745841	87120	1058641	4236299619	2952690
AL	NC_063220.1	17700001	17800000	0.0005563532958238	87683	2387370	4291104264	2875958
AL	NC_063220.1	17800001	17900000	0.0004230438877635	86567	1816794	4294575699	2657800
AL	NC_063220.1	17900001	18000000	0.0005317354811596	87149	2282636	4292803623	2773364
AL	NC_063220.1	18000001	18100000	0.0001759238845825	87495	739907	4205835960	3127174
AL	NC_063220.1	18100001	18200000	7.446055598775314e-05	85455	310090	4164486766	2868666
AL	NC_063220.1	18200001	18300000	0.0002100102023788	79591	807641	3845722688	2776262
AL	NC_063220.1	18300001	18400000	0.0003378648324649	86257	1339225	3963789277	3667848
AL	NC_063220.1	18400001	18500000	0.0003929310642727	87347	1611381	4100925446	3432954
AL	NC_063220.1	18500001	18600000	0.0004141485632165	87100	1690943	4082938226	3439124
AL	NC_063220.1	18600001	18700000	0.0003745842775004	85853	1445401	3858680374	3943174
AL	NC_063220.1	18700001	18800000	0.0004127486263777	86714	1616900	3917396441	3908402
AL	NC_063220.1	18800001	18900000	0.0003836156256439	86538	1561473	4070410316	3388876
AL	NC_063220.1	18900001	19000000	0.0004857074343209	87507	2048114	4216764775	3083288
AL	NC_063220.1	19000001	19100000	0.0002428524312899	84045	970270	3995306923	3140132
AL	NC_063220.1	19100001	19200000	0.0002950268080774	85750	1194579	4049052382	3289432
AL	NC_063220.1	19200001	19300000	0.0002516413968037	60677	747316	2969765744	1988626
AL	NC_063220.1	19300001	19400000	0.0002398556240931	72404	879454	3666597368	1986848
AL	NC_063220.1	19400001	19500000	0.0003141554983656	88115	1397921	4449774100	2457334
AL	NC_063220.1	19500001	19600000	0.000251188284358	86690	1128049	4490850371	2059926
AL	NC_063220.1	19600001	19700000	0.0004390511793899	85412	1901642	4331253597	2323134
AL	NC_063220.1	19700001	19800000	0.0006177380558982	84297	2603854	4215142608	2485850
AL	NC_063220.1	19800001	19900000	0.0003603524302964	87133	1510125	4190689095	3097948
AL	NC_063220.1	19900001	20000000	0.0005706413376099	85531	2468496	4325827516	2371470
AL	NC_063220.1	20000001	20100000	0.0004269913692365	84932	1805865	4229277522	2563268
AL	NC_063220.1	20100001	20200000	0.0007367982878682	87006	3139313	4260749586	2861624
AL	NC_063220.1	20200001	20300000	0.0006762494997953	87746	2860957	4230623462	3095872
AL	NC_063220.1	20300001	20400000	0.0005831769918776	86831	2473408	4241264718	2878122
AL	NC_063220.1	20400001	20500000	0.0005082041123445	87557	2210402	4349437453	2668768
AL	NC_063220.1	20500001	20600000	0.000573268342385	86477	2457644	4287074339	2667636
AL	NC_063220.1	20600001	20700000	0.000341593306662	85596	1373309	4020304184	3353600
AL	NC_063220.1	20700001	20800000	0.0005658107038005	86742	2286746	4041538954	3511912
AL	NC_063220.1	20800001	20900000	0.0002897173003811	84633	1125455	3884666185	3622176
AL	NC_063220.1	20900001	21000000	0.0005707607901464	85382	2331120	4084232905	3111266
AL	NC_063220.1	21000001	21100000	0.0003976171059852	85837	1653257	4157912160	2964778
AL	NC_063220.1	21100001	21200000	0.0005830398291925	86917	2470952	4238050089	2905256
AL	NC_063220.1	21200001	21300000	0.0007282426488487	83056	2855434	3920992549	3191190
AL	NC_063220.1	21300001	21400000	0.0005126004674466	87028	2186943	4266369500	2836632
AL	NC_063220.1	21400001	21500000	0.0005041236917831	84988	2067106	4100394474	2985196
AL	NC_063220.1	21500001	21600000	0.0005757469865001	85469	2295928	3987737763	3443780
AL	NC_063220.1	21600001	21700000	0.0005365431125452	84789	2137019	3982939954	3335014
AL	NC_063220.1	21700001	21800000	0.0008036469271636	80761	2847151	3542788386	4000558
AL	NC_063220.1	21800001	21900000	0.0004408749168816	84688	1652346	3747879357	4084054
AL	NC_063220.1	21900001	22000000	0.0005210777101776	85642	2049719	3933614814	3653608
AL	NC_063220.1	22000001	22100000	0.0006973794671126	85395	2707575	3882498880	3772726
AL	NC_063220.1	22100001	22200000	0.0006280084776511	85810	2645437	4212422434	2783848
AL	NC_063220.1	22200001	22300000	0.0004217797295255	85577	1702150	4035637279	3308220
AL	NC_063220.1	22300001	22400000	0.0002699485542043	84331	1034832	3833441535	3721480
AL	NC_063220.1	22400001	22500000	0.0005181923659325	85942	2053591	3962989683	3621014
AL	NC_063220.1	22500001	22600000	0.000407552315384	83367	1532051	3759151751	3797504
AL	NC_063220.1	22600001	22700000	0.0005164935759008	82789	1876264	3632695715	4094900
AL	NC_063220.1	22700001	22800000	0.000455619226978	82914	1644241	3608805122	4201328
AL	NC_063220.1	22800001	22900000	0.0004118681778663	83045	1480216	3593907176	4276418
AL	NC_063220.1	22900001	23000000	0.0004230302167598	84115	1522746	3599615204	4470518
AL	NC_063220.1	23000001	23100000	0.0004739919718981	82728	1681957	3548492590	4370804
AL	NC_063220.1	23100001	23200000	0.0002070902170419	83930	774532	3740070444	3966028
AL	NC_063220.1	23200001	23300000	0.0005514563113425	81497	1976959	3584978464	4004794
AL	NC_063220.1	23300001	23400000	0.0003323927701034	82344	1173942	3531791620	4351440
AL	NC_063220.1	23400001	23500000	0.0001571022055075	80124	530884	3379226907	4433354
AL	NC_063220.1	23500001	23600000	0.000385945598603	82323	1346059	3487691024	4499246
AL	NC_063220.1	23600001	23700000	0.0008380853957188	83918	3156889	3766786793	3871082
AL	NC_063220.1	23700001	23800000	0.0006772461973552	84668	2560422	3780636953	3965782
AL	NC_063220.1	23800001	23900000	0.0005326808689207	81284	2011234	3775682810	3330308
AL	NC_063220.1	23900001	24000000	0.0004957251546902	82990	1876000	3784355065	3633858
AL	NC_063220.1	24000001	24100000	0.0006940105184314	82067	2574180	3709136867	3701816
AL	NC_063220.1	24100001	24200000	0.0004632026549555	83692	1746267	3769984868	3814632
AL	NC_063220.1	24200001	24300000	0.0005809369042213	83435	2192656	3774344484	3744270
AL	NC_063220.1	24300001	24400000	0.0007201726620328	84638	2828249	3927181840	3482900
AL	NC_063220.1	24400001	24500000	0.0006869486685287	84215	2827443	4115945091	2789496
AL	NC_063220.1	24500001	24600000	0.0003926996968756	79270	1490622	3795831807	2874470
AL	NC_063220.1	24600001	24700000	0.0005147379918921	82724	2040736	3964611185	2995558
AL	NC_063220.1	24700001	24800000	0.0004256803013743	84940	1734342	4074282964	3063048
AL	NC_063220.1	24800001	24900000	0.000534813037821	81558	2163212	4044800420	2512300
AL	NC_063220.1	24900001	25000000	0.0006700420074839	83591	2646686	3950029954	3202618
AL	NC_063220.1	25000001	25100000	0.0	17	0	761168	802
AL	NC_063220.1	25100001	25200000	NA	0	NA	NA	NA
AL	NC_063220.1	25200001	25300000	NA	0	NA	NA	NA
AL	NC_063220.1	25300001	25400000	NA	0	NA	NA	NA
AL	NC_063220.1	25400001	25500000	NA	0	NA	NA	NA
AL	NC_063220.1	25500001	25600000	NA	0	NA	NA	NA
AL	NC_063220.1	25600001	25700000	0.000670980366049	59399	1859849	2771838185	2392260
AL	NC_063220.1	25700001	25800000	0.0007835511633134	84157	3197600	4080907731	2891564
AL	NC_063220.1	25800001	25900000	0.0007946359671348	84095	3043181	3829654239	3693792
AL	NC_063220.1	25900001	26000000	0.0008371393922103	85442	3255602	3888960465	3764738
AL	NC_063220.1	26000001	26100000	0.0007235112878604	85400	2880291	3980989721	3447742
AL	NC_063220.1	26100001	26200000	0.0007579837310417	84843	3026419	3992722899	3305184
AL	NC_063220.1	26200001	26300000	0.0007481102766641	83846	2847116	3805743737	3727402
AL	NC_063220.1	26300001	26400000	0.0007083861586882	85212	2743319	3872632132	3770424
AL	NC_063220.1	26400001	26500000	0.0007835084445026	84135	3140685	4008489024	3126190
AL	NC_063220.1	26500001	26600000	0.0005249050438851	86229	2089190	3980129405	3609928
AL	NC_063220.1	26600001	26700000	0.0005632840938885	82830	2141622	3802028183	3543982
AL	NC_063220.1	26700001	26800000	0.0008061282500393	83313	2900512	3598077601	4316256
AL	NC_063220.1	26800001	26900000	0.0009318460560011	83895	3442730	3694526556	4109934
AL	NC_063220.1	26900001	27000000	0.0007994857560751	81443	2890109	3614959964	3892078
AL	NC_063220.1	27000001	27100000	0.0006392599968799	81950	2401710	3757015943	3521110
AL	NC_063220.1	27100001	27200000	0.0005959819142222	83284	2229244	3740455787	3831066
AL	NC_063220.1	27200001	27300000	0.0006524707335553	80163	2363509	3622398490	3615330
AL	NC_063220.1	27300001	27400000	0.0007796048390423	82793	3014341	3866498576	3323722
AL	NC_063220.1	27400001	27500000	0.0007736932729573	81443	2899671	3747830182	3450554
AL	NC_063220.1	27500001	27600000	0.0006322250158517	85044	2472307	3910485884	3608440
AL	NC_063220.1	27600001	27700000	0.000361005354304	84063	1444133	4000309089	3127556
AL	NC_063220.1	27700001	27800000	0.0003524961577519	86490	1511193	4287119070	2670992
AL	NC_063220.1	27800001	27900000	0.0003658075515935	85303	1509636	4126858490	2960290
AL	NC_063220.1	27900001	28000000	0.0003233820898872	78172	1191199	3683565161	3032686
AL	NC_063220.1	28000001	28100000	0.0003722984292031	85569	1532829	4117205123	3047476
AL	NC_063220.1	28100001	28200000	0.0005085412100183	87162	2076692	4083625789	3467754
AL	NC_063220.1	28200001	28300000	0.0005086037316933	83655	2008986	3950002477	3219460
AL	NC_063220.1	28300001	28400000	0.0003688675831602	84570	1438692	3900293942	3562456
AL	NC_063220.1	28400001	28500000	0.0005083665500684	86807	2017882	3969344560	3759190
AL	NC_063220.1	28500001	28600000	0.0003567225736638	83902	1420219	3981298367	3166462
AL	NC_063220.1	28600001	28700000	0.0001117750582783	85063	443364	3966573642	3431930
AL	NC_063220.1	28700001	28800000	0.0002782581733907	84145	1068369	3839488296	3670018
AL	NC_063220.1	28800001	28900000	0.0002497191414297	82677	960887	3847870830	3360758
AL	NC_063220.1	28900001	29000000	0.000232708667552	82006	875736	3763228973	3506410
AL	NC_063220.1	29000001	29100000	0.0002807959701214	82565	1057347	3765534810	3612166
AL	NC_063220.1	29100001	29200000	0.0002639300994624	82870	1049768	3977447067	2976678
AL	NC_063220.1	29200001	29300000	0.0003508903283576	82036	1385956	3949826735	2903034
AL	NC_063220.1	29300001	29400000	0.0003104472856893	81517	1201657	3870727996	3057562
AL	NC_063220.1	29400001	29500000	0.0001863838100763	81267	729437	3913628548	2874638
AL	NC_063220.1	29500001	29600000	0.000247086800978	81343	947506	3834709083	3141488
AL	NC_063220.1	29600001	29700000	0.0003326285021867	78374	1258995	3784988333	2734706
AL	NC_063220.1	29700001	29800000	0.0001849151174584	77048	678474	3669110505	2858446
AL	NC_063220.1	29800001	29900000	0.0003166663501155	85282	1308576	4132349394	2933992
AL	NC_063220.1	29900001	30000000	0.000399358430281	84316	1578341	3952191516	3335080
AL	NC_063220.1	30000001	30100000	0.000421131923799	86562	1809072	4295737031	2658974
AL	NC_063220.1	30100001	30200000	0.000437516012613	82171	1727966	3949492019	2931984
AL	NC_063220.1	30200001	30300000	0.000401599194707	84885	1646373	4099542583	2965284
AL	NC_063220.1	30300001	30400000	0.0004039408136743	85299	1679459	4157685837	2864876
AL	NC_063220.1	30400001	30500000	0.0003371746725618	85822	1437370	4262983305	2618762
AL	NC_063220.1	30500001	30600000	0.000492896991942	83498	2014177	4086405543	2743438
AL	NC_063220.1	30600001	30700000	0.0004898635734011	85927	2033249	4150643384	2998478
AL	NC_063220.1	30700001	30800000	0.0004275112710013	85286	1754876	4104864875	3025870
AL	NC_063220.1	30800001	30900000	0.0002986704375366	81752	1124434	3764798449	3456774
AL	NC_063220.1	30900001	31000000	0.0002964710831756	85366	1196254	4034976994	3267456
AL	NC_063220.1	31000001	31100000	0.0004215832914272	83257	1704980	4044230487	2841348
AL	NC_063220.1	31100001	31200000	0.0004242874541368	85381	1765005	4159927386	2868990
AL	NC_063220.1	31200001	31300000	0.0004153861339843	85248	1727828	4159570719	2843426
AL	NC_063220.1	31300001	31400000	0.0004665416433159	87053	1986578	4258093631	2864148
AL	NC_063220.1	31400001	31500000	0.0004352277918294	84803	1781473	4093196789	2976140
AL	NC_063220.1	31500001	31600000	0.0004891353028799	86200	2083744	4260056446	2713932
AL	NC_063220.1	31600001	31700000	0.0004128033264349	86194	1655181	4009611585	3510250
AL	NC_063220.1	31700001	31800000	0.0003132880809618	84508	1262141	4028691408	3124096
AL	NC_063220.1	31800001	31900000	0.0005000496160346	83931	1983860	3967326314	3209066
AL	NC_063220.1	31900001	32000000	0.0004141996406649	83782	1665011	4019827244	3012412
AL	NC_063220.1	32000001	32100000	0.0003496111704356	81917	1399951	4004308553	2708312
AL	NC_063220.1	32100001	32200000	0.000679135992432	83784	2709436	3989533805	3108526
AL	NC_063220.1	32200001	32300000	0.0007567263411373	74509	2723924	3599615676	2599482
AL	NC_063220.1	32300001	32400000	0.0004148919978481	82514	1622487	3910624954	3122880
AL	NC_063220.1	32400001	32500000	0.0002560727005923	78536	1003568	3919074535	2342514
AL	NC_063220.1	32500001	32600000	0.0003028989517189	76241	1103316	3642521685	2793064
AL	NC_063220.1	32600001	32700000	9.770387160221092e-05	85889	396001	4053073778	3308214
AL	NC_063220.1	32700001	32800000	0.000231340340439	84884	936864	4049721714	3126996
AL	NC_063220.1	32800001	32900000	6.71876857382506e-05	77970	250572	3729433411	2846270
AL	NC_063220.1	32900001	33000000	7.985257657963723e-05	85602	318610	3989977702	3459040
AL	NC_063220.1	33000001	33100000	2.769586833426776e-05	82815	108490	3917190777	3165004
AL	NC_063220.1	33100001	33200000	0.0001695589654883	84364	700642	4132143635	2763490
AL	NC_063220.1	33200001	33300000	0.0003502908231424	86187	1483609	4235363595	2785040
AL	NC_063220.1	33300001	33400000	0.0003875293616175	85069	1665415	4297519530	2368894
AL	NC_063220.1	33400001	33500000	0.0004753349680504	83951	2092108	4401334092	1833934
AL	NC_063220.1	33500001	33600000	0.0004280852673504	86492	1909677	4460973422	2115476
AL	NC_063220.1	33600001	33700000	0.0003737148008748	79444	1506914	4032256674	2156204
AL	NC_063220.1	33700001	33800000	0.0004030375269536	83459	1808854	4488053541	1472060
AL	NC_063220.1	33800001	33900000	0.0004250463406989	80263	1801289	4237864975	1655728
AL	NC_063220.1	33900001	34000000	0.0004549581209614	75295	1835920	4035360433	1371708
AL	NC_063220.1	34000001	34100000	0.0004188405583265	71973	1540387	3677740776	1865962
AL	NC_063220.1	34100001	34200000	0.0001755438340567	72829	652747	3718427386	1898862
AL	NC_063220.1	34200001	34300000	0.0001571529831484	56962	459575	2924379740	1440340
AL	NC_063220.1	34300001	34400000	NA	0	NA	NA	NA
AL	NC_063220.1	34400001	34500000	NA	0	NA	NA	NA
AL	NC_063220.1	34500001	34600000	NA	0	NA	NA	NA
AL	NC_063220.1	34600001	34700000	NA	0	NA	NA	NA
AL	NC_063220.1	34700001	34800000	NA	0	NA	NA	NA
AL	NC_063220.1	34800001	34900000	NA	0	NA	NA	NA
AL	NC_063220.1	34900001	35000000	NA	0	NA	NA	NA
AL	NC_063220.1	35000001	35100000	NA	0	NA	NA	NA
AL	NC_063220.1	35100001	35200000	0.0004957711351178	9779	254426	513192443	211896
AL	NC_063220.1	35200001	35300000	0.0001476707544585	62421	462714	3133416645	1806408
AL	NC_063220.1	35300001	35400000	9.508846802257546e-05	76643	357626	3760981825	2486068
AL	NC_063220.1	35400001	35500000	0.0001461771502569	64885	483573	3308129890	1712470
AL	NC_063220.1	35500001	35600000	0.0001869631920196	62663	592445	3168778804	1737806
AL	NC_063220.1	35600001	35700000	0.0001392094132007	62588	434738	3122906634	1868196
AL	NC_063220.1	35700001	35800000	0.0001856080611508	70022	655011	3529000820	1978500
AL	NC_063220.1	35800001	35900000	0.000495509507795	77224	1867758	3769368641	2570486
AL	NC_063220.1	35900001	36000000	0.0005424051442094	74390	2007080	3700333637	2255666
AL	NC_063220.1	36000001	36100000	0.0006807024581906	77153	2624649	3855794802	2277454
AL	NC_063220.1	36100001	36200000	0.0005637965776055	72704	2045329	3627778318	2165324
AL	NC_063220.1	36200001	36300000	0.0004808755352252	72999	1777158	3695671478	2005514
AL	NC_063220.1	36300001	36400000	0.0003919257323566	74618	1497506	3820892267	1912558
AL	NC_063220.1	36400001	36500000	0.0005020661640786	72268	1846538	3677877802	1924756
AL	NC_063220.1	36500001	36600000	0.0003586542422403	66625	1244834	3470846998	1523910
AL	NC_063220.1	36600001	36700000	0.0004737176712817	72754	1806166	3812747781	1592818
AL	NC_063220.1	36700001	36800000	0.0005128815104759	64774	1735512	3383845907	1451334
AL	NC_063220.1	36800001	36900000	0.0006178277542271	58047	1868317	3024009503	1327632
AL	NC_063220.1	36900001	37000000	0.0006255615040251	71251	2344582	3747964005	1516044
AL	NC_063220.1	37000001	37100000	0.0003859921439948	72773	1507215	3904781544	1311018
AL	NC_063220.1	37100001	37200000	0.0005622873779747	73436	2184062	3884245113	1500622
AL	NC_063220.1	37200001	37300000	0.0007816061249578	73107	3052472	3905383930	1368322
AL	NC_063220.1	37300001	37400000	0.0009174026896946	70036	3427035	3735584208	1329184
AL	NC_063220.1	37400001	37500000	0.0005711041312457	74339	2264503	3965131534	1413994
AL	NC_063220.1	37500001	37600000	0.0001646000981723	78597	696176	4229499300	1376906
AL	NC_063220.1	37600001	37700000	0.0006593002008895	72317	2528457	3835061777	1445512
AL	NC_063220.1	37700001	37800000	0.0005481357231683	76649	2238379	4083621821	1475840
AL	NC_063220.1	37800001	37900000	0.0007464209288798	77534	3061254	4101243523	1579366
AL	NC_063220.1	37900001	38000000	0.0005202447523598	75851	2056636	3953208544	1736326
AL	NC_063220.1	38000001	38100000	0.0004971844613602	75208	1930039	3881937490	1836436
AL	NC_063220.1	38100001	38200000	0.0006704656621387	72738	2607334	3888840469	1352194
AL	NC_063220.1	38200001	38300000	0.0006474757987195	75981	2599172	4014315292	1565498
AL	NC_063220.1	38300001	38400000	0.0005946853310822	77327	2427414	4081846101	1607820
AL	NC_063220.1	38400001	38500000	0.0004065671090292	80991	1687193	4149851187	2068264
AL	NC_063220.1	38500001	38600000	0.0003699003301782	83816	1579908	4271172181	2212598
AL	NC_063220.1	38600001	38700000	0.0003475638017191	47690	891546	2565129037	840666
AL	NC_063221.1	1	100000	0.0001140962306957	27424	151049	1323873708	969152
AL	NC_063221.1	100001	200000	0.0004607799911281	73962	1787566	3879434946	1613800
AL	NC_063221.1	200001	300000	0.0005475236823277	78268	2286900	4176805632	1482296
AL	NC_063221.1	300001	400000	0.0006802205875871	78586	2777726	4083566494	1837344
AL	NC_063221.1	400001	500000	0.0003742049242369	81179	1548656	4138523840	2140326
AL	NC_063221.1	500001	600000	0.0005266595481733	79816	2150193	4082700119	2063074
AL	NC_063221.1	600001	700000	0.0003962621672722	83029	1629281	4111623906	2575510
AL	NC_063221.1	700001	800000	0.0005282567456147	83844	2324413	4400157725	1820598
AL	NC_063221.1	800001	900000	0.0006011933524853	86249	2635484	4383754393	2316160
AL	NC_063221.1	900001	1000000	0.0006483890545348	83455	2744216	4232360156	2277078
AL	NC_063221.1	1000001	1100000	0.0004485490255203	85574	1875881	4182109186	2831496
AL	NC_063221.1	1100001	1200000	0.0004846379758976	86336	2217858	4576319047	1731586
AL	NC_063221.1	1200001	1300000	0.0005869251814393	80464	2453180	4179715026	1881156
AL	NC_063221.1	1300001	1400000	0.0005189079507413	85407	2348658	4526155355	1711176
AL	NC_063221.1	1400001	1500000	0.0005941760015125	82405	2618824	4407488679	1533452
AL	NC_063221.1	1500001	1600000	0.0004582986779971	83844	2065596	4507095698	1485284
AL	NC_063221.1	1600001	1700000	0.0005591319926949	85783	2360689	4222060320	2745094
AL	NC_063221.1	1700001	1800000	0.0006912545491967	84097	2997019	4335622823	2067260
AL	NC_063221.1	1800001	1900000	0.0008037839998828	82736	3453108	4296064615	1938738
AL	NC_063221.1	1900001	2000000	0.000786636480397	83059	3249965	4131469975	2515584
AL	NC_063221.1	2000001	2100000	0.0007688916428275	81173	2998573	3899864211	2899996
AL	NC_063221.1	2100001	2200000	0.0005120336148607	77325	1891624	3694335577	2838776
AL	NC_063221.1	2200001	2300000	0.0007505221449366	77268	2671833	3559965576	3263088
AL	NC_063221.1	2300001	2400000	0.0005057450519067	77325	1832477	3623321658	3064854
AL	NC_063221.1	2400001	2500000	0.0004795006851436	78329	1807474	3769492007	2779668
AL	NC_063221.1	2500001	2600000	0.0005088314838979	80469	1958648	3849305835	2926452
AL	NC_063221.1	2600001	2700000	0.0004325699807501	79790	1677120	3877106768	2712500
AL	NC_063221.1	2700001	2800000	0.0006116243885932	68969	1995078	3261933365	2641648
AL	NC_063221.1	2800001	2900000	0.0010172472434272	76278	3691285	3628699929	2842810
AL	NC_063221.1	2900001	3000000	0.0009028634652257	75319	3300662	3655770919	2578992
AL	NC_063221.1	3000001	3100000	0.0007806081295381	77820	2894108	3707504304	2878536
AL	NC_063221.1	3100001	3200000	0.0008187615811006	74568	2922671	3569624012	2707400
AL	NC_063221.1	3200001	3300000	0.0004927786534639	40096	963887	1956024258	1339628
AL	NC_063221.1	3300001	3400000	0.0006965973990033	67889	2371907	3404989745	1969920
AL	NC_063221.1	3400001	3500000	0.0009573950309885	67431	3251432	3396123747	1911792
AL	NC_063221.1	3500001	3600000	0.000647375755343	71623	2296899	3548015169	2222340
AL	NC_063221.1	3600001	3700000	0.000754023701883	77080	2929815	3885574144	2168320
AL	NC_063221.1	3700001	3800000	0.0005245465119378	74817	1971594	3758663827	2147460
AL	NC_063221.1	3800001	3900000	0.0007152074578279	77457	2746785	3840543006	2384878
AL	NC_063221.1	3900001	4000000	0.0006680597566002	78592	2685392	4019688319	2030962
AL	NC_063221.1	4000001	4100000	0.0007098725448519	79789	2874685	4049579070	2159494
AL	NC_063221.1	4100001	4200000	0.0007129414444112	79693	2892980	4057808706	2129190
AL	NC_063221.1	4200001	4300000	0.0006136569131116	82363	2621007	4271127635	1945808
AL	NC_063221.1	4300001	4400000	0.0009390089169261	77996	3659825	3897540198	2304628
AL	NC_063221.1	4400001	4500000	0.0005688027185429	79512	2270297	3991361022	2296412
AL	NC_063221.1	4500001	4600000	0.0005799826177902	81438	2390959	4122466651	2239774
AL	NC_063221.1	4600001	4700000	0.0006290873935685	76520	2436719	3873418900	2106864
AL	NC_063221.1	4700001	4800000	0.0006309645651702	80388	2531052	4011401178	2390820
AL	NC_063221.1	4800001	4900000	0.0005261492170075	75213	2016776	3833087525	1983624
AL	NC_063221.1	4900001	5000000	0.0003827974058248	81346	1562302	4081276352	2352068
AL	NC_063221.1	5000001	5100000	0.0004397068424919	80899	1807574	4110861659	2177832
AL	NC_063221.1	5100001	5200000	0.000208421124618	81028	878898	4216933392	1866464
AL	NC_063221.1	5200001	5300000	0.0004216038979	72766	1527137	3622207972	2198836
AL	NC_063221.1	5300001	5400000	0.0003889900569422	82515	1577194	4054586928	2662390
AL	NC_063221.1	5400001	5500000	0.0004526002331794	34202	768181	1697261609	1053874
AL	NC_063221.1	5500001	5600000	0.0006580811171192	6640	222367	337902113	178294
AL	NC_063221.1	5600001	5700000	NA	0	NA	NA	NA
AL	NC_063221.1	5700001	5800000	NA	0	NA	NA	NA
AL	NC_063221.1	5800001	5900000	NA	0	NA	NA	NA
AL	NC_063221.1	5900001	6000000	NA	0	NA	NA	NA
AL	NC_063221.1	6000001	6100000	NA	0	NA	NA	NA
AL	NC_063221.1	6100001	6200000	NA	0	NA	NA	NA
AL	NC_063221.1	6200001	6300000	NA	0	NA	NA	NA
AL	NC_063221.1	6300001	6400000	NA	0	NA	NA	NA
AL	NC_063221.1	6400001	6500000	NA	0	NA	NA	NA
AL	NC_063221.1	6500001	6600000	NA	0	NA	NA	NA
AL	NC_063221.1	6600001	6700000	0.00038039784123	1670	32642	85810161	42698
AL	NC_063221.1	6700001	6800000	0.0001191830184365	71870	453186	3802437679	1462662
AL	NC_063221.1	6800001	6900000	0.0003947446524013	80451	1646159	4170186955	1903808
AL	NC_063221.1	6900001	7000000	0.0003147272059617	84272	1389128	4413752525	1856918
AL	NC_063221.1	7000001	7100000	0.0003133147877039	83501	1323836	4225258596	2297386
AL	NC_063221.1	7100001	7200000	0.0002418309096397	80835	1025613	4241033545	1752692
AL	NC_063221.1	7200001	7300000	9.966364606056824e-05	84574	450806	4523274211	1567150
AL	NC_063221.1	7300001	7400000	0.0001975924761186	78501	833429	4217918700	1396378
AL	NC_063221.1	7400001	7500000	0.0002930192952274	86156	1301270	4440902088	2124448
AL	NC_063221.1	7500001	7600000	0.0002924726779965	84799	1199870	4102502867	2942696
AL	NC_063221.1	7600001	7700000	0.0005000868196082	86191	2154873	4308997789	2542916
AL	NC_063221.1	7700001	7800000	0.0004303347290996	85381	1897974	4410459746	2069806
AL	NC_063221.1	7800001	7900000	0.0002093144388662	81778	854212	4080998925	2440002
AL	NC_063221.1	7900001	8000000	0.0005640428060375	83993	2305899	4088163124	2845810
AL	NC_063221.1	8000001	8100000	0.0003288892689854	83051	1296433	3941852539	3119608
AL	NC_063221.1	8100001	8200000	0.000481020592575	78206	1889778	3928684196	2256692
AL	NC_063221.1	8200001	8300000	0.0002946248375142	69112	1015033	3445171183	2070330
AL	NC_063221.1	8300001	8400000	0.0002616436657303	83522	1151751	4401983120	1753604
AL	NC_063221.1	8400001	8500000	0.0002898911802766	82860	1215355	4192452488	2288480
AL	NC_063221.1	8500001	8600000	0.0002369283840868	85478	1019792	4304220467	2422814
AL	NC_063221.1	8600001	8700000	0.0002845670118521	84721	1202535	4225841190	2529030
AL	NC_063221.1	8700001	8800000	0.0004461412608266	84801	1886875	4229321889	2535728
AL	NC_063221.1	8800001	8900000	0.0004761297902353	84054	2078778	4365990204	1963868
AL	NC_063221.1	8900001	9000000	0.0006341792903624	84875	2896198	4566844178	1488506
AL	NC_063221.1	9000001	9100000	0.0005099680033397	84618	2250863	4413733774	1920472
AL	NC_063221.1	9100001	9200000	0.0004616417433836	85564	2008017	4349730129	2299982
AL	NC_063221.1	9200001	9300000	0.000553042287278	84326	2255996	4079246835	2923518
AL	NC_063221.1	9300001	9400000	0.0002117666470268	78794	815659	3851687749	2605442
AL	NC_063221.1	9400001	9500000	0.0002882059416922	83726	1162960	4035170105	2960306
AL	NC_063221.1	9500001	9600000	0.0002674298613001	79071	998381	3733244280	3042926
AL	NC_063221.1	9600001	9700000	0.0003140566823137	80229	1156100	3681182618	3436278
AL	NC_063221.1	9700001	9800000	0.0004440941957276	83265	1677617	3777615236	3703650
AL	NC_063221.1	9800001	9900000	0.0001322156015671	76246	464773	3515265933	3210674
AL	NC_063221.1	9900001	10000000	0.0004505410457692	79590	1662226	3689399702	3288520
AL	NC_063221.1	10000001	10100000	0.0002833460437179	80915	1025348	3618712958	3772778
AL	NC_063221.1	10100001	10200000	0.0007877689595017	78438	2763896	3508510924	3656676
AL	NC_063221.1	10200001	10300000	0.0006531081998452	82951	2436210	3730178247	3801840
AL	NC_063221.1	10300001	10400000	0.000506778870582	84836	1946487	3840900071	3809866
AL	NC_063221.1	10400001	10500000	0.0006494724161042	85262	2678425	4124001164	2963804
AL	NC_063221.1	10500001	10600000	0.0004363710911743	78719	1680765	3851687323	2595216
AL	NC_063221.1	10600001	10700000	0.0007070822264506	81422	2617972	3702500080	3601908
AL	NC_063221.1	10700001	10800000	0.0004704338745293	81092	1890892	4019463951	2514338
AL	NC_063221.1	10800001	10900000	0.0007336979047031	83083	2792622	3806228670	3577018
AL	NC_063221.1	10900001	11000000	0.0005990913892081	83923	2422667	4043902222	2964338
AL	NC_063221.1	11000001	11100000	0.0006112862531306	82673	2359070	3859190335	3323692
AL	NC_063221.1	11100001	11200000	0.0003290623116223	83215	1212286	3684062128	4008990
AL	NC_063221.1	11200001	11300000	0.0005922316380453	77719	2136017	3606725583	3198120
AL	NC_063221.1	11300001	11400000	0.0004977414226094	84369	1956905	3931569508	3419394
AL	NC_063221.1	11400001	11500000	0.000346077930155	85691	1377264	3979635452	3517854
AL	NC_063221.1	11500001	11600000	0.0004414202893276	84754	1735036	3930576011	3492822
AL	NC_063221.1	11600001	11700000	0.0001685139217353	83309	649343	3853349286	3478686
AL	NC_063221.1	11700001	11800000	0.0002680051612193	82233	997610	3722353687	3695388
AL	NC_063221.1	11800001	11900000	0.0004210991531614	81400	1629911	3870610966	3052924
AL	NC_063221.1	11900001	12000000	0.0003155520639773	84139	1258281	3987554333	3198988
AL	NC_063221.1	12000001	12100000	0.0004287824296656	84473	1721212	4014185006	3167294
AL	NC_063221.1	12100001	12200000	0.0005276689699545	84585	1987624	3766800993	4005688
AL	NC_063221.1	12200001	12300000	0.0002959724183069	85352	1162501	3927734235	3617946
AL	NC_063221.1	12300001	12400000	0.000337729618325	84080	1367583	4049342805	2975910
AL	NC_063221.1	12400001	12500000	0.0004694516099172	83997	1828086	3894088254	3468694
AL	NC_063221.1	12500001	12600000	0.0006051716276427	82839	2291768	3786971985	3595508
AL	NC_063221.1	12600001	12700000	0.000406663570277	80069	1467250	3608019275	3652332
AL	NC_063221.1	12700001	12800000	0.0003622535722533	77282	1294438	3573292575	3222902
AL	NC_063221.1	12800001	12900000	0.0006336736889952	79916	2245386	3543442057	3834398
AL	NC_063221.1	12900001	13000000	0.0006187222311339	82888	2254856	3644375273	4075710
AL	NC_063221.1	13000001	13100000	0.0008430860114926	84555	3176135	3767272801	3992756
AL	NC_063221.1	13100001	13200000	0.0005589969843551	83933	2134999	3819339030	3696510
AL	NC_063221.1	13200001	13300000	0.0004962733924299	84206	1961298	3952051490	3325384
AL	NC_063221.1	13300001	13400000	0.0002276285568107	82979	833098	3659901076	4049822
AL	NC_063221.1	13400001	13500000	4.805044971795714e-05	81860	176211	3667208133	3799598
AL	NC_063221.1	13500001	13600000	0.0005070228417935	80328	1830688	3610661787	3694114
AL	NC_063221.1	13600001	13700000	0.0007220563287232	82108	2594831	3593668384	4095560
AL	NC_063221.1	13700001	13800000	0.0007587651241728	83913	2902396	3825157361	3678208
AL	NC_063221.1	13800001	13900000	0.0005976520939613	85860	2398192	4012689028	3443168
AL	NC_063221.1	13900001	14000000	0.0005215062787471	83771	1970127	3777762762	3813610
AL	NC_063221.1	14000001	14100000	0.000277795686607	84185	1054724	3796761616	3826450
AL	NC_063221.1	14100001	14200000	0.0001972864937072	82067	744324	3772807687	3505216
AL	NC_063221.1	14200001	14300000	0.0001563318229677	82820	592729	3791480127	3580122
AL	NC_063221.1	14300001	14400000	0.0004132764084658	83898	1585415	3836209780	3641684
AL	NC_063221.1	14400001	14500000	0.0004519019498862	85597	1797520	3977677017	3506616
AL	NC_063221.1	14500001	14600000	0.0004194730187466	84235	1643136	3917143479	3439912
AL	NC_063221.1	14600001	14700000	0.000476170634848	86525	1982493	4163408776	3077306
AL	NC_063221.1	14700001	14800000	0.0004907776429054	85542	2029421	4135112977	2989258
AL	NC_063221.1	14800001	14900000	0.0006005167774819	78041	2104682	3504784677	3598320
AL	NC_063221.1	14900001	15000000	0.0003112208794738	80376	1128543	3626180229	3646926
AL	NC_063221.1	15000001	15100000	0.0004434269071294	81627	1692534	3816940228	3263046
AL	NC_063221.1	15100001	15200000	0.0005462988581881	83097	2202031	4030817504	2851626
AL	NC_063221.1	15200001	15300000	0.0003647041256244	84533	1432664	3928291180	3464370
AL	NC_063221.1	15300001	15400000	0.0003448115915795	85192	1430750	4149367466	2868612
AL	NC_063221.1	15400001	15500000	0.0003013079501427	78115	1141261	3787689636	2686302
AL	NC_063221.1	15500001	15600000	0.0003620177685358	84865	1454957	4019020961	3226480
AL	NC_063221.1	15600001	15700000	0.0006320686197886	83610	2563897	4056358629	2872594
AL	NC_063221.1	15700001	15800000	0.0005407356147662	83177	2092602	3869917096	3392274
AL	NC_063221.1	15800001	15900000	0.0005075157862949	83566	1933387	3809511058	3667128
AL	NC_063221.1	15900001	16000000	0.000652344778097	85343	2518900	3861301699	3832272
AL	NC_063221.1	16000001	16100000	0.00050656196014	83622	1978351	3905447222	3361976
AL	NC_063221.1	16100001	16200000	0.0004946596843379	83489	1871894	3784205706	3731326
AL	NC_063221.1	16200001	16300000	0.0003708069220886	82896	1399494	3774185207	3660482
AL	NC_063221.1	16300001	16400000	0.0005086104471157	82792	1955229	3844256466	3410420
AL	NC_063221.1	16400001	16500000	0.0003296220274784	85100	1310519	3975823491	3426218
AL	NC_063221.1	16500001	16600000	0.0005185490944718	82577	1924800	3711895403	3803860
AL	NC_063221.1	16600001	16700000	0.0004334035652761	83314	1662562	3836059814	3529840
AL	NC_063221.1	16700001	16800000	0.0004455562195119	85977	1838920	4127245720	3086306
AL	NC_063221.1	16800001	16900000	0.0003540865596607	82855	1344233	3796340085	3577260
AL	NC_063221.1	16900001	17000000	0.0005149576310572	86267	2074981	4029420820	3472022
AL	NC_063221.1	17000001	17100000	0.0005355186249988	83157	2292745	4281354360	2066674
AL	NC_063221.1	17100001	17200000	0.0005560388972397	86332	2327228	4185369066	2965524
AL	NC_063221.1	17200001	17300000	0.0003491115125501	82825	1329572	3808445016	3517594
AL	NC_063221.1	17300001	17400000	0.0005768681002161	82863	2224234	3855706355	3375072
AL	NC_063221.1	17400001	17500000	0.0001691190102449	84103	717272	4241226335	2369320
AL	NC_063221.1	17500001	17600000	0.0004617535227316	84998	1844027	3993530984	3339884
AL	NC_063221.1	17600001	17700000	0.0004385853844821	85391	1667597	3802217445	4047724
AL	NC_063221.1	17700001	17800000	0.0007896853073	83839	2913711	3689711551	4114200
AL	NC_063221.1	17800001	17900000	0.0005719997830788	83326	2159464	3775288145	3731482
AL	NC_063221.1	17900001	18000000	0.0005694709698722	85180	2209713	3880290861	3740518
AL	NC_063221.1	18000001	18100000	0.0002733385551478	82489	1041757	3811233287	3443436
AL	NC_063221.1	18100001	18200000	0.0003781814511366	85602	1531378	4049320757	3267450
AL	NC_063221.1	18200001	18300000	0.0004497830991464	85554	1856857	4128338756	3007180
AL	NC_063221.1	18300001	18400000	0.0003621662723541	84113	1362115	3761021122	3933374
AL	NC_063221.1	18400001	18500000	0.000616131103979	83403	2370847	3847958632	3510894
AL	NC_063221.1	18500001	18600000	0.0005931869312755	85291	2258255	3806987108	3999750
AL	NC_063221.1	18600001	18700000	0.000483790013018	85062	2011825	4158467405	2821986
AL	NC_063221.1	18700001	18800000	0.0005466498597736	85065	2316278	4237224173	2556440
AL	NC_063221.1	18800001	18900000	0.000527296145348	83502	2134439	4047894184	2877204
AL	NC_063221.1	18900001	19000000	0.0004385713791154	85955	1809548	4126005677	3088484
AL	NC_063221.1	19000001	19100000	0.0004055162698691	84516	1638825	4041329835	3092610
AL	NC_063221.1	19100001	19200000	0.000410452702155	82513	1563550	3809330507	3467628
AL	NC_063221.1	19200001	19300000	0.0003944141306294	81167	1462103	3707024892	3537734
AL	NC_063221.1	19300001	19400000	0.0003291999662004	82451	1231683	3741443276	3672086
AL	NC_063221.1	19400001	19500000	0.0004358411409968	84285	1618602	3713743031	4120068
AL	NC_063221.1	19500001	19600000	0.0005914151134525	83470	2178438	3683433092	4060060
AL	NC_063221.1	19600001	19700000	0.0004514108270012	82490	1613400	3574127831	4243286
AL	NC_063221.1	19700001	19800000	0.000348376686885	83205	1262320	3623434195	4213700
AL	NC_063221.1	19800001	19900000	0.0003520317054277	83324	1286879	3655576984	4125640
AL	NC_063221.1	19900001	20000000	0.0004757386160536	83185	1809363	3803271248	3611554
AL	NC_063221.1	20000001	20100000	0.0004242261040452	82038	1534258	3616604413	4010562
AL	NC_063221.1	20100001	20200000	0.0004349306181323	82865	1573518	3617859802	4161894
AL	NC_063221.1	20200001	20300000	0.0005565646187477	84161	2060456	3702096631	4136108
AL	NC_063221.1	20300001	20400000	0.000700125125156	84151	2581135	3686676720	4189230
AL	NC_063221.1	20400001	20500000	0.0006574433312927	81875	2323372	3533950212	4253374
AL	NC_063221.1	20500001	20600000	0.000470080388772	82143	1662457	3536537664	4297758
AL	NC_063221.1	20600001	20700000	0.000611572298752	78594	2056020	3361859267	4187518
AL	NC_063221.1	20700001	20800000	0.0006068591569541	81390	2043319	3367039908	4732660
AL	NC_063221.1	20800001	20900000	0.0004862543836733	82525	1788580	3678280464	3893682
AL	NC_063221.1	20900001	21000000	0.0004742151342417	85923	1871373	3946253219	3666344
AL	NC_063221.1	21000001	21100000	0.0006452937137669	81613	2453999	3802917877	3305736
AL	NC_063221.1	21100001	21200000	0.0005900374511065	81412	2241219	3798435160	3279896
AL	NC_063221.1	21200001	21300000	0.0005049483154031	83773	1931751	3825641043	3650180
AL	NC_063221.1	21300001	21400000	0.0003209737278516	82626	1222387	3808370885	3493122
AL	NC_063221.1	21400001	21500000	0.000501514338143	82544	1844289	3677440224	3909264
AL	NC_063221.1	21500001	21600000	0.0003720216588146	83058	1399898	3762947578	3723616
AL	NC_063221.1	21600001	21700000	0.0004646418960648	84591	1874394	4034061534	3121714
AL	NC_063221.1	21700001	21800000	0.0006330649135596	86010	2487934	3929982450	3737960
AL	NC_063221.1	21800001	21900000	0.0008813329774038	85552	3409084	3868099898	3847132
AL	NC_063221.1	21900001	22000000	0.0004508122357397	81720	1703287	3778262578	3403028
AL	NC_063221.1	22000001	22100000	0.0006692738763886	83238	2623302	3919624077	3241706
AL	NC_063221.1	22100001	22200000	0.0007444902181541	84460	3316366	4454546103	1764442
AL	NC_063221.1	22200001	22300000	0.0004435617169051	87356	2033253	4583923550	1895308
AL	NC_063221.1	22300001	22400000	0.0004507882808829	86332	1852076	4108527392	3210392
AL	NC_063221.1	22400001	22500000	0.0003028631461634	84885	1237813	4087037382	2998686
AL	NC_063221.1	22500001	22600000	0.0004409221078763	88898	1930807	4379020615	2824702
AL	NC_063221.1	22600001	22700000	0.0006627634511873	87915	3047790	4598609043	1952728
AL	NC_063221.1	22700001	22800000	0.0005377171545697	82875	2164393	4025151479	2822976
AL	NC_063221.1	22800001	22900000	0.0003553935916466	87388	1518664	4273189038	2878732
AL	NC_063221.1	22900001	23000000	0.0007696307876857	79018	3156979	4101939593	1861066
AL	NC_063221.1	23000001	23100000	0.0005828044648277	85170	2592753	4448752809	1916970
AL	NC_063221.1	23100001	23200000	0.0006664359068706	86431	2930711	4397588680	2301118
AL	NC_063221.1	23200001	23300000	0.0004719630078432	85483	2126281	4505185713	1790332
AL	NC_063221.1	23300001	23400000	0.0006049049380501	85834	2752441	4550204217	1718474
AL	NC_063221.1	23400001	23500000	0.0005814509664775	85386	2545752	4378274604	2175396
AL	NC_063221.1	23500001	23600000	0.0003117088417177	83547	1281533	4111314241	2673940
AL	NC_063221.1	23600001	23700000	0.0002379991099004	85666	1047749	4402323187	2156646
AL	NC_063221.1	23700001	23800000	0.000352854254312	85983	1560501	4422508673	2144572
AL	NC_063221.1	23800001	23900000	0.0004217772336215	86608	1754219	4159112584	3111488
AL	NC_063221.1	23900001	24000000	0.0004212179156155	84799	1764502	4189047841	2668116
AL	NC_063221.1	24000001	24100000	0.0001351711964554	85065	538961	3987247388	3369546
AL	NC_063221.1	24100001	24200000	0.0001903601346554	83532	758040	3982136288	3087576
AL	NC_063221.1	24200001	24300000	0.0005772250486194	85545	2520258	4366161874	2246566
AL	NC_063221.1	24300001	24400000	0.0005740886759937	83881	2532526	4411384697	1789648
AL	NC_063221.1	24400001	24500000	0.0006448676181797	84633	2854568	4426595350	1879790
AL	NC_063221.1	24500001	24600000	0.0006346797361777	82258	2701233	4256056789	1971530
AL	NC_063221.1	24600001	24700000	0.0007379753508812	84629	3191555	4324744717	2193136
AL	NC_063221.1	24700001	24800000	0.0005525938512027	84364	2370576	4289906583	2262130
AL	NC_063221.1	24800001	24900000	0.0001127402953663	81633	472463	4190719906	2069934
AL	NC_063221.1	24900001	25000000	0.0005176234127889	82072	2186194	4223522248	2040704
AL	NC_063221.1	25000001	25100000	0.0007445814548125	84764	3129495	4203025713	2606550
AL	NC_063221.1	25100001	25200000	0.0006578984018467	85578	2767615	4206751365	2749098
AL	NC_063221.1	25200001	25300000	0.0006159501387716	85725	2564559	4163582145	2910800
AL	NC_063221.1	25300001	25400000	0.0005841335757321	85371	2492313	4266683347	2516032
AL	NC_063221.1	25400001	25500000	0.0004455504869453	87214	1882245	4224538083	2999470
AL	NC_063221.1	25500001	25600000	0.0004051365012991	86874	1674997	4134401602	3224256
AL	NC_063221.1	25600001	25700000	0.0002089910640181	83129	863963	4133971010	2524798
AL	NC_063221.1	25700001	25800000	0.000446844296093	87390	1938597	4338417245	2670674
AL	NC_063221.1	25800001	25900000	0.0004609626841118	85095	1865514	4046995699	3166280
AL	NC_063221.1	25900001	26000000	0.0007147086560618	83777	2930488	4100255363	2747044
AL	NC_063221.1	26000001	26100000	0.0004800547611897	83142	1924726	4009388419	2925654
AL	NC_063221.1	26100001	26200000	0.000273267997708	85179	1087362	3979104795	3409024
AL	NC_063221.1	26200001	26300000	0.0005113935791826	84044	1932047	3778004024	3849952
AL	NC_063221.1	26300001	26400000	0.0004751109356693	85126	1852410	3898899943	3665926
AL	NC_063221.1	26400001	26500000	0.0007206307435417	84524	2746477	3811212642	3839364
AL	NC_063221.1	26500001	26600000	0.0006847020665208	82285	2445891	3572197485	4207936
AL	NC_063221.1	26600001	26700000	0.0003725911524868	83922	1503739	4035895619	2987814
AL	NC_063221.1	26700001	26800000	0.0004677465319037	85937	1883058	4025808577	3405208
AL	NC_063221.1	26800001	26900000	0.0004945975063013	81717	1942262	3926954696	2924778
AL	NC_063221.1	26900001	27000000	0.0003873115977241	83117	1433066	3700033793	3935232
AL	NC_063221.1	27000001	27100000	0.0003679519842892	83046	1467785	3989066679	2979942
AL	NC_063221.1	27100001	27200000	0.0004468752234531	84514	1786838	3998516602	3222344
AL	NC_063221.1	27200001	27300000	0.0004125707604898	82831	1620872	3928712733	3133756
AL	NC_063221.1	27300001	27400000	0.0004539265345438	85778	1899139	4183802566	2867176
AL	NC_063221.1	27400001	27500000	0.0004300369423113	85909	1784520	4149690002	3001510
AL	NC_063221.1	27500001	27600000	0.0001275281772299	84757	524536	4113098857	2900368
AL	NC_063221.1	27600001	27700000	0.0001216594517872	86115	497174	4086603981	3245732
AL	NC_063221.1	27700001	27800000	0.0002263613696146	85507	932863	4121122794	3017090
AL	NC_063221.1	27800001	27900000	0.0003650866045052	85857	1542217	4224249756	2751570
AL	NC_063221.1	27900001	28000000	0.0001595854957815	85961	671062	4205031270	2825318
AL	NC_063221.1	28000001	28100000	0.0003545162523895	84433	1451175	4093394845	2898480
AL	NC_063221.1	28100001	28200000	0.000445044132614	86000	1873768	4210297053	2819118
AL	NC_063221.1	28200001	28300000	0.0006067338368717	87329	2534185	4176765570	3177054
AL	NC_063221.1	28300001	28400000	0.0006192645810898	83726	2601173	4200422694	2433144
AL	NC_063221.1	28400001	28500000	0.0004512802128019	80943	1959279	4341601835	1468288
AL	NC_063221.1	28500001	28600000	0.0005426755959716	81305	2251267	4148458152	2138506
AL	NC_063221.1	28600001	28700000	0.0003008853271665	86697	1255078	4171283498	3074006
AL	NC_063221.1	28700001	28800000	0.0003467069170709	86618	1498583	4322333724	2571092
AL	NC_063221.1	28800001	28900000	0.0004279608672446	83900	1827018	4269123978	2231220
AL	NC_063221.1	28900001	29000000	0.0003195783633971	82577	1325365	4147230075	2369132
AL	NC_063221.1	29000001	29100000	0.0001741662757159	81862	752700	4321732189	1693914
AL	NC_063221.1	29100001	29200000	0.0001987037135795	83236	858815	4322088322	1947148
AL	NC_063221.1	29200001	29300000	0.0003771774178365	85554	1554518	4121450348	3018148
AL	NC_063221.1	29300001	29400000	0.000600072076692	84074	2460510	4100357433	2804930
AL	NC_063221.1	29400001	29500000	0.0005121888192898	83594	2156112	4209603800	2366484
AL	NC_063221.1	29500001	29600000	0.0004849838603258	85052	2046878	4220507459	2603922
AL	NC_063221.1	29600001	29700000	0.0005271349786824	86324	2186626	4148132999	3078594
AL	NC_063221.1	29700001	29800000	0.0004152313276278	83669	1720999	4144675234	2592294
AL	NC_063221.1	29800001	29900000	0.000444704357041	85263	1890131	4250309155	2551696
AL	NC_063221.1	29900001	30000000	0.0004718489679009	84728	1905635	4038654590	3125972
AL	NC_063221.1	30000001	30100000	0.0002717351481566	84055	1167542	4296617526	2183146
AL	NC_063221.1	30100001	30200000	0.0007210209711497	83969	3052979	4234244387	2359868
AL	NC_063221.1	30200001	30300000	0.0004053596926449	85846	1629922	4020927659	3400630
AL	NC_063221.1	30300001	30400000	0.0002965189243215	85016	1214040	4094308661	3003022
AL	NC_063221.1	30400001	30500000	0.0004920075134122	83204	2131795	4332850499	1915410
AL	NC_063221.1	30500001	30600000	0.0004214244449204	84648	1830273	4343063204	2148424
AL	NC_063221.1	30600001	30700000	0.0004329455645184	82996	1834501	4237255559	2172930
AL	NC_063221.1	30700001	30800000	0.0003505336426936	82418	1413686	4032953839	2709622
AL	NC_063221.1	30800001	30900000	0.0004472982914885	79656	1847819	4131066528	1882816
AL	NC_063221.1	30900001	31000000	0.0005608444213795	82856	2384528	4251674634	2095676
AL	NC_063221.1	31000001	31100000	0.0005730604472777	82606	2406920	4200115383	2213494
AL	NC_063221.1	31100001	31200000	0.0005052164448114	84048	2114459	4185253710	2532516
AL	NC_063221.1	31200001	31300000	0.00064680346828	79175	2620187	4050978587	2051400
AL	NC_063221.1	31300001	31400000	0.0006602060232298	80545	2735496	4143397521	2005576
AL	NC_063221.1	31400001	31500000	0.0005076209350773	70671	1882806	3709078704	1528702
AL	NC_063221.1	31500001	31600000	0.0007262977118749	79306	2966474	4084377455	1960158
AL	NC_063221.1	31600001	31700000	0.0004930192084246	79312	2027363	4112137956	1876600
AL	NC_063221.1	31700001	31800000	0.0005055894001267	76443	2016075	3987573710	1734202
AL	NC_063221.1	31800001	31900000	0.0007539278076922	73721	2907809	3856879890	1635438
AL	NC_063221.1	31900001	32000000	0.000846329096251	74683	3402487	4020288343	1309544
AL	NC_063221.1	32000001	32100000	0.0005342407955012	70433	1959734	3668259737	1621280
AL	NC_063221.1	32100001	32200000	0.0004257904445725	68219	1540505	3617988660	1366942
AL	NC_063221.1	32200001	32300000	0.0006136260122424	72414	2350856	3831089219	1476254
AL	NC_063221.1	32300001	32400000	0.000410729480818	77820	1681676	4094364000	1655824
AL	NC_063221.1	32400001	32500000	0.0006286361081607	72183	2421148	3851430054	1370090
AL	NC_063221.1	32500001	32600000	0.0007711603133066	65234	2720095	3527275656	1095796
AL	NC_063221.1	32600001	32700000	0.0007365721016437	74381	2965067	4025494576	1236106
AL	NC_063221.1	32700001	32800000	0.0004096545094063	74081	1659171	4050171454	1104534
AL	NC_063221.1	32800001	32900000	0.0006266732633208	76925	2623764	4186813374	1206366
AL	NC_063221.1	32900001	33000000	0.0004797956011196	77149	1996770	4161709685	1324664
AL	NC_063221.1	33000001	33100000	0.0003182613532838	82487	1372660	4312996177	1840860
AL	NC_063221.1	33100001	33200000	0.0004034148521089	85124	1768323	4383385963	2109178
AL	NC_063221.1	33200001	33300000	0.0003313680784325	83066	1310464	3954708028	3098516
AL	NC_063221.1	33300001	33400000	0.0002574292641369	55237	710316	2759266715	1647204
AL	NC_063221.1	33400001	33500000	0.0	73	0	2931083	4596
AL	NC_063221.1	33500001	33600000	0.000110042065161	6207	28021	254638987	369944
AL	NC_063222.1	1	100000	6.162358108289045e-05	7590	23049	374028896	244220
AL	NC_063222.1	100001	200000	0.0	4	0	204180	104
AL	NC_063222.1	200001	300000	0.0	15	0	798559	288
AL	NC_063222.1	300001	400000	1.5500216089870533e-05	408	331	21354541	9118
AL	NC_063222.1	400001	500000	0.0	17	0	938416	226
AL	NC_063222.1	500001	600000	0.0	8	0	429685	142
AL	NC_063222.1	600001	700000	NA	0	NA	NA	NA
AL	NC_063222.1	700001	800000	0.0	4	0	166474	228
AL	NC_063222.1	800001	900000	0.0	7	0	346515	216
AL	NC_063222.1	900001	1000000	0.0	60	0	2616044	3040
AL	NC_063222.1	1000001	1100000	0.0	9	0	348779	604
AL	NC_063222.1	1100001	1200000	NA	0	NA	NA	NA
AL	NC_063222.1	1200001	1300000	0.0	1938	0	91630034	75376
AL	NC_063222.1	1300001	1400000	0.0	10	0	515591	246
AL	NC_063222.1	1400001	1500000	0.0	21	0	1002702	782
AL	NC_063222.1	1500001	1600000	3.518892854530756e-06	1947	325	92358595	74624
AL	NC_063222.1	1600001	1700000	0.0	45	0	2447986	710
AL	NC_063222.1	1700001	1800000	0.0	71	0	3787179	1344
AL	NC_063222.1	1800001	1900000	0.0005159245644583	178	4928	9551784	3244
AL	NC_063222.1	1900001	2000000	2.887651543225165e-05	28258	41897	1450902208	721892
AL	NC_063222.1	2000001	2100000	6.105447964751627e-05	40732	127543	2089003145	1041502
AL	NC_063222.1	2100001	2200000	5.3812113779494174e-05	39757	108547	2017148043	1087940
AL	NC_063222.1	2200001	2300000	2.8186069238074893e-05	82422	114477	4061474448	2617908
AL	NC_063222.1	2300001	2400000	2.502796288167952e-05	88296	111492	4454697353	2471630
AL	NC_063222.1	2400001	2500000	2.399489120911484e-05	85143	103992	4333922546	2265338
AL	NC_063222.1	2500001	2600000	2.5251067931989843e-05	86057	109272	4327420935	2459028
AL	NC_063222.1	2600001	2700000	3.891198624030606e-06	59845	11535	2964382216	1857714
AL	NC_063222.1	2700001	2800000	0.0	36	0	1620021	1654
AL	NC_063222.1	2800001	2900000	0.0	61	0	2849252	2434
AL	NC_063222.1	2900001	3000000	7.952390316507279e-05	79643	312970	3935546264	2499750
AL	NC_063222.1	3000001	3100000	0.0001003318781452	84430	417360	4159794551	2682350
AL	NC_063222.1	3100001	3200000	7.91369393195404e-05	84631	348425	4402811165	1956372
AL	NC_063222.1	3200001	3300000	3.796860449092308e-05	84635	163161	4297260913	2287076
AL	NC_063222.1	3300001	3400000	0.0001468017265913	86025	655170	4462958408	2026706
AL	NC_063222.1	3400001	3500000	0.0003311504236538	82526	1416887	4278680922	1954104
AL	NC_063222.1	3500001	3600000	0.0003798624775351	84604	1707581	4495261051	1660898
AL	NC_063222.1	3600001	3700000	0.0008525135066421	74035	3398818	3986820119	1292872
AL	NC_063222.1	3700001	3800000	0.0008849006329534	82341	3906691	4414835807	1491140
AL	NC_063222.1	3800001	3900000	0.0005557014055247	74353	2216058	3987857468	1342722
AL	NC_063222.1	3900001	4000000	0.0004585097753383	73687	1821430	3972499820	1268270
AL	NC_063222.1	4000001	4100000	0.0006060912538946	75493	2448711	4040168843	1390500
AL	NC_063222.1	4100001	4200000	0.0003028516867269	79376	1280536	4228261080	1522976
AL	NC_063222.1	4200001	4300000	0.0003494504098695	70768	1304480	3732947403	1472946
AL	NC_063222.1	4300001	4400000	0.0004508918178561	76235	1809835	4013900737	1608900
AL	NC_063222.1	4400001	4500000	0.0002669935280871	70624	977498	3661129942	1676020
AL	NC_063222.1	4500001	4600000	3.935072098033818e-05	74658	151977	3862114752	1793644
AL	NC_063222.1	4600001	4700000	3.476226152676658e-05	79532	147974	4256742614	1465252
AL	NC_063222.1	4700001	4800000	0.0001990333082847	71498	744812	3742147515	1586846
AL	NC_063222.1	4800001	4900000	0.0001795617391495	79008	739832	4120209592	1795512
AL	NC_063222.1	4900001	5000000	0.0005343586707724	80713	2264909	4238555719	1741076
AL	NC_063222.1	5000001	5100000	0.0006027954531499	64565	2047535	3396732655	1378540
AL	NC_063222.1	5100001	5200000	0.000594922550164	80896	2474865	4159978470	2021628
AL	NC_063222.1	5200001	5300000	0.0004552902667452	80530	1841353	4044349582	2315888
AL	NC_063222.1	5300001	5400000	0.000579081921684	85490	2478999	4280912436	2500412
AL	NC_063222.1	5400001	5500000	0.0005450758065696	81514	2294967	4210362985	1981106
AL	NC_063222.1	5500001	5600000	0.0005305331647024	80132	2074872	3910918559	2681266
AL	NC_063222.1	5600001	5700000	0.0003798118221349	84414	1567170	4126174881	2800106
AL	NC_063222.1	5700001	5800000	0.0001700225820836	87640	729821	4292494509	2860294
AL	NC_063222.1	5800001	5900000	0.0003775759541797	84683	1549107	4102769212	2908934
AL	NC_063222.1	5900001	6000000	0.000366264183662	83763	1437090	3923643272	3322830
AL	NC_063222.1	6000001	6100000	0.0003816567567578	85411	1509177	3954278218	3532618
AL	NC_063222.1	6100001	6200000	0.0003749031945244	87104	1550503	4135742300	3263016
AL	NC_063222.1	6200001	6300000	0.0005804008632296	87125	2462028	4241944070	2932974
AL	NC_063222.1	6300001	6400000	0.0004808523511852	84953	1997711	4154520603	2797684
AL	NC_063222.1	6400001	6500000	0.000296806001166	85258	1263783	4257942882	2529368
AL	NC_063222.1	6500001	6600000	0.0006803981064579	84617	2887445	4243758136	2454762
AL	NC_063222.1	6600001	6700000	0.0006034818291138	88452	2545261	4217626575	3259634
AL	NC_063222.1	6700001	6800000	0.0005921794460644	86630	2428481	4100920787	3291454
AL	NC_063222.1	6800001	6900000	0.0006653423776869	85022	2871947	4316494930	2299720
AL	NC_063222.1	6900001	7000000	0.0005137193502723	84789	2159224	4203119853	2618328
AL	NC_063222.1	7000001	7100000	0.0005316526405595	85454	2359395	4437850619	1997558
AL	NC_063222.1	7100001	7200000	0.0003770991364442	88212	1692289	4487650160	2351760
AL	NC_063222.1	7200001	7300000	0.0004999967664099	86851	2111262	4222551308	2940734
AL	NC_063222.1	7300001	7400000	0.0005636807775144	85479	2368689	4202181615	2747408
AL	NC_063222.1	7400001	7500000	0.0006922321083833	86836	2907114	4199623168	3012408
AL	NC_063222.1	7500001	7600000	0.0004061015683884	87233	1705092	4198683612	3088234
AL	NC_063222.1	7600001	7700000	0.0001996986759907	87223	850948	4261159949	2888892
AL	NC_063222.1	7700001	7800000	0.000309169523392	85731	1359014	4395691998	2182530
AL	NC_063222.1	7800001	7900000	0.0004968923550877	85661	2200481	4428486326	2063190
AL	NC_063222.1	7900001	8000000	0.000320828988254	85081	1381594	4306325334	2346158
AL	NC_063222.1	8000001	8100000	0.0002916534096432	84051	1232098	4224528016	2417062
AL	NC_063222.1	8100001	8200000	0.0004161394144745	85007	1663772	3998112032	3319142
AL	NC_063222.1	8200001	8300000	0.0003593806283423	84743	1446521	4025038875	3182208
AL	NC_063222.1	8300001	8400000	0.0003455938530533	82113	1424874	4122972638	2370638
AL	NC_063222.1	8400001	8500000	0.0001833691725158	85735	727913	3969658531	3551232
AL	NC_063222.1	8500001	8600000	0.0001923293980232	84860	750596	3902658708	3604088
AL	NC_063222.1	8600001	8700000	0.0003387574361506	84129	1332154	3932471609	3359256
AL	NC_063222.1	8700001	8800000	0.0002843887336795	84500	1109045	3899750126	3537036
AL	NC_063222.1	8800001	8900000	0.0001938136441978	83964	740310	3819700120	3699536
AL	NC_063222.1	8900001	9000000	0.0001120751757302	84710	443146	3954006738	3399040
AL	NC_063222.1	9000001	9100000	0.0003220135927443	83908	1233349	3830114715	3653866
AL	NC_063222.1	9100001	9200000	0.0003086072295168	84896	1195575	3874099132	3701504
AL	NC_063222.1	9200001	9300000	0.0003515151238914	85491	1472569	4189205243	2789976
AL	NC_063222.1	9300001	9400000	0.0002383341899733	80530	917291	3848759593	2944482
AL	NC_063222.1	9400001	9500000	0.0001636519967813	85871	663491	4054279893	3302372
AL	NC_063222.1	9500001	9600000	0.0001994147897825	82330	789021	3956682455	2935926
AL	NC_063222.1	9600001	9700000	0.0005164555266141	84891	1999752	3872070095	3703560
AL	NC_063222.1	9700001	9800000	0.0003142165430751	84291	1201389	3823442866	3748378
AL	NC_063222.1	9800001	9900000	6.577748079319717e-05	83062	247309	3759782178	3724032
AL	NC_063222.1	9900001	10000000	4.560836644579711e-05	83153	169654	3719799967	3876012
AL	NC_063222.1	10000001	10100000	7.342215979872146e-05	82030	272306	3708771313	3695890
AL	NC_063222.1	10100001	10200000	6.126520826162828e-05	84635	235753	3848073102	3738634
AL	NC_063222.1	10200001	10300000	6.200826644731759e-05	85224	240987	3886368928	3722336
AL	NC_063222.1	10300001	10400000	0.0001606239720085	86042	686515	4274050700	2621292
AL	NC_063222.1	10400001	10500000	0.0002684946985134	83643	1097595	4087957811	2763304
AL	NC_063222.1	10500001	10600000	0.000369530278546	84940	1469271	3976050368	3375224
AL	NC_063222.1	10600001	10700000	0.000467475614692	82408	1935818	4141003165	2368382
AL	NC_063222.1	10700001	10800000	0.0001639111328106	84888	678321	4138346117	2848726
AL	NC_063222.1	10800001	10900000	0.0005241867919683	81228	2067626	3944445056	2770712
AL	NC_063222.1	10900001	11000000	0.0004325818198847	80815	1653008	3821260913	3084116
AL	NC_063222.1	11000001	11100000	0.0003885744383817	18019	349185	898630907	540752
AL	NC_063222.1	11100001	11200000	0.0004430438704092	87055	1876687	4235894288	2939974
AL	NC_063222.1	11200001	11300000	0.0004519809016867	86059	1989596	4401947057	2228876
AL	NC_063222.1	11300001	11400000	0.0002481684221402	84554	1001780	4036694078	3115808
AL	NC_063222.1	11400001	11500000	0.0002782790234765	85645	1137861	4088921205	3149384
AL	NC_063222.1	11500001	11600000	0.0002877624436376	85261	1180387	4101949459	3027996
AL	NC_063222.1	11600001	11700000	0.0003152941981557	80394	1186935	3764531688	3194164
AL	NC_063222.1	11700001	11800000	0.0002037668540686	85793	827625	4061627215	3259876
AL	NC_063222.1	11800001	11900000	0.0001407486347305	83711	552377	3924563823	3311472
AL	NC_063222.1	11900001	12000000	0.0002230854819566	83674	873181	3914109481	3332338
AL	NC_063222.1	12000001	12100000	0.0003354679673318	85364	1311294	3908850107	3674522
AL	NC_063222.1	12100001	12200000	0.0002080719882629	83647	841695	4045210540	2906070
AL	NC_063222.1	12200001	12300000	0.0001022615349604	84010	406774	3977781090	3196656
AL	NC_063222.1	12300001	12400000	0.0002129018797382	83725	804583	3779125863	3791188
AL	NC_063222.1	12400001	12500000	0.0003915135014516	85656	1578400	4031534019	3337642
AL	NC_063222.1	12500001	12600000	0.0004165004177874	84114	1652523	3967638277	3246250
AL	NC_063222.1	12600001	12700000	0.0003924795572893	82904	1485537	3785004779	3611458
AL	NC_063222.1	12700001	12800000	0.0002527730405014	78349	913536	3614056302	3291998
AL	NC_063222.1	12800001	12900000	0.0002862402393949	80808	1122500	3921531097	2762126
AL	NC_063222.1	12900001	13000000	0.0002235385932252	84588	910771	4074334489	2994350
AL	NC_063222.1	13000001	13100000	0.0002644508104226	82902	986513	3730421542	3799240
AL	NC_063222.1	13100001	13200000	0.0001024219420173	83699	389321	3801148390	3710578
AL	NC_063222.1	13200001	13300000	0.0002336229480029	82938	922387	3948186631	3096902
AL	NC_063222.1	13300001	13400000	0.000177301371692	82701	669520	3776169319	3609604
AL	NC_063222.1	13400001	13500000	1.337339335159094e-05	84872	53572	4005864375	3278346
AL	NC_063222.1	13500001	13600000	9.529767684359592e-06	82942	35794	3756020208	3726444
AL	NC_063222.1	13600001	13700000	0.0001919917300644	84520	745310	3881990124	3614096
AL	NC_063222.1	13700001	13800000	0.0003926993317796	82531	1572661	4004745801	2833140
AL	NC_063222.1	13800001	13900000	0.0001839714610294	85523	723309	3931636983	3636896
AL	NC_063222.1	13900001	14000000	0.0001801227996359	84680	690482	3833395891	3801010
AL	NC_063222.1	14000001	14100000	4.938811946679385e-05	80685	182713	3699533450	3462454
AL	NC_063222.1	14100001	14200000	0.0003766237767809	83447	1426671	3788053458	3704090
AL	NC_063222.1	14200001	14300000	0.0003431681892222	78881	1250712	3644603548	3300722
AL	NC_063222.1	14300001	14400000	0.0002541684006574	80102	907541	3570628755	3778006
AL	NC_063222.1	14400001	14500000	0.0001870179372475	82207	674537	3606803764	4075966
AL	NC_063222.1	14500001	14600000	0.0002131075742009	81167	770052	3613442661	3843252
AL	NC_063222.1	14600001	14700000	0.000318553697788	83821	1233265	3871450900	3504354
AL	NC_063222.1	14700001	14800000	0.000306721903935	84269	1248407	4070159268	2944946
AL	NC_063222.1	14800001	14900000	0.0002342311955305	84944	921901	3935859175	3512426
AL	NC_063222.1	14900001	15000000	0.0003202524491377	84442	1214795	3793241873	3887954
AL	NC_063222.1	15000001	15100000	0.0002559508195346	84358	1078574	4213989242	2519368
AL	NC_063222.1	15100001	15200000	0.0001758267572249	79609	672309	3823701299	2860948
AL	NC_063222.1	15200001	15300000	0.0004558037477637	85704	1782188	3909989790	3740884
AL	NC_063222.1	15300001	15400000	0.0002691581423297	81526	987989	3670663616	3722948
AL	NC_063222.1	15400001	15500000	0.0003674328904411	83567	1391663	3787529740	3729886
AL	NC_063222.1	15500001	15600000	0.0003951741782498	84622	1528910	3868952184	3672684
AL	NC_063222.1	15600001	15700000	0.0002430700737826	85976	988395	4066296540	3292680
AL	NC_063222.1	15700001	15800000	0.000449532798784	84233	1677910	3732564130	4044574
AL	NC_063222.1	15800001	15900000	0.0003056806467283	85594	1268526	4149840736	2945388
AL	NC_063222.1	15900001	16000000	0.0003623702959445	86757	1568893	4329529814	2594206
AL	NC_063222.1	16000001	16100000	0.0005875920732791	85199	2577003	4385700756	2130862
AL	NC_063222.1	16100001	16200000	0.0003825253697458	82290	1584600	4142470344	2351436
AL	NC_063222.1	16200001	16300000	0.0002595257130946	84644	1125843	4338078823	2175546
AL	NC_063222.1	16300001	16400000	0.0004829512064994	85613	2141445	4434081479	2040100
AL	NC_063222.1	16400001	16500000	0.0003525101326465	86146	1403236	3980696922	3595848
AL	NC_063222.1	16500001	16600000	0.0001822973389292	67832	590018	3236569461	2497542
AL	NC_063222.1	16600001	16700000	0.0002088934372544	51301	520526	2491825530	1743406
AL	NC_063222.1	16700001	16800000	0.0005073177384503	88892	2270727	4475946390	2517860
AL	NC_063222.1	16800001	16900000	0.0003968887622446	86289	1733123	4366772670	2374582
AL	NC_063222.1	16900001	17000000	0.0006267813370263	87864	2712523	4327702246	2790116
AL	NC_063222.1	17000001	17100000	0.000604224592564	85612	2504247	4144563182	2952324
AL	NC_063222.1	17100001	17200000	0.0006638528514093	86369	2873287	4328198627	2507956
AL	NC_063222.1	17200001	17300000	0.0003855510887699	86065	1623405	4210609300	2829906
AL	NC_063222.1	17300001	17400000	0.000665692015488	85017	2858144	4293492987	2367956
AL	NC_063222.1	17400001	17500000	0.0007292126645565	87463	3294513	4517904255	2120072
AL	NC_063222.1	17500001	17600000	0.0004153205821191	86069	1861618	4482363938	1971182
AL	NC_063222.1	17600001	17700000	0.0004086869722743	86013	1791535	4383636185	2267928
AL	NC_063222.1	17700001	17800000	0.0003890523679099	87827	1690634	4345517826	2727402
AL	NC_063222.1	17800001	17900000	5.095698165451757e-05	87004	222278	4362071551	2524050
AL	NC_063222.1	17900001	18000000	0.0003047415977836	87921	1308349	4293306229	2912040
AL	NC_063222.1	18000001	18100000	0.0003324468371872	86645	1425995	4289392590	2687110
AL	NC_063222.1	18100001	18200000	0.0004619424854771	86003	1988067	4303711095	2516408
AL	NC_063222.1	18200001	18300000	0.0001756070659631	86926	771546	4393593138	2407216
AL	NC_063222.1	18300001	18400000	0.0003217148089443	85577	1425121	4429764998	2043758
AL	NC_063222.1	18400001	18500000	0.0002773494907492	85403	1235770	4455641857	1930572
AL	NC_063222.1	18500001	18600000	0.0002702057059583	86187	1233726	4565876933	1735012
AL	NC_063222.1	18600001	18700000	5.923658987636635e-05	81346	250068	4221512422	1918168
AL	NC_063222.1	18700001	18800000	5.623494972973928e-05	84696	231562	4117759527	2874458
AL	NC_063222.1	18800001	18900000	3.603010160289039e-05	83278	147288	4087915200	2701932
AL	NC_063222.1	18900001	19000000	0.0001559546813014	84119	647728	4153309119	2662856
AL	NC_063222.1	19000001	19100000	0.0004113386393224	79139	1694918	4120493039	1823064
AL	NC_063222.1	19100001	19200000	0.0005182092114844	86726	2243974	4330247225	2581810
AL	NC_063222.1	19200001	19300000	0.0004424141198297	89124	1924913	4350930302	2956244
AL	NC_063222.1	19300001	19400000	0.0004002979710768	80176	1608584	4018466533	2334918
AL	NC_063222.1	19400001	19500000	0.0004297944729781	88153	1829223	4256041236	3084394
AL	NC_063222.1	19500001	19600000	0.0005764937319476	85221	2364808	4102053273	3019704
AL	NC_063222.1	19600001	19700000	0.0005734875008431	86987	2563328	4469719037	2185004
AL	NC_063222.1	19700001	19800000	0.0005218885576563	72149	1876969	3596493873	2172776
AL	NC_063222.1	19800001	19900000	0.0005467136306767	68735	1832716	3352241278	2300562
AL	NC_063222.1	19900001	20000000	0.00061973937521	83989	2800108	4518202509	1477592
AL	NC_063222.1	20000001	20100000	0.0005176846530445	86244	2234384	4316110178	2532692
AL	NC_063222.1	20100001	20200000	0.000494684946584	84579	1973143	3988686160	3268486
AL	NC_063222.1	20200001	20300000	0.0005363468793474	87770	2274690	4241079957	3055090
AL	NC_063222.1	20300001	20400000	0.0006262439910701	87584	2697992	4308212196	2808928
AL	NC_063222.1	20400001	20500000	0.0003403249923035	82761	1321242	3882294953	3268696
AL	NC_063222.1	20500001	20600000	0.0003543495357509	86358	1495498	4220403441	2855658
AL	NC_063222.1	20600001	20700000	0.0004085256670884	85201	1614706	3952520319	3501852
AL	NC_063222.1	20700001	20800000	0.000349420851616	85114	1378506	3945116594	3510304
AL	NC_063222.1	20800001	20900000	0.000139004683043	86490	564644	4062050196	3393940
AL	NC_063222.1	20900001	21000000	0.0005048252759962	81563	1998361	3958520096	2807310
AL	NC_063222.1	21000001	21100000	0.0004510713049897	83504	1668142	3698178052	4017280
AL	NC_063222.1	21100001	21200000	0.0002777285412254	83635	1078243	3882362955	3441104
AL	NC_063222.1	21200001	21300000	0.0002363037156659	83315	913656	3866447878	3425714
AL	NC_063222.1	21300001	21400000	0.0008237825552834	82979	3180357	3860675344	3375486
AL	NC_063222.1	21400001	21500000	0.0007513568699775	85212	2956869	3935372282	3567308
AL	NC_063222.1	21500001	21600000	0.000537889108332	84823	2213058	4114338747	2904120
AL	NC_063222.1	21600001	21700000	0.0004238586232874	84250	1748622	4125484074	2765168
AL	NC_063222.1	21700001	21800000	0.0005207259524567	85327	2180903	4188197246	2766738
AL	NC_063222.1	21800001	21900000	0.0007468025944372	87369	3233994	4330453622	2690198
AL	NC_063222.1	21900001	22000000	0.0007829874157349	85660	3209388	4098901126	3107972
AL	NC_063222.1	22000001	22100000	0.0006292788641009	84648	2682313	4262518818	2392988
AL	NC_063222.1	22100001	22200000	0.0003202856897044	83495	1381571	4313558315	2020464
AL	NC_063222.1	22200001	22300000	0.0005366196819143	84236	2143918	3995228040	3173464
AL	NC_063222.1	22300001	22400000	0.0006003599100571	84763	2400349	3998183356	3271726
AL	NC_063222.1	22400001	22500000	0.0007565053083722	83476	2882124	3809786882	3636628
AL	NC_063222.1	22500001	22600000	0.0004247753558803	84480	1625370	3826422549	3777414
AL	NC_063222.1	22600001	22700000	0.0003747646647865	84266	1400251	3736347451	4036886
AL	NC_063222.1	22700001	22800000	0.0003665865721417	83474	1355506	3697642257	4013194
AL	NC_063222.1	22800001	22900000	0.0003699127707795	82791	1420999	3841443476	3398182
AL	NC_063222.1	22900001	23000000	0.0003818933158068	82286	1457850	3817427380	3378884
AL	NC_063222.1	23000001	23100000	0.0003967243747387	83238	1522439	3837523220	3500044
AL	NC_063222.1	23100001	23200000	0.0003670426382408	83213	1375401	3747251291	3792980
AL	NC_063222.1	23200001	23300000	0.0004129882034161	82281	1534799	3716326489	3713336
AL	NC_063222.1	23300001	23400000	0.0004890695690109	84829	1938576	3963804176	3395386
AL	NC_063222.1	23400001	23500000	0.0005948054689965	84029	2323419	3906182981	3427824
AL	NC_063222.1	23500001	23600000	0.0003786309361369	85561	1541097	4070182473	3182568
AL	NC_063222.1	23600001	23700000	0.0005461185693252	83637	2276516	4168537984	2511514
AL	NC_063222.1	23700001	23800000	0.0005079453900884	83701	2103465	4141124304	2608082
AL	NC_063222.1	23800001	23900000	0.0004840079564881	84524	2020563	4174648315	2652234
AL	NC_063222.1	23900001	24000000	0.0005066261590807	84808	2211974	4366087223	2102850
AL	NC_063222.1	24000001	24100000	0.0001473055693156	83026	642237	4359896255	1787526
AL	NC_063222.1	24100001	24200000	8.177727788583985e-05	83863	365167	4465384633	1616012
AL	NC_063222.1	24200001	24300000	0.0002496660253898	84094	1101226	4410796376	1830588
AL	NC_063222.1	24300001	24400000	0.0004153198733834	83522	1704634	4104388230	2699072
AL	NC_063222.1	24400001	24500000	0.0002701102541688	84697	1131873	4190411073	2644792
AL	NC_063222.1	24500001	24600000	0.000316850361308	81474	1313634	4145912899	2173590
AL	NC_063222.1	24600001	24700000	0.0004119535627052	85970	1702026	4131596748	3061132
AL	NC_063222.1	24700001	24800000	0.0003013032653018	86269	1297310	4305661934	2563582
AL	NC_063222.1	24800001	24900000	0.0002566846891145	84819	1109168	4321130348	2245094
AL	NC_063222.1	24900001	25000000	0.0001800649546933	83325	769519	4273563400	2119354
AL	NC_063222.1	25000001	25100000	0.000172507590105	83869	703002	4075194602	2846222
AL	NC_063222.1	25100001	25200000	0.0002434582440391	81895	978532	4019301149	2649404
AL	NC_063222.1	25200001	25300000	0.0004168416025587	81041	1659437	3980977402	2615926
AL	NC_063222.1	25300001	25400000	0.0004626822629217	80470	1801625	3893870901	2781570
AL	NC_063222.1	25400001	25500000	0.0005162134027998	81366	1982320	3840117264	3129580
AL	NC_063222.1	25500001	25600000	0.0004240870618225	78487	1570935	3704274762	3017122
AL	NC_063222.1	25600001	25700000	0.0002329612994351	78909	903265	3877317830	2539710
AL	NC_063222.1	25700001	25800000	0.0004738649424425	72028	1699330	3586106183	2167826
AL	NC_063222.1	25800001	25900000	0.0006784971955283	66788	2219349	3270977411	2197426
AL	NC_063222.1	25900001	26000000	0.0007121484560892	67216	2359811	3313650377	2132630
AL	NC_063222.1	26000001	26100000	0.0004473398134464	79995	1764288	3943954790	2530194
AL	NC_063222.1	26100001	26200000	0.0007851743779696	78739	3055672	3891711301	2459796
AL	NC_063222.1	26200001	26300000	0.0008025079252929	79202	3164169	3942850781	2384650
AL	NC_063222.1	26300001	26400000	0.0009368976241009	72993	3412070	3641881367	2172964
AL	NC_063222.1	26400001	26500000	0.0007156647023902	75114	2679869	3744587362	2244616
AL	NC_063222.1	26500001	26600000	0.0005853969384979	75610	2230949	3811002165	2127546
AL	NC_063222.1	26600001	26700000	0.0006776122054778	78136	2720324	4014573495	1963666
AL	NC_063222.1	26700001	26800000	0.0005696244502276	79584	2337859	4104211115	1951858
AL	NC_063222.1	26800001	26900000	0.0005550331200313	73573	2054334	3701281826	2113150
AL	NC_063222.1	26900001	27000000	0.0007499993234026	70226	2834124	3778835409	1233714
AL	NC_063222.1	27000001	27100000	0.0005630294680918	75003	2245789	3988759252	1463486
AL	NC_063222.1	27100001	27200000	0.0007001179784938	75128	2707375	3867026820	1869816
AL	NC_063222.1	27200001	27300000	0.000790537318741	75926	3236183	4093649880	1312012
AL	NC_063222.1	27300001	27400000	0.0008111459244808	78463	3377582	4163963472	1557550
AL	NC_063222.1	27400001	27500000	0.0006496191333969	74559	2563558	3946247683	1515368
AL	NC_063222.1	27500001	27600000	0.0006034096322177	75590	2444674	4051433503	1379366
AL	NC_063222.1	27600001	27700000	0.0006770194596544	83807	3031329	4477462142	1573170
AL	NC_063222.1	27700001	27800000	0.0005795760586744	85510	2555147	4408648290	2100648
AL	NC_063222.1	27800001	27900000	0.0003884532664722	83627	1706513	4393097310	1800754
AL	NC_063222.1	27900001	28000000	0.0003650113858284	80572	1575698	4316846162	1477612
AL	NC_063222.1	28000001	28100000	0.0005681945827712	82546	2544570	4478342591	1339886
AL	NC_063222.1	28100001	28200000	0.000340777189811	83728	1542693	4526984335	1405090
AL	NC_063222.1	28200001	28300000	0.0001893345178851	82670	837533	4423562113	1531138
AL	NC_063222.1	28300001	28400000	8.741572677209439e-05	85752	378698	4332149534	2386444
AL	NC_063222.1	28400001	28500000	3.7916429545742326e-05	82710	151434	3993888713	2897618
AL	NC_063222.1	28500001	28600000	0.0001223107356583	83284	474624	3880477028	3370776
AL	NC_063222.1	28600001	28700000	0.0001502421515031	49753	360441	2399067082	1761238
AL	NC_063222.1	28700001	28800000	0.000194043360581	24852	245676	1266088153	663974
AL	NC_063222.1	28800001	28900000	0.0	141	0	6422684	6258
AL	NC_063223.1	1	100000	0.0	4591	0	202543781	225476
AL	NC_063223.1	100001	200000	NA	0	NA	NA	NA
AL	NC_063223.1	200001	300000	NA	0	NA	NA	NA
AL	NC_063223.1	300001	400000	NA	0	NA	NA	NA
AL	NC_063223.1	400001	500000	NA	0	NA	NA	NA
AL	NC_063223.1	500001	600000	NA	0	NA	NA	NA
AL	NC_063223.1	600001	700000	0.0	488	0	23354699	18114
AL	NC_063223.1	700001	800000	0.0006017662114345	50	1635	2717002	816
AL	NC_063223.1	800001	900000	NA	0	NA	NA	NA
AL	NC_063223.1	900001	1000000	0.0	15	0	840859	160
AL	NC_063223.1	1000001	1100000	NA	0	NA	NA	NA
AL	NC_063223.1	1100001	1200000	NA	0	NA	NA	NA
AL	NC_063223.1	1200001	1300000	NA	0	NA	NA	NA
AL	NC_063223.1	1300001	1400000	NA	0	NA	NA	NA
AL	NC_063223.1	1400001	1500000	0.0	3	0	153761	76
AL	NC_063223.1	1500001	1600000	NA	0	NA	NA	NA
AL	NC_063223.1	1600001	1700000	NA	0	NA	NA	NA
AL	NC_063223.1	1700001	1800000	NA	0	NA	NA	NA
AL	NC_063223.1	1800001	1900000	0.0	57	0	3234326	494
AL	NC_063223.1	1900001	2000000	0.0	397	0	17410764	20034
AL	NC_063223.1	2000001	2100000	0.0	64	0	2917803	2826
AL	NC_063223.1	2100001	2200000	NA	0	NA	NA	NA
AL	NC_063223.1	2200001	2300000	0.0	53	0	2599105	1728
AL	NC_063223.1	2300001	2400000	0.0	74	0	3768633	1994
AL	NC_063223.1	2400001	2500000	0.0	140	0	6995441	4166
AL	NC_063223.1	2500001	2600000	0.000105314292299	16481	87505	830893871	471620
AL	NC_063223.1	2600001	2700000	0.0001340861613784	73573	485204	3618598631	2370028
AL	NC_063223.1	2700001	2800000	7.57643280303466e-05	84844	295928	3905901467	3587298
AL	NC_063223.1	2800001	2900000	0.0002671688250527	78895	1030465	3856980693	2612476
AL	NC_063223.1	2900001	3000000	0.0005687707830909	85142	2552072	4486995598	1789144
AL	NC_063223.1	3000001	3100000	0.0004330103202581	85926	1972962	4556385628	1719884
AL	NC_063223.1	3100001	3200000	0.0002501306963147	85337	1127727	4508550996	1756714
AL	NC_063223.1	3200001	3300000	0.0002105058116819	82466	925437	4396253921	1578050
AL	NC_063223.1	3300001	3400000	0.0007613551201573	78076	3228348	4240265698	1254172
AL	NC_063223.1	3400001	3500000	0.0007847459759495	81794	3442153	4386327685	1481746
AL	NC_063223.1	3500001	3600000	0.0006428775873176	78919	2746451	4272121247	1307280
AL	NC_063223.1	3600001	3700000	0.0007582060459376	79189	3223393	4251341726	1418806
AL	NC_063223.1	3700001	3800000	0.0007286954123582	72160	2821675	3872228303	1299194
AL	NC_063223.1	3800001	3900000	0.0004720705163962	79414	1947160	4124722753	1853850
AL	NC_063223.1	3900001	4000000	0.0006016737838314	79646	2509304	4170539032	1753668
AL	NC_063223.1	4000001	4100000	0.0006109119923184	80326	2640210	4321751796	1417508
AL	NC_063223.1	4100001	4200000	0.0005890545502828	81659	2589732	4396421348	1425238
AL	NC_063223.1	4200001	4300000	0.0006068598035214	81947	2619421	4316352780	1727990
AL	NC_063223.1	4300001	4400000	0.0006172728651043	82303	2604479	4219331753	2096572
AL	NC_063223.1	4400001	4500000	0.000464565179862	80507	1978117	4257996694	1639530
AL	NC_063223.1	4500001	4600000	0.0004693464075496	79858	1945014	4144090524	1879316
AL	NC_063223.1	4600001	4700000	0.0004194698227287	79208	1753126	4179385274	1645292
AL	NC_063223.1	4700001	4800000	0.0001484695536047	77508	592176	3988534926	1925236
AL	NC_063223.1	4800001	4900000	0.0006709490929805	80430	2790742	4159394549	1935274
AL	NC_063223.1	4900001	5000000	0.0005367280875785	81580	2217093	4130756432	2239896
AL	NC_063223.1	5000001	5100000	0.0009246773783715	77558	3636956	3933216152	2108964
AL	NC_063223.1	5100001	5200000	0.0010193107611889	77074	3871866	3798513807	2445142
AL	NC_063223.1	5200001	5300000	0.0006819574993971	78858	2686517	3939419982	2331832
AL	NC_063223.1	5300001	5400000	0.0006125331814814	80746	2446443	3993976284	2514708
AL	NC_063223.1	5400001	5500000	0.0004506265294339	79245	1814096	4025719485	2130272
AL	NC_063223.1	5500001	5600000	0.000449532349725	80332	1843878	4101769319	2096322
AL	NC_063223.1	5600001	5700000	0.0006481876434898	78547	2495060	3849286584	2562446
AL	NC_063223.1	5700001	5800000	0.0004491861337983	77640	1727465	3845766532	2399192
AL	NC_063223.1	5800001	5900000	0.0004393215799997	81017	1771858	4033168596	2441026
AL	NC_063223.1	5900001	6000000	0.0005465575629007	82742	2271260	4155573272	2377940
AL	NC_063223.1	6000001	6100000	0.0006698628345543	84586	2815077	4202467811	2577382
AL	NC_063223.1	6100001	6200000	0.000418560384271	85640	1753352	4189006093	2818030
AL	NC_063223.1	6200001	6300000	0.0004539000139547	84425	1905306	4197633711	2563556
AL	NC_063223.1	6300001	6400000	0.0006913908633739	82929	2924717	4230193303	2186508
AL	NC_063223.1	6400001	6500000	0.0003980344897697	84545	1761333	4425076332	1868090
AL	NC_063223.1	6500001	6600000	0.0004685376396864	84633	2050560	4376510714	2036286
AL	NC_063223.1	6600001	6700000	0.0004945855784982	82976	2120105	4286629235	2013426
AL	NC_063223.1	6700001	6800000	0.0003999169564097	84014	1672459	4182015724	2536244
AL	NC_063223.1	6800001	6900000	0.0004795019730982	84232	2042693	4260030437	2329998
AL	NC_063223.1	6900001	7000000	0.0003451425256206	83508	1494721	4330735534	1973204
AL	NC_063223.1	7000001	7100000	0.0003170682620779	83797	1313137	4141496192	2623314
AL	NC_063223.1	7100001	7200000	0.000374076108737	84644	1482568	3963279037	3358950
AL	NC_063223.1	7200001	7300000	0.0005458794808435	84906	2218401	4063902524	3088172
AL	NC_063223.1	7300001	7400000	0.000613999223354	85224	2622779	4271632439	2480178
AL	NC_063223.1	7400001	7500000	0.0002988964117531	86621	1290999	4319218797	2585336
AL	NC_063223.1	7500001	7600000	0.0002103060942055	85735	924657	4396719950	2176002
AL	NC_063223.1	7600001	7700000	0.0004802638639442	84910	2087752	4347093664	2180548
AL	NC_063223.1	7700001	7800000	0.0007428840834064	82733	3026446	4073914178	2641350
AL	NC_063223.1	7800001	7900000	0.0007540482708666	85460	3091663	4100086320	3067640
AL	NC_063223.1	7900001	8000000	0.0004263331818291	85954	1725273	4046771571	3333510
AL	NC_063223.1	8000001	8100000	0.0004752103045827	83858	1904366	4007417309	3062738
AL	NC_063223.1	8100001	8200000	0.0006640994169463	83704	2597683	3911587533	3351830
AL	NC_063223.1	8200001	8300000	0.0007151709333183	83565	2731614	3819526036	3623178
AL	NC_063223.1	8300001	8400000	0.0004241337436918	85078	1725461	4068200245	3100026
AL	NC_063223.1	8400001	8500000	0.0006533134472027	86376	2840570	4347943567	2452722
AL	NC_063223.1	8500001	8600000	0.0007439705568347	82420	3163783	4252564797	2012086
AL	NC_063223.1	8600001	8700000	0.0003874337248154	86910	1695362	4375876160	2460324
AL	NC_063223.1	8700001	8800000	0.0008399108007655	79734	3294517	3922460572	2552412
AL	NC_063223.1	8800001	8900000	0.0005826141361505	84800	2470892	4241043680	2491880
AL	NC_063223.1	8900001	9000000	0.0001665797018501	85705	689382	4138451398	2992550
AL	NC_063223.1	9000001	9100000	0.0006723731531023	83904	2744563	4081904501	2834294
AL	NC_063223.1	9100001	9200000	0.0005027114377588	85453	2107321	4191909795	2775612
AL	NC_063223.1	9200001	9300000	0.0006761007543055	83634	2798491	4139162665	2597986
AL	NC_063223.1	9300001	9400000	0.0006261055604289	82661	2501630	3995540302	2875430
AL	NC_063223.1	9400001	9500000	0.0004982517598685	87299	2148646	4312370117	2738204
AL	NC_063223.1	9500001	9600000	0.0003566423854963	82754	1527398	4282715858	1979272
AL	NC_063223.1	9600001	9700000	0.0005623666807395	84852	2436582	4332728242	2221548
AL	NC_063223.1	9700001	9800000	0.0004153448322956	78597	1595309	3840926565	2614552
AL	NC_063223.1	9800001	9900000	0.0008209175324477	79181	3273346	3987423670	2238902
AL	NC_063223.1	9900001	10000000	0.0007860992366444	84186	3283321	4176725847	2581566
AL	NC_063223.1	10000001	10100000	0.0004551270922379	86015	1972349	4333622484	2424278
AL	NC_063223.1	10100001	10200000	0.0003053205843216	86626	1304204	4271588838	2741600
AL	NC_063223.1	10200001	10300000	0.00021772886301	84650	913992	4197844913	2613946
AL	NC_063223.1	10300001	10400000	0.0002745420411368	81575	1075793	3918500043	2915944
AL	NC_063223.1	10400001	10500000	0.0004258282565961	83834	1685290	3957675363	3221838
AL	NC_063223.1	10500001	10600000	0.000360482498476	82569	1387715	3849604366	3326710
AL	NC_063223.1	10600001	10700000	0.0005234616905123	83832	2104600	4020542550	3018396
AL	NC_063223.1	10700001	10800000	0.000505629685918	80317	1865605	3689666671	3430852
AL	NC_063223.1	10800001	10900000	0.000343662931506	80880	1253126	3646381047	3678106
AL	NC_063223.1	10900001	11000000	0.0002472850128826	79139	896512	3625419873	3411540
AL	NC_063223.1	11000001	11100000	0.0004147272154777	83447	1584415	3820378651	3598760
AL	NC_063223.1	11100001	11200000	0.0002684602669188	85132	1057818	3940314938	3528972
AL	NC_063223.1	11200001	11300000	0.0004812309302158	83821	1909076	3967068366	3188982
AL	NC_063223.1	11300001	11400000	0.0006034277328958	81984	2497815	4139377201	2287502
AL	NC_063223.1	11400001	11500000	0.0005935708812039	83095	2396470	4037377971	2822696
AL	NC_063223.1	11500001	11600000	0.0006012229796052	83693	2258774	3756965513	3861512
AL	NC_063223.1	11600001	11700000	0.0003149073273925	85347	1335271	4240203018	2628426
AL	NC_063223.1	11700001	11800000	0.0003463618904478	74482	1268475	3662282240	2398684
AL	NC_063223.1	11800001	11900000	0.0006583175681463	84668	2683572	4076409517	3005406
AL	NC_063223.1	11900001	12000000	0.0004932281828907	84786	2127016	4312438084	2273508
AL	NC_063223.1	12000001	12100000	0.0003740778304649	78564	1473862	3939987564	2286064
AL	NC_063223.1	12100001	12200000	0.0003722419634287	75780	1408869	3784820462	2256284
AL	NC_063223.1	12200001	12300000	0.000369308660109	86445	1625631	4401822041	2296648
AL	NC_063223.1	12300001	12400000	0.0004298016198221	87364	1892616	4403464093	2465166
AL	NC_063223.1	12400001	12500000	0.0005327715329803	86064	2288604	4295657441	2556526
AL	NC_063223.1	12500001	12600000	0.0005540396015301	86624	2382981	4301102292	2645496
AL	NC_063223.1	12600001	12700000	0.0004756405427265	84388	2034959	4278354802	2296484
AL	NC_063223.1	12700001	12800000	0.0005988233072088	87398	2603986	4348504757	2643970
AL	NC_063223.1	12800001	12900000	0.0006215191915295	87190	2618245	4212653504	3036724
AL	NC_063223.1	12900001	13000000	0.0002203047485062	86876	928287	4213649530	2980236
AL	NC_063223.1	13000001	13100000	0.0005354042862577	84479	2251556	4205338018	2553658
AL	NC_063223.1	13100001	13200000	0.0008751788602188	86815	3696987	4224264511	2926000
AL	NC_063223.1	13200001	13300000	0.0003605897022464	87966	1640099	4548380028	2120004
AL	NC_063223.1	13300001	13400000	0.0004022779608859	86028	1679313	4174509079	2940146
AL	NC_063223.1	13400001	13500000	0.0001737583631425	83099	716922	4125971188	2537070
AL	NC_063223.1	13500001	13600000	0.0002032190011005	86438	871675	4289338080	2644236
AL	NC_063223.1	13600001	13700000	0.0007031102107703	86349	3057414	4348413596	2439418
AL	NC_063223.1	13700001	13800000	0.0005303714062971	85863	2356449	4443016671	2053936
AL	NC_063223.1	13800001	13900000	0.0004467366724027	85537	2056986	4604470882	1495030
AL	NC_063223.1	13900001	14000000	0.0001329725246857	85994	570322	4289021370	2569520
AL	NC_063223.1	14000001	14100000	0.0003757983845626	86333	1630765	4339467829	2476144
AL	NC_063223.1	14100001	14200000	0.0005251119392131	89785	2400603	4571602397	2383768
AL	NC_063223.1	14200001	14300000	0.0006661608367626	84679	2765131	4150845933	2759868
AL	NC_063223.1	14300001	14400000	0.0006104140102946	80743	2362109	3869683461	2923604
AL	NC_063223.1	14400001	14500000	0.0005881645727445	84464	2350690	3996653503	3212770
AL	NC_063223.1	14500001	14600000	0.0005569704618781	85961	2431910	4366317725	2314376
AL	NC_063223.1	14600001	14700000	0.0006044404980414	82387	2601958	4304738032	1845326
AL	NC_063223.1	14700001	14800000	0.000740872914576	83616	3241752	4375584444	1858256
AL	NC_063223.1	14800001	14900000	0.0006070567112576	81165	2506704	4129274833	2170624
AL	NC_063223.1	14900001	15000000	0.0003368073835665	85676	1490123	4424258709	2083926
AL	NC_063223.1	15000001	15100000	0.000257368188965	86958	1176337	4570638682	1861584
AL	NC_063223.1	15100001	15200000	0.0003485171667971	84637	1471610	4222489278	2537198
AL	NC_063223.1	15200001	15300000	0.0003172803136065	83052	1238102	3902233914	3263412
AL	NC_063223.1	15300001	15400000	0.0003538676888017	53801	858485	2426005615	2450340
AL	NC_063223.1	15400001	15500000	0.0004818983120019	51087	1172385	2432847285	1901836
AL	NC_063223.1	15500001	15600000	0.0005065862456626	84223	1983856	3916126853	3438620
AL	NC_063223.1	15600001	15700000	0.0004820525080634	83505	1908100	3958282486	3164454
AL	NC_063223.1	15700001	15800000	0.0004143022388421	82395	1537741	3711640575	3761736
AL	NC_063223.1	15800001	15900000	0.0004012745035737	82500	1449558	3612385006	4108020
AL	NC_063223.1	15900001	16000000	0.0002964268018208	82379	1058096	3569501791	4229928
AL	NC_063223.1	16000001	16100000	0.000426440420674	83692	1558703	3655148350	4198652
AL	NC_063223.1	16100001	16200000	0.0003198712493525	82978	1273539	3981411279	2998374
AL	NC_063223.1	16200001	16300000	0.0005254241390661	80695	2035780	3874546007	2895032
AL	NC_063223.1	16300001	16400000	0.0003356339794159	83092	1273494	3794294017	3620238
AL	NC_063223.1	16400001	16500000	0.0006911710146808	81439	2504850	3624066905	3865068
AL	NC_063223.1	16500001	16600000	0.0005118070324482	84079	1880345	3673933496	4212518
AL	NC_063223.1	16600001	16700000	0.0007022667324415	82517	2611841	3719158091	3754172
AL	NC_063223.1	16700001	16800000	0.0006735309790868	83419	2518958	3739928939	3862944
AL	NC_063223.1	16800001	16900000	0.0002266529642118	83788	885175	3905419914	3391972
AL	NC_063223.1	16900001	17000000	0.0004859309759671	85215	1832827	3771784658	4107458
AL	NC_063223.1	17000001	17100000	0.0004997624286706	84393	1969939	3941750894	3386782
AL	NC_063223.1	17100001	17200000	0.0004892763277341	86124	2088197	4267929760	2664000
AL	NC_063223.1	17200001	17300000	0.0004351345519157	81330	1787002	4106780287	2271294
AL	NC_063223.1	17300001	17400000	0.0007642808946646	71411	2695523	3526874764	2257206
AL	NC_063223.1	17400001	17500000	0.000236238008397	74349	861946	3648633875	2412412
AL	NC_063223.1	17500001	17600000	0.0002651336478796	85636	1150904	4340844737	2334974
AL	NC_063223.1	17600001	17700000	0.0002375775014925	83996	1042511	4388088070	1884428
AL	NC_063223.1	17700001	17800000	0.0005229361808511	86784	2289779	4378696835	2435530
AL	NC_063223.1	17800001	17900000	0.0005092544030874	86371	2294534	4505673365	1954380
AL	NC_063223.1	17900001	18000000	0.000596362414342	87077	2591388	4345324148	2583754
AL	NC_063223.1	18000001	18100000	0.0006799872296401	86978	3010085	4426678721	2311410
AL	NC_063223.1	18100001	18200000	0.0007319251799893	79258	3055929	4175193153	1672954
AL	NC_063223.1	18200001	18300000	0.0006093537971382	87395	2628630	4313799327	2754680
AL	NC_063223.1	18300001	18400000	0.0005905543678601	83174	2437222	4127006983	2557814
AL	NC_063223.1	18400001	18500000	0.0005233763238431	83101	2105248	4022436446	2876254
AL	NC_063223.1	18500001	18600000	0.0005304238976822	84340	2219224	4183868807	2590042
AL	NC_063223.1	18600001	18700000	0.0005597505159136	86207	2344480	4188437408	2925086
AL	NC_063223.1	18700001	18800000	0.0004901234139798	84881	1944901	3968186266	3387494
AL	NC_063223.1	18800001	18900000	0.0003975244162787	85451	1608462	4046196747	3244064
AL	NC_063223.1	18900001	19000000	0.0005334104332513	79670	2121962	3978103666	2372688
AL	NC_063223.1	19000001	19100000	0.0005095697428218	82531	2249017	4413560718	1534986
AL	NC_063223.1	19100001	19200000	0.0005459889485278	85789	2411158	4416129679	2125108
AL	NC_063223.1	19200001	19300000	0.0006196660400899	86846	2584755	4171206477	3104338
AL	NC_063223.1	19300001	19400000	0.0005218616818879	87493	2286670	4381754935	2553412
AL	NC_063223.1	19400001	19500000	0.0004775883455689	83657	2037185	4265566819	2202828
AL	NC_063223.1	19500001	19600000	0.0004569166060585	83929	1869952	4092545500	2803770
AL	NC_063223.1	19600001	19700000	0.0006723911990175	83316	2642950	3930673102	3207356
AL	NC_063223.1	19700001	19800000	0.0003917008261132	84792	1625827	4150685655	2784226
AL	NC_063223.1	19800001	19900000	0.0003539494207884	86299	1553637	4389432243	2310464
AL	NC_063223.1	19900001	20000000	0.0007108680134807	84419	3069180	4317510342	2183834
AL	NC_063223.1	20000001	20100000	0.0006278540814414	79883	2599070	4139608353	1898884
AL	NC_063223.1	20100001	20200000	0.0005608361273972	78173	2261804	4032914232	1921162
AL	NC_063223.1	20200001	20300000	0.0007260697377364	82832	3024527	4165615013	2370262
AL	NC_063223.1	20300001	20400000	0.000815636791504	80639	3247276	3981277002	2541242
AL	NC_063223.1	20400001	20500000	0.0006665533379975	83329	2587694	3882200947	3375388
AL	NC_063223.1	20500001	20600000	0.0003349314780709	28725	459825	1372892756	1052618
AL	NC_063223.1	20600001	20700000	0.000183988773341	3063	26797	145644756	115838
AL	NC_063223.1	20700001	20800000	0.0003552726613458	80939	1409179	3966471821	2644612
AL	NC_063223.1	20800001	20900000	0.0003673225371081	82604	1488389	4051994772	2683840
AL	NC_063223.1	20900001	21000000	0.0004768689708756	81241	1863221	3907196974	2885486
AL	NC_063223.1	21000001	21100000	0.0002885375591599	82778	1194856	4141076134	2433080
AL	NC_063223.1	21100001	21200000	0.0004299513640243	80374	1713724	3985855479	2474534
AL	NC_063223.1	21200001	21300000	0.0004117691579493	81489	1648091	4002463439	2627572
AL	NC_063223.1	21300001	21400000	0.0003637370046885	80022	1451613	3990831236	2387980
AL	NC_063223.1	21400001	21500000	0.0009483394214305	81851	3999020	4216865723	2019272
AL	NC_063223.1	21500001	21600000	0.0006519822324528	80606	2657744	4076405564	2227412
AL	NC_063223.1	21600001	21700000	0.0002350950803003	82933	969953	4125790292	2510818
AL	NC_063223.1	21700001	21800000	8.975420284720154e-05	83182	370956	4133020942	2534360
AL	NC_063223.1	21800001	21900000	0.0001050466924344	80622	419774	3996070607	2485270
AL	NC_063223.1	21900001	22000000	0.0002386482940032	82160	986312	4132910332	2343656
AL	NC_063223.1	22000001	22100000	0.0004787541217517	83470	1978143	4131855811	2588542
AL	NC_063223.1	22100001	22200000	0.0005348528530144	81940	2225021	4160061945	2220790
AL	NC_063223.1	22200001	22300000	0.0005498778325795	84017	2363504	4298234735	2171268
AL	NC_063223.1	22300001	22400000	0.0005924412742646	75531	2300262	3882683567	1894136
AL	NC_063223.1	22400001	22500000	0.0005110263633232	84376	2233559	4370731454	2008804
AL	NC_063223.1	22500001	22600000	0.0005206753883293	80351	2154423	4137746950	1985178
AL	NC_063223.1	22600001	22700000	0.0006126684565296	82871	2590765	4228657396	2172462
AL	NC_063223.1	22700001	22800000	0.0005444197846858	84161	2310764	4244452654	2371398
AL	NC_063223.1	22800001	22900000	0.0006795138130076	74241	2696054	3967622068	1390794
AL	NC_063223.1	22900001	23000000	0.0004475944573524	82966	1952415	4362017822	1772760
AL	NC_063223.1	23000001	23100000	2.6012790554839803e-05	83331	112958	4342402241	1902612
AL	NC_063223.1	23100001	23200000	7.951066190846036e-05	72550	300800	3783140434	1656696
AL	NC_063223.1	23200001	23300000	0.0003556402209439	77523	1396775	3927494467	2126016
AL	NC_063223.1	23300001	23400000	0.0001986500843734	81571	845267	4255054825	1848084
AL	NC_063223.1	23400001	23500000	0.0001744250405697	81742	732699	4200652599	2052862
AL	NC_063223.1	23500001	23600000	7.34467054759816e-05	80965	313598	4269735422	1693470
AL	NC_063223.1	23600001	23700000	3.999526906846349e-05	79822	163646	4091633931	2037102
AL	NC_063223.1	23700001	23800000	4.711945615328429e-05	79933	184809	3922137798	2594478
AL	NC_063223.1	23800001	23900000	5.941414248258329e-05	84200	241789	4069552970	2924564
AL	NC_063223.1	23900001	24000000	7.469856091095604e-05	45941	177913	2381746018	1089590
AL	NC_063224.1	1	100000	2.764676632941059e-06	13650	1906	689411549	379330
AL	NC_063224.1	100001	200000	9.780142797894464e-05	68652	335121	3426545061	2045182
AL	NC_063224.1	200001	300000	7.918875338644511e-05	86696	343509	4337850835	2544818
AL	NC_063224.1	300001	400000	0.0001700265179305	86916	759259	4465532843	2189458
AL	NC_063224.1	400001	500000	0.0001044980731636	83432	453629	4341027411	1928394
AL	NC_063224.1	500001	600000	0.0002397082813124	85695	1122104	4681123213	1291220
AL	NC_063224.1	600001	700000	0.0001055072038762	80536	456738	4328974546	1431756
AL	NC_063224.1	700001	800000	0.0001245100886384	80721	532718	4278512736	1621186
AL	NC_063224.1	800001	900000	0.0001755271222365	80921	759662	4327889561	1504592
AL	NC_063224.1	900001	1000000	0.0002847208537313	79512	1195294	4198125934	1649004
AL	NC_063224.1	1000001	1100000	0.0002224832304469	79394	917197	4122544419	1864518
AL	NC_063224.1	1100001	1200000	0.0004712341506476	55156	1230020	2610209804	2110672
AL	NC_063224.1	1200001	1300000	0.0003711022336064	63813	1185222	3193788376	1881378
AL	NC_063224.1	1300001	1400000	0.0003746942447914	77727	1544566	4122203694	1552114
AL	NC_063224.1	1400001	1500000	0.0004588588986693	69661	1685007	3672168078	1466966
AL	NC_063224.1	1500001	1600000	0.0005462151127935	65095	1780943	3260515790	1909610
AL	NC_063224.1	1600001	1700000	0.0004556016031932	62825	1442603	3166369455	1779756
AL	NC_063224.1	1700001	1800000	0.0004166294297989	63477	1329773	3191740441	1824488
AL	NC_063224.1	1800001	1900000	0.0009924097374217	71729	3713420	3741821407	1628132
AL	NC_063224.1	1900001	2000000	0.0007369811792415	75941	2981410	4045435737	1458464
AL	NC_063224.1	2000001	2100000	0.0005816854508654	76574	2263799	3891792371	2056190
AL	NC_063224.1	2100001	2200000	0.0007350410850079	78128	3030171	4122451196	1623872
AL	NC_063224.1	2200001	2300000	0.0005294624640805	75198	2092754	3952601255	1612894
AL	NC_063224.1	2300001	2400000	0.000404668774635	78754	1646265	4068178973	1912034
AL	NC_063224.1	2400001	2500000	0.0007643515780624	67022	2546991	3332224428	2043236
AL	NC_063224.1	2500001	2600000	0.0002785214891626	58993	809013	2904669950	1891054
AL	NC_063224.1	2600001	2700000	0.0003248319053147	79496	1369555	4216196062	1584180
AL	NC_063224.1	2700001	2800000	0.000617009894118	80985	2586474	4191948986	1933238
AL	NC_063224.1	2800001	2900000	0.000488766386786	74401	1902172	3891781537	1655648
AL	NC_063224.1	2900001	3000000	0.0004825242929777	82612	2024453	4195546275	2223410
AL	NC_063224.1	3000001	3100000	0.0005659540744165	81748	2315813	4091874420	2394400
AL	NC_063224.1	3100001	3200000	0.0006841199649122	80490	2757662	4030962611	2346846
AL	NC_063224.1	3200001	3300000	0.0004580103534725	83366	1921182	4194625701	2370674
AL	NC_063224.1	3300001	3400000	0.0003046646985972	84402	1291593	4239391718	2428312
AL	NC_063224.1	3400001	3500000	0.0006557559182698	83387	2766345	4218558953	2301452
AL	NC_063224.1	3500001	3600000	0.0005814885498155	84999	2508909	4314631820	2298174
AL	NC_063224.1	3600001	3700000	0.0005127151657636	85440	2161956	4216680419	2691290
AL	NC_063224.1	3700001	3800000	0.0006437095263975	80677	2534324	3937061510	2683822
AL	NC_063224.1	3800001	3900000	0.0008804727328692	83060	3540796	4021471498	2858908
AL	NC_063224.1	3900001	4000000	0.000515318663251	83013	2037470	3953805956	3073562
AL	NC_063224.1	4000001	4100000	0.0002109792276134	80625	791239	3750317076	3279914
AL	NC_063224.1	4100001	4200000	0.0001150663251182	83862	445653	3873009758	3501872
AL	NC_063224.1	4200001	4300000	0.0002400887218442	82841	924160	3849243700	3385266
AL	NC_063224.1	4300001	4400000	0.0002551839033552	85287	1041576	4081668108	3097510
AL	NC_063224.1	4400001	4500000	0.0005108648795815	85033	2181759	4270716362	2442206
AL	NC_063224.1	4500001	4600000	0.0004345041877016	84631	1818123	4184362433	2642020
AL	NC_063224.1	4600001	4700000	0.0006106376325459	84619	2499994	4094071290	2940258
AL	NC_063224.1	4700001	4800000	0.0003673711276036	86986	1552200	4225155118	2958224
AL	NC_063224.1	4800001	4900000	0.0004712021723807	84401	1966499	4173365734	2637550
AL	NC_063224.1	4900001	5000000	0.00065311487298	86226	2663290	4077827822	3295136
AL	NC_063224.1	5000001	5100000	0.0002533942936004	83969	995714	3929504433	3345256
AL	NC_063224.1	5100001	5200000	0.0002989918696463	79207	1112000	3719164676	3111934
AL	NC_063224.1	5200001	5300000	0.0005882686353806	83968	2335217	3969643900	3209496
AL	NC_063224.1	5300001	5400000	0.000455409385527	85534	1806568	3966909900	3515556
AL	NC_063224.1	5400001	5500000	0.0005694247035219	85631	2292774	4026474415	3339192
AL	NC_063224.1	5500001	5600000	0.0004865056926324	85641	1936574	3980578294	3492550
AL	NC_063224.1	5600001	5700000	0.0002011700485947	84777	828085	4116343391	2890108
AL	NC_063224.1	5700001	5800000	0.0003095138135692	82758	1246862	4028453482	2790640
AL	NC_063224.1	5800001	5900000	0.0004850336555128	86522	2127785	4386881149	2356810
AL	NC_063224.1	5900001	6000000	0.000290632234394	82505	1190860	4097480799	2519852
AL	NC_063224.1	6000001	6100000	0.0004522659531631	82890	1810136	4002370701	2899138
AL	NC_063224.1	6100001	6200000	0.0003768192958573	82634	1414711	3754348611	3658870
AL	NC_063224.1	6200001	6300000	0.0006771519143321	81660	2495976	3685991204	3697024
AL	NC_063224.1	6300001	6400000	0.0004717252753534	83143	1762727	3736766063	3813568
AL	NC_063224.1	6400001	6500000	0.0005055393921712	84433	2102125	4158182394	2701046
AL	NC_063224.1	6500001	6600000	0.0005766866096513	82607	2546564	4415854222	1541578
AL	NC_063224.1	6600001	6700000	0.0005132008186454	83865	2234631	4354301316	1967706
AL	NC_063224.1	6700001	6800000	0.0007379658384174	83419	3231116	4378408636	1810390
AL	NC_063224.1	6800001	6900000	0.0003014187350704	83865	1306138	4333300648	2028162
AL	NC_063224.1	6900001	7000000	0.0003969510315888	84552	1675400	4220671737	2518110
AL	NC_063224.1	7000001	7100000	0.0002717701329847	86586	1217522	4479969843	2074918
AL	NC_063224.1	7100001	7200000	0.0001180592929554	84143	508129	4304015273	2175436
AL	NC_063224.1	7200001	7300000	0.0005591585484939	79885	2369819	4238187910	1591766
AL	NC_063224.1	7300001	7400000	0.0004049926002464	81180	1656667	4090610542	2295308
AL	NC_063224.1	7400001	7500000	0.0004674046398832	80214	1940640	4151948514	1926256
AL	NC_063224.1	7500001	7600000	0.0002556759676514	86821	1139763	4457841738	2189278
AL	NC_063224.1	7600001	7700000	0.0006014005879522	84933	2675548	4448861630	1865942
AL	NC_063224.1	7700001	7800000	0.0002802043520537	87122	1220472	4355649693	2574394
AL	NC_063224.1	7800001	7900000	0.0002492460359567	86481	1090793	4376370504	2376842
AL	NC_063224.1	7900001	8000000	0.0008007063001415	81590	3455645	4315745985	1664970
AL	NC_063224.1	8000001	8100000	0.0006450537099355	85347	2808588	4354037434	2242842
AL	NC_063224.1	8100001	8200000	0.0006010524536411	86924	2527408	4204970772	3009000
AL	NC_063224.1	8200001	8300000	0.0004443092430053	86078	1971732	4437746977	2116034
AL	NC_063224.1	8300001	8400000	0.0005597631068201	79592	2281531	4075886696	2040200
AL	NC_063224.1	8400001	8500000	0.0006617862143546	86194	2788398	4213442256	2846900
AL	NC_063224.1	8500001	8600000	0.0005195246236413	84314	2239205	4310103695	2189974
AL	NC_063224.1	8600001	8700000	0.0005693955988833	86399	2517408	4421193288	2219958
AL	NC_063224.1	8700001	8800000	0.0004786789871876	83326	2092063	4370492660	1814452
AL	NC_063224.1	8800001	8900000	0.0007017057610431	85197	2866663	4085277846	3072678
AL	NC_063224.1	8900001	9000000	0.0005960604620478	86471	2587953	4341762564	2495486
AL	NC_063224.1	9000001	9100000	0.0006010830737387	84210	2598192	4322517325	2125530
AL	NC_063224.1	9100001	9200000	0.000704613729578	87008	2844575	4037070072	3573096
AL	NC_063224.1	9200001	9300000	0.0003943958813635	83376	1557178	3948261312	3168976
AL	NC_063224.1	9300001	9400000	0.0005245303073244	83436	1959476	3735677372	3885552
AL	NC_063224.1	9400001	9500000	0.0005297796939637	85038	2069809	3906923998	3626208
AL	NC_063224.1	9500001	9600000	0.0004730660495293	84998	1893701	4003037212	3303636
AL	NC_063224.1	9600001	9700000	0.0005973623426714	83601	2359792	3950352795	3210300
AL	NC_063224.1	9700001	9800000	0.0004735076343035	85976	1884018	3978854539	3572346
AL	NC_063224.1	9800001	9900000	0.0005439400051576	87068	2214233	4070730189	3483078
AL	NC_063224.1	9900001	10000000	0.0005981508947085	85537	2360216	3945853832	3589458
AL	NC_063224.1	10000001	10100000	0.0006058794298687	80881	2351098	3880471731	2914172
AL	NC_063224.1	10100001	10200000	0.0005315374037254	84828	2151227	4047178966	3129020
AL	NC_063224.1	10200001	10300000	0.0004094559621945	82261	1561564	3813753234	3393006
AL	NC_063224.1	10300001	10400000	0.0003818926778224	86853	1554205	4069742863	3439092
AL	NC_063224.1	10400001	10500000	0.0003658670901139	83987	1492994	4080700452	2856158
AL	NC_063224.1	10500001	10600000	0.0006785892856544	84713	2682030	3952361254	3414102
AL	NC_063224.1	10600001	10700000	0.0004126906098682	84286	1608557	3897731040	3512684
AL	NC_063224.1	10700001	10800000	0.0004262684026551	85040	1759659	4128054036	2905264
AL	NC_063224.1	10800001	10900000	0.0005448967900388	84921	2229870	4092279567	3003492
AL	NC_063224.1	10900001	11000000	0.000270377933505	85505	1062592	3930024859	3636884
AL	NC_063224.1	11000001	11100000	0.0001332192969768	83546	492046	3693503953	4041114
AL	NC_063224.1	11100001	11200000	0.0005056768031647	84360	1916318	3789610257	3883782
AL	NC_063224.1	11200001	11300000	0.0002586307737793	82441	921296	3562205636	4279738
AL	NC_063224.1	11300001	11400000	0.0005950768568092	83474	2328776	3913403745	3311378
AL	NC_063224.1	11400001	11500000	0.000616274804953	82518	2253032	3655888545	3971170
AL	NC_063224.1	11500001	11600000	0.0004240130751237	84500	1584824	3737677192	4095608
AL	NC_063224.1	11600001	11700000	0.000546085243822	84919	2097406	3840803288	3820934
AL	NC_063224.1	11700001	11800000	0.0005317778569449	83912	1981874	3726883273	4001606
AL	NC_063224.1	11800001	11900000	0.0005260329789419	82835	1955998	3718394242	3825626
AL	NC_063224.1	11900001	12000000	0.0005912149173759	83515	2129882	3602551183	4354600
AL	NC_063224.1	12000001	12100000	0.0003223485397861	82663	1135838	3523633148	4443838
AL	NC_063224.1	12100001	12200000	0.0004315010395731	84869	1654503	3834296672	3830778
AL	NC_063224.1	12200001	12300000	0.000536567486977	83815	2107519	3927779918	3324682
AL	NC_063224.1	12300001	12400000	0.0007224287378878	83778	2715810	3759277362	3866768
AL	NC_063224.1	12400001	12500000	0.0007411098425289	85624	2971988	4010185575	3401898
AL	NC_063224.1	12500001	12600000	0.0005477401793523	83830	2163070	3949080388	3247660
AL	NC_063224.1	12600001	12700000	0.0006636561297001	85113	2660966	4009555372	3299114
AL	NC_063224.1	12700001	12800000	0.0006629509271974	82695	2464656	3717705035	3798600
AL	NC_063224.1	12800001	12900000	0.000646602697695	84760	2530328	3913265455	3551618
AL	NC_063224.1	12900001	13000000	0.0005456589685467	82936	2166018	3969545311	3019386
AL	NC_063224.1	13000001	13100000	0.0007260378638421	83433	3134828	4317719717	2007168
AL	NC_063224.1	13100001	13200000	0.0005699607549452	85997	2463038	4321416832	2473522
AL	NC_063224.1	13200001	13300000	0.0005428288323952	84706	2333165	4298159679	2303782
AL	NC_063224.1	13300001	13400000	0.0005343553723081	83424	2078667	3890046040	3363712
AL	NC_063224.1	13400001	13500000	0.0005735208522883	85501	2343596	4086330934	3135318
AL	NC_063224.1	13500001	13600000	0.0007710731418669	82384	2814132	3649630427	3962482
AL	NC_063224.1	13600001	13700000	0.0007429747296637	82907	2716598	3656380078	4047746
AL	NC_063224.1	13700001	13800000	0.0008333012664773	84426	3342822	4011540765	3169162
AL	NC_063224.1	13800001	13900000	0.0005277766678562	81658	1963320	3719982560	3586196
AL	NC_063224.1	13900001	14000000	0.000551423443639	80919	2071371	3756407211	3322904
AL	NC_063224.1	14000001	14100000	0.0006689116393521	83663	2559385	3826192952	3629086
AL	NC_063224.1	14100001	14200000	0.0007134512746992	85188	2890595	4051566102	3184116
AL	NC_063224.1	14200001	14300000	0.0006719072458973	86212	2834200	4218141741	2835318
AL	NC_063224.1	14300001	14400000	0.0005035104893702	83070	1850333	3674864852	4010428
AL	NC_063224.1	14400001	14500000	0.0007219836462352	84043	2866517	3970335083	3223680
AL	NC_063224.1	14500001	14600000	0.0008507904905602	83357	3303818	3883233342	3374102
AL	NC_063224.1	14600001	14700000	0.0006111224266525	84241	2424195	3966791095	3267740
AL	NC_063224.1	14700001	14800000	0.0006239935706886	85055	2713976	4349365326	2204754
AL	NC_063224.1	14800001	14900000	0.0005993603938111	86138	2576822	4299286417	2572898
AL	NC_063224.1	14900001	15000000	0.0004544205336361	84315	1880708	4138695021	2739788
AL	NC_063224.1	15000001	15100000	0.0005147198044178	84131	2080455	4041917529	3011236
AL	NC_063224.1	15100001	15200000	0.0005782997032294	84883	2284222	3949893087	3455568
AL	NC_063224.1	15200001	15300000	0.000414163269862	83819	1631420	3939074560	3288118
AL	NC_063224.1	15300001	15400000	0.0004742864069377	83130	1959377	4131210533	2535218
AL	NC_063224.1	15400001	15500000	0.0003541371628049	83889	1424188	4021571723	3027932
AL	NC_063224.1	15500001	15600000	0.0004054571004863	83050	1601532	3949941925	3097946
AL	NC_063224.1	15600001	15700000	0.0003937149407908	84635	1570759	3989584436	3275110
AL	NC_063224.1	15700001	15800000	0.000654240909334	82563	2652828	4054818282	2675146
AL	NC_063224.1	15800001	15900000	0.0008054212216149	82959	3017219	3746137945	3752380
AL	NC_063224.1	15900001	16000000	0.0007349456892172	83741	2763263	3759819318	3857654
AL	NC_063224.1	16000001	16100000	0.0006084620731476	83616	2261875	3717363990	3974188
AL	NC_063224.1	16100001	16200000	0.0009312276833506	82483	3441206	3695343321	3828668
AL	NC_063224.1	16200001	16300000	0.0005317451572442	83674	2071788	3896204736	3408020
AL	NC_063224.1	16300001	16400000	0.0005896942504043	84466	2355292	3994090155	3235646
AL	NC_063224.1	16400001	16500000	0.0004260945440925	82437	1688527	3962798922	2941174
AL	NC_063224.1	16500001	16600000	0.0006907009439102	78598	2706034	3917808458	2366592
AL	NC_063224.1	16600001	16700000	0.0008594892770042	81406	3481075	4050166876	2473420
AL	NC_063224.1	16700001	16800000	0.0006782662887972	85571	2751720	4056990662	3232826
AL	NC_063224.1	16800001	16900000	0.0004867744175711	85134	2017134	4143878411	2867158
AL	NC_063224.1	16900001	17000000	0.0006375169389181	83901	2558098	4012596127	3057980
AL	NC_063224.1	17000001	17100000	0.0003915264418462	82962	1541679	3937611449	3122610
AL	NC_063224.1	17100001	17200000	0.0003536071510796	82159	1389543	3929623583	2994160
AL	NC_063224.1	17200001	17300000	0.0002957520598225	82425	1180696	3992181832	2843298
AL	NC_063224.1	17300001	17400000	0.0006367425409262	79181	2447247	3843385423	2706284
AL	NC_063224.1	17400001	17500000	0.0007625739411782	79901	2916590	3824665180	2903018
AL	NC_063224.1	17500001	17600000	0.0009631297144022	77314	3559772	3696046282	2824592
AL	NC_063224.1	17600001	17700000	0.0008857722841414	79817	3331966	3761650776	3090426
AL	NC_063224.1	17700001	17800000	0.0007807687116488	80783	2990789	3830569739	3053440
AL	NC_063224.1	17800001	17900000	0.0011513013539861	75716	4324344	3756048740	2330456
AL	NC_063224.1	17900001	18000000	0.0008298706744167	77444	3044489	3668630660	2940072
AL	NC_063224.1	18000001	18100000	0.000678818611632	75193	2440405	3595076738	2745998
AL	NC_063224.1	18100001	18200000	0.0007467284003128	72324	2628979	3520662933	2439102
AL	NC_063224.1	18200001	18300000	0.0004767526911147	77698	1782688	3739230073	2758258
AL	NC_063224.1	18300001	18400000	0.000554201770794	74899	2021660	3647877193	2521148
AL	NC_063224.1	18400001	18500000	0.0003831821177973	77280	1433779	3741769079	2670322
AL	NC_063224.1	18500001	18600000	0.0004843796594593	79819	1928454	3981286089	2388468
AL	NC_063224.1	18600001	18700000	0.0004605887404686	79941	1833509	3980794229	2408488
AL	NC_063224.1	18700001	18800000	0.0007922309649187	79818	3209534	4051260481	2157466
AL	NC_063224.1	18800001	18900000	0.000592669236521	81474	2363856	3988491142	2668288
AL	NC_063224.1	18900001	19000000	0.0005062256026002	78816	1972970	3897412517	2460846
AL	NC_063224.1	19000001	19100000	0.0001906119437541	82630	788205	4135129124	2420764
AL	NC_063224.1	19100001	19200000	0.0004738117931149	80804	1907789	4026470062	2422932
AL	NC_063224.1	19200001	19300000	0.0004312326338406	68147	1498736	3475469810	1792282
AL	NC_063224.1	19300001	19400000	0.0005283643603634	80960	2135211	4041171510	2407044
AL	NC_063224.1	19400001	19500000	0.0005992614275051	81778	2478560	4136024590	2263640
AL	NC_063224.1	19500001	19600000	0.000367528905717	82068	1487947	4048516938	2603068
AL	NC_063224.1	19600001	19700000	0.000584293904819	82428	2385875	4083347405	2551910
AL	NC_063224.1	19700001	19800000	0.0006183328826009	82725	2577526	4168508699	2343884
AL	NC_063224.1	19800001	19900000	0.0007023178293455	83805	3046473	4337741223	2006500
AL	NC_063224.1	19900001	20000000	0.0008464385770471	84047	3490142	4123325773	2733364
AL	NC_063224.1	20000001	20100000	0.0006418009279607	78000	2503322	3900464912	2305456
AL	NC_063224.1	20100001	20200000	0.0004523566294161	79831	1730589	3825718222	2891362
AL	NC_063224.1	20200001	20300000	0.000317684227358	80689	1287887	4053984709	2324928
AL	NC_063224.1	20300001	20400000	0.0005850575533193	77535	2245003	3837234452	2415182
AL	NC_063224.1	20400001	20500000	0.0003519572393819	83621	1461220	4151697526	2559366
AL	NC_063224.1	20500001	20600000	0.0008734813519806	74627	3238209	3707244571	2284080
AL	NC_063224.1	20600001	20700000	0.0004738216593496	79319	1827371	3856664135	2689400
AL	NC_063224.1	20700001	20800000	0.000499967460043	86316	2146475	4293229403	2619394
AL	NC_063224.1	20800001	20900000	0.0004393166331084	83797	1767481	4023250810	3007782
AL	NC_063224.1	20900001	21000000	0.0004090697171892	81406	1599414	3909881208	2917812
AL	NC_063224.1	21000001	21100000	0.0007022174443618	73870	2577795	3670935578	2261256
AL	NC_063224.1	21100001	21200000	0.0003742966505324	76225	1329140	3551033647	3102668
AL	NC_063224.1	21200001	21300000	0.0002831436019217	47872	669179	2363390857	1532998
AL	NC_063224.1	21300001	21400000	0.0004978679551722	34687	897829	1803347636	806086
AL	NC_063224.1	21400001	21500000	0.0	61	0	2801620	2642
AL	NC_063224.1	21500001	21600000	0.0	19	0	886170	762
AL	NC_063224.1	21600001	21700000	NA	0	NA	NA	NA
AL	NC_063224.1	21700001	21800000	NA	0	NA	NA	NA
AL	NC_063224.1	21800001	21900000	NA	0	NA	NA	NA
AL	NC_063224.1	21900001	22000000	NA	0	NA	NA	NA
AL	NC_063224.1	22000001	22100000	NA	0	NA	NA	NA
AL	NC_063224.1	22100001	22200000	NA	0	NA	NA	NA
AL	NC_063224.1	22200001	22300000	NA	0	NA	NA	NA
AL	NC_063224.1	22300001	22400000	NA	0	NA	NA	NA
AL	NC_063224.1	22400001	22500000	NA	0	NA	NA	NA
AL	NC_063224.1	22500001	22600000	0.0	3	0	112207	216
AL	NC_063224.1	22600001	22700000	0.0	16	0	689176	832
AL	NC_063224.1	22700001	22800000	0.0	73	0	3629722	2230
AL	NC_063224.1	22800001	22900000	NA	0	NA	NA	NA
AL	NC_063224.1	22900001	23000000	0.0	8	0	403232	224
AL	NC_063225.1	1	100000	8.62121928399381e-05	73855	311697	3615463077	2434324
AL	NC_063225.1	100001	200000	8.167000805295766e-05	82897	314819	3854768813	3382016
AL	NC_063225.1	200001	300000	0.0001882136249102	84729	698315	3710225550	4216982
AL	NC_063225.1	300001	400000	0.0001666036173379	84534	612109	3674043876	4306948
AL	NC_063225.1	400001	500000	0.0002700852427631	83366	988281	3659144757	4126546
AL	NC_063225.1	500001	600000	0.0002055500867333	84943	792589	3855940966	3772522
AL	NC_063225.1	600001	700000	0.000283541748967	85355	1137370	4011296411	3346128
AL	NC_063225.1	700001	800000	0.0005005269592372	83021	2135142	4265788207	2087868
AL	NC_063225.1	800001	900000	0.0003786746262573	82816	1588222	4194160078	2281844
AL	NC_063225.1	900001	1000000	0.0004043594354315	85464	1727290	4271669828	2527352
AL	NC_063225.1	1000001	1100000	0.0002651287788549	84642	1129806	4261348032	2417804
AL	NC_063225.1	1100001	1200000	0.0003411537372405	83914	1479579	4336986052	2035548
AL	NC_063225.1	1200001	1300000	0.0004805862637874	85479	2044911	4255034224	2584686
AL	NC_063225.1	1300001	1400000	0.0003149282272119	85480	1303021	4137517337	2964550
AL	NC_063225.1	1400001	1500000	0.0001390464829121	83632	558147	4014103689	3006038
AL	NC_063225.1	1500001	1600000	0.0002004988214473	84810	793967	3959958439	3406878
AL	NC_063225.1	1600001	1700000	0.0001970266726246	84718	786639	3992550803	3277726
AL	NC_063225.1	1700001	1800000	0.0001095587116409	86331	451262	4118905683	3179672
AL	NC_063225.1	1800001	1900000	0.0001482910963647	85381	606644	4090899689	3089280
AL	NC_063225.1	1900001	2000000	0.0001500326077606	84998	602789	4017719941	3254602
AL	NC_063225.1	2000001	2100000	0.0001830717349995	86433	771061	4211797086	2901966
AL	NC_063225.1	2100001	2200000	0.0004294262970018	86426	1816087	4229100576	2840908
AL	NC_063225.1	2200001	2300000	0.0005036570333453	85352	2027433	4025423782	3300100
AL	NC_063225.1	2300001	2400000	0.0003925888063749	86348	1598241	4071030488	3339448
AL	NC_063225.1	2400001	2500000	0.0003335895567854	86367	1363250	4086608745	3287748
AL	NC_063225.1	2500001	2600000	0.0003003621505443	85885	1262913	4204634298	2831478
AL	NC_063225.1	2600001	2700000	0.0002831138472857	83325	1095984	3871177657	3415200
AL	NC_063225.1	2700001	2800000	0.0002345472094834	84393	880806	3755346320	4001970
AL	NC_063225.1	2800001	2900000	0.000329999205284	83908	1281818	3884306324	3489824
AL	NC_063225.1	2900001	3000000	0.0001962561411658	83996	787530	4012766150	3086788
AL	NC_063225.1	3000001	3100000	4.8783058886713936e-05	84732	192006	3935915549	3469926
AL	NC_063225.1	3100001	3200000	0.0001804412776056	84284	743995	4123197363	2776202
AL	NC_063225.1	3200001	3300000	0.0003772007974981	86340	1589412	4213702650	2876596
AL	NC_063225.1	3300001	3400000	0.0004232424251809	85277	1838567	4344004501	2261128
AL	NC_063225.1	3400001	3500000	0.0005513011557797	84968	2315084	4199309172	2666472
AL	NC_063225.1	3500001	3600000	0.000460420600409	85502	1828638	3971668510	3498024
AL	NC_063225.1	3600001	3700000	0.0002645708481933	85416	1052378	3977679352	3462736
AL	NC_063225.1	3700001	3800000	0.0004545855465078	85807	1815300	3993307781	3492228
AL	NC_063225.1	3800001	3900000	0.0005447478725863	85071	2197702	4034347100	3212078
AL	NC_063225.1	3900001	4000000	0.0001507974600038	84102	588167	3900377367	3466142
AL	NC_063225.1	4000001	4100000	0.0004965955064588	83098	2003509	4034488782	2837008
AL	NC_063225.1	4100001	4200000	0.0008714220255746	84711	3504626	4021732177	3180524
AL	NC_063225.1	4200001	4300000	0.0008476633805172	84611	3313641	3909147282	3526834
AL	NC_063225.1	4300001	4400000	0.0008378330859434	85657	3408738	4068516817	3212296
AL	NC_063225.1	4400001	4500000	0.000736155669191	84319	2956892	4016666751	3127160
AL	NC_063225.1	4500001	4600000	0.0005417352304855	86352	2366518	4368403358	2381740
AL	NC_063225.1	4600001	4700000	0.0007105927866072	85440	3029175	4262884534	2553508
AL	NC_063225.1	4700001	4800000	0.0004935333040372	86055	2016804	4086459786	3225458
AL	NC_063225.1	4800001	4900000	0.0003076894352159	85552	1310479	4259096511	2584778
AL	NC_063225.1	4900001	5000000	0.0005530969488356	86431	2348233	4245608306	2786218
AL	NC_063225.1	5000001	5100000	0.0004208871625259	86065	1816723	4316413428	2488378
AL	NC_063225.1	5100001	5200000	0.0005578639999457	86063	2491054	4465342808	2029654
AL	NC_063225.1	5200001	5300000	0.000518444583485	79015	2150839	4148638193	1714532
AL	NC_063225.1	5300001	5400000	0.0004595551261353	86297	2003003	4358569595	2408468
AL	NC_063225.1	5400001	5500000	0.0003720931389172	86449	1677076	4507140349	1964944
AL	NC_063225.1	5500001	5600000	0.0004121241552874	82493	1816131	4406756985	1549160
AL	NC_063225.1	5600001	5700000	0.0009060709982985	85295	4114267	4540777718	1647642
AL	NC_063225.1	5700001	5800000	0.0002912944163667	85943	1291494	4433638022	2096546
AL	NC_063225.1	5800001	5900000	0.0005881411004717	87071	2578938	4384896750	2459034
AL	NC_063225.1	5900001	6000000	0.0004697239099229	85986	1955759	4163635188	2960316
AL	NC_063225.1	6000001	6100000	0.0008660448933891	86462	3556992	4107168147	3232910
AL	NC_063225.1	6100001	6200000	0.0005807396366482	85458	2332894	4017108275	3333302
AL	NC_063225.1	6200001	6300000	0.0006774010799102	87640	2836850	4187843929	3200982
AL	NC_063225.1	6300001	6400000	0.0003051221991777	85137	1311748	4299090671	2374324
AL	NC_063225.1	6400001	6500000	0.0002992325545631	85047	1268578	4239438459	2543888
AL	NC_063225.1	6500001	6600000	0.0005837954847956	84839	2429664	4161841027	2749624
AL	NC_063225.1	6600001	6700000	0.0006338510906874	86488	2758903	4352604327	2457794
AL	NC_063225.1	6700001	6800000	0.0009255719485739	84554	3788316	4092945995	2913966
AL	NC_063225.1	6800001	6900000	0.000457346870384	88401	1996199	4364737422	2773790
AL	NC_063225.1	6900001	7000000	0.0007610335684447	80234	3103995	4078657143	2148142
AL	NC_063225.1	7000001	7100000	0.0005306264339048	84102	2323780	4379314432	1927852
AL	NC_063225.1	7100001	7200000	0.0001998137182671	84467	870744	4357778873	2070804
AL	NC_063225.1	7200001	7300000	0.0004493640611683	84086	1938722	4314368165	2129218
AL	NC_063225.1	7300001	7400000	0.0004336338399877	84837	1760888	4060771641	3072856
AL	NC_063225.1	7400001	7500000	0.0007339107216921	84607	2988115	4071496589	2994380
AL	NC_063225.1	7500001	7600000	0.0005286884477868	81962	2114048	3998665015	2731822
AL	NC_063225.1	7600001	7700000	0.0006915901603235	85133	2867779	4146645173	2855424
AL	NC_063225.1	7700001	7800000	0.0006616698670052	84766	2661242	4022008758	3190872
AL	NC_063225.1	7800001	7900000	0.0007661999876438	83692	3043838	3972641672	3142344
AL	NC_063225.1	7900001	8000000	0.0006046355903188	82739	2371257	3921795273	3127820
AL	NC_063225.1	8000001	8100000	0.0005831307321735	83500	2260609	3876676147	3419954
AL	NC_063225.1	8100001	8200000	0.0002245281630993	83233	879577	3917446203	3234108
AL	NC_063225.1	8200001	8300000	0.0006737078488284	84506	2680387	3978559853	3283842
AL	NC_063225.1	8300001	8400000	0.0006763666711806	85097	2695903	3985860207	3370628
AL	NC_063225.1	8400001	8500000	0.0003747977575808	75200	1444603	3854353370	1929620
AL	NC_063225.1	8500001	8600000	0.0003887910146507	84463	1509589	3882777490	3590258
AL	NC_063225.1	8600001	8700000	0.0002869955493085	79089	1039889	3623362810	3405510
AL	NC_063225.1	8700001	8800000	0.0003582905157402	84701	1419714	3962466037	3369664
AL	NC_063225.1	8800001	8900000	0.0005217377915259	84419	2083366	3993128414	3220266
AL	NC_063225.1	8900001	9000000	0.000491159278847	84619	1993376	4058512352	3046974
AL	NC_063225.1	9000001	9100000	0.0005107766676429	83577	2133851	4177659504	2469282
AL	NC_063225.1	9100001	9200000	0.0004281650102086	87441	1795316	4193046973	3141368
AL	NC_063225.1	9200001	9300000	0.0004451887310898	84539	1796367	4035068443	3106568
AL	NC_063225.1	9300001	9400000	0.0003938201910569	85350	1672438	4246704557	2576994
AL	NC_063225.1	9400001	9500000	0.0003894594720738	83058	1600431	4109364683	2587038
AL	NC_063225.1	9500001	9600000	0.0004236059868386	84731	1702426	4018890320	3200254
AL	NC_063225.1	9600001	9700000	0.0004637611759729	85034	1898704	4094141766	3014144
AL	NC_063225.1	9700001	9800000	0.0004412479440347	86721	1916334	4342986808	2534690
AL	NC_063225.1	9800001	9900000	0.0005452244822105	86795	2294512	4208380355	2969032
AL	NC_063225.1	9900001	10000000	0.0005082745997516	83612	2066104	4064936554	2840172
AL	NC_063225.1	10000001	10100000	0.0003802970362563	84423	1599893	4206956267	2528856
AL	NC_063225.1	10100001	10200000	0.0004627582793023	86694	2029861	4386439078	2389536
AL	NC_063225.1	10200001	10300000	0.0005030423926212	84886	2176815	4327299313	2238834
AL	NC_063225.1	10300001	10400000	0.0005061464884787	84850	2232339	4410460313	1973642
AL	NC_063225.1	10400001	10500000	0.0006538714099832	85762	2874014	4395381043	2194046
AL	NC_063225.1	10500001	10600000	0.0005835768888751	83730	2547840	4365902846	1898368
AL	NC_063225.1	10600001	10700000	0.000436643230124	79599	1817748	4163005114	1767178
AL	NC_063225.1	10700001	10800000	0.0005466847329121	87250	2433668	4451684588	2286036
AL	NC_063225.1	10800001	10900000	0.0005239677610778	84905	2158901	4120293576	2907314
AL	NC_063225.1	10900001	11000000	0.0005159149423077	85356	2202613	4269333604	2507368
AL	NC_063225.1	11000001	11100000	0.0004725921720432	84370	1944593	4114738066	2813184
AL	NC_063225.1	11100001	11200000	0.0004051536687303	84838	1652666	4079109058	3020976
AL	NC_063225.1	11200001	11300000	0.000564089882552	82729	2314541	4103142197	2548000
AL	NC_063225.1	11300001	11400000	0.0004919173160315	84869	2121786	4313298050	2275758
AL	NC_063225.1	11400001	11500000	0.0006510169699467	80471	2785714	4279019025	1569988
AL	NC_063225.1	11500001	11600000	0.0005756476650273	80421	2438134	4235462329	1698600
AL	NC_063225.1	11600001	11700000	0.0004248941491067	83312	1791619	4216624314	2294844
AL	NC_063225.1	11700001	11800000	0.0005007543984807	77726	1962163	3918413909	2187418
AL	NC_063225.1	11800001	11900000	0.0005506494369685	77248	2192001	3980755909	1905446
AL	NC_063225.1	11900001	12000000	0.0006623215939553	73393	2548844	3848348028	1602818
AL	NC_063225.1	12000001	12100000	0.0007672017918114	61102	2452076	3196129136	1362508
AL	NC_063225.1	12100001	12200000	0.0004212855590541	59331	1304132	3095601005	1348668
AL	NC_063225.1	12200001	12300000	0.0005860192774629	62054	1832295	3126680419	1758134
AL	NC_063225.1	12300001	12400000	0.0003400768917935	71934	1266672	3724663541	1717850
AL	NC_063225.1	12400001	12500000	0.0003786045746	80389	1612479	4259005591	1621316
AL	NC_063225.1	12500001	12600000	0.0005574494895648	81530	2399064	4303643729	1691658
AL	NC_063225.1	12600001	12700000	0.0005166975671277	76626	2115379	4094037082	1439536
AL	NC_063225.1	12700001	12800000	0.0004242540635753	76043	1637806	3860436801	2063564
AL	NC_063225.1	12800001	12900000	0.0003560468185744	72380	1254015	3522050850	2453092
AL	NC_063225.1	12900001	13000000	0.0002589237090805	76828	988412	3817386996	2346880
AL	NC_063225.1	13000001	13100000	5.852799389238606e-05	86980	257265	4395588895	2415954
AL	NC_063225.1	13100001	13200000	0.0001867789577413	87185	773155	4139411684	3271466
AL	NC_063225.1	13200001	13300000	0.0001602548691456	84955	644167	4019640735	3243336
AL	NC_063225.1	13300001	13400000	0.0002292123396815	84023	911766	3977822491	3202824
AL	NC_063225.1	13400001	13500000	0.0001917399061715	84286	762840	3978514516	3254484
AL	NC_063225.1	13500001	13600000	0.0001720843765494	83114	648376	3767779580	3717556
AL	NC_063225.1	13600001	13700000	0.0001675870807502	81784	628720	3751601837	3512406
AL	NC_063225.1	13700001	13800000	0.0001500872273255	84861	594808	3963082073	3408584
AL	NC_063225.1	13800001	13900000	5.945797285864715e-05	85565	233635	3929414152	3659866
AL	NC_063225.1	13900001	14000000	9.207188206817376e-05	86873	366501	3980596375	3733916
AL	NC_063225.1	14000001	14100000	4.570708946647159e-05	84095	181692	3975138258	3221074
AL	NC_063225.1	14100001	14200000	1.5537183078876156e-05	83555	59187	3809377781	3660388
AL	NC_063225.1	14200001	14300000	1.0633238252250644e-05	84492	42328	3980725250	3282156
AL	NC_063225.1	14300001	14400000	2.177863536936656e-05	84862	89011	4087078850	3008288
AL	NC_063225.1	14400001	14500000	3.266991497659354e-05	85695	133061	4072890918	3209938
AL	NC_063225.1	14500001	14600000	8.756066148677937e-05	80982	326710	3731241798	3419248
AL	NC_063225.1	14600001	14700000	0.0002813831265189	81261	1038724	3691493562	3599238
AL	NC_063225.1	14700001	14800000	0.0001810429688079	77048	674530	3725800590	2679468
AL	NC_063225.1	14800001	14900000	0.0002531921464242	84019	980443	3872327850	3541226
AL	NC_063225.1	14900001	15000000	0.000148789778662	81987	570344	3833220300	3291022
AL	NC_063225.1	15000001	15100000	0.0001253770935156	83516	484496	3864310349	3469766
AL	NC_063225.1	15100001	15200000	6.102623818634554e-05	83627	234697	3845837577	3549836
AL	NC_063225.1	15200001	15300000	5.999667439988615e-05	84166	232105	3868631092	3581116
AL	NC_063225.1	15300001	15400000	2.386661146761604e-05	83150	94048	3940567773	3163154
AL	NC_063225.1	15400001	15500000	9.221523617143133e-05	83416	360563	3910015470	3301148
AL	NC_063225.1	15500001	15600000	0.0001995025463161	87377	830075	4160723837	3247280
AL	NC_063225.1	15600001	15700000	0.0002540442721004	82070	989388	3894549528	3095268
AL	NC_063225.1	15700001	15800000	0.0003516688873651	80361	1324722	3766958203	3183820
AL	NC_063225.1	15800001	15900000	0.000177550422951	85733	714600	4024772164	3378674
AL	NC_063225.1	15900001	16000000	0.0001516100285572	83460	600579	3961340854	3141980
AL	NC_063225.1	16000001	16100000	0.0001437286047696	83052	557477	3878678158	3331396
AL	NC_063225.1	16100001	16200000	0.0001666568675283	85441	699873	4199484908	2752002
AL	NC_063225.1	16200001	16300000	0.0001367461294124	85271	547468	4003535620	3345174
AL	NC_063225.1	16300001	16400000	0.0001824868255163	85188	754315	4133531272	2914120
AL	NC_063225.1	16400001	16500000	0.0002376924329757	84217	953417	4011137368	3124226
AL	NC_063225.1	16500001	16600000	0.0002926483665234	87143	1206094	4121307815	3324288
AL	NC_063225.1	16600001	16700000	0.0002281126101947	84765	877475	3846674672	3766114
AL	NC_063225.1	16700001	16800000	0.0001684030929504	82037	666134	3955592432	2890282
AL	NC_063225.1	16800001	16900000	0.0001912923574104	87547	788406	4121471504	3400182
AL	NC_063225.1	16900001	17000000	0.0001406001450103	83274	557939	3968267600	3083636
AL	NC_063225.1	17000001	17100000	0.0001139126727305	82759	450815	3957549140	3021182
AL	NC_063225.1	17100001	17200000	0.0001444999229605	85249	608475	4210901899	2679260
AL	NC_063225.1	17200001	17300000	7.067420910088046e-05	83778	282679	3999747625	3078146
AL	NC_063225.1	17300001	17400000	7.863140653646867e-05	41572	162120	2061771589	1278710
AL	NC_063225.1	17400001	17500000	NA	0	NA	NA	NA
AL	NC_063225.1	17500001	17600000	NA	0	NA	NA	NA
AL	NC_063225.1	17600001	17700000	NA	0	NA	NA	NA
AL	NC_063225.1	17700001	17800000	NA	0	NA	NA	NA
AL	NC_063225.1	17800001	17900000	0.0	5	0	178890	390
AL	NC_063225.1	17900001	18000000	NA	0	NA	NA	NA
AL	NC_063225.1	18000001	18100000	NA	0	NA	NA	NA
AL	NC_063225.1	18100001	18200000	NA	0	NA	NA	NA
AL	NC_063225.1	18200001	18300000	NA	0	NA	NA	NA
AL	NC_063225.1	18300001	18400000	0.0	14	0	722379	342
AL	NC_063225.1	18400001	18500000	0.0	12	0	447738	868
AL	NC_063225.1	18500001	18600000	0.0	134	0	6432291	4886
AL	NC_063225.1	18600001	18700000	0.0	89	0	4114652	3754
AL	NC_063225.1	18700001	18800000	0.0001562698004873	6184	50800	325078805	134158
AL	NC_063225.1	18800001	18900000	0.0001663638323293	82245	630681	3790974223	3465308
AL	NC_063225.1	18900001	19000000	0.0001580430979077	86597	659255	4171362171	3066036
AL	NC_063225.1	19000001	19100000	0.0002277741310766	84766	925434	4062946023	3067630
AL	NC_063225.1	19100001	19200000	0.0004162234960999	84261	1693641	4069066297	2950496
AL	NC_063225.1	19200001	19300000	0.000404405250558	84912	1632093	4035785880	3179536
AL	NC_063225.1	19300001	19400000	0.0004764292274786	81884	1891549	3970262299	2824202
AL	NC_063225.1	19400001	19500000	0.0002603366003389	84710	1041184	3999376187	3259046
AL	NC_063225.1	19500001	19600000	0.0004173727252514	85821	1760734	4218612989	2761456
AL	NC_063225.1	19600001	19700000	0.0004430636838126	86758	1855258	4187339355	3035598
AL	NC_063225.1	19700001	19800000	0.0005322958602491	87127	2233151	4195319120	3082382
AL	NC_063225.1	19800001	19900000	0.0005322955447812	84754	2355770	4425680476	1904292
AL	NC_063225.1	19900001	20000000	0.0005887278454849	83446	2645338	4493312182	1455728
AL	NC_063225.1	20000001	20100000	0.0004254929172646	82940	1895627	4455131738	1481940
AL	NC_063225.1	20100001	20200000	0.0004372905856688	80571	1838475	4204240979	1826464
AL	NC_063225.1	20200001	20300000	0.0006969194476285	74610	2711819	3891151279	1696694
AL	NC_063225.1	20300001	20400000	0.0005508004605486	60850	1668026	3028367112	1844764
AL	NC_063225.1	20400001	20500000	0.0009045633277337	54135	2384381	2635947011	1828016
AL	NC_063225.1	20500001	20600000	0.0013794054864572	31533	2020543	1464792637	1298664
AL	NC_063225.1	20600001	20700000	0.0012965347421752	51048	3324632	2564244437	1479110
AL	NC_063225.1	20700001	20800000	0.0004976521675169	78176	2029637	4078424917	1774486
AL	NC_063225.1	20800001	20900000	0.0011710582804137	70702	4310277	3680668223	1632918
AL	NC_063225.1	20900001	21000000	0.0008487866555033	80635	3593296	4233450157	1742284
AL	NC_063225.1	21000001	21100000	0.0007578056560998	83407	3313904	4373026215	1820736
AL	NC_063225.1	21100001	21200000	0.0005677282129969	81812	2474114	4357919764	1572016
AL	NC_063225.1	21200001	21300000	0.0004450547941544	76614	1746552	3924352738	1964912
AL	NC_063225.1	21300001	21400000	0.0005909520923563	76924	2373378	4016193581	1737022
AL	NC_063225.1	21400001	21500000	0.0007251817732847	78799	2942476	4057570265	1946252
AL	NC_063225.1	21500001	21600000	0.0007882465594959	81233	3344135	4242498695	1831932
AL	NC_063225.1	21600001	21700000	0.0006593370106761	78737	2732797	4144765053	1671552
AL	NC_063225.1	21700001	21800000	0.0005961838732	78584	2480290	4160276907	1588690
AL	NC_063225.1	21800001	21900000	0.0007977591147172	81421	3449554	4324054638	1606318
AL	NC_063225.1	21900001	22000000	0.0006468296334296	82686	2855119	4414020095	1560550
AL	NC_063225.1	22000001	22100000	0.0004865369260329	76092	1951325	4010641116	1594848
AL	NC_063225.1	22100001	22200000	0.0005639647931323	83667	2491912	4418559510	1726474
AL	NC_063225.1	22200001	22300000	0.0008978488324473	52325	2420169	2695519460	1297874
AL	NC_063225.1	22300001	22400000	0.0	58	0	2567862	2800
AL	NC_063226.1	1	100000	0.00016467501546	55848	448612	2724226251	1866890
AL	NC_063226.1	100001	200000	5.715092552059162e-05	86293	244643	4280648087	2658196
AL	NC_063226.1	200001	300000	4.904614579491236e-05	85049	203635	4151906265	2834176
AL	NC_063226.1	300001	400000	0.0002296394395415	83321	980918	4271557194	2124654
AL	NC_063226.1	400001	500000	0.0002883763496239	85674	1232933	4275430359	2550438
AL	NC_063226.1	500001	600000	0.0003414563974318	84693	1509003	4419313890	1915958
AL	NC_063226.1	600001	700000	0.0003387768969749	84441	1457954	4303581540	2227674
AL	NC_063226.1	700001	800000	0.0004984042972344	83099	2128438	4270504913	2086356
AL	NC_063226.1	800001	900000	0.0003864767873378	86016	1734249	4487330305	1946998
AL	NC_063226.1	900001	1000000	0.0002201151008394	84002	981905	4460870682	1657536
AL	NC_063226.1	1000001	1100000	0.000492700111002	78463	2009843	4079242028	1828094
AL	NC_063226.1	1100001	1200000	0.0006382064885428	82493	2875434	4505491642	1245742
AL	NC_063226.1	1200001	1300000	0.0006217645016659	83693	2783148	4476209228	1555250
AL	NC_063226.1	1300001	1400000	0.000758825917005	85999	3319984	4375158947	2295512
AL	NC_063226.1	1400001	1500000	0.0006735117816101	79549	2642419	3923344880	2515818
AL	NC_063226.1	1500001	1600000	0.0002998115458506	83438	1189301	3966828551	3114742
AL	NC_063226.1	1600001	1700000	0.0004273812367877	81671	1647515	3854907184	3141318
AL	NC_063226.1	1700001	1800000	0.0006349949652737	82358	2467432	3885750494	3170112
AL	NC_063226.1	1800001	1900000	0.0007804141175169	82811	3041695	3897539693	3220836
AL	NC_063226.1	1900001	2000000	0.0009132679796773	83697	3647934	3994374139	3081564
AL	NC_063226.1	2000001	2100000	0.0004694693806405	68290	1534980	3269606205	2478314
AL	NC_063226.1	2100001	2200000	0.0003867779666351	77533	1408216	3640889920	3046314
AL	NC_063226.1	2200001	2300000	0.0004928954981456	80851	1871751	3797460125	3171252
AL	NC_063226.1	2300001	2400000	0.0005556332852412	81527	2080903	3745101410	3473250
AL	NC_063226.1	2400001	2500000	0.0007859046719929	82893	3040827	3869205908	3329370
AL	NC_063226.1	2500001	2600000	0.0005228007493107	83789	2045288	3912174959	3364420
AL	NC_063226.1	2600001	2700000	0.0003155854404657	81946	1249869	3960477385	2855754
AL	NC_063226.1	2700001	2800000	0.000813167416116	83097	3225155	3966163592	3051482
AL	NC_063226.1	2800001	2900000	0.0003546081764435	83358	1364140	3846893813	3491546
AL	NC_063226.1	2900001	3000000	0.0006890273450555	83645	2709245	3931984731	3274140
AL	NC_063226.1	3000001	3100000	0.0008370982871078	83492	3212111	3837196957	3547710
AL	NC_063226.1	3100001	3200000	0.0011215095371537	81550	4224438	3766742823	3402358
AL	NC_063226.1	3200001	3300000	0.0008697669111175	83939	3446796	3962896215	3226256
AL	NC_063226.1	3300001	3400000	0.0007334439598208	80474	2707141	3690999106	3448224
AL	NC_063226.1	3400001	3500000	0.0007627710702443	81717	2888228	3786493894	3373102
AL	NC_063226.1	3500001	3600000	0.0006784707058973	74532	2358838	3476698374	3004212
AL	NC_063226.1	3600001	3700000	0.0006225561639086	81231	2332727	3747014543	3409744
AL	NC_063226.1	3700001	3800000	0.0008594006407735	79005	3072439	3575095077	3547448
AL	NC_063226.1	3800001	3900000	0.0006606375523353	80457	2434202	3684625543	3468172
AL	NC_063226.1	3900001	4000000	0.0010207908882597	83616	3991209	3909918325	3339606
AL	NC_063226.1	4000001	4100000	0.0007534793008266	82424	2860934	3796964292	3474920
AL	NC_063226.1	4100001	4200000	0.000884035448079	83813	3564658	4032256860	2976938
AL	NC_063226.1	4200001	4300000	0.0007581662225277	83070	3078515	4060475010	2753120
AL	NC_063226.1	4300001	4400000	0.0008424327740955	83145	3386957	4020447808	2891154
AL	NC_063226.1	4400001	4500000	0.000603262200352	84078	2419486	4010670648	3104196
AL	NC_063226.1	4500001	4600000	0.0006744111707888	82395	2722027	4036153489	2702116
AL	NC_063226.1	4600001	4700000	0.000820602525686	82810	3207757	3909026477	3181818
AL	NC_063226.1	4700001	4800000	0.0005683928142773	82733	2365235	4161268300	2362970
AL	NC_063226.1	4800001	4900000	0.0006517253502413	79416	2625732	4028893458	2163572
AL	NC_063226.1	4900001	5000000	0.0003780104355864	82602	1542482	4080527559	2588070
AL	NC_063226.1	5000001	5100000	0.0002839136102515	82083	1148089	4043796981	2608460
AL	NC_063226.1	5100001	5200000	0.0003566550860861	78966	1467052	4113363463	1806838
AL	NC_063226.1	5200001	5300000	0.0005181580007572	77188	2055397	3966737939	1939202
AL	NC_063226.1	5300001	5400000	0.0006013072500385	77610	2407336	4003504032	1898348
AL	NC_063226.1	5400001	5500000	0.0004152400233198	78545	1730438	4167319870	1561374
AL	NC_063226.1	5500001	5600000	0.0007411857010353	79813	3125520	4216918912	1640610
AL	NC_063226.1	5600001	5700000	0.0006984538174384	74444	2714712	3886745168	1684096
AL	NC_063226.1	5700001	5800000	0.000582243070414	75372	2322559	3988985216	1531248
AL	NC_063226.1	5800001	5900000	0.0006828264345537	71005	2547934	3731451905	1526464
AL	NC_063226.1	5900001	6000000	0.0007417782582612	73035	2829808	3814897469	1643652
AL	NC_063226.1	6000001	6100000	0.0007141961160469	74171	2832153	3965511624	1381374
AL	NC_063226.1	6100001	6200000	0.0009366525470246	75762	3778073	4033590697	1462378
AL	NC_063226.1	6200001	6300000	0.0007657798585599	73608	3007973	3927986570	1394932
AL	NC_063226.1	6300001	6400000	0.0005872304934347	76918	2393951	4076680327	1545902
AL	NC_063226.1	6400001	6500000	0.0001631954432411	80659	706417	4328656401	1455388
AL	NC_063226.1	6500001	6600000	0.0003905043740402	83018	1706856	4370901105	1757930
AL	NC_063226.1	6600001	6700000	0.0004642075616194	85379	2095797	4514784276	1744998
AL	NC_063226.1	6700001	6800000	0.0003598704231896	85727	1593628	4428338361	2079292
AL	NC_063226.1	6800001	6900000	0.0002668028277653	83956	1111206	4164895887	2581490
AL	NC_063226.1	6900001	7000000	0.00017856057714	83154	702371	3933516632	3178204
AL	NC_063226.1	7000001	7100000	0.0004343297487989	86147	1935610	4456544838	2068474
AL	NC_063226.1	7100001	7200000	0.0002985748653722	84067	1225847	4105660396	2791358
AL	NC_063226.1	7200001	7300000	0.0001700858781536	83617	709754	4172915516	2497602
AL	NC_063226.1	7300001	7400000	0.0002785830139646	77989	1087875	3905029903	2287116
AL	NC_063226.1	7400001	7500000	0.0003934321201482	78130	1571594	3994574717	2021746
AL	NC_063226.1	7500001	7600000	0.0004166710271174	82002	1777955	4267047345	1889226
AL	NC_063226.1	7600001	7700000	0.0004348359285583	79232	1742433	4007104486	2189836
AL	NC_063226.1	7700001	7800000	0.0001396286317657	83331	587488	4207503809	2323612
AL	NC_063226.1	7800001	7900000	0.0002186707738203	83139	927770	4242770919	2175800
AL	NC_063226.1	7900001	8000000	0.0001760592261508	83754	753529	4279974509	2177866
AL	NC_063226.1	8000001	8100000	0.0003623111677108	70385	1268159	3500192964	2144546
AL	NC_063226.1	8100001	8200000	0.0001659261667647	11460	97927	590184188	282752
AL	NC_063226.1	8200001	8300000	NA	0	NA	NA	NA
AL	NC_063226.1	8300001	8400000	0.0	11	0	578847	232
AL	NC_063226.1	8400001	8500000	NA	0	NA	NA	NA
AL	NC_063226.1	8500001	8600000	0.0	40	0	1915902	1476
AL	NC_063226.1	8600001	8700000	0.0	13	0	619640	506
AL	NC_063226.1	8700001	8800000	NA	0	NA	NA	NA
AL	NC_063226.1	8800001	8900000	NA	0	NA	NA	NA
AL	NC_063226.1	8900001	9000000	NA	0	NA	NA	NA
AL	NC_063226.1	9000001	9100000	0.0	26	0	1253447	910
AL	NC_063226.1	9100001	9200000	NA	0	NA	NA	NA
AL	NC_063226.1	9200001	9300000	NA	0	NA	NA	NA
AL	NC_063226.1	9300001	9400000	NA	0	NA	NA	NA
AL	NC_063226.1	9400001	9500000	NA	0	NA	NA	NA
AL	NC_063226.1	9500001	9600000	NA	0	NA	NA	NA
AL	NC_063226.1	9600001	9700000	NA	0	NA	NA	NA
AL	NC_063226.1	9700001	9800000	0.0	12	0	628715	266
AL	NC_063226.1	9800001	9900000	NA	0	NA	NA	NA
AL	NC_063226.1	9900001	10000000	0.0	6	0	254343	326
AL	NC_063226.1	10000001	10100000	0.0	25	0	1099587	1236
AL	NC_063226.1	10100001	10200000	NA	0	NA	NA	NA
AL	NC_063226.1	10200001	10300000	NA	0	NA	NA	NA
AL	NC_063226.1	10300001	10400000	0.0003885177781145	33799	662377	1704882086	948458
AL	NC_063226.1	10400001	10500000	0.0002030194203167	77515	805006	3965167464	2000638
AL	NC_063226.1	10500001	10600000	0.0001364971362406	85093	567776	4159618404	2809490
AL	NC_063226.1	10600001	10700000	0.0001786656473156	77750	690955	3867307512	2353388
AL	NC_063226.1	10700001	10800000	0.000292060212399	59350	881731	3019004173	1590522
AL	NC_063226.1	10800001	10900000	0.000426857393622	80416	1627699	3813214962	3042204
AL	NC_063226.1	10900001	11000000	0.0002635446145782	80185	1061667	4028414702	2309550
AL	NC_063226.1	11000001	11100000	0.0002356018379923	86333	990093	4202399304	2917098
AL	NC_063226.1	11100001	11200000	0.0004672696479573	85538	1927763	4125590028	3002892
AL	NC_063226.1	11200001	11300000	0.0002045295650079	84208	828767	4052064551	2986002
AL	NC_063226.1	11300001	11400000	0.0001452345412031	78591	540898	3724306873	2973068
AL	NC_063226.1	11400001	11500000	0.0001278777497107	80252	491130	3840621227	2917386
AL	NC_063226.1	11500001	11600000	0.0001179916142171	81178	469715	3980918501	2637994
AL	NC_063226.1	11600001	11700000	0.0003183524345679	79211	1264519	3972072655	2300528
AL	NC_063226.1	11700001	11800000	0.0002561638622241	85983	1042612	4070097909	3276764
AL	NC_063226.1	11800001	11900000	0.0004163892764634	85864	1714855	4118393765	3090006
AL	NC_063226.1	11900001	12000000	0.0001631138415655	82827	703264	4311491859	1908320
AL	NC_063226.1	12000001	12100000	0.0001405641552754	83968	582964	4147316212	2650104
AL	NC_063226.1	12100001	12200000	0.0001893423748745	75018	684042	3612725363	2656582
AL	NC_063226.1	12200001	12300000	0.0005543513214537	78742	2017233	3638907173	3282714
AL	NC_063226.1	12300001	12400000	0.0004014248931663	84469	1565078	3898806543	3536476
AL	NC_063226.1	12400001	12500000	0.0004238113201233	78884	1569048	3702232398	3109492
AL	NC_063226.1	12500001	12600000	0.0003390080594696	77361	1223643	3609480559	3115468
AL	NC_063226.1	12600001	12700000	0.0002729199993399	83484	1053348	3859548595	3480218
AL	NC_063226.1	12700001	12800000	0.0001863472719098	84488	767374	4117978182	2836356
AL	NC_063226.1	12800001	12900000	0.0001543805020013	82515	590793	3826862799	3408072
AL	NC_063226.1	12900001	13000000	0.0001537981743249	80283	594011	3862276016	2868990
AL	NC_063226.1	13000001	13100000	0.0004318707081904	85653	1770189	4098886464	3119098
AL	NC_063226.1	13100001	13200000	0.0004713997081782	83668	1828348	3878551404	3449896
AL	NC_063226.1	13200001	13300000	0.0003965571477384	81606	1467988	3701832153	3633826
AL	NC_063226.1	13300001	13400000	5.3966860101674776e-05	81512	197275	3655484118	3771660
AL	NC_063226.1	13400001	13500000	4.7517661284342456e-05	75526	163667	3444340390	3310432
AL	NC_063226.1	13500001	13600000	5.553086258823788e-05	82856	203971	3673110600	3973848
AL	NC_063226.1	13600001	13700000	0.0004219116028874	81014	1532922	3633277657	3750458
AL	NC_063226.1	13700001	13800000	0.0004855400541544	80812	1729836	3562705044	3944016
AL	NC_063226.1	13800001	13900000	0.0003035744575354	77452	1099547	3622001037	3094646
AL	NC_063226.1	13900001	14000000	0.0003310414900892	70217	1121546	3387931826	2465934
AL	NC_063226.1	14000001	14100000	0.000212565437086	81935	823989	3876401598	3121754
AL	NC_063226.1	14100001	14200000	0.0001572215849497	83183	633742	4030884183	2860392
AL	NC_063226.1	14200001	14300000	0.0005118089724206	82372	2056047	4017215623	2759330
AL	NC_063226.1	14300001	14400000	0.000355846581652	83724	1501330	4219037297	2375990
AL	NC_063226.1	14400001	14500000	0.0003717228925156	86700	1627636	4378627286	2418324
AL	NC_063226.1	14500001	14600000	0.0002994793588432	85994	1224425	4088512159	3212302
AL	NC_063226.1	14600001	14700000	0.0007384480936985	82920	2903351	3931692728	3136184
AL	NC_063226.1	14700001	14800000	0.0004575675603316	82050	1826340	3991410577	2788090
AL	NC_063226.1	14800001	14900000	0.0004623999751544	84579	1861874	4026544334	3145770
AL	NC_063226.1	14900001	15000000	0.0002957200166534	84807	1138617	3850321033	3764124
AL	NC_063226.1	15000001	15100000	0.0002182316689662	86697	890418	4080150256	3373618
AL	NC_063226.1	15100001	15200000	0.0003130137679092	87747	1364539	4359357766	2670778
AL	NC_063226.1	15200001	15300000	0.0006348286366834	14155	443819	699116225	447220
AL	NC_063226.1	15300001	15400000	0.0	73	0	3166897	3744
AL	NC_063226.1	15400001	15500000	NA	0	NA	NA	NA
AL	NC_063226.1	15500001	15600000	0.0004383119746109	74050	1609121	3671177365	2288826
AL	NC_063226.1	15600001	15700000	0.0003887472368282	86408	1686816	4339107369	2487262
AL	NC_063226.1	15700001	15800000	0.0007201650371076	82959	2994077	4157487306	2411762
AL	NC_063226.1	15800001	15900000	0.0004571603837368	83372	1955487	4277463817	2114094
AL	NC_063226.1	15900001	16000000	0.0004609140758881	83348	1907092	4137630200	2564872
AL	NC_063226.1	16000001	16100000	0.0006226489153103	84102	2586635	4154243164	2645940
AL	NC_063226.1	16100001	16200000	0.0003701161988278	84901	1535452	4148567409	2813808
AL	NC_063226.1	16200001	16300000	0.0004979210343841	83309	1921727	3859501542	3447798
AL	NC_063226.1	16300001	16400000	0.0006396654091352	84908	2651520	4145167086	2821236
AL	NC_063226.1	16400001	16500000	0.0004978041966921	86249	2099018	4216553444	2850650
AL	NC_063226.1	16500001	16600000	0.0003534988821892	85501	1430122	4045619582	3254374
AL	NC_063226.1	16600001	16700000	0.0005513854519227	86320	2205619	4000139997	3562174
AL	NC_063226.1	16700001	16800000	0.0004177791257826	86162	1716577	4108814668	3181844
AL	NC_063226.1	16800001	16900000	0.0003838714704346	83211	1517585	3953367512	3117478
AL	NC_063226.1	16900001	17000000	0.0002124364665287	79640	800367	3767559370	3041676
AL	NC_063226.1	17000001	17100000	0.0006132595854586	72496	2007620	3273687110	3283660
AL	NC_063226.1	17100001	17200000	0.0006077254206139	82750	2248729	3700238502	3861520
AL	NC_063226.1	17200001	17300000	0.0005314540247302	83098	1968612	3704200003	3915382
AL	NC_063226.1	17300001	17400000	0.0004039837716985	80490	1522998	3769948465	3198626
AL	NC_063226.1	17400001	17500000	0.0007318607024659	80520	2662677	3638229230	3633548
AL	NC_063226.1	17500001	17600000	0.0006807525003917	78983	2374125	3487500962	3834482
AL	NC_063226.1	17600001	17700000	0.0005030018219034	81244	1829511	3637185633	3779086
AL	NC_063226.1	17700001	17800000	0.0005217578269079	80672	1898688	3639021596	3659224
AL	NC_063226.1	17800001	17900000	0.0005493280602559	82863	2096716	3816874017	3499588
AL	NC_063226.1	17900001	18000000	0.0005149736713911	82736	1940058	3767295510	3638436
AL	NC_063226.1	18000001	18100000	0.000503091539717	81073	1828418	3634364436	3752306
AL	NC_063226.1	18100001	18200000	0.000558219916086	82207	2111203	3782027368	3481950
AL	NC_063226.1	18200001	18300000	0.0004766929271398	82449	1793434	3762241682	3595678
AL	NC_063226.1	18300001	18400000	0.0004452741482196	80415	1740257	3908282138	2752042
AL	NC_063226.1	18400001	18500000	0.000313619168906	81922	1268250	4043917355	2580486
AL	NC_063226.1	18500001	18600000	0.0004654824348976	82765	1860034	3995927366	2890262
AL	NC_063226.1	18600001	18700000	0.0004272008139364	84702	1762337	4125312833	2843026
AL	NC_063226.1	18700001	18800000	0.0005804041453227	83533	2456462	4232330213	2297264
AL	NC_063226.1	18800001	18900000	0.0004707380543647	83018	2000741	4250221501	2150042
AL	NC_063226.1	18900001	19000000	0.0005292285552241	84588	2293945	4334507232	2164952
AL	NC_063226.1	19000001	19100000	0.0003678508898533	80412	1528268	4154585573	1951894
AL	NC_063226.1	19100001	19200000	0.0003072036722487	84986	1325064	4313307814	2306784
AL	NC_063226.1	19200001	19300000	0.0003938463730062	76287	1586554	4028357524	1580414
AL	NC_063226.1	19300001	19400000	0.0002642778049307	79990	1101856	4169309641	1827962
AL	NC_063226.1	19400001	19500000	0.0001424128013143	82020	614110	4312182573	1755822
AL	NC_063226.1	19500001	19600000	3.0516106230388307e-05	78940	125784	4121888915	1784298
AL	NC_063226.1	19600001	19700000	8.010759939906165e-05	79984	338873	4230222882	1632828
AL	NC_063226.1	19700001	19800000	4.137712465152733e-05	82496	181412	4384354919	1614618
AL	NC_063226.1	19800001	19900000	9.806740169834913e-05	79997	420944	4292394748	1441290
AL	NC_063226.1	19900001	20000000	0.0001230235407097	79565	515889	4193416943	1668988
AL	NC_063226.1	20000001	20100000	0.000162076872381	81933	665358	4105200145	2387512
AL	NC_063226.1	20100001	20200000	0.0004226582577221	81378	1689868	3998189954	2623592
AL	NC_063226.1	20200001	20300000	0.0003745612152111	84395	1597741	4265633854	2337090
AL	NC_063226.1	20300001	20400000	0.0005998670960454	83823	2522455	4205023107	2423976
AL	NC_063226.1	20400001	20500000	0.0004803659500006	82211	1990182	4143053853	2315684
AL	NC_063226.1	20500001	20600000	0.0003317155211928	83532	1430585	4312686349	2033502
AL	NC_063226.1	20600001	20700000	0.0005549194706917	81068	2268791	4088504945	2285622
AL	NC_063226.1	20700001	20800000	0.0003424993308284	85084	1425407	4161780394	2800852
AL	NC_063226.1	20800001	20900000	0.0003572462837966	83608	1440103	4031121009	2936294
AL	NC_063226.1	20900001	21000000	0.0004956508316362	81795	2020482	4076422092	2454870
AL	NC_063226.1	21000001	21100000	0.0004077774402441	78686	1668094	4090697119	1826758
AL	NC_063226.1	21100001	21200000	0.0003941171398159	78720	1646620	4177996422	1563068
AL	NC_063226.1	21200001	21300000	0.00061808586895	76534	2499922	4044619244	1576516
AL	NC_063226.1	21300001	21400000	0.0003035259326551	79762	1224247	4033418131	2206686
AL	NC_063226.1	21400001	21500000	0.0001019971469332	81874	421370	4131193986	2302280
AL	NC_063226.1	21500001	21600000	0.0004870121042002	85519	2112516	4337707383	2319752
AL	NC_063226.1	21600001	21700000	0.0003612770094081	81044	1548920	4287347270	1647044
AL	NC_063226.1	21700001	21800000	0.000390962802009	80962	1701666	4352501034	1431576
AL	NC_063226.1	21800001	21900000	0.0005082222512698	82633	2252624	4432360044	1496154
AL	NC_063226.1	21900001	22000000	0.0008366050224386	75522	3292370	3935393539	1725814
AL	NC_063226.1	22000001	22100000	0.0008214223752028	66429	2806672	3416843861	1665640
AL	NC_063226.1	22100001	22200000	0.0006441994168714	75176	2569045	3987965423	1498066
AL	NC_063226.1	22200001	22300000	0.0008870317005267	71753	3374847	3804652075	1436476
AL	NC_063226.1	22300001	22400000	0.000904629176356	70362	3330476	3681592510	1564104
AL	NC_063226.1	22400001	22500000	0.0008009137179674	67906	2732653	3411919335	1953366
AL	NC_063226.1	22500001	22600000	0.0005680417675986	68373	2006187	3531759660	1664490
AL	NC_063226.1	22600001	22700000	0.0005000885415408	63751	1583701	3166841206	1954226
AL	NC_063226.1	22700001	22800000	0.0005495393871054	74873	2113730	3846366702	1888990
AL	NC_063226.1	22800001	22900000	0.0004911599960828	77465	2019839	4112384999	1534292
AL	NC_063226.1	22900001	23000000	0.0001959691187893	82361	840472	4288798180	1890194
AL	NC_063226.1	23000001	23100000	0.0001129305569726	84188	488952	4329669605	2104446
AL	NC_063226.1	23100001	23200000	0.0001443515089912	43887	295246	2045326731	1788472
AL	NC_063226.1	23200001	23300000	0.0007454502514276	681	18487	24799777	51544
AL	NC_063227.1	1	100000	0.0001466403390692	12189	91239	622195779	322436
AL	NC_063227.1	100001	200000	6.98812060913879e-05	9266	34251	490131781	189930
AL	NC_063227.1	200001	300000	0.0001191465244773	84045	477280	4005823939	3113548
AL	NC_063227.1	300001	400000	8.916942198333648e-05	85487	369498	4143774758	2941890
AL	NC_063227.1	400001	500000	0.0003002287874912	85754	1326195	4417281271	2123942
AL	NC_063227.1	500001	600000	0.0003490591212925	83660	1570437	4499057335	1481594
AL	NC_063227.1	600001	700000	0.0005411040075997	81875	2340032	4324551227	1696552
AL	NC_063227.1	700001	800000	0.0006071419802122	81143	2698257	4444194419	1186584
AL	NC_063227.1	800001	900000	0.000742816133465	75100	3038096	4089970402	1169204
AL	NC_063227.1	900001	1000000	0.0005372529839586	77971	2279573	4243015987	1223752
AL	NC_063227.1	1000001	1100000	0.0007050963296098	79053	3026332	4292083043	1271756
AL	NC_063227.1	1100001	1200000	0.0006242260993257	79443	2695065	4317450044	1265190
AL	NC_063227.1	1200001	1300000	0.0006450409595003	75119	2560364	3969304526	1548442
AL	NC_063227.1	1300001	1400000	0.0002673801477458	74568	1058646	3959329101	1476566
AL	NC_063227.1	1400001	1500000	0.000350761260836	77719	1439344	4103486219	1609832
AL	NC_063227.1	1500001	1600000	0.0003447549297123	80742	1444078	4188708777	1899234
AL	NC_063227.1	1600001	1700000	0.0003656074479262	79087	1520591	4159081027	1685248
AL	NC_063227.1	1700001	1800000	0.0003823694402635	77268	1580177	4132592288	1435032
AL	NC_063227.1	1800001	1900000	0.0004424749286402	72720	1632726	3689985340	1979504
AL	NC_063227.1	1900001	2000000	0.0001741606640251	74287	639144	3669852797	2333244
AL	NC_063227.1	2000001	2100000	0.000153913248328	71573	572934	3722447588	1661034
AL	NC_063227.1	2100001	2200000	0.0004456841642274	77066	1831475	4109356237	1468714
AL	NC_063227.1	2200001	2300000	0.0003205965144503	77886	1317751	4110309815	1617070
AL	NC_063227.1	2300001	2400000	0.000459050981404	78209	1924627	4192621469	1422384
AL	NC_063227.1	2400001	2500000	0.0006466983467435	78104	2697725	4171535328	1464936
AL	NC_063227.1	2500001	2600000	0.0004945721929763	80245	2063566	4172426249	1859000
AL	NC_063227.1	2600001	2700000	0.0004463887404673	80225	1858539	4163498833	1885248
AL	NC_063227.1	2700001	2800000	0.0004901073557832	82634	2080789	4245577985	2071954
AL	NC_063227.1	2800001	2900000	0.000746782336982	82026	3218838	4310276021	1759114
AL	NC_063227.1	2900001	3000000	0.0004364618158444	78638	1742033	3991260946	2131520
AL	NC_063227.1	3000001	3100000	0.0006092658829033	81842	2525075	4144454943	2238478
AL	NC_063227.1	3100001	3200000	0.000238295236297	83598	1000028	4196592494	2404848
AL	NC_063227.1	3200001	3300000	0.0006935719705855	81759	2888609	4164829495	2166336
AL	NC_063227.1	3300001	3400000	0.0003997510728641	82237	1597887	3997205032	2784298
AL	NC_063227.1	3400001	3500000	0.0003098025717099	81620	1264386	4081263732	2402024
AL	NC_063227.1	3500001	3600000	0.0004083488432355	77306	1592361	3899511475	2176934
AL	NC_063227.1	3600001	3700000	5.904850975549673e-05	67543	197062	3337289981	2122732
AL	NC_063227.1	3700001	3800000	5.0514188364386654e-05	81115	208994	4137332634	2134642
AL	NC_063227.1	3800001	3900000	9.605179871686578e-05	73151	346136	3603638918	2334322
AL	NC_063227.1	3900001	4000000	0.0002114102994507	80254	889388	4206928434	1758584
AL	NC_063227.1	4000001	4100000	0.0004628563247385	85254	2048577	4425945786	1994536
AL	NC_063227.1	4100001	4200000	0.0004715758300761	85057	2004612	4250879439	2517860
AL	NC_063227.1	4200001	4300000	0.0003745907158223	80028	1535419	4098924333	2055534
AL	NC_063227.1	4300001	4400000	0.0004793461510977	85016	1967169	4103858966	2971316
AL	NC_063227.1	4400001	4500000	0.0006625517747764	83894	2655753	4008370517	3070026
AL	NC_063227.1	4500001	4600000	0.0006455949297405	84433	2690659	4167720154	2657214
AL	NC_063227.1	4600001	4700000	0.000409656168128	83934	1695536	4138924620	2652708
AL	NC_063227.1	4700001	4800000	0.000454166096473	85416	1878776	4136759689	2945198
AL	NC_063227.1	4800001	4900000	0.0003478025114853	82698	1460166	4198261806	2238680
AL	NC_063227.1	4900001	5000000	0.0003261831894762	86050	1453295	4455456464	2055564
AL	NC_063227.1	5000001	5100000	0.000281004537977	83405	1163838	4141705356	2543658
AL	NC_063227.1	5100001	5200000	0.0006074147712807	85419	2550790	4199420430	2738706
AL	NC_063227.1	5200001	5300000	0.0004749062405058	85106	1985436	4180690483	2738334
AL	NC_063227.1	5300001	5400000	0.0004298931270084	84498	1775875	4130968579	2784950
AL	NC_063227.1	5400001	5500000	0.0005611525061768	84629	2300589	4099757151	2908812
AL	NC_063227.1	5500001	5600000	0.0005531884480173	83351	2300739	4159051058	2478474
AL	NC_063227.1	5600001	5700000	0.0005884761338608	86831	2695492	4580461033	1813620
AL	NC_063227.1	5700001	5800000	0.0004321859916439	83398	1831162	4236976754	2246224
AL	NC_063227.1	5800001	5900000	0.0005195786064484	84718	2274884	4378324996	2054348
AL	NC_063227.1	5900001	6000000	0.000391238891153	85901	1739014	4444890422	2060950
AL	NC_063227.1	6000001	6100000	0.0005570677246766	86618	2438035	4376550448	2401500
AL	NC_063227.1	6100001	6200000	0.0006364441835181	85235	2620699	4117720089	2967428
AL	NC_063227.1	6200001	6300000	0.000457399665253	84777	1877284	4104253113	2923160
AL	NC_063227.1	6300001	6400000	0.0006090711179858	84654	2544005	4176860345	2666282
AL	NC_063227.1	6400001	6500000	0.000546264720771	78236	2175241	3982027243	2081594
AL	NC_063227.1	6500001	6600000	0.0006297132113583	84391	2710970	4305086746	2217586
AL	NC_063227.1	6600001	6700000	0.0002009790299327	87445	928168	4618233058	1803582
AL	NC_063227.1	6700001	6800000	0.000420365538819	79094	1743323	4147159648	1731428
AL	NC_063227.1	6800001	6900000	0.0004060292120406	79307	1677328	4131052521	1819660
AL	NC_063227.1	6900001	7000000	0.0006396544932637	83369	2832141	4427610577	1643968
AL	NC_063227.1	7000001	7100000	0.0004521271727873	85835	2043752	4520303408	1809886
AL	NC_063227.1	7100001	7200000	0.000806040795417	82501	3499525	4341622682	1750830
AL	NC_063227.1	7200001	7300000	0.0006209584582594	83955	2596347	4181192744	2531966
AL	NC_063227.1	7300001	7400000	0.0005302399564157	83505	2273590	4287851137	2107984
AL	NC_063227.1	7400001	7500000	0.0007091676259366	83252	2942431	4149133283	2507786
AL	NC_063227.1	7500001	7600000	0.0003777022327242	81562	1468427	3887790097	3016970
AL	NC_063227.1	7600001	7700000	0.0005751712758052	85023	2385294	4147102090	2833842
AL	NC_063227.1	7700001	7800000	0.0005901817305763	83365	2398422	4063870289	2795496
AL	NC_063227.1	7800001	7900000	0.0003140386547233	84711	1299928	4139388513	2807996
AL	NC_063227.1	7900001	8000000	0.0006487364701668	87098	2857413	4404582032	2406524
AL	NC_063227.1	8000001	8100000	0.0004353660294362	84573	1849577	4248326408	2434994
AL	NC_063227.1	8100001	8200000	7.49759196959348e-05	81242	299798	3998590497	2592954
AL	NC_063227.1	8200001	8300000	0.0002691480073957	83577	1134202	4214045688	2351810
AL	NC_063227.1	8300001	8400000	0.000308453073081	84818	1298909	4211042500	2603252
AL	NC_063227.1	8400001	8500000	0.0002656982845865	83568	1124007	4230388622	2304372
AL	NC_063227.1	8500001	8600000	0.0004253883658152	85045	1806866	4247567976	2519490
AL	NC_063227.1	8600001	8700000	0.0002304740534299	83797	901721	3912462104	3361674
AL	NC_063227.1	8700001	8800000	6.804739538580837e-05	82776	261447	3842130893	3395478
AL	NC_063227.1	8800001	8900000	0.0002246893136608	81790	853338	3797857522	3351736
AL	NC_063227.1	8900001	9000000	0.0005697836758531	77749	2138432	3753059434	2720206
AL	NC_063227.1	9000001	9100000	0.0004645948987961	81329	1808358	3892332879	2955188
AL	NC_063227.1	9100001	9200000	0.0003754309514547	80460	1500160	3995834638	2460028
AL	NC_063227.1	9200001	9300000	0.000337140280019	82808	1424651	4225692047	2169146
AL	NC_063227.1	9300001	9400000	0.0001951229362622	84170	823341	4219601323	2447766
AL	NC_063227.1	9400001	9500000	0.0003334283801573	81969	1414988	4243753934	1957582
AL	NC_063227.1	9500001	9600000	0.0002408978817918	84080	972653	4037615411	3010530
AL	NC_063227.1	9600001	9700000	0.000330507664219	84214	1363564	4125665295	2752038
AL	NC_063227.1	9700001	9800000	0.0003072212282447	81501	1281390	4170903187	2097740
AL	NC_063227.1	9800001	9900000	0.0002561372825829	83730	1050527	4101421665	2751330
AL	NC_063227.1	9900001	10000000	0.0002583498181536	84180	1144851	4431398513	1783438
AL	NC_063227.1	10000001	10100000	0.0003227210773749	84561	1340350	4153276913	2735568
AL	NC_063227.1	10100001	10200000	0.0002532333687099	81806	1064388	4203190146	2056056
AL	NC_063227.1	10200001	10300000	0.0002674779918474	80906	1073758	4014378875	2482702
AL	NC_063227.1	10300001	10400000	0.0004954894370595	81390	1980679	3997419222	2626464
AL	NC_063227.1	10400001	10500000	0.0004794196711447	80796	1868165	3896721625	2835318
AL	NC_063227.1	10500001	10600000	0.0001638013495004	84415	666841	4071034836	2968014
AL	NC_063227.1	10600001	10700000	4.413968025450148e-05	73759	160806	3643116558	2313738
AL	NC_063227.1	10700001	10800000	3.220983941700093e-05	83031	128453	3988004980	2967326
AL	NC_063227.1	10800001	10900000	2.0859207117582906e-05	77035	77787	3729144620	2662454
AL	NC_063227.1	10900001	11000000	4.700644449580965e-05	80714	185013	3935907129	2700914
AL	NC_063227.1	11000001	11100000	4.208224552495566e-05	78825	164058	3898508693	2457912
AL	NC_063227.1	11100001	11200000	0.0001766832001818	78473	711124	4024853519	1995908
AL	NC_063227.1	11200001	11300000	0.0003410541799353	80422	1383751	4057276179	2257022
AL	NC_063227.1	11300001	11400000	0.0002793286579852	82743	1167065	4178106924	2308854
AL	NC_063227.1	11400001	11500000	0.0002820227982361	81913	1157999	4106047480	2390114
AL	NC_063227.1	11500001	11600000	0.0002610174492218	82417	1084387	4154461716	2321402
AL	NC_063227.1	11600001	11700000	0.0003286869319464	65531	1074639	3269491104	1954878
AL	NC_063227.1	11700001	11800000	0.0	8	0	366729	342
AL	NC_063227.1	11800001	11900000	NA	0	NA	NA	NA
AL	NC_063227.1	11900001	12000000	0.0	5	0	182128	378
AL	NC_063227.1	12000001	12100000	NA	0	NA	NA	NA
AL	NC_063227.1	12100001	12200000	NA	0	NA	NA	NA
AL	NC_063227.1	12200001	12300000	NA	0	NA	NA	NA
AL	NC_063227.1	12300001	12400000	NA	0	NA	NA	NA
AL	NC_063227.1	12400001	12500000	NA	0	NA	NA	NA
AL	NC_063227.1	12500001	12600000	NA	0	NA	NA	NA
AL	NC_063227.1	12600001	12700000	NA	0	NA	NA	NA
AL	NC_063227.1	12700001	12800000	NA	0	NA	NA	NA
AL	NC_063227.1	12800001	12900000	NA	0	NA	NA	NA
AL	NC_063227.1	12900001	13000000	NA	0	NA	NA	NA
AL	NC_063227.1	13000001	13100000	0.0004509269750855	12483	288048	638790793	323004
AL	NC_063227.1	13100001	13200000	0.0001621852720061	74394	576774	3556266194	2721408
AL	NC_063227.1	13200001	13300000	0.0002225391634408	74942	804301	3614199800	2642188
AL	NC_063227.1	13300001	13400000	9.631663315264992e-05	66119	306080	3177851945	2367300
AL	NC_063227.1	13400001	13500000	0.0002661345931062	70637	891533	3349932790	2681246
AL	NC_063227.1	13500001	13600000	0.0001136285691757	76911	392544	3454624157	3542076
AL	NC_063227.1	13600001	13700000	0.000105789348476	76908	369431	3492137964	3420184
AL	NC_063227.1	13700001	13800000	0.000165227677752	79315	584511	3537609485	3738052
AL	NC_063227.1	13800001	13900000	0.0001421452485613	80988	511272	3596827929	3872454
AL	NC_063227.1	13900001	14000000	0.0002765771116776	81129	993518	3592191682	3907654
AL	NC_063227.1	14000001	14100000	0.0002190978955706	80348	793990	3623905186	3651524
AL	NC_063227.1	14100001	14200000	0.0002817539122245	67559	917039	3254751612	2392822
AL	NC_063227.1	14200001	14300000	0.0001665474640803	70670	558549	3353692613	2671266
AL	NC_063227.1	14300001	14400000	0.00016651251397	78000	601944	3615007579	3225578
AL	NC_063227.1	14400001	14500000	0.0001851502068845	75849	688643	3719374726	2473574
AL	NC_063227.1	14500001	14600000	0.0002187306184257	75441	765088	3497855058	3111030
AL	NC_063227.1	14600001	14700000	0.0003509380829429	79101	1328828	3786502704	2873874
AL	NC_063227.1	14700001	14800000	0.0002725033100625	81736	1018211	3736508741	3548822
AL	NC_063227.1	14800001	14900000	0.0004214628307604	74527	1454005	3449900902	3092810
AL	NC_063227.1	14900001	15000000	0.0004946216013764	77235	1768380	3575217894	3206186
AL	NC_063227.1	15000001	15100000	0.0004254846152341	75085	1473392	3462856111	3161876
AL	NC_063227.1	15100001	15200000	0.0002795653205254	80153	1009720	3611749834	3654958
AL	NC_063227.1	15200001	15300000	0.0003351023155132	74515	1095650	3269598416	3691254
AL	NC_063227.1	15300001	15400000	0.000328865035384	83367	1223951	3721742564	3910414
AL	NC_063227.1	15400001	15500000	0.0003928980294748	76481	1336771	3402335720	3626722
AL	NC_063227.1	15500001	15600000	0.0001444179797337	81178	539194	3733565592	3445980
AL	NC_063227.1	15600001	15700000	0.0001593257850446	78167	572979	3596272881	3315676
AL	NC_063227.1	15700001	15800000	0.0001191704837537	83357	463822	3892087918	3350934
AL	NC_063227.1	15800001	15900000	8.423475005435652e-05	82042	315178	3741662435	3588886
AL	NC_063227.1	15900001	16000000	4.415796500879324e-05	79986	165438	3746504169	3175546
AL	NC_063227.1	16000001	16100000	0.0001563970582606	83400	603446	3858422957	3472782
AL	NC_063227.1	16100001	16200000	0.000184718141001	83463	724051	3919761189	3282500
AL	NC_063227.1	16200001	16300000	0.0001589147893219	84394	629725	3962658244	3318572
AL	NC_063227.1	16300001	16400000	0.0001294953029061	85133	547233	4225890729	2613592
AL	NC_063227.1	16400001	16500000	0.0002852126377592	85213	1231423	4317561135	2331036
AL	NC_063227.1	16500001	16600000	0.0004590549036115	84139	1979291	4311665085	2161156
AL	NC_063227.1	16600001	16700000	0.0001873007245203	83574	749969	4004090224	3017988
AL	NC_063227.1	16700001	16800000	0.0004200304956174	77540	1601707	3813311216	2493176
AL	NC_063227.1	16800001	16900000	0.0002534827283837	76805	937120	3696977723	2723204
AL	NC_063227.1	16900001	17000000	0.0003037186793168	85099	1231455	4054590922	3146442
AL	NC_063227.1	17000001	17100000	0.0002933214500501	80916	1110457	3785802231	3224330
AL	NC_063227.1	17100001	17200000	0.0005021218802989	85011	1970717	3924778181	3559460
AL	NC_063227.1	17200001	17300000	0.0004276271903632	82897	1678934	3926162877	3146592
AL	NC_063227.1	17300001	17400000	0.0006035349555426	84400	2371873	3929967897	3422174
AL	NC_063227.1	17400001	17500000	0.0007953620521271	73751	3042750	3825616261	1748884
AL	NC_063227.1	17500001	17600000	0.0005521657491099	74730	2082718	3771907264	2095756
AL	NC_063227.1	17600001	17700000	0.0005198655317441	76253	2095660	4031157813	1561952
AL	NC_063227.1	17700001	17800000	0.0005955141097819	83322	2640988	4434803402	1611840
AL	NC_063227.1	17800001	17900000	0.000454030065961	84320	2038017	4488726965	1628542
AL	NC_063227.1	17900001	18000000	0.000541285151355	82709	2393956	4422726162	1536430
AL	NC_063227.1	18000001	18100000	0.0007096573659383	81302	3062129	4314940064	1614300
AL	NC_063227.1	18100001	18200000	0.0005680800232137	84718	2390282	4207650159	2588398
AL	NC_063227.1	18200001	18300000	0.0006073531733105	78350	2484169	4090155628	1771756
AL	NC_063227.1	18300001	18400000	0.0003058885549396	12783	197885	646918614	355066
AL	NC_063227.1	18400001	18500000	0.0002957135859329	81680	1167848	3949253790	2840228
AL	NC_063227.1	18500001	18600000	0.0006740770329187	76279	2615814	3880586153	2052900
AL	NC_063227.1	18600001	18700000	0.0012295804053152	64822	4067849	3308322890	1706288
AL	NC_063227.1	18700001	18800000	0.000725872844204	71667	2680881	3693320423	1771912
AL	NC_063227.1	18800001	18900000	0.0005030825254844	58729	1394442	2771795738	2259598
AL	NC_063227.1	18900001	19000000	0.0005803599619233	66585	1908558	3288576272	2095058
AL	NC_063227.1	19000001	19100000	0.0007340427902906	58946	2203875	3002379465	1568434
AL	NC_063227.1	19100001	19200000	0.0008986817466469	68957	3248170	3614371842	1510870
AL	NC_063227.1	19200001	19300000	0.0010838209973411	70503	4087067	3770979719	1307344
AL	NC_063227.1	19300001	19400000	0.0004776833099632	76409	1931281	4043015445	1555096
AL	NC_063227.1	19400001	19500000	0.0005090434314122	74675	1972884	3875669301	1765044
AL	NC_063227.1	19500001	19600000	0.0005264662049682	78824	2228427	4232801610	1415324
AL	NC_063227.1	19600001	19700000	0.0005440208673681	82307	2369767	4356022245	1670340
AL	NC_063227.1	19700001	19800000	0.0005921858336965	80061	2558871	4321060813	1366520
AL	NC_063227.1	19800001	19900000	0.0003900321780238	76675	1603213	4110463419	1396680
AL	NC_063227.1	19900001	20000000	0.000688863346058	79843	2908023	4221480235	1634616
AL	NC_063227.1	20000001	20100000	0.0005617834292879	79961	2381180	4238608467	1600300
AL	NC_063227.1	20100001	20200000	0.0005024878932644	82366	2196652	4371552090	1630704
AL	NC_063227.1	20200001	20300000	0.0006614110502434	81787	2936784	4440179823	1317544
AL	NC_063227.1	20300001	20400000	0.0006682463901343	80759	2826604	4229882932	1782974
AL	NC_063227.1	20400001	20500000	0.0004330011931977	82319	1763749	4073312101	2570844
AL	NC_063227.1	20500001	20600000	0.0004628025914924	81556	1926615	4162930449	2138694
AL	NC_063227.1	20600001	20700000	0.000348194993641	85513	1460587	4194738657	2777496
AL	NC_063227.1	20700001	20800000	0.0002083591715443	85814	874273	4195989999	2828294
AL	NC_063227.1	20800001	20900000	6.531999192706127e-05	58965	190496	2916350636	1845666
AL	NC_063227.1	20900001	21000000	7.046759667767368e-06	21385	7504	1064886608	651890
AL	NC_063227.1	21000001	21100000	0.0	499	0	24467281	16428
AL	NC_063228.1	1	100000	0.000244254846374	72647	858589	3515135985	2529868
AL	NC_063228.1	100001	200000	0.0001871273603548	85328	766998	4098802006	3054740
AL	NC_063228.1	200001	300000	0.0002880197951217	84471	1182616	4106023336	2866366
AL	NC_063228.1	300001	400000	0.0001770525274706	85878	724855	4094011028	3178100
AL	NC_063228.1	400001	500000	0.0004543122610394	85651	1937813	4265376848	2582670
AL	NC_063228.1	500001	600000	0.0006566699057542	85821	2747453	4183917941	2869240
AL	NC_063228.1	600001	700000	0.0005107950114307	83766	2095939	4103287920	2739092
AL	NC_063228.1	700001	800000	0.0007134244785287	85706	3134547	4393663372	2185068
AL	NC_063228.1	800001	900000	0.000685724102221	85497	2957762	4313341168	2396674
AL	NC_063228.1	900001	1000000	0.0007547742681633	83738	3314102	4390851861	1827578
AL	NC_063228.1	1000001	1100000	0.0006801364776218	85215	2988982	4394679742	2091794
AL	NC_063228.1	1100001	1200000	0.0005622159129149	83761	2375196	4224704327	2370956
AL	NC_063228.1	1200001	1300000	0.0005938642969265	84640	2560579	4311724098	2245660
AL	NC_063228.1	1300001	1400000	0.0005377710775619	83137	2151264	4000334138	2960974
AL	NC_063228.1	1400001	1500000	0.0003499618348278	84754	1488845	4254306761	2452786
AL	NC_063228.1	1500001	1600000	0.0002065236996979	86502	890884	4313713154	2584832
AL	NC_063228.1	1600001	1700000	0.0002551932674454	84619	1073014	4204711240	2576126
AL	NC_063228.1	1700001	1800000	0.0001455098780575	86228	599210	4118002214	3167468
AL	NC_063228.1	1800001	1900000	0.0003520454751793	83574	1377554	3913000158	3321624
AL	NC_063228.1	1900001	2000000	0.0002411015516531	82679	995742	4129969273	2456508
AL	NC_063228.1	2000001	2100000	0.0002171685076699	83778	869396	4003324466	3069904
AL	NC_063228.1	2100001	2200000	0.0002277442083902	83095	909397	3993063123	2977512
AL	NC_063228.1	2200001	2300000	0.0003004885084133	83418	1194534	3975306764	3095716
AL	NC_063228.1	2300001	2400000	0.0001565688871662	86497	638004	4074909208	3361482
AL	NC_063228.1	2400001	2500000	0.0003884204915209	84041	1591208	4096611880	2817706
AL	NC_063228.1	2500001	2600000	0.0004740393913848	84204	1934309	4080481570	2902124
AL	NC_063228.1	2600001	2700000	0.0005462086548042	84828	2242557	4105678261	2935398
AL	NC_063228.1	2700001	2800000	0.0006101247679434	84529	2436580	3993576606	3237110
AL	NC_063228.1	2800001	2900000	0.0008592508373126	84455	3435952	3998776435	3201920
AL	NC_063228.1	2900001	3000000	0.0008991043780352	83445	3689092	4103074226	2674686
AL	NC_063228.1	3000001	3100000	0.0008096805512531	85688	3339301	4124220342	3031676
AL	NC_063228.1	3100001	3200000	0.0006621927792249	83662	2795517	4221605985	2342210
AL	NC_063228.1	3200001	3300000	0.0008007797143045	84629	3352938	4187091581	2632840
AL	NC_063228.1	3300001	3400000	0.0006273708059312	86353	2656682	4234628030	2803878
AL	NC_063228.1	3400001	3500000	0.000533659911633	85478	2321362	4349890163	2281174
AL	NC_063228.1	3500001	3600000	0.0008573245748316	84600	3529124	4116438632	2857600
AL	NC_063228.1	3600001	3700000	0.0007390981466491	85267	3229357	4369320928	2185118
AL	NC_063228.1	3700001	3800000	0.0004754983756833	86462	2033080	4275682324	2705292
AL	NC_063228.1	3800001	3900000	0.0005897177905453	84730	2433424	4126421212	2855604
AL	NC_063228.1	3900001	4000000	0.0006924054843763	82548	3015177	4354640551	1721154
AL	NC_063228.1	4000001	4100000	0.0006227088682428	85718	2812287	4516214789	1801722
AL	NC_063228.1	4100001	4200000	0.0006116353446171	83956	2695022	4406256152	1823072
AL	NC_063228.1	4200001	4300000	0.000683248652941	83878	3027290	4430729555	1728950
AL	NC_063228.1	4300001	4400000	0.0006441686950965	83950	2824960	4385435091	1879454
AL	NC_063228.1	4400001	4500000	0.0006804113123901	86027	2912014	4279784811	2598928
AL	NC_063228.1	4500001	4600000	0.0004327960164001	84963	1793782	4144636115	2828544
AL	NC_063228.1	4600001	4700000	0.000527149392962	84590	2152600	4083472406	2956776
AL	NC_063228.1	4700001	4800000	0.0004784073690116	84002	2052551	4290383328	2191396
AL	NC_063228.1	4800001	4900000	0.0006419951226093	81210	2769491	4313881683	1601078
AL	NC_063228.1	4900001	5000000	0.0005330050095719	86383	2274320	4266976781	2712468
AL	NC_063228.1	5000001	5100000	0.0007074659083743	85741	3068356	4337107928	2370066
AL	NC_063228.1	5100001	5200000	0.0002914227536212	85218	1171803	4020972918	3284864
AL	NC_063228.1	5200001	5300000	0.0002675424791007	83142	1019054	3808942802	3579280
AL	NC_063228.1	5300001	5400000	0.0006689291039867	83271	2606274	3896188676	3308230
AL	NC_063228.1	5400001	5500000	0.0005734824151908	84705	2361692	4118159402	2866934
AL	NC_063228.1	5500001	5600000	0.0007000499414856	85538	3056841	4366604179	2233334
AL	NC_063228.1	5600001	5700000	0.0005744827651817	85970	2465782	4292177502	2550864
AL	NC_063228.1	5700001	5800000	0.0008212313574774	80726	3431614	4178620274	1937056
AL	NC_063228.1	5800001	5900000	0.000684099705947	78939	2850430	4166687948	1640022
AL	NC_063228.1	5900001	6000000	0.0006380385708634	79116	2636505	4132203162	1778492
AL	NC_063228.1	6000001	6100000	0.0005424681317933	85464	2325227	4286384515	2474018
AL	NC_063228.1	6100001	6200000	0.0005953855151953	80772	2445048	4106663561	2166462
AL	NC_063228.1	6200001	6300000	0.0004352981174618	79109	1795620	4125035069	1797216
AL	NC_063228.1	6300001	6400000	0.0006215981368265	81529	2706968	4354852178	1530526
AL	NC_063228.1	6400001	6500000	0.0003563104363264	84386	1438982	4038562594	3067744
AL	NC_063228.1	6500001	6600000	0.0005137504213269	82345	2223970	4328891827	1765932
AL	NC_063228.1	6600001	6700000	0.0005403453390851	80135	2279324	4218272714	1703306
AL	NC_063228.1	6700001	6800000	0.0004003203805193	80605	1711954	4276459764	1602954
AL	NC_063228.1	6800001	6900000	0.0005967429529439	75887	2244725	3761627999	2342144
AL	NC_063228.1	6900001	7000000	0.000682766648738	73933	2559675	3748974858	2021574
AL	NC_063228.1	7000001	7100000	0.0004991740759022	78732	2008671	4023989019	2052930
AL	NC_063228.1	7100001	7200000	0.0006109205055813	78603	2469460	4042195306	1965714
AL	NC_063228.1	7200001	7300000	0.0007452438474186	77720	3106292	4168155176	1405712
AL	NC_063228.1	7300001	7400000	0.000943127739872	73619	3687466	3909826680	1452374
AL	NC_063228.1	7400001	7500000	0.0007591621561877	74997	3021083	3979496311	1488100
AL	NC_063228.1	7500001	7600000	0.000660726826303	73925	2600086	3935190606	1431246
AL	NC_063228.1	7600001	7700000	0.0007342573594476	75141	2959346	4030393379	1359484
AL	NC_063228.1	7700001	7800000	0.0007655981547476	70848	2813250	3674577822	1673948
AL	NC_063228.1	7800001	7900000	0.000576935835751	75550	2259528	3916428587	1794414
AL	NC_063228.1	7900001	8000000	0.0006231158271794	77782	2566837	4119357731	1571630
AL	NC_063228.1	8000001	8100000	0.000487303442468	80036	2054135	4215309848	1688344
AL	NC_063228.1	8100001	8200000	0.0004126574971444	79615	1748905	4238151523	1540744
AL	NC_063228.1	8200001	8300000	0.0005914292275794	66154	1977917	3344300396	1849788
AL	NC_063228.1	8300001	8400000	0.0005880942377256	78587	2428307	4129112044	1691550
AL	NC_063228.1	8400001	8500000	0.0005413672901768	76932	2226348	4112453856	1437728
AL	NC_063228.1	8500001	8600000	0.0006610731536017	78991	2754736	4167066814	1649674
AL	NC_063228.1	8600001	8700000	0.0006000378324151	79147	2500274	4166860596	1680046
AL	NC_063228.1	8700001	8800000	0.0003223022041495	83836	1441811	4473475457	1592742
AL	NC_063228.1	8800001	8900000	0.0005114936184538	85247	2358651	4611300933	1423996
AL	NC_063228.1	8900001	9000000	0.0004211874789971	83047	1915113	4546937161	1218028
AL	NC_063228.1	9000001	9100000	0.0006679219069541	84610	3043856	4557203422	1470904
AL	NC_063228.1	9100001	9200000	0.0005699031271193	85543	2358070	4137668119	2974928
AL	NC_063228.1	9200001	9300000	0.0005782410809893	82985	2137561	3696660563	3923428
AL	NC_063228.1	9300001	9400000	0.0003013979524532	83902	1164808	3864684516	3545964
AL	NC_063228.1	9400001	9500000	4.266875054349808e-05	85577	168235	3942815242	3612782
AL	NC_063228.1	9500001	9600000	0.0001601885385101	83973	631539	3942473075	3297244
AL	NC_063228.1	9600001	9700000	0.0003253788661983	85910	1282924	3942862101	3672546
AL	NC_063228.1	9700001	9800000	0.0003211287820753	83432	1239925	3861145650	3462124
AL	NC_063228.1	9800001	9900000	0.0004838935370062	84030	1911254	3949740705	3296458
AL	NC_063228.1	9900001	10000000	0.0003640698229319	83485	1381121	3793560776	3710954
AL	NC_063228.1	10000001	10100000	0.0005944229527045	83981	2320926	3904502660	3436226
AL	NC_063228.1	10100001	10200000	0.0004560151636328	85558	1832391	4018267694	3362288
AL	NC_063228.1	10200001	10300000	0.0002753498195241	86386	1114549	4047756421	3417922
AL	NC_063228.1	10300001	10400000	0.0001770784171402	86249	718524	4057659943	3362300
AL	NC_063228.1	10400001	10500000	0.0004413603325001	85884	1802062	4082972273	3214014
AL	NC_063228.1	10500001	10600000	0.000556081237002	85660	2238405	4025320135	3357498
AL	NC_063228.1	10600001	10700000	0.0004832341862768	82621	1848257	3824764581	3424272
AL	NC_063228.1	10700001	10800000	0.0006024825251195	85808	2397552	3979454839	3534050
AL	NC_063228.1	10800001	10900000	0.0006797544337668	83427	2659629	3912632074	3291642
AL	NC_063228.1	10900001	11000000	0.0005997214749836	83286	2457912	4098422522	2663832
AL	NC_063228.1	11000001	11100000	0.0004821958310443	84833	1943217	4029933224	3182066
AL	NC_063228.1	11100001	11200000	0.0005910694283205	85942	2440705	4129303400	3066700
AL	NC_063228.1	11200001	11300000	0.000701583501767	87163	3091370	4406275222	2421642
AL	NC_063228.1	11300001	11400000	0.000565407915405	83434	2311526	4088244853	2729082
AL	NC_063228.1	11400001	11500000	0.000548278610085	84761	2374965	4331675459	2202092
AL	NC_063228.1	11500001	11600000	0.0001806789947913	85427	756460	4186762279	2789784
AL	NC_063228.1	11600001	11700000	0.0002191721035727	85539	920629	4200484391	2762152
AL	NC_063228.1	11700001	11800000	0.0003444817629135	86384	1396393	4053605010	3399228
AL	NC_063228.1	11800001	11900000	0.0005463919272675	85156	2180802	3991277856	3367952
AL	NC_063228.1	11900001	12000000	0.0004872583019925	83280	1913337	3926740688	3215864
AL	NC_063228.1	12000001	12100000	0.000457722884403	84003	1826606	3990637266	3145570
AL	NC_063228.1	12100001	12200000	0.0002990590643783	84559	1175820	3931731688	3447894
AL	NC_063228.1	12200001	12300000	0.0002996175448098	83187	1171773	3910895808	3254758
AL	NC_063228.1	12300001	12400000	0.0001780524957239	82575	682770	3834655601	3383420
AL	NC_063228.1	12400001	12500000	0.0001586586379941	83062	601603	3791807415	3617966
AL	NC_063228.1	12500001	12600000	0.0003540261993841	81004	1328995	3753945336	3343632
AL	NC_063228.1	12600001	12700000	0.0002034343740266	82092	773145	3800463927	3399226
AL	NC_063228.1	12700001	12800000	0.0006686185598297	81660	2489790	3723782362	3569148
AL	NC_063228.1	12800001	12900000	0.0005525507619962	82501	2174109	3934677408	3039762
AL	NC_063228.1	12900001	13000000	0.0007700260774474	81642	2987551	3879804967	3057438
AL	NC_063228.1	13000001	13100000	0.0005585774185559	82604	2236888	4004615879	2832794
AL	NC_063228.1	13100001	13200000	0.0007503431779481	84486	3007211	4007780824	3183316
AL	NC_063228.1	13200001	13300000	0.0005558177477725	84724	2237214	4025085577	3174158
AL	NC_063228.1	13300001	13400000	0.0004733206043401	84228	1879312	3970484240	3251504
AL	NC_063228.1	13400001	13500000	0.0003183181055609	85363	1371548	4308733861	2384140
AL	NC_063228.1	13500001	13600000	0.0004224766187862	85577	1765978	4180060911	2839028
AL	NC_063228.1	13600001	13700000	0.000343495653891	86319	1556299	4530767660	1870262
AL	NC_063228.1	13700001	13800000	9.521988911821097e-05	83346	417165	4381070004	1786740
AL	NC_063228.1	13800001	13900000	0.0001259440879742	81235	530811	4214655952	1913174
AL	NC_063228.1	13900001	14000000	0.0002623761361506	80061	1092190	4162688025	1861680
AL	NC_063228.1	14000001	14100000	0.0003249640230826	82258	1384513	4260511631	1961174
AL	NC_063228.1	14100001	14200000	0.000235196902122	83396	1011866	4302208026	2040420
AL	NC_063228.1	14200001	14300000	0.0004502496383761	82359	1887535	4192196593	2192996
AL	NC_063228.1	14300001	14400000	0.0004317832479619	81969	1794039	4154952765	2235776
AL	NC_063228.1	14400001	14500000	0.0005067518522024	68135	1670634	3296749667	2375376
AL	NC_063228.1	14500001	14600000	0.0004457915842518	76368	1751190	3928270658	1904852
AL	NC_063228.1	14600001	14700000	0.0007663002852077	80094	3165585	4130998071	1959014
AL	NC_063228.1	14700001	14800000	0.0007031577565981	64709	2337755	3324652225	1630816
AL	NC_063228.1	14800001	14900000	0.0005642154047201	67522	1967395	3486957257	1649538
AL	NC_063228.1	14900001	15000000	0.0004284051723451	66181	1432700	3344264011	1846868
AL	NC_063228.1	15000001	15100000	0.0008307672940306	61337	2576693	3101582138	1706534
AL	NC_063228.1	15100001	15200000	0.000558438159506	74408	2176391	3897282023	1638898
AL	NC_063228.1	15200001	15300000	0.0006684776867494	78916	2767651	4140229442	1716068
AL	NC_063228.1	15300001	15400000	0.0004751788783393	75218	1864561	3923913888	1707828
AL	NC_063228.1	15400001	15500000	0.0005318110512607	78904	2214270	4163640441	1639222
AL	NC_063228.1	15500001	15600000	0.0003004000850098	73324	1144249	3809083476	1715360
AL	NC_063228.1	15600001	15700000	0.0001157462844658	74934	465295	4019956253	1355234
AL	NC_063228.1	15700001	15800000	0.0004033453526493	71193	1525217	3781417066	1403070
AL	NC_063228.1	15800001	15900000	0.0003436357562984	74718	1335722	3887028563	1728694
AL	NC_063228.1	15900001	16000000	3.473128115444891e-05	76011	138794	3996224596	1629630
AL	NC_063228.1	16000001	16100000	0.0004968363311246	76990	2015398	4056462609	1620474
AL	NC_063228.1	16100001	16200000	0.0002931644475152	81622	1240540	4231549939	1935166
AL	NC_063228.1	16200001	16300000	0.0005489357377776	80481	2323229	4232242210	1717902
AL	NC_063228.1	16300001	16400000	0.0007453269616428	71213	2592496	3478333850	2367150
AL	NC_063228.1	16400001	16500000	0.0005942577011326	75892	2251025	3787961007	2260146
AL	NC_063228.1	16500001	16600000	0.00067117041591	75255	2559053	3812821512	2058470
AL	NC_063228.1	16600001	16700000	0.0002532846501555	58269	749868	2960574198	1568998
AL	NC_063228.1	16700001	16800000	0.0	4	0	144727	306
AL	NC_063228.1	16800001	16900000	NA	0	NA	NA	NA
AL	NC_063228.1	16900001	17000000	0.0	12	0	469124	792
AL	NC_063228.1	17000001	17100000	NA	0	NA	NA	NA
AL	NC_063228.1	17100001	17200000	0.0	18	0	743406	1072
AL	NC_063228.1	17200001	17300000	0.0	5	0	212485	272
AL	NC_063229.1	1	100000	0.0002258940689342	3441	34585	153102736	165298
AL	NC_063229.1	100001	200000	0.0001221840908967	2072	11010	90109931	106762
AL	NC_063229.1	200001	300000	0.0002600360233112	4193	48120	185051284	205850
AL	NC_063229.1	300001	400000	0.0002506290990584	1706	18403	73427228	90084
AL	NC_063229.1	400001	500000	4.976389881340575e-05	1373	2871	57692425	77048
AL	NC_063229.1	500001	600000	0.0005253816436669	554	11648	22170550	34904
AL	NC_063229.1	600001	700000	6.866828994599782e-05	2087	6144	89473613	111868
AL	NC_063229.1	700001	800000	1.419879054061628e-05	886	532	37467980	49340
AL	NC_063229.1	800001	900000	0.0	1191	0	46195556	80494
AL	NC_063229.1	900001	1000000	0.0	842	0	39280930	34128
AL	NC_063229.1	1000001	1100000	0.0002424924195726	5861	61596	254012064	304906
AL	NC_063229.1	1100001	1200000	0.0004870022398932	43902	1057671	2171799046	1374984
AL	NC_063229.1	1200001	1300000	0.0004645264549587	71625	1713250	3688164542	1771038
AL	NC_063229.1	1300001	1400000	0.0003822845155828	82107	1561198	4083864076	2495198
AL	NC_063229.1	1400001	1500000	0.0003626883035174	85197	1584437	4368591390	2171934
AL	NC_063229.1	1500001	1600000	0.0003603716155594	85108	1529514	4244268788	2548624
AL	NC_063229.1	1600001	1700000	0.0004262482278037	82822	1749211	4103737883	2564902
AL	NC_063229.1	1700001	1800000	0.0005001189265955	83263	2241594	4482121913	1456668
AL	NC_063229.1	1800001	1900000	0.0004227509596642	78539	1722808	4075231435	1851592
AL	NC_063229.1	1900001	2000000	0.0004121591629135	80293	1740454	4222771581	1717112
AL	NC_063229.1	2000001	2100000	0.0006390278614393	76889	2553383	3995730318	1795974
AL	NC_063229.1	2100001	2200000	0.0006098135722612	72360	2267603	3718518418	1818308
AL	NC_063229.1	2200001	2300000	0.0006200411355236	71863	2245605	3621703257	2031164
AL	NC_063229.1	2300001	2400000	0.0006807519555393	69673	2441233	3586082978	1734606
AL	NC_063229.1	2400001	2500000	0.0004529490161294	62705	1479886	3267224229	1440168
AL	NC_063229.1	2500001	2600000	0.0002717097508669	7377	94101	346329124	294034
AL	NC_063229.1	2600001	2700000	4.882893846739439e-05	8673	19608	401565150	363470
AL	NC_063229.1	2700001	2800000	0.0	8497	0	375751662	413166
AL	NC_063229.1	2800001	2900000	0.000229848017073	73650	874059	3802769374	1791928
AL	NC_063229.1	2900001	3000000	0.000195143868289	79295	782233	4008493871	2201168
AL	NC_063229.1	3000001	3100000	0.0002752666466272	74610	1067641	3878570154	1739032
AL	NC_063229.1	3100001	3200000	0.0001884403882159	81615	770772	4090269646	2377434
AL	NC_063229.1	3200001	3300000	3.395146236812802e-05	41911	71349	2101500054	1223714
AL	NC_063229.1	3300001	3400000	0.0	13432	0	642064004	498176
AL	NC_063229.1	3400001	3500000	5.20399536545557e-06	19818	5109	981745686	620472
AL	NC_063229.1	3500001	3600000	0.0004981078672376	75656	2008076	4031407918	1450708
AL	NC_063229.1	3600001	3700000	0.0007862234783397	75525	3165401	4026083025	1440064
AL	NC_063229.1	3700001	3800000	0.0007580041255481	75901	3051917	4026253812	1507810
AL	NC_063229.1	3800001	3900000	0.0004013756292581	73341	1569306	3909818847	1397724
AL	NC_063229.1	3900001	4000000	0.0005971007247302	75941	2391030	4004399762	1584974
AL	NC_063229.1	4000001	4100000	0.0006827940366922	77751	2813054	4119915888	1567078
AL	NC_063229.1	4100001	4200000	0.0005214498096426	76273	2126406	4077872809	1422552
AL	NC_063229.1	4200001	4300000	0.0004680434252553	69740	1736647	3710439900	1354280
AL	NC_063229.1	4300001	4400000	0.000533256507848	77342	2187333	4101840236	1540516
AL	NC_063229.1	4400001	4500000	0.0005748141537497	78322	2367299	4118372842	1669520
AL	NC_063229.1	4500001	4600000	0.000621656487898	80415	2624007	4220991900	1744862
AL	NC_063229.1	4600001	4700000	0.0007071080557181	79548	3002602	4246312817	1503446
AL	NC_063229.1	4700001	4800000	0.000474651486313	81463	1934541	4075708295	2386072
AL	NC_063229.1	4800001	4900000	0.0007235977861353	82308	2934518	4055454641	2609470
AL	NC_063229.1	4900001	5000000	0.0002257562560817	82914	908761	4025407826	2819872
AL	NC_063229.1	5000001	5100000	2.503285316595331e-05	82767	101633	4059984666	2685058
AL	NC_063229.1	5100001	5200000	0.0002418068752578	81526	979149	4049301737	2482810
AL	NC_063229.1	5200001	5300000	0.0003122770419091	81098	1270142	4067356320	2346348
AL	NC_063229.1	5300001	5400000	0.0005497915804658	83190	2307283	4196650298	2329208
AL	NC_063229.1	5400001	5500000	0.000412072574516	82037	1716055	4164448464	2214706
AL	NC_063229.1	5500001	5600000	0.0005028041105784	80715	2121109	4218559386	1801146
AL	NC_063229.1	5600001	5700000	0.0007680042842416	81608	3301495	4298797634	1720444
AL	NC_063229.1	5700001	5800000	0.0007480929130562	83929	3291157	4399396041	1835392
AL	NC_063229.1	5800001	5900000	0.0007075866364674	86029	3131936	4426222654	2142934
AL	NC_063229.1	5900001	6000000	0.0007966563452784	83766	3335055	4186315743	2471870
AL	NC_063229.1	6000001	6100000	0.0006385362167757	85158	2623817	4109112265	2980754
AL	NC_063229.1	6100001	6200000	0.0004707468261368	84764	1935024	4110540725	2900542
AL	NC_063229.1	6200001	6300000	0.0006556546267211	84890	2692829	4107084569	2935546
AL	NC_063229.1	6300001	6400000	0.0005338178188635	82076	2161143	4048465457	2591662
AL	NC_063229.1	6400001	6500000	0.0003743134697279	84786	1558663	4164058005	2734834
AL	NC_063229.1	6500001	6600000	0.0008910856587782	85310	3734105	4190511836	2749516
AL	NC_063229.1	6600001	6700000	0.0008252291139123	83351	3492442	4232087721	2250692
AL	NC_063229.1	6700001	6800000	0.000558439753634	84207	2342615	4194928790	2524562
AL	NC_063229.1	6800001	6900000	0.0007675313362677	85017	3303033	4303450353	2339248
AL	NC_063229.1	6900001	7000000	0.0007170054225856	83870	3142154	4382329479	1880254
AL	NC_063229.1	7000001	7100000	0.0007715595202934	76132	3133364	4061078786	1446700
AL	NC_063229.1	7100001	7200000	0.000591000819531	82585	2542560	4302126014	1891102
AL	NC_063229.1	7200001	7300000	0.0006408411857994	82919	2822174	4403858651	1637320
AL	NC_063229.1	7300001	7400000	0.0006255445936766	84414	2722170	4351680164	2079484
AL	NC_063229.1	7400001	7500000	0.0004844687863043	85674	2141079	4419436423	2097254
AL	NC_063229.1	7500001	7600000	0.0005353404677263	83748	2386850	4458564491	1621754
AL	NC_063229.1	7600001	7700000	0.0006083521591399	85709	2746424	4514529880	1806410
AL	NC_063229.1	7700001	7800000	0.0006149739440623	83463	2728285	4436423732	1637846
AL	NC_063229.1	7800001	7900000	0.000726484810576	84158	3184707	4383721385	1928970
AL	NC_063229.1	7900001	8000000	0.0006459535982891	84815	2677946	4145725029	2801196
AL	NC_063229.1	8000001	8100000	0.0005235099817815	85741	2116074	4042089117	3316032
AL	NC_063229.1	8100001	8200000	0.0006307419338296	85460	2623732	4159755138	2880044
AL	NC_063229.1	8200001	8300000	0.0004897446699559	84751	2189871	4471454483	1765208
AL	NC_063229.1	8300001	8400000	0.0005699314213897	84662	2555056	4483093762	1714064
AL	NC_063229.1	8400001	8500000	0.0004767443170376	71170	1660889	3483814994	2343568
AL	NC_063229.1	8500001	8600000	0.0004954066325546	76447	1926609	3888944704	2047510
AL	NC_063229.1	8600001	8700000	0.0004693991692956	80968	1960002	4175554897	1988574
AL	NC_063229.1	8700001	8800000	0.0005968087978336	79241	2490858	4173628152	1674834
AL	NC_063229.1	8800001	8900000	0.0005370030604994	80034	2223923	4141360010	1924656
AL	NC_063229.1	8900001	9000000	0.0005672234739507	82346	2458833	4334857623	1747286
AL	NC_063229.1	9000001	9100000	0.0003857490701379	74047	1441433	3736711535	2077808
AL	NC_063229.1	9100001	9200000	0.0003889366436526	77028	1513780	3892099201	2148878
AL	NC_063229.1	9200001	9300000	0.0003057483804288	70604	1067888	3492702066	2206316
AL	NC_063229.1	9300001	9400000	0.0001333218489051	76792	524971	3937621660	1960624
AL	NC_063229.1	9400001	9500000	0.0001145895051814	79166	479268	4182477263	1632790
AL	NC_063229.1	9500001	9600000	0.0001468963159505	82976	615729	4191589122	2315436
AL	NC_063229.1	9600001	9700000	0.0004302881897717	76131	1658632	3854700267	2096368
AL	NC_063229.1	9700001	9800000	0.0004753678697451	80616	1983933	4173468857	1931198
AL	NC_063229.1	9800001	9900000	0.0005156896170938	76764	2046772	3968999825	1856038
AL	NC_063229.1	9900001	10000000	0.0004796007153089	82758	2088486	4354634873	1757186
AL	NC_063229.1	10000001	10100000	0.0003130076643125	80104	1297361	4144821830	1916108
AL	NC_063229.1	10100001	10200000	0.0003571418111932	81789	1557388	4360699171	1559220
AL	NC_063229.1	10200001	10300000	0.0003831383283089	83802	1682530	4391442661	1834250
AL	NC_063229.1	10300001	10400000	0.0003101326846604	82809	1364965	4401229111	1622508
AL	NC_063229.1	10400001	10500000	0.0005653719394637	84169	2407308	4257919136	2319106
AL	NC_063229.1	10500001	10600000	0.000372705368094	83268	1603345	4301910134	2018420
AL	NC_063229.1	10600001	10700000	0.0005106696398072	82706	2134298	4179410393	2299370
AL	NC_063229.1	10700001	10800000	0.0006439513095008	83452	2753313	4275654012	2132512
AL	NC_063229.1	10800001	10900000	0.0004402032482911	83980	1894223	4303064567	2143106
AL	NC_063229.1	10900001	11000000	0.0004167957748521	83341	1775944	4260945305	2159616
AL	NC_063229.1	11000001	11100000	0.0005278823941435	84544	2232136	4228472146	2488196
AL	NC_063229.1	11100001	11200000	0.0002893614293535	71468	1043638	3606693547	1998834
AL	NC_063229.1	11200001	11300000	0.0004426759635224	82132	1898916	4289629789	1843454
AL	NC_063229.1	11300001	11400000	0.0007083423086193	84668	3138718	4431075148	1872176
AL	NC_063229.1	11400001	11500000	0.0007237215452955	82780	3134353	4330882534	1836316
AL	NC_063229.1	11500001	11600000	0.0006780695018026	85095	3020346	4454330997	1882996
AL	NC_063229.1	11600001	11700000	0.0006306291900747	86648	2882485	4570808084	1809312
AL	NC_063229.1	11700001	11800000	0.0007336169197212	84451	3112633	4242858795	2432880
AL	NC_063229.1	11800001	11900000	0.0007295013176605	83639	3104765	4256010133	2239044
AL	NC_063229.1	11900001	12000000	0.0006659668986069	86197	2858568	4292357482	2593366
AL	NC_063229.1	12000001	12100000	0.0006863878039815	84738	2868066	4178492076	2680668
AL	NC_063229.1	12100001	12200000	0.0008457063393487	85028	3526082	4169392892	2765168
AL	NC_063229.1	12200001	12300000	0.0006517928243002	84634	2639041	4048895449	3073674
AL	NC_063229.1	12300001	12400000	0.0007236985049225	84335	2890030	3993417121	3199316
AL	NC_063229.1	12400001	12500000	0.0003995864750762	82905	1541251	3857115033	3371000
AL	NC_063229.1	12500001	12600000	0.0005880314371071	85660	2290338	3894924413	3779206
AL	NC_063229.1	12600001	12700000	0.0004241321886233	84893	1692602	3990741673	3321056
AL	NC_063229.1	12700001	12800000	0.0005391217656979	86103	2233257	4142398141	3056484
AL	NC_063229.1	12800001	12900000	0.0004236865918674	77708	1570388	3706485006	2866764
AL	NC_063229.1	12900001	13000000	0.0003440497719401	84478	1440668	4187382517	2609714
AL	NC_063229.1	13000001	13100000	0.0003875489774646	83401	1554501	4011108506	2972870
AL	NC_063229.1	13100001	13200000	0.0005195262992944	84430	2220378	4273851012	2321924
AL	NC_063229.1	13200001	13300000	0.0005294576580341	84939	2243951	4238206712	2533230
AL	NC_063229.1	13300001	13400000	0.0006436198908054	85997	2638139	4098908436	3183778
AL	NC_063229.1	13400001	13500000	0.0004740512919947	84955	1916125	4042020415	3157976
AL	NC_063229.1	13500001	13600000	0.0007270550773814	82655	3052754	4198793317	2226636
AL	NC_063229.1	13600001	13700000	0.0007667509004296	83383	3313456	4321424335	1981072
AL	NC_063229.1	13700001	13800000	0.0005246517235365	83347	2238258	4266178685	2149948
AL	NC_063229.1	13800001	13900000	0.0006243457749061	85591	2687454	4304432108	2447598
AL	NC_063229.1	13900001	14000000	0.0005462583923914	85323	2330421	4266151390	2511154
AL	NC_063229.1	14000001	14100000	0.0007480962186011	84591	3146636	4206191559	2564248
AL	NC_063229.1	14100001	14200000	0.000472046438748	79466	1952381	4135993495	1837286
AL	NC_063229.1	14200001	14300000	0.0005522550090647	80343	2240055	4056196799	2241640
AL	NC_063229.1	14300001	14400000	0.0004327024453726	78292	1672862	3866079376	2455792
AL	NC_063229.1	14400001	14500000	0.0005520871132494	79145	2205525	3994885856	2211130
AL	NC_063229.1	14500001	14600000	0.000189952918991	78678	771817	4063201577	1909322
AL	NC_063229.1	14600001	14700000	0.0004834803429171	80494	1966484	4067350470	2232848
AL	NC_063229.1	14700001	14800000	0.000555884578399	81937	2353591	4233956277	1985664
AL	NC_063229.1	14800001	14900000	0.0005230170205676	83062	2181736	4171443594	2390216
AL	NC_063229.1	14900001	15000000	0.0005933000231074	84332	2502995	4218767744	2474104
AL	NC_063229.1	15000001	15100000	0.0006459502499923	82640	2679795	4148608968	2379520
AL	NC_063229.1	15100001	15200000	0.0004776081117055	82289	2001787	4191275129	2185424
AL	NC_063229.1	15200001	15300000	0.0003104481106938	84538	1340043	4316479804	2207404
AL	NC_063229.1	15300001	15400000	0.0003700862368247	83080	1633993	4415168243	1632426
AL	NC_063229.1	15400001	15500000	0.000207918609544	83801	919680	4423269288	1736154
AL	NC_063229.1	15500001	15600000	0.0001745148372803	82641	747147	4281280673	1965248
AL	NC_063229.1	15600001	15700000	0.000760132331037	83407	3280469	4315655138	2002554
AL	NC_063229.1	15700001	15800000	0.0006369862984079	86142	2755991	4326609547	2477902
AL	NC_063229.1	15800001	15900000	0.0004765967552539	84116	2144587	4499793539	1561858
AL	NC_063229.1	15900001	16000000	0.0005294923600407	80073	2239943	4230359433	1654080
AL	NC_063229.1	16000001	16100000	0.0006166572909423	83267	2738911	4441544826	1590602
AL	NC_063229.1	16100001	16200000	0.0007117844140715	84448	3224433	4530069690	1526572
AL	NC_063229.1	16200001	16300000	0.0004195955263296	84595	1826516	4353039738	2111426
AL	NC_063229.1	16300001	16400000	0.0002873707068024	84906	1207493	4201865296	2644236
AL	NC_063229.1	16400001	16500000	0.0001434988347707	87774	593542	4136214771	3393086
AL	NC_063229.1	16500001	16600000	0.0002411749223905	85650	934198	3873528768	3851972
AL	NC_063229.1	16600001	16700000	0.0002592568672708	83042	974197	3757651669	3731594
AL	NC_063229.1	16700001	16800000	6.436476301451168e-05	74172	219292	3407019458	3177252
AL	NC_063229.1	16800001	16900000	4.576128602265638e-05	4082	9200	201043301	131458
AL	NC_063229.1	16900001	17000000	0.0	419	0	20561032	13774
AL	NC_063230.1	1	100000	0.0007499724424578	64671	2399636	3199632232	2018758
AL	NC_063230.1	100001	200000	0.0006745082095032	82495	2939465	4357938063	1700904
AL	NC_063230.1	200001	300000	0.0007192575627665	82957	2993770	4162305904	2402218
AL	NC_063230.1	300001	400000	0.0004443613815013	69765	1568559	3529917462	1929198
AL	NC_063230.1	400001	500000	0.0005157660717097	71597	1918287	3719296606	1676614
AL	NC_063230.1	500001	600000	0.0006335556070026	74139	2503841	3952046154	1418362
AL	NC_063230.1	600001	700000	0.0006136567972148	76837	2507028	4085391071	1502732
AL	NC_063230.1	700001	800000	0.0006812253636912	74943	2687737	3945444699	1592672
AL	NC_063230.1	800001	900000	0.0003009927114047	82602	1330452	4420213346	1525616
AL	NC_063230.1	900001	1000000	4.752246157704934e-05	81074	204116	4295147878	1629736
AL	NC_063230.1	1000001	1100000	4.830506603912593e-05	86045	213256	4414775043	2175412
AL	NC_063230.1	1100001	1200000	1.4724359423606698e-05	86676	63384	4304703395	2647058
AL	NC_063230.1	1200001	1300000	0.0003585628647882	85027	1565955	4367309484	2142862
AL	NC_063230.1	1300001	1400000	0.0002875498361567	78499	1144963	3981789784	2134422
AL	NC_063230.1	1400001	1500000	0.0003119690596256	83215	1294586	4149725622	2483946
AL	NC_063230.1	1500001	1600000	9.166335502531312e-05	81003	381182	4158499325	2046628
AL	NC_063230.1	1600001	1700000	0.0002035258464558	75327	797498	3918411415	1744104
AL	NC_063230.1	1700001	1800000	0.0004040228038881	69049	1438702	3560942566	1696086
AL	NC_063230.1	1800001	1900000	0.0002908874780217	47617	666712	2291992782	1697134
AL	NC_063230.1	1900001	2000000	0.000297028843521	66494	997905	3359623221	1857298
AL	NC_063230.1	2000001	2100000	0.0005436029083529	72472	2037969	3749003121	1748142
AL	NC_063230.1	2100001	2200000	0.0005055197485869	79285	2090147	4134649548	1800378
AL	NC_063230.1	2200001	2300000	0.0003446715222854	66151	1129480	3276975111	2056528
AL	NC_063230.1	2300001	2400000	6.036499589770459e-05	63808	200586	3322886004	1469560
AL	NC_063230.1	2400001	2500000	0.0006581688557046	69058	2376217	3610345551	1540878
AL	NC_063230.1	2500001	2600000	0.0006310080590991	70515	2387352	3783393834	1270522
AL	NC_063230.1	2600001	2700000	0.0005693976940045	65305	1976951	3472003875	1276412
AL	NC_063230.1	2700001	2800000	0.0007590430340003	58675	2384644	3141645326	1076826
AL	NC_063230.1	2800001	2900000	0.0003721160913624	69165	1380413	3709629957	1251000
AL	NC_063230.1	2900001	3000000	0.0005288614465552	70692	2018564	3816810647	1202450
AL	NC_063230.1	3000001	3100000	0.000497042631209	74666	1997308	4018383685	1306698
AL	NC_063230.1	3100001	3200000	0.0005391029068934	75578	2180126	4043988582	1394504
AL	NC_063230.1	3200001	3300000	0.000297562914584	70284	1092424	3671237061	1581926
AL	NC_063230.1	3300001	3400000	0.0004674021891771	72423	1787591	3824524235	1497008
AL	NC_063230.1	3400001	3500000	0.0004997829735096	74273	1927438	3856549947	1741708
AL	NC_063230.1	3500001	3600000	0.0001990521348764	62597	634983	3190033608	1653930
AL	NC_063230.1	3600001	3700000	NA	0	NA	NA	NA
AL	NC_063230.1	3700001	3800000	0.0020161347910534	20405	2112579	1047836191	517980
AL	NC_063230.1	3800001	3900000	NA	0	NA	NA	NA
AL	NC_063230.1	3900001	4000000	NA	0	NA	NA	NA
AL	NC_063230.1	4000001	4100000	NA	0	NA	NA	NA
AL	NC_063230.1	4100001	4200000	NA	0	NA	NA	NA
AL	NC_063230.1	4200001	4300000	NA	0	NA	NA	NA
AL	NC_063230.1	4300001	4400000	NA	0	NA	NA	NA
AL	NC_063230.1	4400001	4500000	0.0	13	0	439273	1112
AL	NC_063230.1	4500001	4600000	0.0003528330012102	41867	770584	2183990719	950600
AL	NC_063230.1	4600001	4700000	0.0002218707472527	70904	790544	3563083506	2038860
AL	NC_063230.1	4700001	4800000	0.0001447410069446	84283	593627	4101304893	2846340
AL	NC_063230.1	4800001	4900000	0.000289260532158	87652	1296934	4483618938	2264836
AL	NC_063230.1	4900001	5000000	0.0002075906362598	86771	927861	4469666921	2147724
AL	NC_063230.1	5000001	5100000	0.0008475758768512	69201	2974920	3509915845	1885200
AL	NC_063230.1	5100001	5200000	0.0002572456654017	86540	1138404	4425357365	2245206
AL	NC_063230.1	5200001	5300000	0.0002585232172295	85092	1081717	4184216070	2736060
AL	NC_063230.1	5300001	5400000	0.0003447606571967	86249	1445058	4191481742	2926694
AL	NC_063230.1	5400001	5500000	0.0003204486660325	84969	1327449	4142470045	2845920
AL	NC_063230.1	5500001	5600000	0.000292049269166	85330	1246635	4268577708	2512228
AL	NC_063230.1	5600001	5700000	0.0003575387196317	80586	1351771	3780768140	3183572
AL	NC_063230.1	5700001	5800000	0.0002422955923614	87607	1045470	4314853563	2786272
AL	NC_063230.1	5800001	5900000	0.0003984939481453	83981	1614024	4050309942	2958230
AL	NC_063230.1	5900001	6000000	0.0003566487356467	86884	1563614	4384184896	2433968
AL	NC_063230.1	6000001	6100000	0.0004387781603811	83714	1842610	4199411380	2422052
AL	NC_063230.1	6100001	6200000	0.0003522126005298	87275	1509704	4286342958	2823130
AL	NC_063230.1	6200001	6300000	0.0003722957159353	83690	1451375	3898446686	3390288
AL	NC_063230.1	6300001	6400000	0.0003987695742024	85965	1700330	4263941158	2648230
AL	NC_063230.1	6400001	6500000	0.000451964451751	80200	1879666	4158880179	1903578
AL	NC_063230.1	6500001	6600000	0.0005678363769763	69251	2025007	3566180474	1724346
AL	NC_063230.1	6600001	6700000	0.0002310965424531	82599	957655	4143960744	2395702
AL	NC_063230.1	6700001	6800000	0.0004804248229079	87671	1988095	4138202077	3371796
AL	NC_063230.1	6800001	6900000	0.0002952799679224	86783	1271944	4307586488	2653662
AL	NC_063230.1	6900001	7000000	0.0004308962302789	84529	1818206	4219591336	2511218
AL	NC_063230.1	7000001	7100000	0.0003081006109139	84370	1329709	4315827210	2184304
AL	NC_063230.1	7100001	7200000	0.0002023905911704	84076	845808	4179087551	2558618
AL	NC_063230.1	7200001	7300000	0.0003848114088874	83160	1574617	4091918700	2668840
AL	NC_063230.1	7300001	7400000	0.0003432016934811	84684	1379587	4019755806	3188844
AL	NC_063230.1	7400001	7500000	0.0003475591365315	85224	1456244	4189917188	2749656
AL	NC_063230.1	7500001	7600000	0.0004912832737958	87077	2187631	4452891268	2254858
AL	NC_063230.1	7600001	7700000	0.0004409947717795	83831	1866411	4232274665	2342420
AL	NC_063230.1	7700001	7800000	0.0003128758559054	84578	1248885	3991631110	3259392
AL	NC_063230.1	7800001	7900000	0.0003502204995024	88130	1498556	4278892875	3004710
AL	NC_063230.1	7900001	8000000	0.0005911663448041	84374	2428773	4108442609	2836210
AL	NC_063230.1	8000001	8100000	0.0004094903944723	86134	1629024	3978173901	3602394
AL	NC_063230.1	8100001	8200000	0.0002403518939628	85263	970615	4038308099	3234912
AL	NC_063230.1	8200001	8300000	7.734470694513264e-05	84048	319204	4127030958	2719076
AL	NC_063230.1	8300001	8400000	0.0001388074100851	83745	565007	4070438312	2842522
AL	NC_063230.1	8400001	8500000	0.0004010028799805	85457	1770937	4416270028	2066578
AL	NC_063230.1	8500001	8600000	0.0004639646665654	85712	2012112	4336778520	2362856
AL	NC_063230.1	8600001	8700000	0.0006372010855867	87056	2727964	4281166592	2792704
AL	NC_063230.1	8700001	8800000	0.0004738199355306	86838	2047436	4321126754	2621216
AL	NC_063230.1	8800001	8900000	0.0004823859544321	86208	2089588	4331776207	2469482
AL	NC_063230.1	8900001	9000000	0.0005608785717305	85149	2417344	4309923969	2340064
AL	NC_063230.1	9000001	9100000	0.0005967482488992	85391	2651613	4443436583	1967032
AL	NC_063230.1	9100001	9200000	0.0004890629774753	85774	2139758	4375219754	2250072
AL	NC_063230.1	9200001	9300000	0.0006687428832329	86143	2859414	4275804755	2632768
AL	NC_063230.1	9300001	9400000	0.0006334679508015	85582	2646275	4177441016	2840972
AL	NC_063230.1	9400001	9500000	0.0007228855801434	84574	2914978	4032419625	3116778
AL	NC_063230.1	9500001	9600000	0.0007297111902632	85791	3016120	4133306492	3026782
AL	NC_063230.1	9600001	9700000	0.0004102454442936	85361	1807122	4404977618	2088918
AL	NC_063230.1	9700001	9800000	0.0006820450578214	83527	2830936	4150658329	2540876
AL	NC_063230.1	9800001	9900000	0.0004153420964031	86497	1699975	4092951364	3294578
AL	NC_063230.1	9900001	10000000	0.0004267669927712	82706	1753637	4109120503	2528286
AL	NC_063230.1	10000001	10100000	0.0006873430573371	85447	3075785	4474890620	1885654
AL	NC_063230.1	10100001	10200000	0.0005787497909582	84875	2673089	4618729962	1331842
AL	NC_063230.1	10200001	10300000	0.0006308927494258	82080	2821678	4472516133	1268302
AL	NC_063230.1	10300001	10400000	0.0005959461797846	79520	2557569	4291610697	1360678
AL	NC_063230.1	10400001	10500000	0.0010666243071612	73824	4160763	3900870224	1522160
AL	NC_063230.1	10500001	10600000	0.000946359462491	71205	3462968	3659252258	1793622
AL	NC_063230.1	10600001	10700000	0.0007278357903394	74531	2833928	3893636501	1676716
AL	NC_063230.1	10700001	10800000	0.0004337731868981	76801	1728814	3985525275	1805644
AL	NC_063230.1	10800001	10900000	0.00049838979034	80209	2082100	4177653797	1837400
AL	NC_063230.1	10900001	11000000	0.0005893350921326	72355	2156474	3659164419	2009448
AL	NC_063230.1	11000001	11100000	0.0006253508781506	74424	2451359	3919973707	1570490
AL	NC_063230.1	11100001	11200000	0.0006825757449712	77359	2742536	4017921850	1809554
AL	NC_063230.1	11200001	11300000	0.0008141126882305	75924	3282082	4031483660	1499992
AL	NC_063230.1	11300001	11400000	0.001047654589395	73311	4002982	3820898644	1677542
AL	NC_063230.1	11400001	11500000	0.0009289744864317	75751	3636253	3914265734	1835922
AL	NC_063230.1	11500001	11600000	0.0007573069374853	83451	3325927	4391782031	1772960
AL	NC_063230.1	11600001	11700000	0.0004608509515218	81618	1956257	4244880028	1893780
AL	NC_063230.1	11700001	11800000	0.0010049508303109	77111	3991590	3971925670	1910610
AL	NC_063230.1	11800001	11900000	0.0005388767430343	82315	2314463	4294976597	1866556
AL	NC_063230.1	11900001	12000000	0.0003443804910123	83852	1413912	4105668111	2753346
AL	NC_063230.1	12000001	12100000	0.0002395841898529	84822	1037816	4331738253	2221394
AL	NC_063230.1	12100001	12200000	0.000237635469642	84516	1014713	4270040165	2352886
AL	NC_063230.1	12200001	12300000	0.0001401243773723	85023	620674	4429450547	1943512
AL	NC_063230.1	12300001	12400000	0.0002097044671894	85727	892352	4255283695	2623344
AL	NC_063230.1	12400001	12500000	0.0001756108680838	84091	782555	4456187755	1691752
AL	NC_063230.1	12500001	12600000	0.0001170815047623	85522	480101	4100570803	3083734
AL	NC_063230.1	12600001	12700000	0.0001841025040079	83988	795127	4318936368	2101008
AL	NC_063230.1	12700001	12800000	0.0004903424242139	83671	2130668	4345265461	1957452
AL	NC_063230.1	12800001	12900000	0.0004839055962955	83040	2029630	4194268501	2311950
AL	NC_063230.1	12900001	13000000	0.0004271272733105	83633	1803666	4222783495	2341764
AL	NC_063230.1	13000001	13100000	0.0005247275222153	84998	2203045	4198455211	2675726
AL	NC_063230.1	13100001	13200000	0.0007701094543995	86612	3372256	4378930788	2394936
AL	NC_063230.1	13200001	13300000	0.0006280123970535	84499	2794027	4448999754	1788186
AL	NC_063230.1	13300001	13400000	0.0007297870909279	84920	3349037	4589060346	1429532
AL	NC_063230.1	13400001	13500000	0.0007209103749538	84866	3260938	4523361174	1623552
AL	NC_063230.1	13500001	13600000	0.0008654456998873	80371	3754631	4338378480	1371926
AL	NC_063230.1	13600001	13700000	0.0005978524160706	84080	2559726	4281534926	2236124
AL	NC_063230.1	13700001	13800000	0.0005506668647823	83994	2348455	4264747255	2268686
AL	NC_063230.1	13800001	13900000	0.0004843527651553	84478	2068193	4270013818	2341312
AL	NC_063230.1	13900001	14000000	0.0006046248882175	84002	2558595	4231706385	2371090
AL	NC_063230.1	14000001	14100000	0.0005437499315476	78489	2161522	3975213374	2150086
AL	NC_063230.1	14100001	14200000	0.000107925913845	85628	458053	4244142891	2642466
AL	NC_063230.1	14200001	14300000	0.0002749130238749	85959	1201894	4371906369	2295076
AL	NC_063230.1	14300001	14400000	0.0005137028176004	84448	2205969	4294251315	2266634
AL	NC_063230.1	14400001	14500000	0.0002514330680968	83716	1073066	4267799809	2211518
AL	NC_063230.1	14500001	14600000	0.0005808555650282	84045	2468637	4250001461	2323224
AL	NC_063230.1	14600001	14700000	0.0002103338503075	84954	884699	4206165573	2636322
AL	NC_063230.1	14700001	14800000	0.0004151067970264	81645	1741082	4194298943	2055396
AL	NC_063230.1	14800001	14900000	0.0005360324426571	83393	2307973	4305659166	2031630
AL	NC_063230.1	14900001	15000000	0.0007751233719534	83700	3295458	4251527072	2257656
AL	NC_063230.1	15000001	15100000	0.0002271046526988	83256	954532	4203049073	2328262
AL	NC_063230.1	15100001	15200000	0.0002376830325996	85106	950544	3999208482	3328256
AL	NC_063230.1	15200001	15300000	0.0003402248089174	85066	1318180	3874438211	3733598
AL	NC_063230.1	15300001	15400000	0.0005005100821395	85468	1955779	3907571635	3701442
AL	NC_063230.1	15400001	15500000	0.0001053446861727	80440	446330	4236853478	1695388
AL	NC_063230.1	15500001	15600000	0.0001186458289401	13212	76589	645526275	442570
AL	NC_063231.1	1	100000	0.0002444142219101	37159	461101	1886555522	1009922
AL	NC_063231.1	100001	200000	0.0001506529544049	82858	589034	3909873539	3196046
AL	NC_063231.1	200001	300000	0.0001720178628241	87471	753928	4382847151	2549416
AL	NC_063231.1	300001	400000	8.418484687379819e-05	83372	363139	4313591026	2002708
AL	NC_063231.1	400001	500000	9.806551947017094e-05	75396	366934	3741722901	2321430
AL	NC_063231.1	500001	600000	0.000265833284122	68612	870675	3275267064	2522288
AL	NC_063231.1	600001	700000	5.220459535293282e-05	71870	187141	3584761049	2147658
AL	NC_063231.1	700001	800000	0.0002210171007726	69641	780795	3532735690	1906358
AL	NC_063231.1	800001	900000	0.0003297689431322	75533	1279025	3878548986	1912934
AL	NC_063231.1	900001	1000000	0.0001833136783188	77694	762012	4156874746	1435128
AL	NC_063231.1	1000001	1100000	8.242049011757834e-05	60834	245585	2979659544	2000708
AL	NC_063231.1	1100001	1200000	0.0003207635804397	51322	777612	2424252775	1981902
AL	NC_063231.1	1200001	1300000	0.0005815705966137	55003	1546965	2659978013	1916708
AL	NC_063231.1	1300001	1400000	0.0007359632280854	56762	1993703	2708970943	2093166
AL	NC_063231.1	1400001	1500000	0.0008586392240568	66432	2905244	3383544472	1765064
AL	NC_063231.1	1500001	1600000	0.0007014853306806	68875	2493968	3555267503	1682776
AL	NC_063231.1	1600001	1700000	0.0010061228136653	68433	3667436	3645117624	1319658
AL	NC_063231.1	1700001	1800000	0.0006424469929092	76593	2619630	4077581542	1477174
AL	NC_063231.1	1800001	1900000	0.0007088752297752	79825	2955017	4168599601	1792888
AL	NC_063231.1	1900001	2000000	0.0008312442377405	79529	3418494	4112502493	1912864
AL	NC_063231.1	2000001	2100000	0.0010338853212805	77372	4172102	4035362447	1753138
AL	NC_063231.1	2100001	2200000	0.000915840813415	78769	3721037	4062973549	1922896
AL	NC_063231.1	2200001	2300000	0.0005772723521124	78095	2361728	4091185021	1713164
AL	NC_063231.1	2300001	2400000	0.0007240227368957	78854	2978770	4114194000	1780724
AL	NC_063231.1	2400001	2500000	0.00071847912435	76144	2937048	4087868249	1365662
AL	NC_063231.1	2500001	2600000	0.0006031554750989	78166	2506464	4155585257	1528610
AL	NC_063231.1	2600001	2700000	0.0003338291218222	74003	1295898	3881920166	1615314
AL	NC_063231.1	2700001	2800000	0.0004140608261557	79863	1720225	4154522455	1847456
AL	NC_063231.1	2800001	2900000	0.0004846792911962	83067	2101487	4335829977	1871060
AL	NC_063231.1	2900001	3000000	0.0003363154396874	79474	1355436	4030252079	2169774
AL	NC_063231.1	3000001	3100000	0.0003156180509212	81701	1217182	3856503126	3139878
AL	NC_063231.1	3100001	3200000	0.0002441599846443	80483	944986	3870355748	2865798
AL	NC_063231.1	3200001	3300000	0.0002653062877899	78092	1014468	3823761617	2559766
AL	NC_063231.1	3300001	3400000	0.0003504769493643	84050	1520656	4338818866	2047048
AL	NC_063231.1	3400001	3500000	0.0002766320242592	82959	1071817	3874522492	3329246
AL	NC_063231.1	3500001	3600000	0.0002996450034581	81884	1189445	3969513879	2817642
AL	NC_063231.1	3600001	3700000	0.0004842266487818	73825	1760992	3636710215	2359772
AL	NC_063231.1	3700001	3800000	0.0001266872116122	7523	48720	384569203	195600
AL	NC_063231.1	3800001	3900000	NA	0	NA	NA	NA
AL	NC_063231.1	3900001	4000000	0.0001311675424381	66674	429997	3278227159	2147974
AL	NC_063231.1	4000001	4100000	4.964075114605033e-05	84342	203740	4104289224	2850228
AL	NC_063231.1	4100001	4200000	3.932077555222621e-05	85813	163109	4148163349	2990128
AL	NC_063231.1	4200001	4300000	3.40193352134706e-05	78747	132127	3883879540	2493230
AL	NC_063231.1	4300001	4400000	2.702423013946224e-05	85923	113474	4198972530	2854522
AL	NC_063231.1	4400001	4500000	4.715976659463237e-05	83931	190516	4039799468	2977798
AL	NC_063231.1	4500001	4600000	4.8604868770863366e-05	85086	207802	4275333012	2436532
AL	NC_063231.1	4600001	4700000	4.572581116503874e-05	84747	197840	4326659166	2216970
AL	NC_063231.1	4700001	4800000	5.06815351693606e-05	81474	205785	4060354512	2442068
AL	NC_063231.1	4800001	4900000	7.224010601900598e-05	80640	287042	3973443781	2567694
AL	NC_063231.1	4900001	5000000	2.9429130385005092e-05	80242	114362	3886013569	2770242
AL	NC_063231.1	5000001	5100000	4.728404498631301e-05	80967	176920	3741642663	3380448
AL	NC_063231.1	5100001	5200000	5.646873234598531e-05	85290	243066	4304435214	2389768
AL	NC_063231.1	5200001	5300000	0.0002187488087236	81510	894050	4087107972	2373268
AL	NC_063231.1	5300001	5400000	9.742929671130284e-05	83287	371972	3817866007	3580464
AL	NC_063231.1	5400001	5500000	0.0001571766544537	81457	628634	3999537986	2633334
AL	NC_063231.1	5500001	5600000	0.0003117280290831	79223	1204042	3862475901	2650908
AL	NC_063231.1	5600001	5700000	0.0007140236030429	75321	2561712	3587713332	2789482
AL	NC_063231.1	5700001	5800000	0.0004770519454166	79081	1788011	3748042571	2994548
AL	NC_063231.1	5800001	5900000	0.0004288579806209	73101	1485322	3463435606	2769230
AL	NC_063231.1	5900001	6000000	0.0003204738031778	76389	1160846	3622280475	2885364
AL	NC_063231.1	6000001	6100000	0.0003073707444736	85072	1236917	4024185848	3245360
AL	NC_063231.1	6100001	6200000	0.000330768901645	85186	1321301	3994634905	3362874
AL	NC_063231.1	6200001	6300000	0.0003428430987407	79306	1278024	3727722695	3101278
AL	NC_063231.1	6300001	6400000	0.0002591583286778	80538	1012832	3908159175	2758566
AL	NC_063231.1	6400001	6500000	0.0002671542558566	84636	1124690	4209889887	2567730
AL	NC_063231.1	6500001	6600000	0.0002690594439735	83136	1148436	4268335588	2105504
AL	NC_063231.1	6600001	6700000	0.0001960677271665	84464	830502	4235791438	2449004
AL	NC_063231.1	6700001	6800000	0.000152860033928	84671	694273	4541886994	1528450
AL	NC_063231.1	6800001	6900000	0.0001120481684951	78907	462194	4124958098	1764026
AL	NC_063231.1	6900001	7000000	7.90037187234313e-05	79211	330088	4178132439	1656904
AL	NC_063231.1	7000001	7100000	2.9306047313735063e-05	84418	128175	4373670684	2008636
AL	NC_063231.1	7100001	7200000	0.0004042223106249	79521	1697424	4199233826	1641414
AL	NC_063231.1	7200001	7300000	0.0003405266020582	84689	1505954	4422426885	1907472
AL	NC_063231.1	7300001	7400000	0.0005227314322495	84222	2208197	4224343255	2443622
AL	NC_063231.1	7400001	7500000	0.0006747652836963	85057	2967735	4398173812	2051802
AL	NC_063231.1	7500001	7600000	0.0006300517876893	86170	2739438	4347956872	2410220
AL	NC_063231.1	7600001	7700000	0.0004143191401948	85389	1804389	4355070343	2243684
AL	NC_063231.1	7700001	7800000	0.0004864628823161	81114	2031037	4175111964	2018548
AL	NC_063231.1	7800001	7900000	0.0005647075862434	82804	2433873	4309970433	1908062
AL	NC_063231.1	7900001	8000000	0.0005323008764288	80366	2233856	4196604024	1808900
AL	NC_063231.1	8000001	8100000	0.0003943415520404	80488	1601699	4061704864	2254176
AL	NC_063231.1	8100001	8200000	0.0007043681357253	80981	2918428	4143327689	2090320
AL	NC_063231.1	8200001	8300000	0.0006638654357532	83595	2881840	4341000216	1955222
AL	NC_063231.1	8300001	8400000	0.0006861988977446	81115	2874949	4189673008	1976230
AL	NC_063231.1	8400001	8500000	0.0006262860616459	76567	2576108	4113308850	1364394
AL	NC_063231.1	8500001	8600000	0.000558039243327	77817	2175315	3898139828	2270754
AL	NC_063231.1	8600001	8700000	0.0005750571568079	81692	2369277	4120072191	2299314
AL	NC_063231.1	8700001	8800000	0.000296416315551	82288	1299116	4382741205	1582254
AL	NC_063231.1	8800001	8900000	0.0007065000787862	79215	2949876	4175337114	1658698
AL	NC_063231.1	8900001	9000000	0.0008131526826286	81403	3573196	4394249784	1386486
AL	NC_063231.1	9000001	9100000	0.0005841656492363	79580	2463214	4216636160	1598296
AL	NC_063231.1	9100001	9200000	0.0006574882588591	19064	625134	950791123	573282
AL	NC_063231.1	9200001	9300000	0.0006394917668548	19193	639258	999634449	441296
AL	NC_063231.1	9300001	9400000	0.0004209284179943	85384	1805640	4289660481	2444526
AL	NC_063231.1	9400001	9500000	0.0006993922523382	83817	2914153	4166693283	2547372
AL	NC_063231.1	9500001	9600000	0.0006497529884398	83540	2700531	4156242523	2533338
AL	NC_063231.1	9600001	9700000	0.0006790494155474	82048	2839643	4181791391	2171226
AL	NC_063231.1	9700001	9800000	0.0004881094559	83963	1956691	4008713571	3078160
AL	NC_063231.1	9800001	9900000	0.0004577208981457	83363	1883733	4115462081	2633988
AL	NC_063231.1	9900001	10000000	0.0005036551367652	84106	2200413	4368888232	1958588
AL	NC_063231.1	10000001	10100000	0.0005658288181045	84922	2415193	4268416388	2424028
AL	NC_063231.1	10100001	10200000	0.0005309200625828	82837	2322256	4374021936	1712138
AL	NC_063231.1	10200001	10300000	0.0006183027260964	81106	2554411	4131327410	2153976
AL	NC_063231.1	10300001	10400000	0.0003260747630745	83272	1365887	4188876769	2372166
AL	NC_063231.1	10400001	10500000	0.0004080764163762	83918	1719242	4213039350	2422712
AL	NC_063231.1	10500001	10600000	0.000295737153043	84544	1223640	4137593087	2784530
AL	NC_063231.1	10600001	10700000	0.0001919494496592	84574	817344	4258121091	2404430
AL	NC_063231.1	10700001	10800000	0.0003885884665005	83908	1707451	4393982702	1845612
AL	NC_063231.1	10800001	10900000	0.0003068315875447	80759	1335133	4351354470	1400826
AL	NC_063231.1	10900001	11000000	0.0005332092178619	78442	2257038	4232931323	1338214
AL	NC_063231.1	11000001	11100000	0.0006763558365606	76567	2793948	4130884734	1313642
AL	NC_063231.1	11100001	11200000	0.0005874224812225	76982	2455470	4180074952	1234812
AL	NC_063231.1	11200001	11300000	0.000626586241949	77880	2644236	4220067124	1275096
AL	NC_063231.1	11300001	11400000	0.0005421791259756	74157	2174183	4010082454	1239558
AL	NC_063231.1	11400001	11500000	0.0005771686327385	72352	2258589	3913222015	1208818
AL	NC_063231.1	11500001	11600000	0.000967487821073	74251	3771317	3898051136	1608790
AL	NC_063231.1	11600001	11700000	0.0006081831372283	83219	2614586	4299011005	2014468
AL	NC_063231.1	11700001	11800000	0.0007524462097864	78992	3129230	4158742458	1678204
AL	NC_063231.1	11800001	11900000	0.0008031868575542	78590	3355271	4177447587	1539454
AL	NC_063231.1	11900001	12000000	0.0007749397184608	74304	2961704	3821850822	1861708
AL	NC_063231.1	12000001	12100000	0.0007269892415307	64787	2366602	3255346661	1869060
AL	NC_063231.1	12100001	12200000	0.0008007095597877	71454	2985636	3728737797	1621738
AL	NC_063231.1	12200001	12300000	0.0006828877850227	78914	2873801	4208306347	1502614
AL	NC_063231.1	12300001	12400000	0.000483093764747	84568	2137024	4423621574	1876132
AL	NC_063231.1	12400001	12500000	0.0005837677906228	83232	2474410	4238688807	2202674
AL	NC_063231.1	12500001	12600000	0.0004969363850439	83283	2058725	4142834097	2523948
AL	NC_063231.1	12600001	12700000	0.0004294038248584	80022	1724246	4015441643	2314046
AL	NC_063231.1	12700001	12800000	0.0002480634986545	19701	247661	998377437	546144
AL	NC_063232.1	1	100000	2.1363140684102533e-05	58959	62963	2947272638	1747434
AL	NC_063232.1	100001	200000	1.3821250479152477e-05	85143	56229	4068300483	3120512
AL	NC_063232.1	200001	300000	6.556403009088764e-05	86866	293405	4475090985	2148650
AL	NC_063232.1	300001	400000	3.717604808032869e-05	84925	170399	4583569497	1448008
AL	NC_063232.1	400001	500000	0.0001147800973059	81599	498064	4339288881	1595756
AL	NC_063232.1	500001	600000	6.009082111196071e-05	83830	269554	4485776613	1555474
AL	NC_063232.1	600001	700000	0.0001800902745006	83294	786148	4365299582	1829816
AL	NC_063232.1	700001	800000	0.0002437200471157	85958	1092259	4481613281	1957882
AL	NC_063232.1	800001	900000	0.0003956410085861	83783	1771022	4476335773	1570716
AL	NC_063232.1	900001	1000000	0.0003323959081623	84304	1505160	4528214587	1507306
AL	NC_063232.1	1000001	1100000	0.0003977246862558	83786	1786681	4492255728	1518940
AL	NC_063232.1	1100001	1200000	0.0005941156642459	79757	2572719	4330333561	1285248
AL	NC_063232.1	1200001	1300000	0.0004358662595595	78323	1800350	4130510129	1637468
AL	NC_063232.1	1300001	1400000	0.000414730431345	79647	1711943	4127845151	1894896
AL	NC_063232.1	1400001	1500000	0.0005168349229686	80297	2185280	4228197250	1694558
AL	NC_063232.1	1500001	1600000	0.0003099922647577	76476	1248324	4026952095	1620666
AL	NC_063232.1	1600001	1700000	0.0006096230199935	81958	2710082	4445504699	1331614
AL	NC_063232.1	1700001	1800000	0.0004740414104828	82582	2067440	4361306743	1706126
AL	NC_063232.1	1800001	1900000	0.0004960547644727	77526	2048189	4128957419	1496758
AL	NC_063232.1	1900001	2000000	0.0006055743500081	83219	2504433	4135632561	2534076
AL	NC_063232.1	2000001	2100000	0.0007671375693621	80667	3194995	4164826659	1966584
AL	NC_063232.1	2100001	2200000	0.0005009403078547	83409	2107394	4206876482	2343118
AL	NC_063232.1	2200001	2300000	0.0007464270891496	82893	3174932	4253505863	2098652
AL	NC_063232.1	2300001	2400000	0.0007006787666502	78561	2865995	4090312332	1807818
AL	NC_063232.1	2400001	2500000	0.0007373944701927	81427	3008874	4080413024	2383238
AL	NC_063232.1	2500001	2600000	0.0006665764040929	84287	2760165	4140808140	2721566
AL	NC_063232.1	2600001	2700000	0.0004740283094585	82536	1954255	4122654620	2451536
AL	NC_063232.1	2700001	2800000	0.0007139639506962	84797	3052023	4274757846	2389694
AL	NC_063232.1	2800001	2900000	0.0007536998148344	81460	3164444	4198546872	2011632
AL	NC_063232.1	2900001	3000000	0.0004555710322981	81554	1833103	4023747934	2579952
AL	NC_063232.1	3000001	3100000	0.000520097822417	78665	2166560	4165677891	1590052
AL	NC_063232.1	3100001	3200000	0.0005061022044946	80201	2121267	4191380676	1796090
AL	NC_063232.1	3200001	3300000	0.0003626318394037	84139	1600845	4414518600	1828726
AL	NC_063232.1	3300001	3400000	0.0005357022250096	84524	2315752	4322834388	2191408
AL	NC_063232.1	3400001	3500000	0.0005085494509109	85415	2130257	4188888605	2782980
AL	NC_063232.1	3500001	3600000	0.0002876193760239	84529	1239609	4309893920	2228434
AL	NC_063232.1	3600001	3700000	0.0002600515951375	83817	1107323	4258089628	2263354
AL	NC_063232.1	3700001	3800000	0.0003348014818576	85654	1421318	4245256001	2642242
AL	NC_063232.1	3800001	3900000	0.0003954527816108	79507	1600995	4048511161	2116660
AL	NC_063232.1	3900001	4000000	0.00017239427146	85729	732582	4249456747	2645124
AL	NC_063232.1	4000001	4100000	0.0005567737668293	87585	2448117	4396969013	2520400
AL	NC_063232.1	4100001	4200000	0.0005011892587022	76782	1875250	3741600538	2577752
AL	NC_063232.1	4200001	4300000	0.0006948507801471	72159	2489624	3582962085	2210036
AL	NC_063232.1	4300001	4400000	0.0006388317760502	78959	2564182	4013861076	2120918
AL	NC_063232.1	4400001	4500000	0.0005826911221015	78033	2314855	3972696532	2080074
AL	NC_063232.1	4500001	4600000	0.0005883834062641	75904	2159473	3670179983	2635514
AL	NC_063232.1	4600001	4700000	0.0005090319426907	82259	2159050	4241482349	2021876
AL	NC_063232.1	4700001	4800000	0.0004513478674153	75284	1753725	3885528495	1847018
AL	NC_063232.1	4800001	4900000	0.0003339283800545	78887	1333863	3994458332	2169414
AL	NC_063232.1	4900001	5000000	0.0005947938236187	81041	2504791	4211192014	1891758
AL	NC_063232.1	5000001	5100000	0.0003971549355988	85050	1714860	4317861485	2302034
AL	NC_063232.1	5100001	5200000	0.000364379518795	83564	1530972	4201586316	2389536
AL	NC_063232.1	5200001	5300000	0.0003685540390355	76933	1481087	4018642704	1725770
AL	NC_063232.1	5300001	5400000	0.0006173760419453	80927	2534314	4104976267	2205000
AL	NC_063232.1	5400001	5500000	0.0004296181287365	81901	1816876	4229048726	1997286
AL	NC_063232.1	5500001	5600000	0.0008215022065042	72065	3015360	3670544006	1914510
AL	NC_063232.1	5600001	5700000	0.0008628074683899	74922	3459860	4010002378	1380888
AL	NC_063232.1	5700001	5800000	0.0005638752198062	81949	2411171	4276071931	1848116
AL	NC_063232.1	5800001	5900000	0.000501139864626	84543	2207503	4404963875	1932440
AL	NC_063232.1	5900001	6000000	0.0005502613070857	81146	2292853	4166843953	2042562
AL	NC_063232.1	6000001	6100000	0.0003723026299009	83242	1608186	4319566586	1962880
AL	NC_063232.1	6100001	6200000	0.0002754281536207	74679	1050079	3812533273	1959500
AL	NC_063232.1	6200001	6300000	0.0004204804145272	78905	1714233	4076843869	1911208
AL	NC_063232.1	6300001	6400000	0.000396160565392	78145	1624891	4101597034	1697478
AL	NC_063232.1	6400001	6500000	0.0005038391061134	81659	2062578	4093723522	2370466
AL	NC_063232.1	6500001	6600000	0.0003939234617711	83264	1616248	4102949321	2643374
AL	NC_063232.1	6600001	6700000	0.0001364604932353	84868	570769	4182668452	2692496
AL	NC_063232.1	6700001	6800000	0.0004057796407671	85836	1725521	4252359721	2651918
AL	NC_063232.1	6800001	6900000	0.0004681551019757	85700	2045645	4369588180	2252272
AL	NC_063232.1	6900001	7000000	0.0003712759556464	87791	1626060	4379653396	2613158
AL	NC_063232.1	7000001	7100000	0.0004696753443231	83055	1948642	4148912698	2466378
AL	NC_063232.1	7100001	7200000	0.0003671629742407	85208	1652820	4501597699	1751234
AL	NC_063232.1	7200001	7300000	0.0002848420103056	82303	1262542	4432429046	1434354
AL	NC_063232.1	7300001	7400000	0.0002562960381128	84859	1060613	4138234082	2839658
AL	NC_063232.1	7400001	7500000	0.0002865071505872	86322	1214127	4237684810	2794376
AL	NC_063232.1	7500001	7600000	0.0002336978739697	84112	955278	4087662347	2848714
AL	NC_063232.1	7600001	7700000	0.0003565201110825	85215	1515025	4249479771	2543528
AL	NC_063232.1	7700001	7800000	0.0003151686905616	86261	1371766	4352481833	2414976
AL	NC_063232.1	7800001	7900000	0.0004955622779951	80977	2030733	4097836115	2233100
AL	NC_063232.1	7900001	8000000	0.0005257287527544	75463	2103219	4000578224	1512630
AL	NC_063232.1	8000001	8100000	0.0006522498322571	76657	2652861	4067246734	1525246
AL	NC_063232.1	8100001	8200000	0.000293303401668	73257	1081267	3686513671	2088060
AL	NC_063232.1	8200001	8300000	0.0008465802943408	79737	3221631	3805464197	2943200
AL	NC_063232.1	8300001	8400000	0.0004105204655079	81139	1702525	4147235383	2103200
AL	NC_063232.1	8400001	8500000	0.0006156997207148	77547	2340826	3801895504	2526654
AL	NC_063232.1	8500001	8600000	0.0007330816549678	75467	2715964	3704858772	2447046
AL	NC_063232.1	8600001	8700000	0.000468091582754	82092	1879742	4015756893	2699870
AL	NC_063232.1	8700001	8800000	0.0005307999805703	84243	2166257	4081117331	2897360
AL	NC_063232.1	8800001	8900000	0.0004633157957083	85135	2003449	4324154321	2293692
AL	NC_063232.1	8900001	9000000	0.0004514473237098	78925	1844642	4086062544	1882482
AL	NC_063232.1	9000001	9100000	0.0004396603731648	81080	1874536	4263600075	1728274
AL	NC_063232.1	9100001	9200000	0.0003216434381944	85312	1410845	4386363384	2132408
AL	NC_063232.1	9200001	9300000	0.0004566709949565	76665	1813908	3972023667	1820524
AL	NC_063232.1	9300001	9400000	5.0211635251706216e-05	83666	221117	4403700435	1772582
AL	NC_063232.1	9400001	9500000	8.003198345399536e-05	80928	338029	4223673904	1829448
AL	NC_063232.1	9500001	9600000	6.374847774984557e-05	83333	269294	4224320478	2270502
AL	NC_063232.1	9600001	9700000	6.000723527675728e-05	83697	257444	4290215985	2133520
AL	NC_063232.1	9700001	9800000	0.0001848565396025	81219	794666	4298825466	1646666
AL	NC_063232.1	9800001	9900000	0.0005845930108353	79676	2475002	4233718081	1567062
AL	NC_063232.1	9900001	10000000	0.0004682450376525	74646	1845878	3942119727	1540470
AL	NC_063232.1	10000001	10100000	0.0006483359410018	73821	2586397	3989285240	1241866
AL	NC_063232.1	10100001	10200000	0.0008984092965302	67335	3265979	3635290744	1145062
AL	NC_063232.1	10200001	10300000	0.000483939934062	68109	1764260	3645617722	1258422
AL	NC_063232.1	10300001	10400000	0.0004462454859514	67437	1569293	3516658542	1534582
AL	NC_063232.1	10400001	10500000	0.0002854510327148	67847	1018254	3567175744	1453838
AL	NC_063232.1	10500001	10600000	0.0006159292939477	64157	1943559	3155490442	2065694
AL	NC_063232.1	10600001	10700000	0.0006414113733019	71916	2359359	3678386599	1867730
AL	NC_063232.1	10700001	10800000	9.200473017391048e-05	78035	382427	4156601506	1501850
AL	NC_063232.1	10800001	10900000	1.580364476883157e-05	79105	66493	4207447141	1542328
AL	NC_063232.1	10900001	11000000	1.2957066648645929e-05	78062	53806	4152637434	1516544
AL	NC_063232.1	11000001	11100000	1.721562483176034e-05	75719	67634	3928640445	1784012
AL	NC_063232.1	11100001	11200000	1.5911259611680204e-05	80711	66327	4168557463	1960960
AL	NC_063232.1	11200001	11300000	1.5018586835043623e-05	27948	22632	1506932726	482868
AL	NC_063232.1	11300001	11400000	0.0	5	0	276064	66
AL	NC_063232.1	11400001	11500000	NA	0	NA	NA	NA
AL	NC_063232.1	11500001	11600000	NA	0	NA	NA	NA
AL	NC_063232.1	11600001	11700000	NA	0	NA	NA	NA
AL	NC_063232.1	11700001	11800000	NA	0	NA	NA	NA
AL	NC_063232.1	11800001	11900000	0.0	3	0	102056	254
AL	NC_063232.1	11900001	12000000	NA	0	NA	NA	NA
AL	NC_063232.1	12000001	12100000	NA	0	NA	NA	NA
AL	NC_063232.1	12100001	12200000	NA	0	NA	NA	NA
AL	NC_063232.1	12200001	12300000	NA	0	NA	NA	NA
AL	NC_063232.1	12300001	12400000	NA	0	NA	NA	NA
AL	NC_063232.1	12400001	12500000	NA	0	NA	NA	NA
AL	NC_063232.1	12500001	12600000	NA	0	NA	NA	NA
AL	NC_063232.1	12600001	12700000	NA	0	NA	NA	NA
AL	NC_063232.1	12700001	12800000	0.0	1	0	33670	86
AL	NC_063232.1	12800001	12900000	0.0	7	0	383961	100
AL	NC_063232.1	12900001	13000000	NA	0	NA	NA	NA
AL	NC_063232.1	13000001	13100000	NA	0	NA	NA	NA
AL	NC_063232.1	13100001	13200000	NA	0	NA	NA	NA
AL	NC_063232.1	13200001	13300000	NA	0	NA	NA	NA
AL	NC_063232.1	13300001	13400000	0.0002418124013727	1523	19984	82642577	24628
AL	NC_063232.1	13400001	13500000	4.233287546812879e-05	50277	114248	2698800843	907908
AL	NC_063232.1	13500001	13600000	0.0001410694534002	14576	107254	760292164	331792
AL	NC_063232.1	13600001	13700000	7.432253430578391e-05	20366	75433	1014941171	611374
AL	NC_063232.1	13700001	13800000	0.0	196	0	9888188	5616
AL	NC_063232.1	13800001	13900000	2.8149267956410797e-06	6310	875	310842897	204570
AL	NC_063233.1	1	100000	4.154701830747747e-05	66141	130351	3137433330	2502446
AL	NC_063233.1	100001	200000	3.844026075742155e-05	83304	150489	3914879791	3271962
AL	NC_063233.1	200001	300000	2.5391043410234068e-05	85955	107701	4241692563	2711792
AL	NC_063233.1	300001	400000	0.0002159303183346	85494	969777	4491157182	1844080
AL	NC_063233.1	400001	500000	0.0002175167322736	83543	989805	4550477518	1298770
AL	NC_063233.1	500001	600000	0.0005149631543561	81127	2278972	4425504972	1245054
AL	NC_063233.1	600001	700000	0.0006298018079637	83043	2830163	4493735909	1384500
AL	NC_063233.1	700001	800000	0.0002828642978878	82153	1243616	4396511010	1522374
AL	NC_063233.1	800001	900000	0.0002342543265284	81256	1007790	4302119047	1648778
AL	NC_063233.1	900001	1000000	0.0002518507064149	84343	1079150	4284879782	2272674
AL	NC_063233.1	1000001	1100000	0.0003976313581113	80934	1721361	4329037348	1505116
AL	NC_063233.1	1100001	1200000	0.0003576950857487	83478	1567548	4382358222	1807280
AL	NC_063233.1	1200001	1300000	0.0002028083548811	85826	914549	4509424676	1851332
AL	NC_063233.1	1300001	1400000	0.0003190235048961	84673	1327629	4161539760	2732066
AL	NC_063233.1	1400001	1500000	0.0004990566776671	85417	2233640	4475724101	1879392
AL	NC_063233.1	1500001	1600000	0.0005279303813723	87375	2321314	4397007791	2488648
AL	NC_063233.1	1600001	1700000	0.0004323185038286	85025	1857098	4295670862	2368830
AL	NC_063233.1	1700001	1800000	0.0005112341566175	80645	2131495	4169312579	1948324
AL	NC_063233.1	1800001	1900000	0.0004606745120353	82897	1989423	4318500260	1905106
AL	NC_063233.1	1900001	2000000	0.0005041017150433	83847	2245452	4454362945	1650836
AL	NC_063233.1	2000001	2100000	0.0003785460626647	86464	1674911	4424589674	2230740
AL	NC_063233.1	2100001	2200000	0.0002828749087074	83479	1188368	4201037149	2381204
AL	NC_063233.1	2200001	2300000	0.0008001148344746	78362	3336252	4169716466	1525080
AL	NC_063233.1	2300001	2400000	0.0005366520636828	79495	2215377	4128144006	1862626
AL	NC_063233.1	2400001	2500000	0.0004744453765616	79486	2027645	4273716428	1410932
AL	NC_063233.1	2500001	2600000	0.0003118544972176	82425	1285611	4122470612	2429250
AL	NC_063233.1	2600001	2700000	0.000578904022868	83655	2585799	4466714512	1573142
AL	NC_063233.1	2700001	2800000	0.0006138252853905	78344	2478825	4038323378	1933764
AL	NC_063233.1	2800001	2900000	0.0008006876815789	76877	3221259	4023115472	1706394
AL	NC_063233.1	2900001	3000000	0.000711795420232	76964	2912699	4092045154	1503068
AL	NC_063233.1	3000001	3100000	0.000727184870292	76090	2962209	4073529471	1398126
AL	NC_063233.1	3100001	3200000	0.0007823491906661	79751	3301792	4220355871	1615720
AL	NC_063233.1	3200001	3300000	0.0007431932592959	78492	3101152	4172739676	1532408
AL	NC_063233.1	3300001	3400000	0.0007533326894534	73851	2938772	3901028113	1524652
AL	NC_063233.1	3400001	3500000	0.0007491121111027	80341	3216551	4293817911	1501476
AL	NC_063233.1	3500001	3600000	0.0007529503387061	80504	3193347	4241112376	1696160
AL	NC_063233.1	3600001	3700000	0.0005155150691871	79105	2166453	4202501788	1554138
AL	NC_063233.1	3700001	3800000	0.0004968810820933	77877	2060093	4146048369	1506008
AL	NC_063233.1	3800001	3900000	0.0005843887177497	82015	2501211	4280046695	1857328
AL	NC_063233.1	3900001	4000000	0.0005842044931902	81306	2526077	4323960239	1587302
AL	NC_063233.1	4000001	4100000	0.0004069142051858	80049	1628046	4000956416	2373650
AL	NC_063233.1	4100001	4200000	0.000485870075702	83988	2062378	4244710887	2327914
AL	NC_063233.1	4200001	4300000	0.0006759449501824	81482	2833003	4191174147	2035742
AL	NC_063233.1	4300001	4400000	0.000598197043827	84353	2634328	4403779703	1904916
AL	NC_063233.1	4400001	4500000	0.0004584793200082	84399	1873054	4085362018	2918562
AL	NC_063233.1	4500001	4600000	0.0004662319524323	84810	2021750	4336360881	2196378
AL	NC_063233.1	4600001	4700000	0.0005011023772589	84401	2211406	4413082237	1879440
AL	NC_063233.1	4700001	4800000	0.0003671489539762	83487	1575262	4290525638	2098482
AL	NC_063233.1	4800001	4900000	0.0004574560757088	82365	1911568	4178691904	2235058
AL	NC_063233.1	4900001	5000000	0.0003634651235036	79945	1489999	4099427713	2036608
AL	NC_063233.1	5000001	5100000	0.0009120834580696	78818	3617807	3966530659	2245502
AL	NC_063233.1	5100001	5200000	0.000733238465647	84845	3010416	4105643854	2933806
AL	NC_063233.1	5200001	5300000	0.0007851034786242	84666	3446815	4390268409	2000826
AL	NC_063233.1	5300001	5400000	0.0006557447372102	76853	2644748	4033197447	1669940
AL	NC_063233.1	5400001	5500000	0.0006101789496977	83225	2690511	4409380234	1676086
AL	NC_063233.1	5500001	5600000	0.0003820942370001	86392	1700333	4450035712	2132880
AL	NC_063233.1	5600001	5700000	0.0002706391155453	87483	1222271	4516239264	2133150
AL	NC_063233.1	5700001	5800000	0.0001113541184889	84787	467445	4197824080	2633366
AL	NC_063233.1	5800001	5900000	0.0002081741982216	85359	894697	4297828490	2420842
AL	NC_063233.1	5900001	6000000	0.0001310236286383	84762	572808	4371791607	2077006
AL	NC_063233.1	6000001	6100000	0.000171327284718	78298	679455	3965830668	2156204
AL	NC_063233.1	6100001	6200000	7.731715030692318e-05	85319	340029	4397847032	2099814
AL	NC_063233.1	6200001	6300000	0.0002777390617342	87348	1237248	4454713688	2292600
AL	NC_063233.1	6300001	6400000	0.0003592546677964	83901	1543275	4295768819	2152028
AL	NC_063233.1	6400001	6500000	0.0004074862531032	82743	1707989	4191525449	2277172
AL	NC_063233.1	6500001	6600000	0.0005162658659429	79593	2050991	3972741828	2367258
AL	NC_063233.1	6600001	6700000	0.0004819336108506	82997	1943124	4031932939	2811988
AL	NC_063233.1	6700001	6800000	0.0002561246429159	82101	1045972	4083839759	2481708
AL	NC_063233.1	6800001	6900000	0.0004617771841813	79516	1837423	3979025086	2329748
AL	NC_063233.1	6900001	7000000	0.0006320343390383	73504	2359856	3733746498	1980996
AL	NC_063233.1	7000001	7100000	0.0005131711924964	82414	2129676	4150030304	2333500
AL	NC_063233.1	7100001	7200000	0.0003272517652383	78816	1283592	3922337895	2376146
AL	NC_063233.1	7200001	7300000	0.0004322292979214	80031	1708359	3952436839	2510688
AL	NC_063233.1	7300001	7400000	0.0004250773910212	79143	1706916	4015541725	2143644
AL	NC_063233.1	7400001	7500000	0.0007230912978509	81234	3013717	4167823633	2052898
AL	NC_063233.1	7500001	7600000	0.0006246954915476	80994	2647575	4238184901	1790666
AL	NC_063233.1	7600001	7700000	0.0003298464099025	79766	1411825	4280249709	1435378
AL	NC_063233.1	7700001	7800000	0.0002925556599167	81055	1287700	4401555589	1298452
AL	NC_063233.1	7800001	7900000	0.0005861147992862	80016	2525650	4309138761	1393542
AL	NC_063233.1	7900001	8000000	0.0003961586282281	83434	1758210	4438146426	1621144
AL	NC_063233.1	8000001	8100000	0.0003512690226349	85715	1546741	4403294627	2150080
AL	NC_063233.1	8100001	8200000	0.0003677449778956	84082	1567940	4263661217	2286234
AL	NC_063233.1	8200001	8300000	0.0005551821027591	82388	2289311	4123531700	2408928
AL	NC_063233.1	8300001	8400000	0.0004711220875705	80736	1950302	4139695530	2048548
AL	NC_063233.1	8400001	8500000	0.0004512869670408	78714	1830113	4055319860	1938892
AL	NC_063233.1	8500001	8600000	0.0002861834661407	79315	1171756	4094422420	1927982
AL	NC_063233.1	8600001	8700000	0.0002626620755978	73854	1023539	3896790192	1533916
AL	NC_063233.1	8700001	8800000	0.0004613136334806	74453	1840984	3990742667	1354620
AL	NC_063233.1	8800001	8900000	0.0003130200678504	64797	1001722	3200184598	2042574
AL	NC_063233.1	8900001	9000000	0.0007968778296643	69712	2903704	3643850904	1562016
AL	NC_063233.1	9000001	9100000	0.0005255181838322	76435	2125205	4044018010	1552914
AL	NC_063233.1	9100001	9200000	0.000807307792693	74853	3244588	4019022273	1339776
AL	NC_063233.1	9200001	9300000	0.0004674435877535	78514	1963810	4201170048	1451044
AL	NC_063233.1	9300001	9400000	0.000504625003637	78581	2111753	4184796601	1514424
AL	NC_063233.1	9400001	9500000	0.0003316314098865	79903	1421629	4286774285	1442764
AL	NC_063233.1	9500001	9600000	0.0006231614538251	82473	2714849	4356574020	1701594
AL	NC_063233.1	9600001	9700000	0.0002669604181935	80699	1149931	4307496249	1524220
AL	NC_063233.1	9700001	9800000	0.0005863168514427	77774	2429084	4142954435	1492182
AL	NC_063233.1	9800001	9900000	0.000526055492494	78867	2174751	4134071464	1729494
AL	NC_063233.1	9900001	10000000	0.0006732024613368	75907	2708052	4022641264	1528590
AL	NC_063233.1	10000001	10100000	0.0007987138510972	74888	3150810	3944854588	1580232
AL	NC_063233.1	10100001	10200000	0.0006052372516866	76220	2474663	4088748657	1376478
AL	NC_063233.1	10200001	10300000	0.0005642688118124	77436	2344449	4154844200	1395360
AL	NC_063233.1	10300001	10400000	0.0006107907025105	70665	2209597	3617600908	1824730
AL	NC_063233.1	10400001	10500000	0.0003499164251545	75611	1359071	3883987439	1909072
AL	NC_063233.1	10500001	10600000	0.0001903113375738	79847	816171	4288609446	1425586
AL	NC_063233.1	10600001	10700000	0.0001718710529511	76050	683405	3976265859	1700302
AL	NC_063233.1	10700001	10800000	0.0004056252137523	73244	1505547	3711670155	2009746
AL	NC_063233.1	10800001	10900000	0.0001265681607737	76027	485416	3835214141	2137932
AL	NC_063233.1	10900001	11000000	0.0001013403231732	81948	429165	4234888804	1986272
AL	NC_063233.1	11000001	11100000	0.0001316578283615	68276	467219	3548736948	1591208
AL	NC_063233.1	11100001	11200000	0.0002267959144954	27380	328723	1449422053	555102
AL	NC_063233.1	11200001	11300000	0.0	15	0	770595	376
AL	NC_063233.1	11300001	11400000	0.0	9	0	491221	136
AL	NC_063233.1	11400001	11500000	NA	0	NA	NA	NA
AL	NC_063233.1	11500001	11600000	0.0	10	0	388912	668
AL	NC_063233.1	11600001	11700000	0.0	67	0	3532561	1396
AL	NC_063233.1	11700001	11800000	NA	0	NA	NA	NA
AL	NC_063233.1	11800001	11900000	NA	0	NA	NA	NA
AL	NC_063233.1	11900001	12000000	0.0	38	0	1970657	906
AL	NC_063233.1	12000001	12100000	0.0	11	0	570821	260
AL	NC_063233.1	12100001	12200000	NA	0	NA	NA	NA
AL	NC_063233.1	12200001	12300000	0.0297322306990271	14	23391	786722	144
AL	NC_063233.1	12300001	12400000	0.0	14	0	655881	554
AL	NC_063233.1	12400001	12500000	NA	0	NA	NA	NA
AL	NC_063233.1	12500001	12600000	NA	0	NA	NA	NA
AL	NC_063233.1	12600001	12700000	0.0	6	0	297362	184
AL	NC_063233.1	12700001	12800000	0.0	8	0	396285	246
AL	NC_063233.1	12800001	12900000	NA	0	NA	NA	NA
AL	NC_063233.1	12900001	13000000	0.0	81	0	4163261	2056
AL	NC_063233.1	13000001	13100000	0.0	1459	0	69356779	54968
AL	NC_063234.1	1	100000	NA	0	NA	NA	NA
AL	NC_063234.1	100001	200000	0.0	599	0	25872468	31390
AL	NC_063234.1	200001	300000	0.0002694772254559	74643	1019026	3781492103	2046632
AL	NC_063234.1	300001	400000	0.0002968053359401	84951	1279911	4312291071	2297840
AL	NC_063234.1	400001	500000	0.0003543905961941	83084	1578122	4453058340	1513352
AL	NC_063234.1	500001	600000	0.0003845862826787	84401	1609203	4184244401	2601488
AL	NC_063234.1	600001	700000	0.0004694495750763	83945	1975388	4207881112	2439978
AL	NC_063234.1	700001	800000	0.0006005350417874	84439	2497645	4159032906	2688834
AL	NC_063234.1	800001	900000	0.0003671725699792	84789	1579486	4301753805	2304344
AL	NC_063234.1	900001	1000000	0.0003534668699934	84123	1557698	4406913723	1848832
AL	NC_063234.1	1000001	1100000	0.0005509391176205	81102	2402196	4360184135	1436390
AL	NC_063234.1	1100001	1200000	0.0005274500034436	83112	2296678	4354304645	1825854
AL	NC_063234.1	1200001	1300000	0.0005990492611938	83545	2606851	4351647133	1910336
AL	NC_063234.1	1300001	1400000	0.0004819503994511	78571	2029308	4210615869	1433964
AL	NC_063234.1	1400001	1500000	0.0006514839589003	70379	2390379	3669129481	1605964
AL	NC_063234.1	1500001	1600000	0.0009614515637176	67121	3211756	3340528136	2032274
AL	NC_063234.1	1600001	1700000	0.0011488201808684	57028	3246937	2826323087	1765226
AL	NC_063234.1	1700001	1800000	0.000893601622621	61033	2776857	3107488762	1629470
AL	NC_063234.1	1800001	1900000	0.000573585629061	62334	1824763	3181326218	1639048
AL	NC_063234.1	1900001	2000000	0.0004458915112628	69354	1601805	3592364868	1654668
AL	NC_063234.1	2000001	2100000	0.0006026747688491	67232	2149418	3566464221	1338766
AL	NC_063234.1	2100001	2200000	0.0004430504812955	80175	1829645	4129653566	1980698
AL	NC_063234.1	2200001	2300000	0.0006964285096455	78843	2901977	4166941703	1618672
AL	NC_063234.1	2300001	2400000	0.0006463125749908	77137	2598403	4020350370	1762486
AL	NC_063234.1	2400001	2500000	0.0007367375601997	80141	3059250	4152428443	1904100
AL	NC_063234.1	2500001	2600000	0.0004945354143252	84471	2093265	4232790897	2466404
AL	NC_063234.1	2600001	2700000	0.0008354239666044	84968	3442395	4120536563	2915658
AL	NC_063234.1	2700001	2800000	0.0004851287468554	82008	1999070	4120699944	2349248
AL	NC_063234.1	2800001	2900000	0.0004284189480899	83309	1817408	4242127964	2210650
AL	NC_063234.1	2900001	3000000	0.0004263728872944	82713	1725012	4045782580	2724754
AL	NC_063234.1	3000001	3100000	0.0005796105872299	85068	2538552	4379754366	2109740
AL	NC_063234.1	3100001	3200000	0.0004445005905776	78190	1805116	4060997979	1823462
AL	NC_063234.1	3200001	3300000	0.0006641944481217	77160	2684785	4042167181	1693782
AL	NC_063234.1	3300001	3400000	0.0007326851696315	77442	2984882	4073894387	1646950
AL	NC_063234.1	3400001	3500000	0.0005696345784087	77994	2343552	4114132268	1622212
AL	NC_063234.1	3500001	3600000	0.0005210052454102	77608	2148912	4124549645	1523342
AL	NC_063234.1	3600001	3700000	0.0008376005006116	81493	3685398	4399947227	1387564
AL	NC_063234.1	3700001	3800000	0.0006436931802904	79841	2750626	4273194255	1476748
AL	NC_063234.1	3800001	3900000	0.0009538201617959	79206	4079455	4276964530	1348672
AL	NC_063234.1	3900001	4000000	0.0007145230781107	84471	3279560	4589858747	1346464
AL	NC_063234.1	4000001	4100000	0.0007832071141085	64523	2475888	3161217455	2123648
AL	NC_063234.1	4100001	4200000	0.0007381281456726	84094	3242484	4392846986	1892416
AL	NC_063234.1	4200001	4300000	0.0006449305336267	86642	3005963	4660909731	1523046
AL	NC_063234.1	4300001	4400000	0.0005480040887416	83748	2391694	4364372546	1910668
AL	NC_063234.1	4400001	4500000	0.0002516166368675	84565	1033182	4106175223	2882356
AL	NC_063234.1	4500001	4600000	0.0006266273149783	78280	2507658	4001833211	2038914
AL	NC_063234.1	4600001	4700000	0.0005881862960027	81286	2494945	4241759825	1833842
AL	NC_063234.1	4700001	4800000	0.0004723296370881	80646	1929185	4084403875	2208518
AL	NC_063234.1	4800001	4900000	0.0003842542165521	84303	1536789	3999406991	3174976
AL	NC_063234.1	4900001	5000000	0.0005592368724883	74122	2060402	3684309997	2255618
AL	NC_063234.1	5000001	5100000	0.0004191992678023	78130	1639267	3910472002	2289352
AL	NC_063234.1	5100001	5200000	0.0004434330753166	84957	1793950	4045593574	3154750
AL	NC_063234.1	5200001	5300000	0.0004049721390754	84898	1719991	4247183532	2493564
AL	NC_063234.1	5300001	5400000	0.0003342626649061	85161	1453625	4348750706	2219598
AL	NC_063234.1	5400001	5500000	0.0004611673083966	59645	1404197	3044875416	1559906
AL	NC_063234.1	5500001	5600000	0.0004722775575511	75050	1826781	3868024154	1845904
AL	NC_063234.1	5600001	5700000	0.0002563670019823	66398	872785	3404435802	1690448
AL	NC_063234.1	5700001	5800000	0.0002585565224324	81218	1022209	3953522388	2738052
AL	NC_063234.1	5800001	5900000	0.0002889358441232	44478	654336	2264641142	1186008
AL	NC_063234.1	5900001	6000000	NA	0	NA	NA	NA
AL	NC_063234.1	6000001	6100000	0.000621142166825	17645	577097	929090039	374396
AL	NC_063234.1	6100001	6200000	0.0005249343124288	82946	2254341	4294520184	1982340
AL	NC_063234.1	6200001	6300000	0.0006630855373498	86512	3011735	4542000738	1865524
AL	NC_063234.1	6300001	6400000	0.0003309676238143	82538	1430834	4323184194	1810456
AL	NC_063234.1	6400001	6500000	0.0002348326782671	80144	996103	4241756332	1623112
AL	NC_063234.1	6500001	6600000	0.000110430128769	79076	469184	4248695580	1408120
AL	NC_063234.1	6600001	6700000	0.0003911781593325	72806	1517029	3878102506	1400936
AL	NC_063234.1	6700001	6800000	0.0007410331964715	76178	3007574	4058622494	1460544
AL	NC_063234.1	6800001	6900000	0.0006322993111967	73263	2451247	3876719390	1488050
AL	NC_063234.1	6900001	7000000	0.0006160406769505	67309	2153364	3495489958	1582102
AL	NC_063234.1	7000001	7100000	0.0004810632573355	79042	1996557	4150300339	1706854
AL	NC_063234.1	7100001	7200000	0.0004014766771825	81244	1684507	4195777976	1973680
AL	NC_063234.1	7200001	7300000	0.0006032376302379	81258	2597922	4306631201	1630858
AL	NC_063234.1	7300001	7400000	0.0007380418591545	76762	3021066	4093353192	1466948
AL	NC_063234.1	7400001	7500000	0.0014918021266118	58095	4332141	2903964891	1721872
AL	NC_063234.1	7500001	7600000	0.0009720214553616	51919	2545122	2618380475	1473856
AL	NC_063234.1	7600001	7700000	0.0010047353197295	55355	2823293	2809986814	1504418
AL	NC_063234.1	7700001	7800000	0.0009597684671994	26432	1194719	1244799179	1034130
AL	NC_063234.1	7800001	7900000	0.0007046308459931	49825	1648398	2339378143	1966532
AL	NC_063234.1	7900001	8000000	0.0007484554506163	53980	2055384	2746167455	1454202
AL	NC_063234.1	8000001	8100000	0.0004103604558167	69348	1447625	3527691276	1862768
AL	NC_063234.1	8100001	8200000	0.0003330321577417	78802	1354536	4067282899	1926038
AL	NC_063234.1	8200001	8300000	0.0003125260451513	75930	1238525	3962949710	1713688
AL	NC_063234.1	8300001	8400000	0.0004306092386685	80440	1820188	4227006382	1724804
AL	NC_063234.1	8400001	8500000	0.000406465524314	61769	1230425	3027132503	2024780
AL	NC_063234.1	8500001	8600000	0.0003076588441425	64357	1002834	3259564999	1773964
AL	NC_063234.1	8600001	8700000	0.0002361607592447	53699	658154	2786889753	1259500
AL	NC_063235.1	1	100000	0.0003635162650975	56968	1079627	2969955140	1299584
AL	NC_063235.1	100001	200000	0.0003444012126986	82312	1452325	4216956696	2108272
AL	NC_063235.1	200001	300000	0.0003863782337027	80736	1641173	4247581403	1715162
AL	NC_063235.1	300001	400000	0.0002340416096188	76995	929714	3972430379	1885288
AL	NC_063235.1	400001	500000	0.0003335367073221	74050	1309416	3925852751	1482830
AL	NC_063235.1	500001	600000	0.0003711988020535	72445	1436172	3869010331	1363364
AL	NC_063235.1	600001	700000	0.0003002785521226	65403	1053019	3506807238	1186114
AL	NC_063235.1	700001	800000	0.0005792658267626	71553	2192714	3785332914	1459846
AL	NC_063235.1	800001	900000	0.0005651396120605	66418	1947042	3445240713	1571490
AL	NC_063235.1	900001	1000000	0.0005584249585822	59304	1715872	3072699337	1416638
AL	NC_063235.1	1000001	1100000	0.0007465380326657	55303	2052681	2749600034	1685010
AL	NC_063235.1	1100001	1200000	0.0007153028385193	50517	1804935	2523315864	1506122
AL	NC_063235.1	1200001	1300000	0.0009435018477465	57651	2913195	3087641012	1062438
AL	NC_063235.1	1300001	1400000	0.0010233583580748	67050	3649468	3566168167	1309070
AL	NC_063235.1	1400001	1500000	0.0009286017610334	69674	3449488	3714711887	1331782
AL	NC_063235.1	1500001	1600000	0.0004518689542072	53073	1261808	2792420210	1133574
AL	NC_063235.1	1600001	1700000	0.0006733830060078	71100	2576306	3825914787	1246866
AL	NC_063235.1	1700001	1800000	0.0007356387311142	69130	2661306	3617680646	1532576
AL	NC_063235.1	1800001	1900000	0.000790404115862	68136	2725366	3448066559	1879658
AL	NC_063235.1	1900001	2000000	0.0005615254098604	64408	1821895	3244545960	1831136
AL	NC_063235.1	2000001	2100000	0.000509691080904	75324	2046650	4015471482	1439276
AL	NC_063235.1	2100001	2200000	0.0004157384222563	76654	1682604	4047266045	1583530
AL	NC_063235.1	2200001	2300000	0.0002048094126252	83895	905213	4419782218	1760330
AL	NC_063235.1	2300001	2400000	0.000188714674486	82026	807746	4280250077	1854578
AL	NC_063235.1	2400001	2500000	0.0003022286087385	80934	1255088	4152776950	2052736
AL	NC_063235.1	2500001	2600000	0.0002006825002227	81199	808215	4027331726	2506834
AL	NC_063235.1	2600001	2700000	0.0002902668189634	68294	1013057	3490088890	1775824
AL	NC_063235.1	2700001	2800000	0.0002572117736017	83691	1067400	4149887795	2581472
AL	NC_063235.1	2800001	2900000	0.0001677024751878	81663	663680	3957484821	2814108
AL	NC_063235.1	2900001	3000000	0.000355283591402	15073	268686	756257836	435706
AL	NC_063235.1	3000001	3100000	0.0	605	0	27551310	26822
AL	NC_063235.1	3100001	3200000	NA	0	NA	NA	NA
AL	NC_063235.1	3200001	3300000	NA	0	NA	NA	NA
AL	NC_063235.1	3300001	3400000	NA	0	NA	NA	NA
AL	NC_063235.1	3400001	3500000	0.0003372647565272	20507	359872	1067031147	475584
AL	NC_063235.1	3500001	3600000	5.300435137615307e-05	71850	178834	3373949409	2829514
AL	NC_063235.1	3600001	3700000	0.0001121405493777	72318	377881	3369708835	2928910
AL	NC_063235.1	3700001	3800000	0.0002224591230894	71095	787098	3538169121	2153188
AL	NC_063235.1	3800001	3900000	0.0005316543486343	85203	2391847	4498876020	1765718
AL	NC_063235.1	3900001	4000000	0.0007308438284047	84103	3326937	4552185940	1397614
AL	NC_063235.1	4000001	4100000	0.0007961523497201	83580	3591138	4510616594	1428044
AL	NC_063235.1	4100001	4200000	0.0006919643800157	82568	3082200	4454275522	1415412
AL	NC_063235.1	4200001	4300000	0.0003918377009684	80731	1709024	4361560911	1363280
AL	NC_063235.1	4300001	4400000	0.0006419669720643	81183	2752900	4288226840	1671606
AL	NC_063235.1	4400001	4500000	0.0007383320379453	75249	2940553	3982697281	1530544
AL	NC_063235.1	4500001	4600000	0.0007407075328949	72200	2708677	3656877890	1990684
AL	NC_063235.1	4600001	4700000	0.0006974869290716	79768	2937042	4210891814	1657804
AL	NC_063235.1	4700001	4800000	0.0007332012422827	79568	3029086	4131315968	1866000
AL	NC_063235.1	4800001	4900000	0.0006025354118402	81655	2523000	4187305759	2083592
AL	NC_063235.1	4900001	5000000	0.0008688985209307	69562	2961866	3408759399	2274534
AL	NC_063235.1	5000001	5100000	0.0008846915657643	71620	3386998	3828450650	1336076
AL	NC_063235.1	5100001	5200000	0.0006940511018058	71020	2592880	3735863243	1510554
AL	NC_063235.1	5200001	5300000	9.205344217740554e-05	72526	351883	3822594698	1521896
AL	NC_063235.1	5300001	5400000	0.0002493125737235	70807	936724	3757227267	1409392
AL	NC_063235.1	5400001	5500000	0.0006071702407601	63882	2066694	3403813068	1226892
AL	NC_063235.1	5500001	5600000	0.0007686259621889	63878	2532866	3295316740	1569044
AL	NC_063235.1	5600001	5700000	0.0005223102876393	57392	1462503	2800065468	1919680
AL	NC_063235.1	5700001	5800000	0.0005091692812195	52193	1237281	2429999306	2119902
AL	NC_063235.1	5800001	5900000	0.0005554750330082	63255	1780759	3205830855	1737896
AL	NC_063235.1	5900001	6000000	0.000824916439256	59610	2463889	2986834645	1745530
AL	NC_063235.1	6000001	6100000	0.0007185666560539	69490	2512772	3496922629	1982298
AL	NC_063235.1	6100001	6200000	0.0006853089995859	65513	2263120	3302335153	1854448
AL	NC_063235.1	6200001	6300000	0.000884209534875	75221	3421786	3869881363	1875948
AL	NC_063235.1	6300001	6400000	0.0007140340024245	68954	2487160	3483251486	1927192
AL	NC_063235.1	6400001	6500000	0.000649565216439	70685	2335268	3595124771	1899308
AL	NC_063235.1	6500001	6600000	0.0005198124938242	82826	2233058	4295891358	1956672
AL	NC_063235.1	6600001	6700000	0.0005382165032387	80820	2297060	4267910750	1670836
AL	NC_063235.1	6700001	6800000	0.0005099172718561	79070	2090880	4100429845	1873482
AL	NC_063235.1	6800001	6900000	0.0005794813979631	70247	2078309	3586498216	1842286
AL	NC_063235.1	6900001	7000000	0.0005509521433721	75522	2181979	3960378458	1647176
AL	NC_063235.1	7000001	7100000	0.0006516904584286	68742	2293701	3519617282	1775200
AL	NC_063235.1	7100001	7200000	0.0004868236557943	64516	1563619	3211879664	1958024
AL	NC_063235.1	7200001	7300000	0.0003744543772468	81345	1598273	4268271643	1766036
AL	NC_063235.1	7300001	7400000	0.0005025910186106	73942	1919929	3820062295	1797862
AL	NC_063235.1	7400001	7500000	0.0004184773278806	70069	1498472	3580772243	1826668
AL	NC_063235.1	7500001	7600000	0.0005949877551612	63485	1845032	3100957934	2110550
AL	NC_063235.1	7600001	7700000	0.0003496075912768	71473	1231782	3523327384	2269562
AL	NC_063235.1	7700001	7800000	0.0005002694124927	77865	2018850	4035525558	1843846
AL	NC_063235.1	7800001	7900000	0.0003797571220867	44189	850509	2239613033	1209472
AL	NC_063235.1	7900001	8000000	0.0	696	0	32968724	26640
AL	NC_063236.1	1	100000	0.0007396454532424	40164	1444656	1953173637	1368838
AL	NC_063236.1	100001	200000	0.0002797667887403	43026	557941	1994307482	1783368
AL	NC_063236.1	200001	300000	0.0005849979894407	50797	1464298	2503082107	1621284
AL	NC_063236.1	300001	400000	0.0006105509621899	29931	893077	1462739485	1001180
AL	NC_063236.1	400001	500000	0.0005280357824778	60992	1621858	3071492603	1735322
AL	NC_063236.1	500001	600000	0.0001082559605206	77214	436693	4033893357	1729866
AL	NC_063236.1	600001	700000	0.0002308202281374	77842	932722	4040902340	1827404
AL	NC_063236.1	700001	800000	0.0008668213331435	73514	3249626	3748899428	1940564
AL	NC_063236.1	800001	900000	0.0008872908158538	40584	1654063	1864172344	1736432
AL	NC_063236.1	900001	1000000	0.00082812273594	30405	1158413	1398842164	1296210
AL	NC_063236.1	1000001	1100000	0.0007115057970257	35529	1139179	1601081825	1622664
AL	NC_063236.1	1100001	1200000	0.0009323878132413	40914	1749797	1876683688	1763132
AL	NC_063236.1	1200001	1300000	0.0007002470466332	56743	1845494	2635489873	2323996
AL	NC_063236.1	1300001	1400000	0.0007361303522974	50708	1796103	2439925204	1810728
AL	NC_063236.1	1400001	1500000	0.0009227665918004	47158	1969779	2134644901	2117642
AL	NC_063236.1	1500001	1600000	0.0009508667852564	42008	1840237	1935325777	1783486
AL	NC_063236.1	1600001	1700000	0.0008407486584475	52951	2155442	2563717442	1837730
AL	NC_063236.1	1700001	1800000	0.0008689335618269	28858	1122459	1291766194	1347976
AL	NC_063236.1	1800001	1900000	0.0008333985150222	29865	1130252	1356196321	1332744
AL	NC_063236.1	1900001	2000000	0.0008880167940123	43744	1845214	2077904396	1649712
AL	NC_063236.1	2000001	2100000	0.001138831536277	64211	3698286	3247439048	1779718
AL	NC_063236.1	2100001	2200000	0.0006271851713613	69297	2255933	3596916992	1627682
AL	NC_063236.1	2200001	2300000	0.0006164325449739	76244	2458054	3987547413	1693254
AL	NC_063236.1	2300001	2400000	0.0005731522810467	37638	1070951	1868527851	1158950
AL	NC_063236.1	2400001	2500000	0.0013658662115263	44395	3061147	2241176313	1255492
AL	NC_063236.1	2500001	2600000	0.0008313208400438	24410	1052897	1266535072	574340
AL	NC_063236.1	2600001	2700000	0.0	35	0	1956487	392
AL	NC_063236.1	2700001	2800000	0.0	26	0	1073036	1532
AL	NC_063236.1	2800001	2900000	0.0	555	0	26837759	19704
AL	NC_063236.1	2900001	3000000	0.0	2959	0	135595725	129044
AL	NC_063236.1	3000001	3100000	0.0	12	0	543012	536
AL	NC_063236.1	3100001	3200000	NA	0	NA	NA	NA
AL	NC_063236.1	3200001	3300000	NA	0	NA	NA	NA
AL	NC_063236.1	3300001	3400000	NA	0	NA	NA	NA
AL	NC_063236.1	3400001	3500000	0.0	16	0	619394	1084
AL	NC_063236.1	3500001	3600000	NA	0	NA	NA	NA
AL	NC_063236.1	3600001	3700000	0.0	8	0	331854	460
AL	NC_063236.1	3700001	3800000	0.0002780575398368	11816	170552	613369449	278814
AL	NC_063236.1	3800001	3900000	0.0002463375279833	22952	293129	1189948614	546204
AL	NC_063236.1	3900001	4000000	6.454433310767021e-06	7877	2640	409021191	185740
AL	NC_063236.1	4000001	4100000	0.0	135	0	6517709	4756
AL	NC_063236.1	4100001	4200000	0.0	33	0	1337542	2006
AL	NC_063236.1	4200001	4300000	NA	0	NA	NA	NA
AL	NC_063236.1	4300001	4400000	0.0	6	0	227860	420
AL	NC_063236.1	4400001	4500000	0.0002806116840844	34494	503531	1794404968	799980
AL	NC_063236.1	4500001	4600000	0.0003008148883088	27028	407292	1353962240	794024
AL	NC_063236.1	4600001	4700000	0.0003010921353133	50606	722944	2401072347	1915654
AL	NC_063236.1	4700001	4800000	0.0001917289402753	67554	649035	3385169704	1976540
AL	NC_063236.1	4800001	4900000	0.0003247960208862	72053	1216123	3744266930	1675654
AL	NC_063236.1	4900001	5000000	0.0007050230172014	72634	2621826	3718780715	1867334
AL	NC_063236.1	5000001	5100000	0.0003073647753199	79415	1277700	4156949991	1755184
AL	NC_063236.1	5100001	5200000	0.0003104175042979	78724	1284880	4139199569	1684326
AL	NC_063236.1	5200001	5300000	0.0002664861643889	73754	1024353	3843925640	1685220
AL	NC_063236.1	5300001	5400000	0.0003338415194199	38395	671118	2010289197	851652
AL	NC_063236.1	5400001	5500000	0.0003890282108748	78910	1596296	4103291112	1824748
AL	NC_063236.1	5500001	5600000	9.56973915308531e-05	75375	364016	3803823638	2113186
AL	NC_063236.1	5600001	5700000	0.0003067458664884	76160	1197414	3903602724	1944688
AL	NC_063236.1	5700001	5800000	0.0004563497889475	81548	1938592	4248039655	1869194
AL	NC_063236.1	5800001	5900000	0.0004024427058327	78769	1685635	4188509260	1536210
AL	NC_063236.1	5900001	6000000	0.0004842202647867	80403	2066789	4268282743	1588392
AL	NC_063236.1	6000001	6100000	0.0003726367878979	79610	1551319	4163086014	1771912
AL	NC_063236.1	6100001	6200000	0.0001764126439882	74783	671596	3806960685	1989868
AL	NC_063236.1	6200001	6300000	0.0004211316309917	76988	1667036	3958467798	1924436
AL	NC_063236.1	6300001	6400000	0.0004429604860959	63986	1432658	3234279456	1781892
AL	NC_063236.1	6400001	6500000	0.0006656179115331	63435	2076020	3118936501	2048172
AL	NC_063236.1	6500001	6600000	0.0008399565741733	73189	3150124	3750341502	1872822
AL	NC_063236.1	6600001	6700000	0.0006004136757366	72702	2292731	3818585573	1571418
AL	NC_063236.1	6700001	6800000	0.0004631485764168	62730	1543853	3333386042	1232752
AL	NC_063236.1	6800001	6900000	0.0004146302699876	81680	1756427	4236128250	1929500
AL	NC_063236.1	6900001	7000000	0.0008314131507129	78488	3409926	4101361636	1756872
AL	NC_063236.1	7000001	7100000	0.0004434624824827	76695	1746955	3939352412	1929862
AL	NC_063236.1	7100001	7200000	0.0002519335621854	80776	1032179	4097028562	2197524
AL	NC_063236.1	7200001	7300000	0.0003732847148845	79811	1544497	4137584365	1891012
AL	NC_063236.1	7300001	7400000	0.0002130070263526	77141	857956	4027829573	1739848
AL	NC_063236.1	7400001	7500000	0.0002061669843863	80304	863131	4186562667	1829346
AL	NC_063236.1	7500001	7600000	0.000437827894362	83912	1887125	4310198195	2113554
AL	NC_063236.1	7600001	7700000	0.000755220029188	77239	2937325	3889363214	2194442
AL	NC_063236.1	7700001	7800000	0.0004347180062154	77182	1709911	3933379744	2044756
AL	NC_063236.1	7800001	7900000	0.0004760077423363	81248	2039329	4284234937	1700142
AL	NC_063236.1	7900001	8000000	0.0004794661116824	79085	1980858	4131382702	1776958
AL	NC_063236.1	8000001	8100000	0.0005034868589004	63831	1599926	3177691675	1932616
AL	NC_063236.1	8100001	8200000	0.0006345335676458	74035	2400273	3782736048	1928198
AL	NC_063236.1	8200001	8300000	0.0007951016577709	72184	2919097	3671350665	1936350
AL	NC_063236.1	8300001	8400000	0.000635853404111	70562	2324379	3655526549	1680810
AL	NC_063236.1	8400001	8500000	0.0008017086071747	66957	2730621	3406001851	1794092
AL	NC_063236.1	8500001	8600000	0.0006195156540115	58459	1786707	2884038504	1853342
AL	NC_063236.1	8600001	8700000	0.000775070150098	62181	2398462	3094509574	1884806
AL	NC_063236.1	8700001	8800000	0.0008261392447107	65800	2768408	3351018630	1751780
AL	NC_063236.1	8800001	8900000	0.0007006829383036	55260	1847227	2636323648	2038056
AL	NC_063236.1	8900001	9000000	0.0006552322903366	57876	1854684	2830574786	1913492
AL	NC_063236.1	9000001	9100000	0.0008795224539514	48862	1996649	2270151252	2003076
AL	NC_063236.1	9100001	9200000	0.0006260057153931	69586	2247085	3589559879	1706150
AL	NC_063236.1	9200001	9300000	0.000819627317198	65649	2781377	3393465471	1590412
AL	NC_063236.1	9300001	9400000	8.325592309626416e-05	60237	247468	2972377109	1910240
AL	NC_063236.1	9400001	9500000	0.0002138233721657	70199	767174	3587886545	1826660
AL	NC_063236.1	9500001	9600000	0.0006584012910822	71676	2478304	3764123846	1549804
AL	NC_063236.1	9600001	9700000	0.0004732181627666	76222	1887299	3988221815	1695014
AL	NC_063236.1	9700001	9800000	0.0003976456109317	78812	1641592	4128278937	1731630
AL	NC_063236.1	9800001	9900000	0.0006358121952188	72378	2416927	3801322180	1563796
AL	NC_063236.1	9900001	10000000	0.0005686677345893	78623	2391013	4204587063	1462928
AL	NC_063236.1	10000001	10100000	0.0005197564248644	77353	2138051	4113563388	1512274
AL	NC_063236.1	10100001	10200000	0.0005520553677846	78789	2325911	4213184285	1466944
AL	NC_063236.1	10200001	10300000	0.0006402570153962	78845	2703449	4222443386	1450550
AL	NC_063236.1	10300001	10400000	0.0004336299367666	78412	1835516	4232908857	1333998
AL	NC_063236.1	10400001	10500000	0.0004609606411969	79968	2001561	4342151631	1283466
AL	NC_063236.1	10500001	10600000	0.0003645611455114	78570	1529910	4196579967	1481526
AL	NC_063236.1	10600001	10700000	1.292635662802079e-06	77566	5312	4109433271	1566742
AL	NC_063236.1	10700001	10800000	2.280319404214189e-07	81303	987	4328341013	1570628
AL	NC_063236.1	10800001	10900000	1.5382058558002806e-07	81242	670	4355723894	1474192
AL	NC_063236.1	10900001	11000000	7.757862590588936e-08	81881	339	4369760305	1553480
AL	NC_063236.1	11000001	11100000	1.5150529987176455e-05	80938	63774	4209357696	1879932
AL	NC_063236.1	11100001	11200000	2.372511237255795e-07	79997	999	4210728212	1696218
AL	NC_063236.1	11200001	11300000	3.08688067885422e-07	81381	1276	4133622685	2194344
AL	NC_063236.1	11300001	11400000	0.0	15526	0	807266139	359854
AL	NC_063237.1	1	100000	0.0004022019659382	4012	76679	190647999	154354
AL	NC_063237.1	100001	200000	0.0	829	0	33747497	50432
AL	NC_063237.1	200001	300000	0.0	1356	0	55731085	80622
AL	NC_063237.1	300001	400000	0.0005431418288432	39671	1134053	2087950034	845042
AL	NC_063237.1	400001	500000	0.0002662874525024	84791	1155215	4338225437	2190292
AL	NC_063237.1	500001	600000	0.0001551701393689	82186	655706	4225722827	2053214
AL	NC_063237.1	600001	700000	0.0004214359680412	82366	1762357	4181790672	2222412
AL	NC_063237.1	700001	800000	0.0006767003647262	81947	2770945	4094788690	2419874
AL	NC_063237.1	800001	900000	0.0007821519308308	79009	3200865	4092382661	1876648
AL	NC_063237.1	900001	1000000	0.0005000525186144	79437	2116829	4233213355	1522164
AL	NC_063237.1	1000001	1100000	0.000522340514477	79369	2202350	4216310891	1559396
AL	NC_063237.1	1100001	1200000	0.0005735491197306	78284	2400779	4185829805	1456726
AL	NC_063237.1	1200001	1300000	0.0006281640754466	74845	2496678	3974563490	1480950
AL	NC_063237.1	1300001	1400000	0.0006217977733714	76388	2554578	4108374313	1346094
AL	NC_063237.1	1400001	1500000	0.0009193260998247	76304	3777672	4109175189	1329054
AL	NC_063237.1	1500001	1600000	0.0007196159759425	75513	2931660	4073922895	1289820
AL	NC_063237.1	1600001	1700000	0.000604361914481	78772	2558453	4233312753	1397606
AL	NC_063237.1	1700001	1800000	0.0006562381616983	75824	2690616	4100060248	1268160
AL	NC_063237.1	1800001	1900000	0.0004810983787544	79437	2024746	4208590362	1600646
AL	NC_063237.1	1900001	2000000	0.0007496251736109	72755	2892107	3858070809	1460012
AL	NC_063237.1	2000001	2100000	0.000926403446852	70380	3282883	3543686081	2004870
AL	NC_063237.1	2100001	2200000	0.0006527131163525	74418	2540939	3892887911	1656022
AL	NC_063237.1	2200001	2300000	0.0006819203407846	72297	2563881	3759795458	1673038
AL	NC_063237.1	2300001	2400000	0.0004572621154458	81119	1922086	4203466535	1931584
AL	NC_063237.1	2400001	2500000	0.0004111234046979	76795	1682606	4092703020	1467270
AL	NC_063237.1	2500001	2600000	0.000424146780616	79602	1813508	4275661358	1420952
AL	NC_063237.1	2600001	2700000	0.0006897833573192	78720	2929284	4246672479	1348546
AL	NC_063237.1	2700001	2800000	0.0006305020590564	75094	2540993	4030110550	1349480
AL	NC_063237.1	2800001	2900000	0.0004682133834026	77567	1946366	4157006333	1412876
AL	NC_063237.1	2900001	3000000	0.0004050514683907	82445	1797192	4436947253	1446840
AL	NC_063237.1	3000001	3100000	0.0006089049410808	83499	2736245	4493714561	1461332
AL	NC_063237.1	3100001	3200000	0.0005944486653396	82839	2653443	4463704193	1434268
AL	NC_063237.1	3200001	3300000	0.0005769389215303	82119	2544577	4410479004	1467118
AL	NC_063237.1	3300001	3400000	0.0007796841087242	77305	3160517	4053586529	1691304
AL	NC_063237.1	3400001	3500000	0.0007486766259291	78697	3089503	4126618747	1720236
AL	NC_063237.1	3500001	3600000	0.0003634213730928	82474	1590432	4376275359	1637286
AL	NC_063237.1	3600001	3700000	0.0006815982730238	74838	2652431	3891487266	1730752
AL	NC_063237.1	3700001	3800000	0.0004663936593508	81659	1973508	4231421162	1936418
AL	NC_063237.1	3800001	3900000	0.0005120306515507	83909	2273590	4440339642	1703294
AL	NC_063237.1	3900001	4000000	0.0003370131700193	83125	1470093	4362123296	1799114
AL	NC_063237.1	4000001	4100000	0.000408798850527	78999	1680563	4110977802	1819874
AL	NC_063237.1	4100001	4200000	0.0003049107491448	79624	1256944	4122334170	1898100
AL	NC_063237.1	4200001	4300000	0.0007372756362254	80652	3086064	4185766962	1890716
AL	NC_063237.1	4300001	4400000	0.0005432925327508	79178	2209058	4066056253	1992410
AL	NC_063237.1	4400001	4500000	0.0004719325023861	81197	1994632	4226519661	1867000
AL	NC_063237.1	4500001	4600000	0.0004936154983831	81530	2142756	4340941496	1576252
AL	NC_063237.1	4600001	4700000	0.0004448921788106	78489	1867770	4198253170	1454174
AL	NC_063237.1	4700001	4800000	0.0006075688090133	79597	2582413	4250404171	1496116
AL	NC_063237.1	4800001	4900000	0.0005887914662376	78598	2415513	4102493223	1772774
AL	NC_063237.1	4900001	5000000	0.000453263342076	77559	1864572	4113661589	1545708
AL	NC_063237.1	5000001	5100000	0.0008526443956285	77273	3457403	4054917874	1673198
AL	NC_063237.1	5100001	5200000	0.0006938083972257	78608	2922360	4212056256	1435992
AL	NC_063237.1	5200001	5300000	0.0006177393114357	82115	2664512	4313327565	1764028
AL	NC_063237.1	5300001	5400000	0.0004196455941777	67210	1411500	3363552530	1980792
AL	NC_063237.1	5400001	5500000	0.0004921939759026	78733	1986075	4035146908	2012330
AL	NC_063237.1	5500001	5600000	0.00055496092632	79823	2329087	4196848624	1708518
AL	NC_063237.1	5600001	5700000	0.0005764350129071	77216	2386249	4139666999	1404594
AL	NC_063237.1	5700001	5800000	0.0004718809208804	78604	1971820	4178638959	1538354
AL	NC_063237.1	5800001	5900000	0.0006459252253791	78687	2672778	4137906208	1675718
AL	NC_063237.1	5900001	6000000	0.000431500205245	78822	1778606	4121912292	1752268
AL	NC_063237.1	6000001	6100000	0.00059289695489	80250	2534172	4274219962	1545592
AL	NC_063237.1	6100001	6200000	0.0005765022263665	71780	2068840	3588607130	2123348
AL	NC_063237.1	6200001	6300000	0.0006478447195999	76674	2595802	4006827441	1719698
AL	NC_063237.1	6300001	6400000	0.0007633150089551	72994	2888091	3783616156	1739292
AL	NC_063237.1	6400001	6500000	0.0005631257557349	74111	2177419	3866665621	1683244
AL	NC_063237.1	6500001	6600000	0.0008517309037177	76677	3481650	4087734735	1468724
AL	NC_063237.1	6600001	6700000	0.0004846284174164	83909	2211886	4564086464	1322922
AL	NC_063237.1	6700001	6800000	0.0004424163420661	87130	2114639	4779748845	1249130
AL	NC_063237.1	6800001	6900000	0.000614943484106	82656	2751435	4474289217	1371454
AL	NC_063237.1	6900001	7000000	0.0004650331142115	82092	2012477	4327599344	1723888
AL	NC_063237.1	7000001	7100000	0.0002204134973213	83088	942616	4276580207	2069474
AL	NC_063237.1	7100001	7200000	7.412379090507104e-05	86263	339414	4579015669	1707236
AL	NC_063237.1	7200001	7300000	1.9740713324256417e-05	62554	63885	3236205245	1502242
AL	NC_063238.1	1	100000	0.0003345779999725	72251	1064898	3182809390	3536658
AL	NC_063238.1	100001	200000	0.0006013306282977	77613	2124475	3532956580	3423330
AL	NC_063238.1	200001	300000	0.0003720795609861	83521	1428522	3839291780	3557506
AL	NC_063238.1	300001	400000	0.0004821854254733	82692	1829505	3794193900	3548224
AL	NC_063238.1	400001	500000	0.0003758557874092	85055	1450408	3858948162	3786602
AL	NC_063238.1	500001	600000	0.0001396259701884	74332	479404	3433487333	3111478
AL	NC_063238.1	600001	700000	0.0002501237098986	84353	1018288	4071137440	2955514
AL	NC_063238.1	700001	800000	0.0004047973509082	83200	1613911	3986960380	3013848
AL	NC_063238.1	800001	900000	0.0004589826650532	83758	1855118	4041804062	2937592
AL	NC_063238.1	900001	1000000	0.0004647025172911	82827	1721072	3703599477	3879204
AL	NC_063238.1	1000001	1100000	0.0004646059005075	79132	1597923	3439308451	4032314
AL	NC_063238.1	1100001	1200000	0.0002491807902223	80945	909455	3649779741	3682648
AL	NC_063238.1	1200001	1300000	0.0002825425498302	79684	1051703	3722281832	3193040
AL	NC_063238.1	1300001	1400000	0.000335776069878	83212	1252186	3729229425	3853078
AL	NC_063238.1	1400001	1500000	0.0003180607231121	82190	1233410	3877907300	3170980
AL	NC_063238.1	1500001	1600000	0.0005798521683801	83552	2370386	4087914350	2751604
AL	NC_063238.1	1600001	1700000	0.0007234900751732	85214	2943612	4068628031	3124390
AL	NC_063238.1	1700001	1800000	0.0005656644697049	85477	2297447	4061501337	3201840
AL	NC_063238.1	1800001	1900000	0.0005727824217063	85262	2367738	4133747668	2926164
AL	NC_063238.1	1900001	2000000	0.0006475156500111	79567	2457599	3795427956	2936870
AL	NC_063238.1	2000001	2100000	0.0005080272500023	84895	2034278	4004269456	3275870
AL	NC_063238.1	2100001	2200000	0.0004162046557563	82399	1608322	3864257590	3254250
AL	NC_063238.1	2200001	2300000	0.0004375045043359	81284	1656036	3785186172	3302776
AL	NC_063238.1	2300001	2400000	0.0005623525641014	83167	2183592	3882959089	3338076
AL	NC_063238.1	2400001	2500000	0.0004198139394084	84041	1667262	3971430778	3224302
AL	NC_063238.1	2500001	2600000	0.0004866925902446	86087	1959793	4026757422	3431322
AL	NC_063238.1	2600001	2700000	0.00058940807177	84813	2299174	3900818652	3597426
AL	NC_063238.1	2700001	2800000	0.0006266826657795	81150	2317179	3697531664	3563084
AL	NC_063238.1	2800001	2900000	0.0004102687977284	77774	1389823	3387591276	3938252
AL	NC_063238.1	2900001	3000000	0.0007179750297871	76923	2402590	3346342004	3910734
AL	NC_063238.1	3000001	3100000	0.0007392957902709	77292	2576903	3485618387	3521490
AL	NC_063238.1	3100001	3200000	0.0006542716934753	77422	2238911	3421989706	3756424
AL	NC_063238.1	3200001	3300000	0.0004972663955468	79275	1686702	3391948491	4220760
AL	NC_063238.1	3300001	3400000	0.0005765137117137	79654	1899872	3295449807	4628358
AL	NC_063238.1	3400001	3500000	0.0007496026738022	76434	2469486	3294393265	3990618
AL	NC_063238.1	3500001	3600000	0.0007831421162643	69305	2365175	3020109570	3511142
AL	NC_063238.1	3600001	3700000	0.0010064954849418	78121	3313664	3292279051	4330332
AL	NC_063238.1	3700001	3800000	0.0003543884690025	74374	1190577	3359525222	3361600
AL	NC_063238.1	3800001	3900000	0.0003676832313432	80561	1346331	3661660052	3574506
AL	NC_063238.1	3900001	4000000	0.0004934018530501	84077	1866976	3783885262	3844510
AL	NC_063238.1	4000001	4100000	0.000439146226542	82512	1593545	3628734357	4060558
AL	NC_063238.1	4100001	4200000	0.000473869273192	84388	1764992	3724639051	4105290
AL	NC_063238.1	4200001	4300000	0.0004122840708469	80998	1503515	3646793816	3706092
AL	NC_063238.1	4300001	4400000	0.0003032382997099	81136	1079254	3559095276	4022800
AL	NC_063238.1	4400001	4500000	0.0001260708948719	80949	470583	3732685490	3408758
AL	NC_063238.1	4500001	4600000	6.922714474199013e-05	68814	226816	3276402643	2557750
AL	NC_063238.1	4600001	4700000	0.0003973463148849	76705	1417663	3567827225	3127936
AL	NC_063238.1	4700001	4800000	0.0004442076723777	83864	1748607	3936462850	3308780
AL	NC_063238.1	4800001	4900000	0.0001029806092189	79974	380953	3699269240	3343844
AL	NC_063238.1	4900001	5000000	0.0001835230770493	73451	610036	3324028835	3304672
AL	NC_063238.1	5000001	5100000	0.0001286382706682	78193	435542	3385788675	4026572
AL	NC_063238.1	5100001	5200000	4.768025172284988e-05	81776	174348	3656608212	3823936
AL	NC_063238.1	5200001	5300000	9.592300669490396e-05	83747	365852	3814017227	3680176
AL	NC_063238.1	5300001	5400000	9.48415648033252e-05	83582	363804	3835913091	3578230
AL	NC_063238.1	5400001	5500000	0.0001427448999968	74766	514933	3607365307	2629830
AL	NC_063238.1	5500001	5600000	0.0001055175066178	83399	411168	3896680401	3342884
AL	NC_063238.1	5600001	5700000	0.0001195454339495	82658	471921	3947628817	3041810
AL	NC_063238.1	5700001	5800000	0.0001591616513041	81710	620868	3900864278	3007552
AL	NC_063238.1	5800001	5900000	0.0004003861242579	81400	1488607	3717928544	3538704
AL	NC_063238.1	5900001	6000000	0.0004500717527346	81083	1666258	3702205237	3532204
AL	NC_063238.1	6000001	6100000	0.0002575703661118	78837	976215	3790090509	2812680
AL	NC_063238.1	6100001	6200000	0.0001645908447962	74623	574365	3489653393	2973404
AL	NC_063238.1	6200001	6300000	0.0001447165795971	84541	573566	3963374491	3341476
AL	NC_063238.1	6300001	6400000	0.0002356821299906	80014	917675	3893697838	2701608
AL	NC_063238.1	6400001	6500000	0.0001935510445804	65842	601347	3106916841	2543290
AL	NC_063238.1	6500001	6600000	0.0001565290166302	80616	584031	3731135687	3351698
AL	NC_063238.1	6600001	6700000	0.0002708830989323	84554	1031879	3809314808	3854532
AL	NC_063238.1	6700001	6800000	0.0002522323505667	83227	931982	3694934444	3973926
AL	NC_063238.1	6800001	6900000	0.0002456631188457	80105	875051	3561995810	3811886
AL	NC_063238.1	6900001	7000000	0.0002383074033993	78270	839320	3522005561	3581194
AL	NC_063238.1	7000001	7100000	0.0002892759914552	81932	1043391	3606904931	4016922
AL	NC_063238.1	7100001	7200000	0.0005233994894975	79273	1898768	3627760512	3427250
AL	NC_063238.1	7200001	7300000	0.0003823788882404	82621	1451304	3795460588	3523562
AL	NC_063238.1	7300001	7400000	0.0003738032386357	84506	1479320	3957483101	3371026
AL	NC_063238.1	7400001	7500000	0.0001938038069906	82892	748166	3860429842	3365476
AL	NC_063238.1	7500001	7600000	0.0004441391375366	85127	1887467	4249720055	2532792
AL	NC_063238.1	7600001	7700000	0.0005224784510895	82768	2018597	3863502879	3323306
AL	NC_063238.1	7700001	7800000	0.0003656776539834	83868	1424513	3895542931	3435674
AL	NC_063238.1	7800001	7900000	0.0004947929147608	81257	1759641	3556318103	4055740
AL	NC_063238.1	7900001	8000000	0.0004051718176942	79513	1485122	3665412882	3349038
AL	NC_063238.1	8000001	8100000	0.0002778345435688	85185	1049883	3778806575	4077252
AL	NC_063238.1	8100001	8200000	0.000288176022933	78783	1024974	3556763639	3565888
AL	NC_063238.1	8200001	8300000	0.000555379887004	69663	1740133	3133230138	3190618
AL	NC_063238.1	8300001	8400000	0.0003945136346945	32117	597123	1513567460	1244730
AL	NC_063238.1	8400001	8500000	0.0005690670361721	79856	2094185	3680032170	3370628
AL	NC_063238.1	8500001	8600000	0.0005347071857118	81899	2030466	3797341899	3376904
AL	NC_063238.1	8600001	8700000	0.0005722073553727	78607	2013970	3519650667	3655712
AL	NC_063238.1	8700001	8800000	0.0005049211551158	80859	1877473	3718348857	3436860
AL	NC_063238.1	8800001	8900000	0.000279677631457	79390	1047081	3743885396	3073420
AL	NC_063238.1	8900001	9000000	0.0002436666636523	76962	922578	3786229869	2478554
AL	NC_063238.1	9000001	9100000	0.0001381601064868	83883	530201	3837583898	3625962
AL	NC_063238.1	9100001	9200000	5.288643347297904e-05	81643	202172	3822757307	3242392
AL	NC_063238.1	9200001	9300000	0.0001264808201214	83992	489784	3872397408	3536272
AL	NC_063238.1	9300001	9400000	8.610871896527142e-05	83279	335098	3891568752	3335214
AL	NC_063238.1	9400001	9500000	0.0001112350046252	83219	420585	3781048973	3689012
AL	NC_063238.1	9500001	9600000	9.010186092237869e-05	80331	346056	3840719786	2942458
AL	NC_063238.1	9600001	9700000	8.829784690541513e-05	84947	361011	4088559491	3013864
AL	NC_063238.1	9700001	9800000	0.0001737620782995	86218	725328	4174259465	2986994
AL	NC_063238.1	9800001	9900000	0.0002070245632464	83876	826778	3993622723	3120826
AL	NC_063238.1	9900001	10000000	0.0003121090020728	79489	1158513	3711885887	3214420
AL	NC_063238.1	10000001	10100000	0.0003241854076869	73845	1105116	3408901122	3099950
AL	NC_063238.1	10100001	10200000	0.000382373472683	83858	1457901	3812767109	3707674
AL	NC_063238.1	10200001	10300000	0.0003586060092072	80195	1355831	3780837368	3101254
AL	NC_063238.1	10300001	10400000	0.0005475048515391	82856	1999096	3651284540	4046176
AL	NC_063238.1	10400001	10500000	0.0006384809316782	83187	2349056	3679132584	4024238
AL	NC_063238.1	10500001	10600000	0.0005478637492907	81012	1945387	3550859137	4023238
AL	NC_063238.1	10600001	10700000	0.0005778705271162	83928	2116214	3662090210	4224652
AL	NC_063238.1	10700001	10800000	0.0005701843597215	83924	2122288	3722108409	4021390
AL	NC_063238.1	10800001	10900000	0.0007106202365244	84215	2809694	3953861508	3314910
AL	NC_063238.1	10900001	11000000	0.000498424689089	84786	1962033	3936468323	3478566
AL	NC_063238.1	11000001	11100000	0.0003551405838207	80492	1364256	3841453391	2966186
AL	NC_063238.1	11100001	11200000	0.0005909411471826	84341	2422165	4098826104	2869978
AL	NC_063238.1	11200001	11300000	0.0006863589279416	83763	2644810	3853391997	3553068
AL	NC_063238.1	11300001	11400000	0.00044866301267	82085	1693693	3774977995	3486628
AL	NC_063238.1	11400001	11500000	0.0007530779391839	79596	2811037	3732730510	3153052
AL	NC_063238.1	11500001	11600000	0.000767042079896	84529	2957700	3855981409	3687472
AL	NC_063238.1	11600001	11700000	0.0005628846981068	80111	2144235	3809368077	2998364
AL	NC_063238.1	11700001	11800000	0.0006637653003543	83511	2639135	3976006276	3115206
AL	NC_063238.1	11800001	11900000	0.0008212426222699	82724	3114603	3792549139	3548938
AL	NC_063238.1	11900001	12000000	0.0007331295732758	81216	2759411	3763878993	3362342
AL	NC_063238.1	12000001	12100000	0.0004912811778756	78858	1761992	3586524539	3491078
AL	NC_063238.1	12100001	12200000	0.0006884135779862	85331	2733149	3970213673	3471924
AL	NC_063238.1	12200001	12300000	0.0006740104979547	83327	2578953	3826280166	3562194
AL	NC_063238.1	12300001	12400000	0.0006953064042149	81503	2641751	3799405534	3298426
AL	NC_063238.1	12400001	12500000	0.0006662637090373	83785	2575353	3865365868	3519290
AL	NC_063238.1	12500001	12600000	0.0006033620755787	86277	2368478	3925467138	3801118
AL	NC_063238.1	12600001	12700000	0.0006498533191018	80831	2394322	3684403741	3544788
AL	NC_063238.1	12700001	12800000	0.0008190384714714	82003	3051686	3725937311	3637752
AL	NC_063238.1	12800001	12900000	0.0006640796173406	81301	2495444	3757748220	3396314
AL	NC_063238.1	12900001	13000000	0.0003271817767951	80159	1211626	3703219696	3357062
AL	NC_063238.1	13000001	13100000	0.0006050041574698	83207	2238528	3700020855	3948824
AL	NC_063238.1	13100001	13200000	0.0004845631300274	79629	1750561	3612658272	3549250
AL	NC_063238.1	13200001	13300000	0.0005107065582508	80793	1831598	3586399999	3868620
AL	NC_063238.1	13300001	13400000	0.0005105982262776	81750	1840489	3604573822	3987192
AL	NC_063238.1	13400001	13500000	0.0002103968674745	81499	772108	3669769466	3735122
AL	NC_063238.1	13500001	13600000	0.0004753406325267	79824	1670259	3513814906	3920868
AL	NC_063238.1	13600001	13700000	0.0003964284193372	77859	1321801	3334274072	4139470
AL	NC_063238.1	13700001	13800000	0.000339795948252	78865	1131606	3330251599	4350268
AL	NC_063238.1	13800001	13900000	0.0003648642147027	73209	1153366	3161082818	3798758
AL	NC_063238.1	13900001	14000000	0.0002912720258112	80797	1018590	3497040257	4170200
AL	NC_063238.1	14000001	14100000	0.0003079924587092	79847	1110977	3607156502	3620674
AL	NC_063238.1	14100001	14200000	0.0004849026984347	83977	1796610	3705093838	4091654
AL	NC_063238.1	14200001	14300000	0.0001616336175556	80112	567903	3513520322	3978052
AL	NC_063238.1	14300001	14400000	0.0005617006725949	78175	1834349	3265705543	4437584
AL	NC_063238.1	14400001	14500000	0.0005495354735921	76351	1718699	3127548780	4547558
AL	NC_063238.1	14500001	14600000	0.0004277383255246	76875	1399699	3272325430	4154514
AL	NC_063238.1	14600001	14700000	0.0007585541139832	76241	2594477	3420292570	3529926
AL	NC_063238.1	14700001	14800000	0.0005035466200577	82223	1843200	3660435651	3894312
AL	NC_063238.1	14800001	14900000	0.0004325720294054	78657	1520560	3515160243	3685364
AL	NC_063238.1	14900001	15000000	0.0003154031668593	79401	1123693	3562719459	3672132
AL	NC_063238.1	15000001	15100000	0.000287197109641	79689	1068909	3721865451	3205740
AL	NC_063238.1	15100001	15200000	0.0004520939311146	74862	1565701	3463220566	3112304
AL	NC_063238.1	15200001	15300000	0.0004928875074946	73326	1672504	3393277319	3046990
AL	NC_063238.1	15300001	15400000	0.0007143230795636	84326	2821590	3950019369	3347090
AL	NC_063238.1	15400001	15500000	0.0005045829345197	82032	2061900	4086345096	2469064
AL	NC_063238.1	15500001	15600000	0.0006049165951781	82519	2386795	3945659648	3014054
AL	NC_063238.1	15600001	15700000	0.0002903116645788	77047	1098389	3783482147	2490144
AL	NC_063238.1	15700001	15800000	0.0001663834120752	84145	670299	4028640786	3058654
AL	NC_063238.1	15800001	15900000	0.0002367271367786	83226	937773	3961408957	3095618
AL	NC_063238.1	15900001	16000000	0.0004592048425842	84819	1854966	4039517505	3147300
AL	NC_063238.1	16000001	16100000	0.0001483908515272	81779	594567	4006763179	2678392
AL	NC_063238.1	16100001	16200000	0.0001979622683964	72951	700345	3537770130	2501706
AL	NC_063238.1	16200001	16300000	0.0003520220205133	82526	1368731	3888197102	3208976
AL	NC_063238.1	16300001	16400000	0.0002166435199284	82300	809739	3737656221	3654758
AL	NC_063238.1	16400001	16500000	0.0003971319958304	79069	1384423	3486052533	3858984
AL	NC_063238.1	16500001	16600000	0.0006106741208195	76221	2009787	3291095744	3962234
AL	NC_063238.1	16600001	16700000	0.0004663275065344	71533	1447772	3104624925	3663392
AL	NC_063238.1	16700001	16800000	0.000159429312652	76813	518989	3255292213	4202984
AL	NC_063238.1	16800001	16900000	0.0003907066886755	77535	1298954	3324626984	4109454
AL	NC_063238.1	16900001	17000000	0.000363869090085	74800	1187628	3263888119	3774642
AL	NC_063238.1	17000001	17100000	1.7061905643885194e-07	79400	594	3481439954	3948540
AL	NC_063238.1	17100001	17200000	0.0001309535811969	81745	455736	3480133921	4411880
AL	NC_063238.1	17200001	17300000	0.000162610412867	77289	549493	3379199341	3869896
AL	NC_063238.1	17300001	17400000	0.0002647261190985	77407	891973	3369418186	3928554
AL	NC_063238.1	17400001	17500000	0.0002059163516795	82777	760092	3691265865	3899008
AL	NC_063238.1	17500001	17600000	0.0003226298663901	80627	1242416	3850902007	2966400
AL	NC_063238.1	17600001	17700000	0.0002735274921532	84344	1061421	3880491104	3580184
AL	NC_063238.1	17700001	17800000	0.0005837995590287	85720	2311046	3958629232	3589016
AL	NC_063238.1	17800001	17900000	0.00070426587889	81406	2551072	3622313783	3861542
AL	NC_063238.1	17900001	18000000	0.0005897671551907	80501	2096484	3554765608	3911490
AL	NC_063238.1	18000001	18100000	0.0006013428494022	81438	2187362	3637462393	3819410
AL	NC_063238.1	18100001	18200000	0.0006726852264512	75077	2291878	3407058621	3348840
AL	NC_063238.1	18200001	18300000	0.0003058918633853	76886	1031295	3371436522	3823464
AL	NC_063238.1	18300001	18400000	0.0006678520380022	80306	2285529	3422208618	4321640
AL	NC_063238.1	18400001	18500000	0.0006671473090494	78946	2299351	3446541669	3971730
AL	NC_063238.1	18500001	18600000	0.0003962434094634	80131	1375235	3470682331	4126672
AL	NC_063238.1	18600001	18700000	0.0006336831054608	82759	2216763	3498220137	4550284
AL	NC_063238.1	18700001	18800000	7.97413479297422e-05	80102	276104	3462494768	4149028
AL	NC_063238.1	18800001	18900000	0.0004791532294102	74770	1556569	3248582926	3814816
AL	NC_063238.1	18900001	19000000	0.000369727951628	77867	1277873	3456252075	3723240
AL	NC_063238.1	19000001	19100000	5.428565509216872e-05	75899	183407	3378553684	3597790
AL	NC_063238.1	19100001	19200000	0.0003539238869623	81678	1335889	3774509292	3407348
AL	NC_063238.1	19200001	19300000	0.0002513346868733	80508	909848	3620065385	3705142
AL	NC_063238.1	19300001	19400000	0.0002733943977311	82586	1057239	3867083630	3281880
AL	NC_063238.1	19400001	19500000	1.590744618514653e-05	82229	60014	3772698603	3518452
AL	NC_063238.1	19500001	19600000	0.0003951018631151	78799	1472189	3726099868	3016390
AL	NC_063238.1	19600001	19700000	0.0003226316516892	79859	1227743	3805401589	2965940
AL	NC_063238.1	19700001	19800000	0.0003118926847939	81679	1146902	3677232766	3733130
AL	NC_063238.1	19800001	19900000	0.0003402586235762	79550	1281590	3766517323	3024230
AL	NC_063238.1	19900001	20000000	0.0001810326213633	81605	693792	3832414262	3203654
AL	NC_063238.1	20000001	20100000	0.0001228294194151	83685	485643	3953800338	3212750
AL	NC_063238.1	20100001	20200000	0.0003045928680886	84607	1191691	3912406116	3524126
AL	NC_063238.1	20200001	20300000	0.00027035661442	85392	1073005	3968850558	3488908
AL	NC_063238.1	20300001	20400000	0.0003097132497018	81152	1158330	3740007898	3421276
AL	NC_063238.1	20400001	20500000	0.0001972207960291	78036	700422	3551461175	3440642
AL	NC_063238.1	20500001	20600000	0.0002634182179062	84829	1039349	3945623079	3450996
AL	NC_063238.1	20600001	20700000	0.0002934868911973	83567	1149880	3917994413	3300364
AL	NC_063238.1	20700001	20800000	0.0001088421747312	80971	410308	3769751946	3291186
AL	NC_063238.1	20800001	20900000	0.0003792677153021	78177	1420208	3744605572	2845146
AL	NC_063238.1	20900001	21000000	0.0002521787107555	84247	1019350	4042173096	3026206
AL	NC_063238.1	21000001	21100000	0.000286816765809	83562	1133781	3952980213	3202266
AL	NC_063238.1	21100001	21200000	0.0003252658393609	83427	1292873	3974819497	3097052
AL	NC_063238.1	21200001	21300000	0.0003602391734161	80822	1406060	3903129098	2832200
AL	NC_063238.1	21300001	21400000	0.0003523325288431	84032	1424837	4044012072	2981896
AL	NC_063238.1	21400001	21500000	0.0002718486043744	84230	1118311	4113727207	2800542
AL	NC_063238.1	21500001	21600000	0.0004894447388259	84554	1971495	4028023684	3133428
AL	NC_063238.1	21600001	21700000	0.000366666543754	80508	1411427	3849347654	2941460
AL	NC_063238.1	21700001	21800000	0.0005386949693719	83367	2146243	3984152669	3044540
AL	NC_063238.1	21800001	21900000	0.0004107603806099	82001	1692383	4120122290	2354518
AL	NC_063238.1	21900001	22000000	0.0005864237932318	78441	2242743	3824440662	2630942
AL	NC_063238.1	22000001	22100000	0.0004091839328073	84971	1671127	4084048434	3033346
AL	NC_063238.1	22100001	22200000	0.0005985122058555	80768	2170101	3625825804	3722080
AL	NC_063238.1	22200001	22300000	5.76099647395916e-05	80864	223736	3883633691	2895570
AL	NC_063238.1	22300001	22400000	0.0004729934347877	83043	1785176	3774208834	3677306
AL	NC_063238.1	22400001	22500000	0.0004661130977197	83696	1872507	4017280375	3006170
AL	NC_063238.1	22500001	22600000	0.000544677624485	82892	2109204	3872389658	3329308
AL	NC_063238.1	22600001	22700000	0.0004179091271904	83765	1648979	3945783647	3245708
AL	NC_063238.1	22700001	22800000	0.0002382217230711	82683	936858	3932714397	3088956
AL	NC_063238.1	22800001	22900000	0.000111386406439	80898	405428	3639833737	3702314
AL	NC_063238.1	22900001	23000000	0.0002985024654676	81921	1183530	3964891875	2844188
AL	NC_063238.1	23000001	23100000	0.0001281877450704	80638	459440	3584117965	3841242
AL	NC_063238.1	23100001	23200000	1.4721536438970744e-05	82392	53030	3602205532	4121744
AL	NC_063238.1	23200001	23300000	0.0002211719779028	81222	767521	3470245224	4338716
AL	NC_063238.1	23300001	23400000	0.0003815994262224	82365	1397539	3662319448	3916034
AL	NC_063238.1	23400001	23500000	0.0003239284649742	86336	1284332	3964863045	3684678
AL	NC_063238.1	23500001	23600000	0.0005206849147423	74609	1850834	3554614216	2777850
AL	NC_063238.1	23600001	23700000	0.0003534886655663	83689	1407506	3981757089	3123616
AL	NC_063238.1	23700001	23800000	0.0002720350608923	80931	1059405	3894369338	2879810
AL	NC_063238.1	23800001	23900000	0.000432515233842	82988	1786048	4129445301	2510030
AL	NC_063238.1	23900001	24000000	0.0004032282810018	83871	1742318	4320922123	2071280
AL	NC_063238.1	24000001	24100000	0.0006425056903459	82984	2606248	4056381195	2744810
AL	NC_063238.1	24100001	24200000	0.0004296511288001	85313	1822888	4242716655	2586388
AL	NC_063238.1	24200001	24300000	0.0005441320622061	81543	2205220	4052729389	2480084
AL	NC_063238.1	24300001	24400000	0.0002553293341774	82512	994729	3895866502	3183180
AL	NC_063238.1	24400001	24500000	0.0005779815700504	81492	2388472	4132436264	2228912
AL	NC_063238.1	24500001	24600000	0.0006503062543129	83354	2588340	3980186232	3070868
AL	NC_063238.1	24600001	24700000	0.0007735669801755	81590	3046509	3938261428	2868764
AL	NC_063238.1	24700001	24800000	0.000341505479852	81573	1235922	3619040024	3913138
AL	NC_063238.1	24800001	24900000	0.0003946240170534	79070	1325103	3357887363	4297142
AL	NC_063238.1	24900001	25000000	0.0002502147007489	81184	861998	3445033395	4421474
AL	NC_063238.1	25000001	25100000	0.000414260322668	80769	1376976	3323938897	4755048
AL	NC_063238.1	25100001	25200000	0.0003507992548309	81254	1275969	3637319585	3789290
AL	NC_063238.1	25200001	25300000	0.0006115567380994	83560	2402218	3928037826	3269828
AL	NC_063238.1	25300001	25400000	0.0003747525167635	81075	1379403	3680837188	3607174
AL	NC_063238.1	25400001	25500000	0.0003638623373939	83846	1358130	3732537997	3981050
AL	NC_063238.1	25500001	25600000	0.0002642844926619	79819	929133	3515654629	3907092
AL	NC_063238.1	25600001	25700000	0.0004811488905188	82212	1677386	3486209847	4490162
AL	NC_063238.1	25700001	25800000	0.0004355154725573	81917	1567146	3598370434	4043886
AL	NC_063238.1	25800001	25900000	0.0004815370256355	82753	1823248	3786309054	3587302
AL	NC_063238.1	25900001	26000000	0.0001213543605159	80174	448867	3698812289	3370154
AL	NC_063238.1	26000001	26100000	3.10202723831431e-05	73909	107448	3463799372	2936114
AL	NC_063238.1	26100001	26200000	0.0002996777663681	78866	1096368	3658489628	3248588
AL	NC_063238.1	26200001	26300000	0.0002711699845343	81451	1032657	3808153774	3253018
AL	NC_063238.1	26300001	26400000	0.0001789881426814	82182	661363	3695010128	3778524
AL	NC_063238.1	26400001	26500000	0.0002064933410932	81155	740674	3586914697	3934556
AL	NC_063238.1	26500001	26600000	0.0003100736857123	80377	1098537	3542825627	3926540
AL	NC_063238.1	26600001	26700000	0.0003460790726342	82143	1233354	3563792490	4205050
AL	NC_063238.1	26700001	26800000	0.0002377399294783	81514	863680	3632877329	3851818
AL	NC_063238.1	26800001	26900000	0.0004178165872487	77617	1457667	3488772453	3565784
AL	NC_063238.1	26900001	27000000	0.0003008299701238	82356	1132573	3764827685	3572286
AL	NC_063238.1	27000001	27100000	0.0004936240560132	82900	1884150	3816973620	3512808
AL	NC_063238.1	27100001	27200000	0.0005033530452131	84119	2007343	3987942497	3190052
AL	NC_063238.1	27200001	27300000	0.0003277526582575	80157	1255208	3829741631	2938684
AL	NC_063238.1	27300001	27400000	0.0005955907894478	81370	2289839	3844651463	3131758
AL	NC_063238.1	27400001	27500000	0.000353313512856	78310	1332818	3772338027	2775286
AL	NC_063238.1	27500001	27600000	0.0002393206102174	75648	853625	3566867890	2933396
AL	NC_063238.1	27600001	27700000	0.0002046020221343	69495	644779	3151381366	3107546
AL	NC_063238.1	27700001	27800000	0.0001329756795729	74879	439077	3301934620	3657990
AL	NC_063238.1	27800001	27900000	0.0001719028027332	71497	540734	3145579894	3524006
AL	NC_063238.1	27900001	28000000	0.0003149294847853	70525	999508	3173751739	3241004
AL	NC_063238.1	28000001	28100000	0.0005927897117027	74376	1871058	3156360448	4054736
AL	NC_063238.1	28100001	28200000	0.0004759217646484	72861	1515459	3184260760	3666490
AL	NC_063238.1	28200001	28300000	0.000727774532746	74922	2338345	3213007456	3973268
AL	NC_063238.1	28300001	28400000	0.0005143204298893	75343	1680638	3267686645	3871044
AL	NC_063238.1	28400001	28500000	0.0003935131978494	66570	1161160	2950752367	3207934
AL	NC_063238.1	28500001	28600000	0.0003396324955738	71036	1047066	3082938216	3642248
AL	NC_063238.1	28600001	28700000	0.0002284979643255	75687	713936	3124474225	4426988
AL	NC_063238.1	28700001	28800000	0.0004944623714066	77294	1582149	3199735898	4494640
AL	NC_063238.1	28800001	28900000	0.0006345858410878	72887	1919925	3025477210	4213978
AL	NC_063238.1	28900001	29000000	0.000320019123938	74872	999068	3121900928	4277320
AL	NC_063238.1	29000001	29100000	0.0004908803467321	74825	1565342	3188846346	4041926
AL	NC_063238.1	29100001	29200000	0.0008937667687142	75548	2816926	3151746181	4305918
AL	NC_063238.1	29200001	29300000	0.0007952189055587	76165	2676018	3365133778	3715974
AL	NC_063238.1	29300001	29400000	0.0008722243301054	76470	2955373	3388317544	3689700
AL	NC_063238.1	29400001	29500000	0.0006440091225266	75232	2074081	3220577050	4003428
AL	NC_063238.1	29500001	29600000	0.0002923970209099	69880	897571	3069699538	3460500
AL	NC_063238.1	29600001	29700000	0.0005758160658301	73182	1847169	3207915009	3647938
AL	NC_063238.1	29700001	29800000	0.0006042896737359	77053	2040907	3377365341	3833024
AL	NC_063238.1	29800001	29900000	0.0004360699148968	77202	1480381	3394824888	3803796
AL	NC_063238.1	29900001	30000000	0.0004682406155996	81963	1726583	3687384098	3756458
AL	NC_063238.1	30000001	30100000	0.000447202013336	76396	1554248	3475494192	3371664
AL	NC_063238.1	30100001	30200000	0.0002423869586278	83070	926767	3823501913	3519258
AL	NC_063238.1	30200001	30300000	0.000177454158812	81620	661562	3728072672	3550776
AL	NC_063238.1	30300001	30400000	0.0002328371454648	83676	879395	3776867296	3789008
AL	NC_063238.1	30400001	30500000	0.0001431346553825	81453	532053	3717150110	3555070
AL	NC_063238.1	30500001	30600000	0.0001291966809467	81331	506117	3917414877	2874820
AL	NC_063238.1	30600001	30700000	0.0001188614175867	77914	435357	3662727644	3054948
AL	NC_063238.1	30700001	30800000	0.0001202361204326	76942	456083	3793227845	2450202
AL	NC_063238.1	30800001	30900000	7.670073558719533e-05	81221	301789	3934629801	2800496
AL	NC_063238.1	30900001	31000000	7.173035268519667e-05	80007	272523	3799270320	3007166
AL	NC_063238.1	31000001	31100000	0.0001350190768317	81790	529894	3924586158	2935824
AL	NC_063238.1	31100001	31200000	0.0003222837253544	84729	1346833	4179028893	2677080
AL	NC_063238.1	31200001	31300000	0.000265090104404	84528	1110477	4189054897	2609318
AL	NC_063238.1	31300001	31400000	0.0001524133176218	82802	600105	3937352781	3093746
AL	NC_063238.1	31400001	31500000	0.0002356696741502	79906	903222	3832576267	2879286
AL	NC_063238.1	31500001	31600000	5.987922578761992e-05	79369	230337	3846693022	2732262
AL	NC_063238.1	31600001	31700000	0.0001177341922645	81189	453851	3854878445	3050048
AL	NC_063238.1	31700001	31800000	0.0001477220652302	80229	574131	3886562235	2764828
AL	NC_063238.1	31800001	31900000	0.0003628376831062	83484	1448773	3992895632	3044408
AL	NC_063238.1	31900001	32000000	0.000297761412216	83376	1169357	3927160982	3252108
AL	NC_063238.1	32000001	32100000	0.0001468651582732	83465	585566	3987099506	3059614
AL	NC_063238.1	32100001	32200000	0.0002818315517579	83998	1065673	3781240934	3835376
AL	NC_063238.1	32200001	32300000	0.0002124732402553	83636	836074	3934961405	3268134
AL	NC_063238.1	32300001	32400000	0.000202326292379	83053	819935	4052538058	2765670
AL	NC_063238.1	32400001	32500000	4.697323078840007e-05	81451	182110	3876888963	3025728
AL	NC_063238.1	32500001	32600000	6.959931687841922e-05	73322	245552	3528080605	2607466
AL	NC_063238.1	32600001	32700000	2.9143217875643358e-05	82834	115555	3965073469	3007586
AL	NC_063238.1	32700001	32800000	0.0001254444113426	84228	495296	3948330537	3323774
AL	NC_063238.1	32800001	32900000	0.0001972405147178	82467	751871	3811950101	3436204
AL	NC_063238.1	32900001	33000000	0.0004132310656943	82035	1563790	3784299221	3442444
AL	NC_063238.1	33000001	33100000	0.0002606142783357	83425	1021427	3919305598	3265118
AL	NC_063238.1	33100001	33200000	0.0001968866612135	84710	827635	4203611331	2596622
AL	NC_063238.1	33200001	33300000	0.0003415633204494	85539	1428578	4182469002	2826578
AL	NC_063238.1	33300001	33400000	0.0004098302113888	83708	1652265	4031584188	2960976
AL	NC_063238.1	33400001	33500000	0.0001951276132588	86911	841132	4310676413	2671500
AL	NC_063238.1	33500001	33600000	0.0003487690140575	82956	1375415	3943627285	3100110
AL	NC_063238.1	33600001	33700000	0.000488833263561	85305	1961179	4011958977	3327064
AL	NC_063238.1	33700001	33800000	0.0004152486367699	80474	1639545	3948345292	2613516
AL	NC_063238.1	33800001	33900000	0.0004911734302183	81870	1980529	4032239690	2610208
AL	NC_063238.1	33900001	34000000	0.0002609229219509	83661	1053996	4039491786	2919982
AL	NC_063238.1	34000001	34100000	0.000488612414809	79616	1880971	3849617699	2765610
AL	NC_063238.1	34100001	34200000	0.0004369356989231	83238	1690871	3869839439	3400534
AL	NC_063238.1	34200001	34300000	0.0002203829323545	84786	878605	3986719800	3319212
AL	NC_063238.1	34300001	34400000	0.0002992420319646	82446	1193624	3988824672	2854444
AL	NC_063238.1	34400001	34500000	0.0005312683814748	73373	1865095	3510645589	2670368
AL	NC_063238.1	34500001	34600000	0.0001585804973986	77135	576839	3637515391	2980160
AL	NC_063238.1	34600001	34700000	5.393058662651405e-05	78532	196835	3649784145	3207702
AL	NC_063238.1	34700001	34800000	8.112786898023012e-05	83546	323061	3982121114	3085088
AL	NC_063238.1	34800001	34900000	0.0001867142796036	82582	721148	3862307701	3294506
AL	NC_063238.1	34900001	35000000	0.0005186019033761	83993	2017297	3889875812	3471250
AL	NC_063238.1	35000001	35100000	0.0004876719558314	85260	1928533	3954570233	3499846
AL	NC_063238.1	35100001	35200000	0.0004518080986781	81172	1774931	3928506384	2808216
AL	NC_063238.1	35200001	35300000	4.195015397225216e-05	85248	182887	4359626430	2198004
AL	NC_063238.1	35300001	35400000	2.8822460577965686e-06	84475	11961	4149888580	2721366
AL	NC_063238.1	35400001	35500000	3.567743504647856e-05	84480	142045	3981368050	3268140
AL	NC_063238.1	35500001	35600000	0.0003111418207251	82721	1187575	3816828600	3467898
AL	NC_063238.1	35600001	35700000	0.0004136596289936	82699	1546675	3739003982	3717850
AL	NC_063238.1	35700001	35800000	0.0003948083215949	80984	1463976	3708067738	3487716
AL	NC_063238.1	35800001	35900000	0.0001581544402039	84702	638303	4035947389	3130266
AL	NC_063238.1	35900001	36000000	8.461837300780678e-05	84287	337103	3983803848	3227318
AL	NC_063238.1	36000001	36100000	7.152195962572285e-05	81812	272829	3814618635	3317386
AL	NC_063238.1	36100001	36200000	4.288204845517534e-05	82369	166078	3872902671	3222732
AL	NC_063238.1	36200001	36300000	0.0004802691497533	80572	1877357	3908968546	2753956
AL	NC_063238.1	36300001	36400000	0.0002600042946886	79586	960336	3693538990	3272400
AL	NC_063238.1	36400001	36500000	0.000306188679105	79637	1133423	3701714261	3258208
AL	NC_063238.1	36500001	36600000	0.0006820423156354	80456	2539023	3722676646	3340804
AL	NC_063238.1	36600001	36700000	0.0009140585369547	79372	3335806	3649444609	3371510
AL	NC_063238.1	36700001	36800000	0.0006546699584331	80893	2492700	3807567413	3144952
AL	NC_063238.1	36800001	36900000	0.0005852817510598	81782	2156778	3685025197	3729106
AL	NC_063238.1	36900001	37000000	0.0004647605759724	81651	1785960	3842752790	3179178
AL	NC_063238.1	37000001	37100000	0.0004257794516018	80870	1627855	3823235231	3086150
AL	NC_063238.1	37100001	37200000	0.0004679396778758	80219	1819285	3887862231	2760864
AL	NC_063238.1	37200001	37300000	0.0003614458180856	80077	1314412	3636539515	3562260
AL	NC_063238.1	37300001	37400000	0.0001995393598125	82223	780402	3911017860	3068462
AL	NC_063238.1	37400001	37500000	0.0003583467063759	83406	1399195	3904584513	3306906
AL	NC_063238.1	37500001	37600000	0.0003763289676178	82127	1509578	4011325542	2722498
AL	NC_063238.1	37600001	37700000	0.0004726715743801	82511	1904563	4029358022	2732274
AL	NC_063238.1	37700001	37800000	0.0009060548205372	78311	3490893	3852849652	2502206
AL	NC_063238.1	37800001	37900000	0.0005027623199818	85270	2027043	4031811692	3250332
AL	NC_063238.1	37900001	38000000	0.0002935899767429	80172	1088231	3706635397	3334518
AL	NC_063238.1	38000001	38100000	0.0004109577632393	79105	1549711	3770973902	2922686
AL	NC_063238.1	38100001	38200000	0.0005260626134792	80381	1979431	3762728902	3197302
AL	NC_063238.1	38200001	38300000	0.0003688567601975	79261	1378626	3737564683	3070308
AL	NC_063238.1	38300001	38400000	0.0008162780092939	80738	3202826	3923695069	2737970
AL	NC_063238.1	38400001	38500000	0.0003768467447137	77776	1393352	3697396938	2910740
AL	NC_063238.1	38500001	38600000	0.0005416041946693	68308	1786468	3298475192	2388088
AL	NC_063238.1	38600001	38700000	0.00038744008777	81794	1449565	3741391368	3545004
AL	NC_063238.1	38700001	38800000	0.0004590825817964	79606	1672121	3642309829	3441698
AL	NC_063238.1	38800001	38900000	0.0003662129468875	76584	1264233	3452179970	3483572
AL	NC_063238.1	38900001	39000000	0.0005042049598437	79564	1805761	3581402691	3633882
AL	NC_063238.1	39000001	39100000	0.0008679160194842	77815	3103165	3575420813	3316156
AL	NC_063238.1	39100001	39200000	0.000462206705427	76000	1629084	3524578897	3132814
AL	NC_063238.1	39200001	39300000	0.0008520479493608	74610	3010659	3533438467	2844766
AL	NC_063238.1	39300001	39400000	0.0007383177883809	77260	2572749	3484609257	3509670
AL	NC_063238.1	39400001	39500000	0.0004456859627487	74881	1567681	3517456530	2939622
AL	NC_063238.1	39500001	39600000	0.0005939071230122	73617	1986867	3345417024	3263122
AL	NC_063238.1	39600001	39700000	0.0005938700159701	73683	1981269	3336199752	3308254
AL	NC_063238.1	39700001	39800000	0.0005200926343155	71649	1735014	3335971105	2908480
AL	NC_063238.1	39800001	39900000	0.0007546691298113	77315	2697874	3574909710	3219450
AL	NC_063238.1	39900001	40000000	0.000672996418042	73859	2334326	3468556351	2900376
AL	NC_063238.1	40000001	40100000	0.0006818122983306	78253	2509611	3680794562	3051878
AL	NC_063238.1	40100001	40200000	0.0005783410391392	82899	2272530	3929394330	3132786
AL	NC_063238.1	40200001	40300000	0.0001065235119342	81359	411844	3866226268	3040566
AL	NC_063238.1	40300001	40400000	0.0002496741831844	80282	963902	3860639445	2854682
AL	NC_063238.1	40400001	40500000	0.0001902535533271	81351	745091	3916305304	2878950
AL	NC_063238.1	40500001	40600000	0.0001281164195559	79759	482909	3769298281	3052436
AL	NC_063238.1	40600001	40700000	0.0004122270702245	82964	1670837	4053195728	2745040
AL	NC_063238.1	40700001	40800000	0.0003562636672606	83209	1439421	4040324996	2831954
AL	NC_063238.1	40800001	40900000	0.0003982268365455	82110	1520867	3819097209	3337330
AL	NC_063238.1	40900001	41000000	0.0002119776124743	79287	783117	3694338241	3203980
AL	NC_063238.1	41000001	41100000	0.0002608731021994	80658	967728	3709573704	3421388
AL	NC_063238.1	41100001	41200000	6.491881606004752e-05	78469	239405	3687759798	3079206
AL	NC_063238.1	41200001	41300000	0.0001441890349027	80349	565561	3922357899	2676988
AL	NC_063238.1	41300001	41400000	0.000393079575811	81583	1544279	3928667616	2891878
AL	NC_063238.1	41400001	41500000	0.0005204769173767	78464	1949935	3746438958	2877764
AL	NC_063238.1	41500001	41600000	0.0004373716054036	81845	1746200	3992485974	2726430
AL	NC_063238.1	41600001	41700000	0.0002681297266573	81798	1061903	3960407573	2830074
AL	NC_063238.1	41700001	41800000	0.0001203441802913	82663	504556	4192608224	2243814
AL	NC_063238.1	41800001	41900000	5.157996438117549e-05	78856	213564	4140444891	1701154
AL	NC_063238.1	41900001	42000000	0.0003958246955084	79221	1533068	3873098413	2610440
AL	NC_063238.1	42000001	42100000	0.0004611643552868	68835	1529444	3316483554	2430394
AL	NC_063238.1	42100001	42200000	0.000652437749478	75558	2359672	3616700600	2741276
AL	NC_063238.1	42200001	42300000	0.0006826132847586	72487	2403546	3521094672	2464118
AL	NC_063238.1	42300001	42400000	0.0005458467656699	77496	1957100	3585438484	3214168
AL	NC_063238.1	42400001	42500000	0.000772038008935	75757	2755597	3569250436	2935730
AL	NC_063238.1	42500001	42600000	0.0006141370035132	76514	2176687	3544301984	3159196
AL	NC_063238.1	42600001	42700000	0.0010219241951927	78455	3791528	3710185176	2990398
AL	NC_063238.1	42700001	42800000	0.0006862823589194	77689	2558895	3728632926	2782774
AL	NC_063238.1	42800001	42900000	0.0007445275251553	75926	2747483	3690236972	2568276
AL	NC_063238.1	42900001	43000000	0.0005598820226772	73555	2035483	3635556988	2294126
AL	NC_063238.1	43000001	43100000	0.0004944528584415	72766	1772394	3584556080	2311532
AL	NC_063238.1	43100001	43200000	0.0004665484442272	77168	1788443	3833348974	2349316
AL	NC_063238.1	43200001	43300000	0.000462106110359	80344	1865583	4037131209	2298486
AL	NC_063238.1	43300001	43400000	0.0006120827638711	77580	2453986	4009238856	1870064
AL	NC_063238.1	43400001	43500000	0.000282466677722	74102	1068634	3783221471	1932350
AL	NC_063238.1	43500001	43600000	0.0008123177433222	73972	2954963	3637693531	2368538
AL	NC_063238.1	43600001	43700000	0.0007500295160805	71921	2706646	3608719313	2076072
AL	NC_063238.1	43700001	43800000	0.0007418548526528	67996	2496862	3365701513	2105918
AL	NC_063238.1	43800001	43900000	0.000642083386379	70192	2222159	3460857339	2216882
AL	NC_063238.1	43900001	44000000	0.0006701041134124	75526	2619742	3909455184	1800692
AL	NC_063238.1	44000001	44100000	0.0008006285549325	71643	2995933	3741976203	1604576
AL	NC_063238.1	44100001	44200000	0.0008372965415011	73740	3167380	3782865261	1865294
AL	NC_063238.1	44200001	44300000	0.0008360867847951	72448	3213013	3842918054	1442476
AL	NC_063238.1	44300001	44400000	0.0008793503456473	66942	3091466	3515624933	1441682
AL	NC_063238.1	44400001	44500000	0.0006940149280874	59199	2116923	3050255714	1465138
AL	NC_063238.1	44500001	44600000	0.0003382837067462	9274	149335	441448988	349652
AL	NC_063238.1	44600001	44700000	0.0006542434353808	17586	583930	892527106	482928
AL	NC_063238.1	44700001	44800000	0.0007498793351045	56274	2149020	2865821072	1502604
AL	NC_063238.1	44800001	44900000	0.0004866404990508	57342	1437091	2953085497	1427722
AL	NC_063238.1	44900001	45000000	0.0012894467215826	19827	1183830	918091442	825570
AL	NC_063238.1	45000001	45100000	0.0008984171441291	28027	1185801	1319877974	1102066
AL	NC_063238.1	45100001	45200000	0.0005942901850364	29041	821805	1382834549	1083992
AL	NC_063238.1	45200001	45300000	0.0010665302928177	18859	942443	883653288	754054
AL	NC_063238.1	45300001	45400000	0.0004945791672907	12755	276601	559265368	637190
AL	NC_063238.1	45400001	45500000	0.0009848501501494	17579	777684	789647034	812338
AL	NC_063238.1	45500001	45600000	0.0010556456965914	14445	662445	627525885	739624
AL	NC_063238.1	45600001	45700000	0.0008696116488905	50174	2050002	2357376425	1975682
AL	NC_063238.1	45700001	45800000	0.0002684940606017	60995	808762	3012215608	1925382
AL	NC_063238.1	45800001	45900000	0.0001268970727967	78417	524783	4135501225	1636952
AL	NC_063238.1	45900001	46000000	0.0001864205144288	77159	744373	3992977931	1847544
AL	NC_063238.1	46000001	46100000	0.0006031289364906	15360	477340	791439394	383396
AL	NC_063239.1	1	100000	0.0008564735884967	64731	2885730	3369315807	1493664
AL	NC_063239.1	100001	200000	0.0005626613204497	73500	2146564	3815019661	1721326
AL	NC_063239.1	200001	300000	0.0005345624059254	75902	2135668	3995170585	1608866
AL	NC_063239.1	300001	400000	0.0006592433991875	77851	2727375	4137129023	1524776
AL	NC_063239.1	400001	500000	0.0008764700096348	76488	3488680	3980375782	1759636
AL	NC_063239.1	500001	600000	0.00067459847703	76894	2623335	3888735432	2119564
AL	NC_063239.1	600001	700000	0.0006989384208946	73491	2578757	3689533903	2114472
AL	NC_063239.1	700001	800000	0.000730412714108	79967	2879412	3942171247	2531480
AL	NC_063239.1	800001	900000	0.0006894846167696	76921	2690785	3902603386	2084158
AL	NC_063239.1	900001	1000000	0.000557726760873	81705	2291570	4108768237	2333968
AL	NC_063239.1	1000001	1100000	0.0008227630590001	81047	3318392	4033229207	2446552
AL	NC_063239.1	1100001	1200000	0.0006495409851541	79452	2624442	4040456353	2123326
AL	NC_063239.1	1200001	1300000	0.0007653585254241	76488	3043000	3975914423	1776682
AL	NC_063239.1	1300001	1400000	0.0007753946825195	73491	3038193	3918253592	1402086
AL	NC_063239.1	1400001	1500000	0.0010534868828276	69456	3897559	3699674921	1335750
AL	NC_063239.1	1500001	1600000	0.0006298844480103	69831	2340548	3715837099	1357824
AL	NC_063239.1	1600001	1700000	0.0009368447294528	60345	2989528	3191060275	1240236
AL	NC_063239.1	1700001	1800000	0.0007747579001389	63947	2557963	3301628805	1564572
AL	NC_063239.1	1800001	1900000	0.0009406144654467	61916	2889872	3072323578	1906348
AL	NC_063239.1	1900001	2000000	0.0009229136222706	60203	2798526	3032272937	1711108
AL	NC_063239.1	2000001	2100000	0.0009157527747188	43445	1852263	2022667090	1769022
AL	NC_063239.1	2100001	2200000	0.0008127404799942	39818	1567030	1928081643	1386582
AL	NC_063239.1	2200001	2300000	0.0010905263360839	59858	3266875	2995686479	1761854
AL	NC_063239.1	2300001	2400000	0.0010473333912888	62794	3362462	3210498231	1632830
AL	NC_063239.1	2400001	2500000	0.000740924391748	75086	2952113	3984364711	1492838
AL	NC_063239.1	2500001	2600000	0.0005510705216809	79440	2343784	4253147116	1459672
AL	NC_063239.1	2600001	2700000	0.0003617619212831	81678	1583432	4377000195	1487606
AL	NC_063239.1	2700001	2800000	0.0004406155396207	79944	1898173	4308002849	1384750
AL	NC_063239.1	2800001	2900000	0.0007470754859023	73554	2870596	3842444377	1655018
AL	NC_063239.1	2900001	3000000	0.0006707120926882	68389	2294062	3420337914	2025078
AL	NC_063239.1	3000001	3100000	0.0006039245514123	76650	2404361	3981227447	1798046
AL	NC_063239.1	3100001	3200000	0.0005660333594454	77915	2284809	4036527109	1857284
AL	NC_063239.1	3200001	3300000	0.0006442900069611	79865	2759514	4283030887	1445860
AL	NC_063239.1	3300001	3400000	0.0002915875565198	82661	1300713	4460797352	1412498
AL	NC_063239.1	3400001	3500000	0.000256635961645	87099	1149993	4481028273	2172948
AL	NC_063239.1	3500001	3600000	0.0002503150685966	83974	1034922	4134477424	2684204
AL	NC_063239.1	3600001	3700000	0.0009264563000862	40952	1968188	2124426160	970576
AL	NC_063239.1	3700001	3800000	0.0	3955	0	181107990	172970
AL	NC_063239.1	3800001	3900000	0.0	3329	0	143593759	175180
AL	NC_063239.1	3900001	4000000	0.0004431482580945	52932	1205964	2721355614	1330660
AL	NC_063239.1	4000001	4100000	0.0002550438258727	21213	267413	1048498230	672726
AL	NC_063239.1	4100001	4200000	0.0007718007891764	21841	864987	1120738683	554644
AL	NC_063239.1	4200001	4300000	0.0	57	0	2011112	4554
AL	NC_063239.1	4300001	4400000	0.0	268	0	12084347	12362
AL	NC_063239.1	4400001	4500000	0.0152418867878577	34	21279	1396087	2046
AL	NC_063239.1	4500001	4600000	NA	0	NA	NA	NA
AL	NC_063239.1	4600001	4700000	NA	0	NA	NA	NA
AL	NC_063239.1	4700001	4800000	NA	0	NA	NA	NA
AL	NC_063239.1	4800001	4900000	NA	0	NA	NA	NA
AL	NC_063239.1	4900001	5000000	0.0	2	0	67340	172
AL	NC_063239.1	5000001	5100000	NA	0	NA	NA	NA
AL	NC_063239.1	5100001	5200000	0.0	2	0	79242	128
AL	NC_063239.1	5200001	5300000	0.0	22	0	754342	1840
AL	NC_063239.1	5300001	5400000	NA	0	NA	NA	NA
AL	NC_063239.1	5400001	5500000	0.0	13	0	441878	1102
AL	NC_063239.1	5500001	5600000	NA	0	NA	NA	NA
AL	NC_063239.1	5600001	5700000	NA	0	NA	NA	NA
AL	NC_063239.1	5700001	5800000	0.0	2	0	67861	170
AL	NC_063239.1	5800001	5900000	NA	0	NA	NA	NA
AL	NC_063239.1	5900001	6000000	NA	0	NA	NA	NA
AL	NC_063239.1	6000001	6100000	0.0	4	0	135201	342
AL	NC_063239.1	6100001	6200000	NA	0	NA	NA	NA
AL	NC_063239.1	6200001	6300000	0.0	16	0	551280	1328
AL	NC_063240.1	1	100000	0.0	1149	0	56999786	35750
AL	NC_063240.1	100001	200000	NA	0	NA	NA	NA
AL	NC_063240.1	200001	300000	NA	0	NA	NA	NA
AL	NC_063240.1	300001	400000	NA	0	NA	NA	NA
AL	NC_063240.1	400001	500000	NA	0	NA	NA	NA
AL	NC_063240.1	500001	600000	NA	0	NA	NA	NA
AL	NC_063240.1	600001	700000	NA	0	NA	NA	NA
AL	NC_063240.1	700001	800000	NA	0	NA	NA	NA
AL	NC_063240.1	800001	900000	0.0	1	0	33670	86
AL	NC_063240.1	900001	1000000	0.0	37	0	1353051	2780
AL	NC_063240.1	1000001	1100000	NA	0	NA	NA	NA
AL	NC_063240.1	1100001	1200000	NA	0	NA	NA	NA
AL	NC_063240.1	1200001	1300000	NA	0	NA	NA	NA
AL	NC_063240.1	1300001	1400000	NA	0	NA	NA	NA
AL	NC_063240.1	1400001	1500000	NA	0	NA	NA	NA
AL	NC_063240.1	1500001	1600000	NA	0	NA	NA	NA
AL	NC_063240.1	1600001	1700000	NA	0	NA	NA	NA
AL	NC_063240.1	1700001	1800000	NA	0	NA	NA	NA
AL	NC_063240.1	1800001	1900000	0.0003626981932422	8482	162812	448891125	173298
AL	NC_063240.1	1900001	2000000	0.0004725620357652	60249	1435444	3037577908	1700746
AL	NC_063240.1	2000001	2100000	0.0005262205826862	81985	2155035	4095307312	2431394
AL	NC_063240.1	2100001	2200000	0.000399826156827	84098	1713578	4285807646	2227464
AL	NC_063240.1	2200001	2300000	0.0004422064050409	81935	1828124	4134096610	2299810
AL	NC_063240.1	2300001	2400000	0.000572222843705	80052	2444544	4272014001	1515430
AL	NC_063240.1	2400001	2500000	0.0006534607135554	79388	2727230	4173517923	1705802
AL	NC_063240.1	2500001	2600000	0.000785507860181	79170	3244177	4130037603	1794590
AL	NC_063240.1	2600001	2700000	0.0005550992744243	67492	1878613	3384282932	1964544
AL	NC_063240.1	2700001	2800000	0.0006681205887179	67346	2256408	3377246620	1959612
AL	NC_063240.1	2800001	2900000	0.0004191371789341	51461	1001585	2389635304	2113930
AL	NC_063240.1	2900001	3000000	0.0016556000845491	65230	5394094	3258089952	1938196
AL	NC_063240.1	3000001	3100000	0.0006767136242228	63500	2193972	3242098166	1661716
AL	NC_063240.1	3100001	3200000	0.0009573725152333	59070	2855584	2982730290	1654168
AL	NC_063240.1	3200001	3300000	0.000565043462639	67261	1936207	3426651449	1785640
AL	NC_063240.1	3300001	3400000	0.0005591777473394	70440	2026306	3623724316	1760016
AL	NC_063240.1	3400001	3500000	0.0004322598341523	70955	1567485	3626256423	1846656
AL	NC_063240.1	3500001	3600000	0.0006910197816452	77709	2780423	4023651817	1855800
AL	NC_063240.1	3600001	3700000	0.0006441365653502	65381	2171452	3371105006	1611430
AL	NC_063240.1	3700001	3800000	0.0007561669529198	44232	1702842	2251939196	1182272
AL	NC_063240.1	3800001	3900000	0.0004096784935614	63405	1349579	3294239315	1481300
AL	NC_063240.1	3900001	4000000	0.0007811445649095	65900	2562839	3280876697	1992422
AL	NC_063240.1	4000001	4100000	0.0005522943149443	72792	2099816	3801987352	1635232
AL	NC_063240.1	4100001	4200000	0.0004611450958726	72676	1749630	3794098681	1638774
AL	NC_063240.1	4200001	4300000	0.0005626038370335	73522	2079266	3695790649	2113490
AL	NC_063240.1	4300001	4400000	0.000559524708367	83749	2482655	4437078404	1682594
AL	NC_063240.1	4400001	4500000	0.000600860264414	84551	2581146	4295750864	2275406
AL	NC_063240.1	4500001	4600000	0.0005729934491818	82344	2483092	4333543435	1746658
AL	NC_063240.1	4600001	4700000	0.0003793296248953	81770	1613726	4254152310	1889400
AL	NC_063240.1	4700001	4800000	0.000617335214605	74519	2342632	3794748695	1984744
AL	NC_063240.1	4800001	4900000	0.0007519227373403	70677	2633328	3502125776	2193674
AL	NC_063240.1	4900001	5000000	0.0004389588775579	74874	1651112	3761427515	2161086
AL	NC_063240.1	5000001	5100000	0.0005539673818026	55560	1466767	2647749756	2064656
AL	NC_063240.1	5100001	5200000	0.0002964712270031	77428	1175511	3965008719	1991082
AL	NC_063240.1	5200001	5300000	0.0002655261662874	53673	694873	2616966191	1807892
AL	NC_063240.1	5300001	5400000	0.0004768569355084	62686	1452337	3045645123	2136606
AL	NC_063240.1	5400001	5500000	0.0005785096543316	50386	1379563	2384684490	1926920
AL	NC_063240.1	5500001	5600000	0.0006188773652048	49836	1496153	2417527420	1720792
AL	NC_063240.1	5600001	5700000	0.0009457578660835	29099	1212115	1281633538	1428850
AL	NC_063240.1	5700001	5800000	0.000699810830807	27555	875317	1250790873	1230764
AL	NC_063240.1	5800001	5900000	0.0005171891909675	31084	729414	1410342700	1389864
AL	NC_063240.1	5900001	6000000	0.0006528322215273	57860	1913030	2930354748	1594360
AL	NC_063240.1	6000001	6100000	0.0008285117775819	43537	1682329	2030543253	1764128
AL	NC_063240.1	6100001	6200000	0.0004421689469264	67701	1538763	3480034070	1702422
AL	NC_063240.1	6200001	6300000	0.0005936473161417	74207	2279344	3839559176	1778622
AL	NC_063240.1	6300001	6400000	0.0007731495062104	64652	2504740	3239658022	1890676
AL	NC_063240.1	6400001	6500000	0.0007937834131221	57957	2283595	2876848977	1785800
AL	NC_063240.1	6500001	6600000	0.001061486953556	66078	3603538	3394801969	1665426
AL	NC_063240.1	6600001	6700000	0.0007082346696767	62372	2212199	3123539548	1831056
AL	NC_063240.1	6700001	6800000	0.0004769491950422	65109	1581176	3315187480	1736666
AL	NC_063240.1	6800001	6900000	0.0008372385739943	57262	2392769	2857929716	1712132
AL	NC_063240.1	6900001	7000000	0.0009932574355594	51235	2467978	2484731462	1765226
AL	NC_063240.1	7000001	7100000	0.0004370828980399	78314	1808712	4138144064	1611788
AL	NC_063240.1	7100001	7200000	0.0003284633183773	80174	1401746	4267587647	1551278
AL	NC_063240.1	7200001	7300000	0.0004590459955943	77565	1917721	4177622762	1349990
AL	NC_063240.1	7300001	7400000	0.000522480608357	80303	2249629	4305669845	1459364
AL	NC_063240.1	7400001	7500000	9.780336208715933e-05	83659	423464	4329748906	1996658
AL	NC_063240.1	7500001	7600000	3.211648804099549e-05	84460	137597	4284310284	2295504
AL	NC_063240.1	7600001	7700000	4.030116704467363e-05	76714	154978	3845496579	2241334
AL	NC_063240.1	7700001	7800000	9.071897569327693e-05	1839	8840	97443781	37380
AL	NC_063241.1	1	100000	NA	0	NA	NA	NA
AL	NC_063241.1	100001	200000	0.000158609859871	4350	33642	212105351	147246
AL	NC_063241.1	200001	300000	0.0001124622222437	21807	122932	1093095953	638684
AL	NC_063241.1	300001	400000	0.0001418410500742	72541	509291	3590575505	2262320
AL	NC_063241.1	400001	500000	0.0004113587171035	78912	1647103	4004055175	2145154
AL	NC_063241.1	500001	600000	0.0004840040054758	75461	1877958	3880046402	1889038
AL	NC_063241.1	600001	700000	0.0004827197930566	68359	1678936	3478075737	1830292
AL	NC_063241.1	700001	800000	0.0006294977747734	74943	2403735	3818496421	1986332
AL	NC_063241.1	800001	900000	0.000595892029726	70795	2174542	3649221489	1745668
AL	NC_063241.1	900001	1000000	0.0005118769837075	53585	1275059	2490948100	2189674
AL	NC_063241.1	1000001	1100000	0.0007173116956393	46708	1498839	2089522601	2176422
AL	NC_063241.1	1100001	1200000	0.000634414722902	52538	1556965	2454175390	2114048
AL	NC_063241.1	1200001	1300000	0.0003094354744323	76188	1247618	4031916516	1547312
AL	NC_063241.1	1300001	1400000	0.0003024556510663	66323	1024863	3388473637	1734940
AL	NC_063241.1	1400001	1500000	0.0007948180599447	57094	2273036	2859819265	1673810
AL	NC_063241.1	1500001	1600000	0.0010553855054055	28603	1400709	1327201286	1180074
AL	NC_063241.1	1600001	1700000	0.0025753108303243	7297	854200	331688117	324872
AL	NC_063241.1	1700001	1800000	0.0012818534711298	29430	1684153	1313842056	1382060
AL	NC_063241.1	1800001	1900000	0.0015822798233337	17533	1191820	753229601	924920
AL	NC_063241.1	1900001	2000000	0.0005301098913264	20469	478837	903278750	1000894
AL	NC_063241.1	2000001	2100000	0.0007073538604921	51431	1780524	2517161635	1701704
AL	NC_063241.1	2100001	2200000	0.0008969873388021	40191	1673172	1865323988	1660782
AL	NC_063241.1	2200001	2300000	0.0007146007269033	38016	1247954	1746365422	1627380
AL	NC_063241.1	2300001	2400000	0.0008656963842919	70485	3133637	3619787557	1781720
AL	NC_063241.1	2400001	2500000	0.0005418576189318	71731	2043336	3770983241	1535596
AL	NC_063241.1	2500001	2600000	0.0006048975920756	59857	1880566	3108899795	1408020
AL	NC_063241.1	2600001	2700000	0.0007651434943541	62874	2491911	3256789110	1504960
AL	NC_063241.1	2700001	2800000	0.0010662782405915	24283	1250499	1172769876	855974
AL	NC_063241.1	2800001	2900000	0.0005374511370132	44808	1151769	2143020864	1640048
AL	NC_063241.1	2900001	3000000	0.0002125635700986	35966	358003	1684216161	1438490
AL	NC_063241.1	3000001	3100000	0.0003457113696231	39610	652448	1887262200	1476812
AL	NC_063241.1	3100001	3200000	0.0001808608629271	39920	353398	1953977186	1319236
AL	NC_063241.1	3200001	3300000	7.827003242628738e-05	62275	245646	3138442548	1768846
AL	NC_063241.1	3300001	3400000	7.108170803617329e-05	68749	246629	3469654948	1936794
AL	NC_063241.1	3400001	3500000	4.631702001339643e-05	26305	60411	1304293756	813914
AL	NC_063242.1	1	100000	0.0003468864393726	25834	441003	1271318074	825912
AL	NC_063242.1	100001	200000	0.0004012071697757	80431	1435757	3578592578	3823146
AL	NC_063242.1	200001	300000	0.0004238956776561	82095	1639672	3868102664	3186990
AL	NC_063242.1	300001	400000	0.0002844394173942	82742	1072547	3770739688	3629524
AL	NC_063242.1	400001	500000	0.0003154527260727	79405	1148367	3640377480	3409450
AL	NC_063242.1	500001	600000	0.0003116596980132	83672	1198073	3844170445	3565238
AL	NC_063242.1	600001	700000	0.0004119769802067	82462	1561247	3789646206	3510872
AL	NC_063242.1	700001	800000	0.0005148106269788	83857	1963670	3814354050	3700014
AL	NC_063242.1	800001	900000	0.0004107674384911	79683	1489089	3625138851	3511928
AL	NC_063242.1	900001	1000000	0.0004117096421604	83420	1579212	3835742082	3543332
AL	NC_063242.1	1000001	1100000	0.0001782171914489	82164	700673	3931567961	2989278
AL	NC_063242.1	1100001	1200000	0.0004146791342742	80984	1629672	3929959010	2772628
AL	NC_063242.1	1200001	1300000	0.0003699303581698	83061	1456949	3938441298	3140934
AL	NC_063242.1	1300001	1400000	0.0002914087104703	83569	1107202	3799481485	3699280
AL	NC_063242.1	1400001	1500000	0.0002467857659164	80897	940587	3811350288	3141130
AL	NC_063242.1	1500001	1600000	9.931829957942716e-05	83490	381066	3836815588	3556732
AL	NC_063242.1	1600001	1700000	0.0003122531285854	82437	1200290	3843964688	3337554
AL	NC_063242.1	1700001	1800000	0.0005456459877193	82835	2045430	3748639312	3719830
AL	NC_063242.1	1800001	1900000	0.0004395920571967	82415	1625125	3696893457	3808348
AL	NC_063242.1	1900001	2000000	0.0004323847541597	77499	1478791	3420081272	3772654
AL	NC_063242.1	2000001	2100000	0.0004773741585326	80179	1672116	3502736732	4024302
AL	NC_063242.1	2100001	2200000	0.0004899441486858	82179	1858957	3794222270	3457618
AL	NC_063242.1	2200001	2300000	0.0001922393388431	82615	692774	3603705694	4167186
AL	NC_063242.1	2300001	2400000	0.0003349849864582	81974	1205574	3598889648	4053820
AL	NC_063242.1	2400001	2500000	0.0003257968097284	82070	1153615	3540903304	4269212
AL	NC_063242.1	2500001	2600000	0.0002062524593333	79263	708154	3433432999	4077744
AL	NC_063242.1	2600001	2700000	0.0003544470556769	81401	1332730	3760025591	3420572
AL	NC_063242.1	2700001	2800000	0.0005452340516327	79815	1875704	3440181321	4163740
AL	NC_063242.1	2800001	2900000	0.0003838624482139	82180	1367885	3563476986	4216044
AL	NC_063242.1	2900001	3000000	0.0004574366954388	76887	1522147	3327557704	3965342
AL	NC_063242.1	3000001	3100000	0.0004723615587982	75883	1599284	3385720049	3571492
AL	NC_063242.1	3100001	3200000	0.0005224353456439	82311	1882000	3602359633	4108540
AL	NC_063242.1	3200001	3300000	0.0004980098007361	82329	1782880	3580009866	4187782
AL	NC_063242.1	3300001	3400000	0.0004730196585152	85069	1841124	3892277978	3683662
AL	NC_063242.1	3400001	3500000	0.0005737256992955	82624	2230885	3888417414	3217204
AL	NC_063242.1	3500001	3600000	0.0008034487363627	80827	2915658	3628928478	3725066
AL	NC_063242.1	3600001	3700000	0.0005573866084008	81502	2009581	3605362902	3935320
AL	NC_063242.1	3700001	3800000	0.0004141632063252	79946	1495078	3609876438	3620480
AL	NC_063242.1	3800001	3900000	0.000501809049744	83351	1881177	3748790503	3817944
AL	NC_063242.1	3900001	4000000	0.0004947350589846	83658	1932635	3906403973	3359882
AL	NC_063242.1	4000001	4100000	0.0005456577435065	82960	2077104	3806605926	3552228
AL	NC_063242.1	4100001	4200000	0.0005745941689809	81984	2224134	3870791108	3163440
AL	NC_063242.1	4200001	4300000	0.0003328526169356	83719	1292309	3882526182	3444618
AL	NC_063242.1	4300001	4400000	0.0003805274426666	82405	1395546	3667399098	3903134
AL	NC_063242.1	4400001	4500000	0.0004544808722254	82368	1692154	3723267806	3721004
AL	NC_063242.1	4500001	4600000	0.0004546479429472	85298	1785049	3926222537	3611362
AL	NC_063242.1	4600001	4700000	0.0005698527034625	82551	2228225	3910177115	3138952
AL	NC_063242.1	4700001	4800000	0.0005368999988827	83671	2061165	3839010997	3583964
AL	NC_063242.1	4800001	4900000	0.0004813073382393	82010	1801224	3742357236	3582412
AL	NC_063242.1	4900001	5000000	0.0003892407164644	81423	1510420	3880426523	3019880
AL	NC_063242.1	5000001	5100000	0.000391221680282	75822	1394211	3563736547	2967342
AL	NC_063242.1	5100001	5200000	0.0005286640076357	83333	2073372	3921908755	3245916
AL	NC_063242.1	5200001	5300000	0.0005796107678003	85503	2346002	4047547303	3248944
AL	NC_063242.1	5300001	5400000	0.0004202415558176	83342	1674502	3984617839	3046830
AL	NC_063242.1	5400001	5500000	0.0007215551083182	86382	3046330	4221895133	2851786
AL	NC_063242.1	5500001	5600000	0.0006795045252626	85050	2779541	4090540823	3023582
AL	NC_063242.1	5600001	5700000	0.0004904194169465	84282	1911727	3898147043	3502782
AL	NC_063242.1	5700001	5800000	0.0004432074521406	83829	1831661	4132739626	2657086
AL	NC_063242.1	5800001	5900000	0.0004107649756172	84540	1742763	4242725411	2440210
AL	NC_063242.1	5900001	6000000	0.0006038754314461	81669	2313612	3831273603	3228116
AL	NC_063242.1	6000001	6100000	0.0003711633296474	75881	1276878	3440205155	3393364
AL	NC_063242.1	6100001	6200000	0.0006687890343174	79015	2447985	3660324668	3274062
AL	NC_063242.1	6200001	6300000	0.000370537065971	81555	1416603	3823107403	3223944
AL	NC_063242.1	6300001	6400000	0.0005026030549976	78028	1776345	3534290097	3496710
AL	NC_063242.1	6400001	6500000	0.00039755405533	82953	1546798	3890786622	3274574
AL	NC_063242.1	6500001	6600000	0.0004230216616152	85616	1754985	4148688257	2946326
AL	NC_063242.1	6600001	6700000	0.000509686277228	81299	2012704	3948907573	2768212
AL	NC_063242.1	6700001	6800000	0.0003562246078767	81521	1351344	3793516703	3319532
AL	NC_063242.1	6800001	6900000	0.0006608586497767	83412	2565668	3882324913	3388734
AL	NC_063242.1	6900001	7000000	0.0006315085424276	84269	2512663	3978826621	3234936
AL	NC_063242.1	7000001	7100000	0.0002970228447393	84908	1183115	3983245804	3344840
AL	NC_063242.1	7100001	7200000	0.0002090524603545	82131	833907	3988984385	2799340
AL	NC_063242.1	7200001	7300000	0.0004543457100502	83512	1685805	3710401491	3979138
AL	NC_063242.1	7300001	7400000	0.0003358788491497	83601	1268619	3777013656	3776970
AL	NC_063242.1	7400001	7500000	0.0003765723318673	82912	1441420	3827737404	3478560
AL	NC_063242.1	7500001	7600000	0.0004765307804584	81773	1852072	3886573703	3064100
AL	NC_063242.1	7600001	7700000	0.0005457526263799	77966	2020862	3702890105	2931970
AL	NC_063242.1	7700001	7800000	0.0006682111542071	83213	2581972	3864006136	3413210
AL	NC_063242.1	7800001	7900000	0.000853550833707	81220	3111869	3645792233	3742574
AL	NC_063242.1	7900001	8000000	0.0001184587510521	65156	349983	2954471467	2909314
AL	NC_063242.1	8000001	8100000	7.089106771659367e-05	19986	62311	878968282	982864
AL	NC_063242.1	8100001	8200000	7.255351447125972e-05	77454	249150	3434016971	3720542
AL	NC_063242.1	8200001	8300000	0.0008039748612184	79395	2762301	3435805189	4095716
AL	NC_063242.1	8300001	8400000	0.0007432405317932	81011	2567187	3454046019	4362840
AL	NC_063242.1	8400001	8500000	0.0007079924334137	78707	2472072	3491664435	3780656
AL	NC_063242.1	8500001	8600000	0.0004840003654777	77254	1605925	3318024354	4070824
AL	NC_063242.1	8600001	8700000	0.0005883131704739	77245	1970952	3350174871	3962228
AL	NC_063242.1	8700001	8800000	0.0005919119650039	78049	2009495	3394922081	3973736
AL	NC_063242.1	8800001	8900000	0.0005709354406353	76474	1909188	3343964771	3833422
AL	NC_063242.1	8900001	9000000	0.0007682623779582	69371	2333362	3037194150	3468442
AL	NC_063242.1	9000001	9100000	0.0008332905587553	76877	2750373	3300617019	4056588
AL	NC_063242.1	9100001	9200000	0.0006504667781956	72770	2118637	3257102547	3404534
AL	NC_063242.1	9200001	9300000	0.0008599309361756	76812	2844562	3307895879	4019834
AL	NC_063242.1	9300001	9400000	0.0006838134219239	76373	2359972	3451192861	3453672
AL	NC_063242.1	9400001	9500000	0.0005619538997896	81106	2047719	3643927021	3736690
AL	NC_063242.1	9500001	9600000	0.0005479535560902	77951	1827391	3334937751	4155184
AL	NC_063242.1	9600001	9700000	0.0006859601478634	76810	2341110	3412895060	3665884
AL	NC_063242.1	9700001	9800000	0.0002977316836277	78888	1032392	3467524811	3890994
AL	NC_063242.1	9800001	9900000	0.0004098177018246	81224	1440669	3515389876	4191208
AL	NC_063242.1	9900001	10000000	0.0005972984120054	75421	1979282	3313723861	3730920
AL	NC_063242.1	10000001	10100000	0.0005549337992101	76476	1767773	3185556552	4375512
AL	NC_063242.1	10100001	10200000	0.0007409495958604	79926	2612154	3525413894	3909576
AL	NC_063242.1	10200001	10300000	0.000833669709239	78613	2905122	3484739781	3779832
AL	NC_063242.1	10300001	10400000	0.0006004790582145	73177	1938073	3227544697	3575992
AL	NC_063242.1	10400001	10500000	0.0006849960764376	75025	2227046	3251180666	3857918
AL	NC_063242.1	10500001	10600000	0.0007172327228836	77078	2360708	3291411455	4128542
AL	NC_063242.1	10600001	10700000	0.0007144073595277	79529	2439819	3415164986	4197382
AL	NC_063242.1	10700001	10800000	0.0006528048848375	76245	2190958	3356221822	3749046
AL	NC_063242.1	10800001	10900000	0.0005787590173564	76530	1928660	3332405962	3883192
AL	NC_063242.1	10900001	11000000	0.0006862586549988	72782	2157285	3143545053	3782090
AL	NC_063242.1	11000001	11100000	0.0007271027292231	75860	2349180	3230877709	4094942
AL	NC_063242.1	11100001	11200000	0.0006962619483128	75947	2255483	3239417299	4081360
AL	NC_063242.1	11200001	11300000	0.0007197759956068	76388	2336445	3246072409	4146174
AL	NC_063242.1	11300001	11400000	0.0008514855347075	72842	2725289	3200628653	3602754
AL	NC_063242.1	11400001	11500000	0.0006216682924714	73408	1932302	3108252461	4026574
AL	NC_063242.1	11500001	11600000	0.0007728939456788	81375	2746925	3554077523	4091400
AL	NC_063242.1	11600001	11700000	0.0008244776237571	77600	2854747	3462491786	3658788
AL	NC_063242.1	11700001	11800000	0.0005155376401149	78430	1806125	3503381440	3683172
AL	NC_063242.1	11800001	11900000	0.0006683919104076	75900	2296874	3436418012	3408504
AL	NC_063242.1	11900001	12000000	0.0004299927637951	72217	1393313	3240317320	3339954
AL	NC_063242.1	12000001	12100000	0.0005052563735275	77757	1747311	3458266123	3701252
AL	NC_063242.1	12100001	12200000	0.0007702262557344	81260	2742467	3560599213	4039846
AL	NC_063242.1	12200001	12300000	0.0007197578031738	77115	2539529	3528310480	3342950
AL	NC_063242.1	12300001	12400000	0.0006448017983846	77520	2259909	3504811875	3492674
AL	NC_063242.1	12400001	12500000	0.0009519379037936	82550	3580574	3761352485	3618074
AL	NC_063242.1	12500001	12600000	0.0005407660994815	84968	2249327	4159519249	2792742
AL	NC_063242.1	12600001	12700000	0.0004026148778557	85616	1619637	4022794708	3352824
AL	NC_063242.1	12700001	12800000	0.000482231054414	84817	1885167	3909260888	3570650
AL	NC_063242.1	12800001	12900000	0.000484067224337	84203	1849414	3820572654	3748458
AL	NC_063242.1	12900001	13000000	0.0005478154599103	80807	2148263	3921508532	2770486
AL	NC_063242.1	13000001	13100000	0.00064559364293	83963	2485860	3850502599	3598880
AL	NC_063242.1	13100001	13200000	0.0005188537049362	84145	2095371	4038462056	3024626
AL	NC_063242.1	13200001	13300000	0.000799840978627	79280	3123765	3905482569	2527422
AL	NC_063242.1	13300001	13400000	0.0004493670644199	83378	1733784	3858280095	3465014
AL	NC_063242.1	13400001	13500000	0.0006160649608785	80396	2271480	3687078708	3449352
AL	NC_063242.1	13500001	13600000	0.0008795147258952	81236	3263981	3711115805	3533134
AL	NC_063242.1	13600001	13700000	0.0008309290037109	80446	3054775	3676336951	3496910
AL	NC_063242.1	13700001	13800000	0.0006693092737648	78038	2349882	3510906082	3571736
AL	NC_063242.1	13800001	13900000	0.0004916326060146	84476	1905955	3876787212	3609872
AL	NC_063242.1	13900001	14000000	0.0007422620026485	84004	2901870	3909495555	3411090
AL	NC_063242.1	14000001	14100000	0.0007044319537515	69419	2347061	3331849141	2494492
AL	NC_063242.1	14100001	14200000	0.0004719816539181	81231	1791331	3795340317	3246364
AL	NC_063242.1	14200001	14300000	0.0006489509560016	82733	2588818	3989235205	2909752
AL	NC_063242.1	14300001	14400000	0.0004805442129872	82831	1855020	3860248339	3350592
AL	NC_063242.1	14400001	14500000	0.0006998408988086	81504	2716989	3882295254	3021572
AL	NC_063242.1	14500001	14600000	0.000677615954654	81738	2640758	3897130789	3023338
AL	NC_063242.1	14600001	14700000	0.0006291655936093	83962	2484876	3949478524	3279996
AL	NC_063242.1	14700001	14800000	0.0006167774342039	86094	2541274	4120244774	3126656
AL	NC_063242.1	14800001	14900000	0.0007092537826645	83505	2804406	3954023325	3174688
AL	NC_063242.1	14900001	15000000	0.0004652285306576	84745	1803946	3877548089	3661208
AL	NC_063242.1	15000001	15100000	0.0015203109224589	78926	5416691	3562883697	3571602
AL	NC_063242.1	15100001	15200000	0.0001195251403322	84445	443316	3708977030	4164766
AL	NC_063242.1	15200001	15300000	0.00049755090768	81655	1820197	3658313093	3792564
AL	NC_063242.1	15300001	15400000	0.0004644767983264	83553	1751693	3771325083	3783628
AL	NC_063242.1	15400001	15500000	0.0005056910104837	83224	1953727	3863479792	3413800
AL	NC_063242.1	15500001	15600000	0.0005402849866644	82525	2049488	3793346198	3513294
AL	NC_063242.1	15600001	15700000	0.0003626502867169	84191	1421090	3918623677	3416572
AL	NC_063242.1	15700001	15800000	5.0808972821189326e-05	82865	189608	3731781799	3781596
AL	NC_063242.1	15800001	15900000	0.0002059363688993	72952	677094	3287879667	3321034
AL	NC_063242.1	15900001	16000000	0.0001082591386856	80977	396222	3659940443	3651084
AL	NC_063242.1	16000001	16100000	0.0003548682100407	82984	1389400	3915256314	3200324
AL	NC_063242.1	16100001	16200000	0.0002983378913197	75466	1110218	3721344262	2393280
AL	NC_063242.1	16200001	16300000	0.0001056192546113	83400	421434	3990124732	3035128
AL	NC_063242.1	16300001	16400000	0.000356440125136	80670	1337785	3753182949	3286666
AL	NC_063242.1	16400001	16500000	0.0002361146424721	78150	847487	3589303023	3338126
AL	NC_063242.1	16500001	16600000	0.0001692631787	81702	621188	3669953529	3757906
AL	NC_063242.1	16600001	16700000	0.0001966203609751	81321	705378	3587512486	3959750
AL	NC_063242.1	16700001	16800000	0.0001155138534217	79595	424283	3673005336	3342430
AL	NC_063242.1	16800001	16900000	0.0001501385102521	83304	602797	4014939265	2939182
AL	NC_063242.1	16900001	17000000	0.0001003444953305	81854	394387	3930330196	2936668
AL	NC_063242.1	17000001	17100000	0.0001052756912938	84396	409665	3891354167	3551570
AL	NC_063242.1	17100001	17200000	0.0001076397721214	84788	420614	3907607678	3577476
AL	NC_063242.1	17200001	17300000	9.938803209336536e-05	74650	334267	3363252023	3415774
AL	NC_063242.1	17300001	17400000	4.5104062198336685e-05	75747	160377	3555710776	2983294
AL	NC_063242.1	17400001	17500000	2.1848803668091763e-05	78324	79209	3625324352	3250504
AL	NC_063242.1	17500001	17600000	2.715428018173379e-05	77816	95727	3525300592	3482312
AL	NC_063242.1	17600001	17700000	3.520159725656786e-05	79536	129287	3672759479	3333186
AL	NC_063242.1	17700001	17800000	0.0001699441163503	80774	622643	3663810277	3601402
AL	NC_063242.1	17800001	17900000	0.0001430421463877	85063	554028	3873180136	3738550
AL	NC_063242.1	17900001	18000000	6.926633943974186e-05	78599	262260	3786254653	2785004
AL	NC_063242.1	18000001	18100000	2.561368900796575e-05	85046	100142	3909706250	3614016
AL	NC_063242.1	18100001	18200000	6.705554602633609e-05	84018	269743	4022679942	3044208
AL	NC_063242.1	18200001	18300000	5.762000734259147e-05	83867	228219	3960759648	3224630
AL	NC_063242.1	18300001	18400000	3.77168037819408e-05	82667	143565	3806393586	3505522
AL	NC_063242.1	18400001	18500000	4.8826053126570095e-05	81857	185535	3799918038	3359878
AL	NC_063242.1	18500001	18600000	4.789110674924285e-05	82148	184006	3842174727	3281002
AL	NC_063242.1	18600001	18700000	9.767972021216028e-05	83378	376126	3850604805	3496514
AL	NC_063242.1	18700001	18800000	5.9272578821294014e-05	79068	238260	4019733994	2121756
AL	NC_063242.1	18800001	18900000	9.474223837590386e-05	86017	402901	4252601658	2686318
AL	NC_063242.1	18900001	19000000	0.0001242850112225	85516	507181	4080789751	3146866
AL	NC_063242.1	19000001	19100000	0.000101363245452	83004	403658	3982291591	2995442
AL	NC_063242.1	19100001	19200000	0.0001332682302624	84481	534633	4011706308	3168298
AL	NC_063242.1	19200001	19300000	0.0002905624090654	85333	1175730	4046394039	3229588
AL	NC_063242.1	19300001	19400000	0.0003818906240258	85515	1565347	4098940643	3090176
AL	NC_063242.1	19400001	19500000	0.0004505117657614	75704	1587134	3522957935	3076962
AL	NC_063242.1	19500001	19600000	0.0004025793811248	81102	1552876	3857316278	3026160
AL	NC_063242.1	19600001	19700000	0.0004930764819763	81024	1956002	3966934282	2660284
AL	NC_063242.1	19700001	19800000	0.0002722844651985	86140	1124840	4131120735	3097210
AL	NC_063242.1	19800001	19900000	0.0004308098822112	85738	1766469	4100344660	3121740
AL	NC_063242.1	19900001	20000000	0.000138531693112	85447	552435	3987787831	3435968
AL	NC_063242.1	20000001	20100000	0.0002361354860861	83710	922145	3905152145	3373858
AL	NC_063242.1	20100001	20200000	0.0001866531069563	85406	760771	4075855004	3135516
AL	NC_063242.1	20200001	20300000	0.0002617119825204	85768	1076303	4112547655	3088762
AL	NC_063242.1	20300001	20400000	8.367743144207809e-05	80113	315012	3764599302	3144894
AL	NC_063242.1	20400001	20500000	1.78360090867538e-05	84912	74541	4179242096	2714824
AL	NC_063242.1	20500001	20600000	0.0002435324596899	84565	1012792	4158755680	2713314
AL	NC_063242.1	20600001	20700000	0.0002181076417747	84868	892982	4094226102	2978516
AL	NC_063242.1	20700001	20800000	0.0004699308819288	81397	1781858	3791744847	3298236
AL	NC_063242.1	20800001	20900000	0.0003902913586886	85293	1536852	3937704399	3566460
AL	NC_063242.1	20900001	21000000	0.0005651800253371	85158	2258035	3995249122	3349920
AL	NC_063242.1	21000001	21100000	0.000311765456601	83440	1197328	3840476790	3531324
AL	NC_063242.1	21100001	21200000	0.0004934092135184	83016	1905555	3862017465	3380062
AL	NC_063242.1	21200001	21300000	0.0006382482426542	76769	2197479	3442984803	3552708
AL	NC_063242.1	21300001	21400000	0.0005790083092363	82146	2112915	3649196335	3911286
AL	NC_063242.1	21400001	21500000	0.0003210448739602	79572	1112491	3465219632	4027488
AL	NC_063242.1	21500001	21600000	0.0001547339315067	79259	528097	3412935966	4143210
AL	NC_063242.1	21600001	21700000	0.0002345122234249	80817	824000	3513676123	4113724
AL	NC_063242.1	21700001	21800000	0.0004106172576451	47208	849512	2068865797	2350974
AL	NC_063242.1	21800001	21900000	0.0003340846967847	27656	404606	1211088098	1384116
AL	NC_063242.1	21900001	22000000	0.0002737743338857	71793	871456	3183117963	3446932
AL	NC_063242.1	22000001	22100000	0.0005392759447689	3705	94927	176026765	139104
AL	NC_063243.1	1	100000	0.0006224444421677	24383	716720	1151460197	944292
AL	NC_063243.1	100001	200000	0.0003538763416789	31060	539915	1525716575	1011450
AL	NC_063243.1	200001	300000	0.0001082665338861	30643	161854	1494958730	1030954
AL	NC_063243.1	300001	400000	9.30877160328754e-05	29553	135866	1459548110	939438
AL	NC_063243.1	400001	500000	2.699585301256568e-05	19419	26041	964629641	599412
AL	NC_063243.1	500001	600000	1.2358843796590387e-05	32522	20199	1634376187	944230
AL	NC_063243.1	600001	700000	2.3993043286638057e-05	24221	28810	1200764724	757338
AL	NC_063243.1	700001	800000	7.066393832472951e-06	39573	14207	2010502151	1075740
AL	NC_063243.1	800001	900000	1.1680349606541098e-05	45073	27285	2335974600	1082242
AL	NC_063243.1	900001	1000000	0.0001338081400689	42173	291221	2176407204	1037410
AL	NC_063243.1	1000001	1100000	1.6868393477031413e-07	37931	329	1950393204	960814
AL	NC_063243.1	1100001	1200000	1.1623065887650809e-06	31194	1836	1579617648	867932
AL	NC_063243.1	1200001	1300000	1.879143797927236e-07	30901	295	1569863894	843558
AL	NC_063243.1	1300001	1400000	7.3807494447865824e-06	34296	12908	1748873891	911954
AL	NC_063243.1	1400001	1500000	1.8393899829331545e-05	24767	22908	1245412893	716764
AL	NC_063243.1	1500001	1600000	0.0	12400	0	599326907	438458
AL	NC_063243.1	1600001	1700000	9.02974119389592e-06	37759	17564	1945127731	940728
AL	NC_063243.1	1700001	1800000	5.002191808751823e-06	44372	11640	2326979941	973294
AL	NC_063243.1	1800001	1900000	0.0001187341452188	49787	309537	2606975436	1102158
AL	NC_063243.1	1900001	2000000	5.177924210904985e-05	38856	101928	1968510852	1073864
AL	NC_063243.1	2000001	2100000	0.0	27985	0	1411363486	797662
AL	NC_063243.1	2100001	2200000	4.3982058396149664e-06	37406	8419	1914189628	971252
AL	NC_063243.1	2200001	2300000	0.0013837618405846	39882	2812516	2032514496	1060196
AL	NC_063243.1	2300001	2400000	9.620652354857706e-05	47721	233052	2422413693	1298296
AL	NC_063243.1	2400001	2500000	1.91937814961262e-05	52367	52233	2721350142	1224442
AL	NC_063243.1	2500001	2600000	0.0001328831820628	58101	396157	2981242576	1475642
AL	NC_063243.1	2600001	2700000	2.170980880769573e-05	48409	55484	2555711130	1006262
AL	NC_063243.1	2700001	2800000	6.797221460790746e-06	6523	2308	339550508	151398
AL	NC_063243.1	2800001	2900000	0.0	332	0	15215906	14476
AL	NC_063243.1	2900001	3000000	0.0	1267	0	62464604	40854
AL	NC_063243.1	3000001	3100000	0.0	682	0	35289698	16936
AL	NC_063243.1	3100001	3200000	0.0	13	0	580217	608
AL	NC_063243.1	3200001	3300000	0.0	11	0	428012	734
AL	NC_063243.1	3300001	3400000	0.0	101	0	5509492	1562
AL	NC_063243.1	3400001	3500000	0.0	33	0	1802489	496
AL	NC_063243.1	3500001	3600000	0.0	26	0	1425034	376
AL	NC_063243.1	3600001	3700000	0.0	19	0	1052526	242
AL	NC_063243.1	3700001	3800000	NA	0	NA	NA	NA
AL	NC_063243.1	3800001	3900000	0.0	91	0	4065311	4256
AL	NC_063243.1	3900001	4000000	0.0	34	0	1881438	440
AL	NC_063243.1	4000001	4100000	0.0	23	0	1197809	524
AL	NC_063243.1	4100001	4200000	0.0	29	0	1414067	980
AL	NC_063243.1	4200001	4300000	0.0	6	0	320462	112
AL	NC_063243.1	4300001	4400000	0.0	6	0	343749	42
AL	NC_063243.1	4400001	4500000	0.0	10	0	557468	116
AL	NC_063243.1	4500001	4600000	0.0	4	0	136772	336
AL	NC_063243.1	4600001	4700000	0.0	973	0	44298641	43272
AL	NC_063243.1	4700001	4800000	0.0	375	0	16202936	19614
AL	NC_063244.1	1	100000	0.0	6	0	251654	336
AL	NC_063244.1	100001	200000	0.0	1693	0	86885080	43450
AL	NC_063244.1	200001	300000	9.709117751780017e-05	50153	233847	2408529858	1812078
AL	NC_063244.1	300001	400000	0.0003075234085167	28989	373170	1213468600	1635322
AL	NC_063244.1	400001	500000	0.0005347302571428	41494	1021457	1910228543	1764198
AL	NC_063244.1	500001	600000	0.0009592037312945	31688	1305719	1361253045	1671254
AL	NC_063244.1	600001	700000	0.00066903582751	30097	906968	1355634426	1380966
AL	NC_063244.1	700001	800000	0.0011227664247381	9488	512389	456362952	341128
AL	NC_063245.1	1	100000	0.0007801630517644	41812	1644075	2107347940	1189184
AL	NC_063245.1	100001	200000	0.0005811547117366	56643	1622515	2791881348	1804414
AL	NC_063245.1	200001	300000	0.0003387474375401	66477	1202427	3549626851	1253164
AL	NC_063245.1	300001	400000	9.58604409906377e-05	54803	277447	2894280447	1132624
AL	NC_063245.1	400001	500000	0.0001051281760741	15757	84475	803542905	417488
AL	NC_063246.1	1	100000	0.0010402013447663	25645	1116168	1073030722	1449982
AL	NC_063246.1	100001	200000	0.0	399	0	15675982	26082
AL	NC_063247.1	1	100000	0.0004972349682786	31408	755610	1519623615	1101594
AL	NC_063247.1	100001	200000	0.0002749760884997	25944	340102	1236842090	974260
AL	NC_063247.1	200001	300000	6.940008590045525e-05	19964	66488	958039160	725768
AL	NC_063247.1	300001	400000	0.0002688139372671	30746	398774	1483457309	1087938
AL	NC_063247.1	400001	500000	0.0003061724922703	32464	496902	1622947889	967102
AL	NC_063247.1	500001	600000	0.0004121817175549	36657	754534	1830585802	1096878
AL	NC_063247.1	600001	700000	0.0005526046861224	55493	1557673	2818783552	1499290
AL	NC_063247.1	700001	800000	0.0004205906414359	54172	1175149	2794044575	1330466
AL	NC_063247.1	800001	900000	0.0009242495935857	30412	1439328	1557293625	784862
AL	NC_063247.1	900001	1000000	0.0005792139171753	20529	609669	1052580026	525190
AL	NC_063247.1	1000001	1100000	0.0003085945532642	13494	211079	684001055	373398
AL	NC_063247.1	1100001	1200000	0.0006123554730532	6670	200876	328038221	215698
AL	NC_063247.1	1200001	1300000	0.0009218573118227	45583	2119575	2299244116	1287494
AL	NC_063247.1	1300001	1400000	0.0002192167002132	10270	119435	544826192	205372
AL	NC_063248.1	1	100000	0.0	6	0	238952	380
AL	NC_063248.1	100001	200000	0.000173293853907	3546	29976	172977860	119020
AL	NC_063248.1	200001	300000	3.4085131188892835e-05	46292	76902	2256174388	1561680
AL	NC_063248.1	300001	400000	0.0003903280072809	67933	1321615	3385908711	2045316
AL	NC_063248.1	400001	500000	0.0004222025313914	57052	1176429	2786409158	1903796
AL	NC_063248.1	500001	600000	0.0008254131944847	54173	2150841	2605774919	1937780
AL	NC_063248.1	600001	700000	0.0006160941569061	81749	2668140	4330734142	1645790
AL	NC_063248.1	700001	800000	0.0006049125002267	80077	2582228	4268762836	1532034
AL	NC_063248.1	800001	900000	0.0005983511111779	73791	2278434	3807854548	1804870
AL	NC_063248.1	900001	1000000	0.0001168128936813	14901	84412	722625708	512874
AL	NC_063248.1	1000001	1100000	0.0006028159410022	76797	2461734	4083724123	1498956
AL	NC_063248.1	1100001	1200000	0.0008271548867316	72484	3130542	3784710760	1635792
AL	NC_063248.1	1200001	1300000	0.0010475591659947	48955	2454883	2343431359	1785936
AL	NC_063248.1	1300001	1400000	0.0012334178689514	61308	3849166	3120731503	1636586
AL	NC_063248.1	1400001	1500000	0.0009225197668913	40369	1741010	1887233274	1623286
AL	NC_063248.1	1500001	1600000	0.0009740883608223	37527	1704255	1749589738	1526594
AL	NC_063248.1	1600001	1700000	0.0007827281604678	34574	1312494	1676819701	1196722
AL	NC_063248.1	1700001	1800000	0.0008608107629098	18064	681403	791582807	900810
AL	NC_063249.1	1	100000	0.0010022708362702	29101	1426750	1423517425	964200
AL	NC_063249.1	100001	200000	0.000628994856167	35811	1133004	1801292950	1030834
AL	NC_063249.1	200001	300000	0.0001343495754276	50099	339895	2529929841	1407044
AL	NC_063249.1	300001	400000	0.0003506017987226	5074	93565	266869709	108234
AL	NC_063250.1	1	100000	0.0005692608621291	33347	870317	1528854446	1441930
AL	NC_063250.1	100001	200000	0.0009291899512711	16532	681858	733819817	792942
AL	NC_063250.1	200001	300000	0.0005450178083794	7473	173641	318596929	402656
AL	NC_063251.1	1	100000	0.0003078510137426	31161	419460	1362542208	1563994
AL	NC_063251.1	100001	200000	3.908501635243053e-05	32374	64326	1645796932	875956
AL	NC_063252.1	1	100000	0.0010123788691647	25627	1200467	1185788282	1072858
AL	NC_063252.1	100001	200000	0.0017451174725238	39614	3166504	1814493322	1718504
AL	NC_063252.1	200001	300000	0.0011311093011401	22961	1199995	1060901010	967054
AL	NC_063252.1	300001	400000	3.203848674699046e-05	4059	5788	180657721	194124
AL	NC_063253.1	1	100000	0.0005905715948384	8860	240006	406396112	381840
AL	NC_063253.1	100001	200000	0.0011848371497337	456	24120	20357228	21712
