chrom	window_start	sites_total	calls_AL101	calls_AL102	calls_AL103	calls_AL114	calls_AL119	calls_AL120	calls_AL121	calls_AL124	calls_AL125	calls_AL127	calls_AL129	calls_AL133	calls_AL134	calls_AL137	calls_AL138	calls_AL141	calls_AL142	calls_AL143	calls_AL146	calls_AL149	calls_AL153	calls_AL155	calls_AL156	calls_AL159	calls_AL160	calls_AL162	calls_AL166	calls_AL170	calls_AL173	calls_AL174	calls_AL175	calls_AL176	calls_AL177	calls_AL178	calls_AL180	calls_AL181	calls_AL182	calls_AL184	calls_AL185	calls_AL187	calls_AL189	calls_AL193	calls_AL196	calls_AL197	calls_AL199	calls_AL200	calls_AL201	calls_AL204	calls_AL207	calls_AL208	calls_AL209	calls_AL210	calls_AL213	calls_AL215	calls_AL216	calls_AL220	calls_AL223	calls_AL231	calls_AL238	calls_AL241	calls_AL242	calls_AL243	calls_AL244	calls_AL246	calls_AL254	calls_AL255	calls_AL256	calls_AL263	calls_AL266	calls_AL269	calls_AL272	calls_AL273	calls_AL274	calls_AL276	calls_AL278	calls_AL279	calls_AL283	calls_AL284	calls_AL288	calls_AL292	calls_AL300	calls_AL303	calls_AL304	calls_AL307	calls_AL309	calls_AL313	calls_AL32	calls_AL35	calls_AL75	calls_AL82	calls_AL86	calls_AL88	calls_AL91	calls_AL92	calls_AL95	calls_AL97	calls_AL99	calls_K1423	calls_K1461	calls_K1542	calls_K1544	calls_K1567	calls_K1579	calls_K1580	calls_K1583	calls_K1603	calls_K1606	calls_K1608	calls_K16100	calls_K1614	calls_K1617	calls_K1618	calls_K1623	calls_K1627	calls_K1632	calls_K1640	calls_K1650	calls_K1660	calls_K1663	calls_K1665	calls_K1669	calls_K1672	calls_K1680	calls_K1684	calls_K1693	calls_K1696	calls_K17007	calls_K17008	calls_K17010	calls_K17013	calls_K17014	calls_K17025	calls_K17028	calls_K17030	calls_K17032	calls_K17033	calls_K17034	calls_K17035	calls_K17037	calls_K17040	calls_K17042	calls_K17044	calls_K17045	calls_K17048	calls_K17052	calls_K17053	calls_K17056	calls_K17062	calls_K17064	calls_K17073	calls_K17077	calls_K17078	calls_K17081	calls_K17083	calls_K17087	calls_K17091	calls_K17094	calls_K17098	calls_K17099	calls_K17101	calls_K17102	calls_K17103	calls_K17104	calls_K17106	calls_K18010	calls_K18017	calls_K18019	calls_K18022	calls_K18034	calls_K18078	calls_K18083	calls_K18084	calls_K18091	calls_K19018	calls_K19019	hets_AL101	hets_AL102	hets_AL103	hets_AL114	hets_AL119	hets_AL120	hets_AL121	hets_AL124	hets_AL125	hets_AL127	hets_AL129	hets_AL133	hets_AL134	hets_AL137	hets_AL138	hets_AL141	hets_AL142	hets_AL143	hets_AL146	hets_AL149	hets_AL153	hets_AL155	hets_AL156	hets_AL159	hets_AL160	hets_AL162	hets_AL166	hets_AL170	hets_AL173	hets_AL174	hets_AL175	hets_AL176	hets_AL177	hets_AL178	hets_AL180	hets_AL181	hets_AL182	hets_AL184	hets_AL185	hets_AL187	hets_AL189	hets_AL193	hets_AL196	hets_AL197	hets_AL199	hets_AL200	hets_AL201	hets_AL204	hets_AL207	hets_AL208	hets_AL209	hets_AL210	hets_AL213	hets_AL215	hets_AL216	hets_AL220	hets_AL223	hets_AL231	hets_AL238	hets_AL241	hets_AL242	hets_AL243	hets_AL244	hets_AL246	hets_AL254	hets_AL255	hets_AL256	hets_AL263	hets_AL266	hets_AL269	hets_AL272	hets_AL273	hets_AL274	hets_AL276	hets_AL278	hets_AL279	hets_AL283	hets_AL284	hets_AL288	hets_AL292	hets_AL300	hets_AL303	hets_AL304	hets_AL307	hets_AL309	hets_AL313	hets_AL32	hets_AL35	hets_AL75	hets_AL82	hets_AL86	hets_AL88	hets_AL91	hets_AL92	hets_AL95	hets_AL97	hets_AL99	hets_K1423	hets_K1461	hets_K1542	hets_K1544	hets_K1567	hets_K1579	hets_K1580	hets_K1583	hets_K1603	hets_K1606	hets_K1608	hets_K16100	hets_K1614	hets_K1617	hets_K1618	hets_K1623	hets_K1627	hets_K1632	hets_K1640	hets_K1650	hets_K1660	hets_K1663	hets_K1665	hets_K1669	hets_K1672	hets_K1680	hets_K1684	hets_K1693	hets_K1696	hets_K17007	hets_K17008	hets_K17010	hets_K17013	hets_K17014	hets_K17025	hets_K17028	hets_K17030	hets_K17032	hets_K17033	hets_K17034	hets_K17035	hets_K17037	hets_K17040	hets_K17042	hets_K17044	hets_K17045	hets_K17048	hets_K17052	hets_K17053	hets_K17056	hets_K17062	hets_K17064	hets_K17073	hets_K17077	hets_K17078	hets_K17081	hets_K17083	hets_K17087	hets_K17091	hets_K17094	hets_K17098	hets_K17099	hets_K17101	hets_K17102	hets_K17103	hets_K17104	hets_K17106	hets_K18010	hets_K18017	hets_K18019	hets_K18022	hets_K18034	hets_K18078	hets_K18083	hets_K18084	hets_K18091	hets_K19018	hets_K19019
NC_063215.1	1	497927	495866	496391	496801	437176	493101	494962	493877	495750	490946	490543	413603	496858	100031	300780	486858	496300	489015	494188	496385	270964	243475	492830	283736	493830	488207	495284	494523	495425	434518	366510	493922	230094	430783	232506	494339	159745	493680	494391	495727	486697	495541	494722	494774	495730	494137	495522	494786	360020	494271	275948	494957	496560	494731	482983	493373	197565	314836	495764	484228	260514	320131	496255	461600	495415	496094	235288	301017	496162	495857	495439	496945	275914	496317	495643	272065	490110	496942	487313	496418	305491	494014	266824	303631	494278	496312	496710	496855	494452	496730	496784	496612	496304	496913	497146	490978	496965	495895	480172	487837	495419	479684	497039	489944	486045	495547	436871	489349	485913	420609	485043	494300	489548	364955	437178	493270	486235	487101	389029	442883	484187	491010	494664	496577	497028	487330	495604	494048	343766	496032	411335	492405	481870	495702	495332	474111	493482	494007	448285	493660	457382	494012	492205	497088	493317	493025	496482	470534	496447	489283	487510	495350	496676	496033	496149	497011	495667	430584	493020	495754	493022	489378	478036	492774	486117	493108	496654	483259	493822	444558	493390	493335	495655	395735	495601	477581	109	103	253	248	212	297	338	347	333	116	91	380	31	135	321	282	201	216	15	77	39	16	169	13	324	343	359	166	310	248	308	48	222	138	269	9	216	343	281	308	299	246	2	346	316	329	296	92	245	2	282	338	205	88	55	46	75	255	14	147	1	328	352	129	129	125	156	251	234	98	338	1	341	115	109	121	353	3	364	83	103	155	183	326	333	3	377	349	329	339	258	331	376	290	242	336	289	275	298	317	308	333	17	283	120	122	224	324	219	354	332	313	133	250	35	188	5	33	240	106	252	354	337	341	312	258	338	178	103	15	325	234	14	126	191	319	190	216	222	113	321	278	12	339	330	279	17	4	329	320	2	5	16	253	162	2	200	232	349	284	233	342	18	4	117	242	232	3	197	237	282	117	189	323	284
NC_063215.1	1000001	431360	424451	426197	426358	424267	420200	424213	421195	423641	422381	425024	347102	426671	92101	273378	420141	427700	416917	422956	422381	284806	226043	423619	299255	419756	421810	422786	421186	424231	423098	315896	419990	264543	422653	216290	422572	135460	419946	422155	423732	419873	422626	421271	413820	423273	419251	420361	421098	380834	418328	294674	420307	423072	415593	407780	417907	233266	321721	425468	418008	274450	318279	423564	402688	421556	427291	237013	293503	427317	422200	427433	427936	285146	425106	424227	282835	426207	427230	421302	426714	254970	422491	288733	281163	420373	423559	423955	423840	420020	426225	424833	427143	425446	427488	427429	423205	425393	425454	416850	420130	426135	415398	427958	422948	419032	425277	361794	425018	407473	356972	398841	428725	424106	333496	375572	424684	410036	417657	320534	367985	413408	426358	426647	426881	429358	420463	425434	425595	321573	429061	334392	425784	405447	425709	421957	413384	423459	425552	394611	425801	362064	425725	420460	430580	424475	427817	426896	380850	426258	423328	420728	422667	427446	423977	426394	428051	426951	350490	424875	426506	428187	418566	390128	425115	412857	424242	426724	419397	425226	374213	424587	423515	425458	337156	426718	412404	417	170	511	183	441	426	434	464	501	472	176	433	64	159	581	420	403	349	456	199	109	413	297	304	578	355	408	508	360	407	206	167	289	147	487	38	426	368	453	514	496	492	1	361	385	169	496	537	352	100	458	166	24	254	543	327	221	322	328	240	216	335	494	194	338	99	172	372	7	331	594	245	576	227	236	526	232	216	515	359	224	276	350	384	428	292	221	348	113	345	507	455	491	496	575	577	495	455	314	243	394	539	476	529	258	195	127	463	182	510	476	524	91	292	519	485	289	404	218	265	469	306	241	585	538	249	528	196	388	340	540	470	478	219	23	84	447	329	568	158	429	356	517	540	521	346	428	243	491	507	489	364	427	323	298	219	434	539	436	492	526	547	321	199	433	558	569	236	224	556	520	584	505	551	434
NC_063215.1	2000001	766978	766334	766328	766394	764918	764248	765754	763976	765462	766081	766404	766278	765815	46752	282897	766178	766422	762235	765431	766331	209818	141276	766419	266323	765240	766367	765601	764501	765622	764080	763365	764962	765093	764278	115674	765015	46226	764861	765260	765438	765992	765281	764965	764393	765513	764788	765292	763817	761924	764181	329160	764624	766106	764735	764469	764917	766316	426603	765756	766051	300427	504906	765861	758968	764919	766213	182955	340893	766393	765439	766113	766457	256503	766163	765842	261124	766598	766549	766339	766224	762918	764651	294363	602044	765390	765575	766405	766257	764578	766226	766076	766484	766134	766437	766542	766403	766332	766248	759441	755008	765409	761045	766349	766383	763742	765808	691810	766141	750497	741902	732241	765617	765562	475740	584081	766056	749471	761179	561847	694372	735064	766657	766349	765606	766788	763471	765315	765212	270909	766665	585519	763850	759285	765797	764987	764588	765982	764797	754274	765324	696641	766454	759296	766536	764850	766628	765770	716164	766194	764314	765717	765610	766046	766179	766041	766393	765485	731156	759791	764936	763619	757983	735976	765611	741623	763518	765105	758051	764745	693219	762271	758675	764743	743524	764288	758002	866	0	42	42	510	468	40	41	525	532	754	526	18	91	482	486	497	472	485	141	0	479	88	736	484	744	509	519	1	481	1	1	736	41	474	20	42	477	467	481	784	511	2	745	514	2	472	476	1	24	517	0	0	480	476	531	270	0	479	111	213	0	465	512	1	3	0	748	0	734	481	188	695	0	89	42	529	42	478	478	737	116	316	1	733	485	0	475	774	789	42	833	482	42	530	481	485	447	1	0	490	482	41	509	0	457	0	457	0	639	476	848	1	1	471	770	716	30	1	687	485	0	786	486	501	0	521	0	487	32	500	474	521	518	1	0	471	467	42	3	522	772	292	467	532	789	38	747	505	42	518	472	529	0	0	0	487	763	0	522	768	453	0	0	719	482	515	508	0	476	503	730	40	851	39
NC_063215.1	3000001	729725	728624	728886	728986	726993	726407	727857	726480	728114	728602	728823	727592	728579	56386	312293	728667	728945	724280	727768	728990	326977	180111	728689	367069	727186	728684	727912	726794	728315	725178	720600	726811	728046	725849	151421	727125	66623	727199	727569	727881	728421	727606	727138	726240	728092	727246	727384	725747	720487	726591	417394	727085	728459	727216	725562	727093	728257	470937	728235	728089	376725	547355	728592	715671	727817	728716	254440	438870	728793	727907	728527	728835	364451	728425	728326	328079	729195	729126	728727	728306	717688	727148	397066	614425	727615	728010	728990	728981	726393	728977	728851	729051	728871	728916	729165	728690	728705	728886	717218	719085	727428	718611	728576	728064	725225	727911	669451	728050	713882	693020	708320	727660	725070	516917	621523	725750	714593	721192	592613	677285	708659	729009	728269	728559	729201	723277	724947	727475	372753	729194	608083	725605	721047	728133	727837	723938	726818	726339	704715	727084	674298	727637	722930	728902	726938	729387	728192	691867	728509	725003	727930	727998	728090	728643	728602	729146	727513	686880	724313	727483	727250	722476	703304	726689	709234	726088	727554	721795	726619	675646	726027	722839	727045	705299	726563	715985	680	179	211	215	630	611	202	203	666	667	838	656	22	141	557	727	632	722	646	250	0	619	188	821	651	824	641	647	10	648	0	6	813	78	639	29	204	720	636	640	661	275	1	824	644	0	705	39	37	42	312	7	2	706	468	659	378	8	618	228	18	31	599	645	482	0	4	829	10	826	646	243	670	9	184	216	659	215	628	636	823	247	485	7	825	723	0	627	775	659	219	681	645	221	662	640	724	568	0	0	604	645	224	629	8	593	9	632	4	431	640	647	3	7	703	656	631	145	1	799	650	381	667	653	625	5	644	0	721	139	626	711	658	649	11	10	643	554	220	15	654	664	646	627	661	654	194	837	638	220	653	643	666	0	376	1	621	666	9	660	660	620	10	4	635	735	667	700	14	729	640	665	214	657	193
NC_063215.1	4000001	774207	773553	773505	773625	767468	771371	772705	771480	771829	772996	773367	772368	771135	42413	184349	773498	772589	771370	772668	773515	56207	120597	773330	95960	772690	773770	772763	771672	773179	767591	769728	772719	771121	767897	85930	772145	38740	772046	772422	772961	773415	771260	772182	771300	772883	772058	772604	771532	769177	771603	122283	772201	773478	772123	773747	772078	770781	268955	771073	773146	108427	291160	772553	760693	770682	773457	73470	127406	773983	771973	772717	773523	75199	773139	772737	115844	773930	773686	773577	773697	766969	771631	131304	378349	772670	772390	773607	773504	771979	773492	773376	773744	773480	773632	773749	772593	773422	773518	768169	740712	771633	769860	773431	773993	772347	773084	569225	773858	726705	715911	666851	770523	773427	343450	382209	773189	740464	763500	350250	549652	694516	773977	774032	770610	773887	771030	772661	772176	82209	773760	384085	770780	756101	772848	771812	772404	774037	770473	768658	771907	623387	773391	754617	772942	771347	773993	772702	676840	773367	770903	772849	772948	773044	773439	773372	773759	772105	687751	743558	770801	754841	746198	764471	772648	681057	768967	766623	747048	770232	571406	758553	741675	766729	729479	766455	762120	434	745	866	852	343	641	815	831	365	362	12	342	1	70	361	636	349	634	344	1	0	668	34	13	353	13	341	349	26	334	0	30	13	1	336	0	842	648	337	342	250	8	1	21	459	0	627	27	21	58	0	8	0	653	4	544	19	13	663	10	2	0	592	340	348	0	1	197	5	13	344	15	420	8	58	859	354	856	343	324	13	17	119	10	24	651	0	333	429	260	865	750	340	867	357	341	652	314	0	0	444	348	866	453	9	231	8	296	0	333	336	424	0	1	635	239	317	140	0	26	345	363	268	354	344	10	354	0	650	307	334	594	355	341	10	9	327	328	359	17	352	246	344	505	356	255	665	21	342	380	354	332	353	0	364	0	433	236	0	327	237	341	13	0	326	631	310	606	7	627	309	348	737	405	770
NC_063215.1	5000001	797659	797182	797334	797206	791756	795031	796589	795245	795705	796436	796782	796486	794700	43224	212745	796731	796316	794459	796292	797142	85879	133491	797167	124010	796017	797250	796472	795605	796725	790397	794269	796137	795480	789908	93981	795876	40944	795973	796249	796392	797029	794925	795818	795120	796563	795821	796230	794944	792577	794962	161739	795634	797109	795758	797016	795509	795206	305285	794711	797027	137528	352346	796002	786304	794163	797026	85520	157992	797356	795737	796278	796966	102513	796439	796197	132521	797408	797313	797050	797131	792271	794978	151807	437412	796359	796350	797271	796926	795753	796959	796940	797417	797151	797080	797402	796791	797066	797109	789888	759064	795067	791436	797243	797074	794735	796536	607059	796800	746955	745221	687018	793277	796358	339429	418699	796169	763287	787302	404891	590146	722838	797388	796912	793961	797490	794032	796052	795995	118620	797291	435976	793800	784200	796303	795657	795395	796798	794672	787239	795880	655048	796905	777470	795871	795676	797392	796340	702435	796991	793426	796573	796568	796328	796973	796876	797206	795550	718121	764219	795001	769904	771997	783600	795901	710004	792151	789764	765370	792190	611590	780478	760788	789602	761392	789373	781984	593	603	683	648	656	0	669	662	679	680	1	664	13	0	684	4	654	4	683	3	0	1	0	0	684	1	663	110	0	647	0	0	1	0	674	19	672	2	666	682	423	0	0	1	2	0	1	0	1	68	0	0	0	2	0	1	0	0	1	68	0	0	1	661	677	0	0	683	0	1	670	45	588	0	0	685	683	685	675	636	1	63	261	0	1	2	0	653	595	433	685	602	673	682	682	677	2	616	0	0	1	681	685	2	0	422	0	587	0	448	659	591	2	1	1	378	617	2	0	3	685	677	421	680	646	0	661	0	2	267	638	1	670	665	0	0	654	584	1	6	671	388	678	1	683	419	549	1	627	1	670	657	680	0	684	0	1	379	1	619	370	661	1	0	621	1	622	1	0	0	590	634	603	573	617
NC_063215.1	6000001	811686	811090	811222	811229	807044	809033	810482	809339	809699	810375	810483	810375	809137	54683	234342	810592	810806	808488	810643	811230	104437	161329	810786	138357	810116	810741	810639	809625	810716	804556	808475	810294	810379	805310	122111	810056	55060	810149	810369	810385	810524	809327	810239	809173	810614	810097	810088	809195	807024	809209	178058	809592	811135	809971	811021	809888	809692	315718	808990	810329	154381	365447	810153	800637	808863	810923	103924	193342	811405	809945	810291	811141	136371	810535	810247	154550	811208	811316	810779	811058	806004	809122	192752	478307	810259	810436	811308	811013	809620	811127	810977	811303	811101	811105	811459	810876	811207	811194	803591	787424	809633	807071	811204	811416	809741	810733	635515	811156	775324	765355	728779	809471	810655	377008	445523	810689	785516	803795	444288	626264	750913	811130	811531	809361	811379	808582	810149	809840	141395	811467	460572	808443	798805	810455	809448	810119	811491	808825	801275	809858	685989	811108	798607	810797	809886	811293	810330	729670	811128	808622	810108	810553	810744	811139	810903	811365	809900	739111	790681	809557	797663	792155	798179	810232	741998	806607	805704	790212	808371	646887	802141	787540	806568	774041	806263	799470	673	671	487	460	469	1	475	474	487	484	3	478	10	0	488	5	475	5	488	0	1	0	0	3	487	3	471	3	0	480	0	0	2	1	481	22	479	2	473	483	547	0	0	3	3	0	4	0	3	67	0	0	0	6	0	4	0	0	0	69	0	0	0	468	484	0	0	489	0	3	485	69	664	0	0	490	488	488	486	467	3	79	213	0	3	3	0	468	667	562	489	670	488	488	484	482	3	450	0	0	3	484	486	3	0	330	0	441	0	553	480	658	1	1	4	516	454	3	0	5	486	485	549	487	461	0	476	0	3	236	461	5	478	469	0	0	468	416	0	1	477	537	486	3	490	550	403	3	461	1	471	482	483	0	490	0	3	522	1	474	524	466	1	0	464	0	448	4	0	1	446	461	433	648	429
NC_063215.1	7000001	823346	822672	822876	822989	821127	821069	822207	821100	821787	822255	821974	822357	821798	54149	305216	821779	822786	819805	822103	822962	104891	177808	822218	156201	821826	822144	822059	821299	822518	818420	820833	821709	821664	820771	137971	821730	60368	821678	821870	822095	821763	820868	821768	820508	822221	821642	822189	820582	819893	820674	181041	821318	822817	821565	822595	821551	821436	378951	821617	821507	178659	396122	821786	813092	820455	822734	113391	198630	823080	820941	822376	822729	122242	822197	821624	173827	822733	823021	821979	822846	819941	820808	179003	489849	821844	822045	823034	822540	821007	822883	822679	823039	822867	822869	823154	822608	822845	822903	816525	792499	821665	816721	822829	822337	820594	822278	648843	822022	783081	776525	733592	820959	822338	378803	456131	822087	793675	814757	455680	633118	754454	822515	822753	820141	823086	819769	821921	821536	124181	823004	477873	820195	811121	821974	820937	821477	822587	820633	813767	821504	696761	822516	808825	822203	821433	822614	821945	742532	822749	819222	821032	822238	822283	822725	822509	822993	821419	753390	800426	820796	808883	802311	809356	821700	753155	818406	817594	800261	819192	655583	811210	796368	816648	793501	816776	811881	721	719	694	685	670	8	681	680	707	701	2	688	17	0	706	2	666	2	691	0	0	8	1	3	706	3	672	2	8	674	1	0	2	1	678	20	681	3	682	694	654	0	0	11	4	0	2	0	6	76	1	0	0	683	8	3	2	9	0	73	2	0	8	668	683	2	0	697	8	2	702	56	699	8	0	697	697	694	690	671	3	83	307	0	2	3	0	679	706	658	702	710	686	695	698	686	2	627	1	0	3	690	696	3	0	497	8	630	0	584	681	708	2	0	2	592	634	2	1	3	696	709	660	693	657	0	678	0	2	323	664	3	684	675	13	4	678	619	0	13	678	624	694	2	701	647	585	11	662	0	694	679	699	0	704	0	2	630	8	676	624	672	0	2	645	0	638	3	12	0	653	670	613	682	622
NC_063215.1	8000001	790806	790199	790389	790453	783051	788717	789593	788463	788649	789782	789845	786182	786347	41553	202415	790345	789571	788699	789517	790302	44100	126573	790030	60170	789234	790509	789743	788660	790017	782254	784839	789522	743361	781225	96701	789043	40774	789177	789457	789576	790213	786660	789036	788345	789725	789116	789617	788708	778251	788419	92669	789081	790363	789009	790375	789083	774156	239051	786607	790226	85303	209720	789198	766441	786511	790138	59648	84966	790727	787199	789232	790290	51735	789502	789580	112680	790619	790645	790477	790452	763724	788218	106825	290971	789513	789166	790510	790218	789044	790191	790192	790526	790252	790282	790547	785672	790319	790413	785393	722402	786877	786971	790332	790691	788980	789802	466593	790506	692145	685966	604024	783663	790232	265124	286398	789609	731490	772260	266522	438616	665335	790550	790576	782068	790575	787410	789343	788992	52896	790528	288410	786505	758262	789271	788597	788372	790629	786714	785958	788369	569594	789961	751053	787744	788296	790629	789269	631661	790135	784683	789850	789761	789574	790089	790161	790530	789012	624404	724263	785574	730650	734260	780757	789398	614263	783831	770219	724960	783057	455349	756075	719611	773796	732246	774110	771190	487	491	613	580	601	2	598	592	618	613	3	590	11	1	617	4	597	4	614	4	0	1	1	3	616	4	599	6	7	573	0	11	4	0	603	20	604	4	601	616	424	0	0	4	5	0	6	7	2	30	0	0	0	615	1	6	1	0	0	27	3	0	0	585	601	0	0	622	0	4	611	13	482	0	0	619	618	618	613	510	4	36	136	0	3	4	0	596	486	440	616	493	605	616	591	613	4	559	0	0	5	612	613	4	0	257	1	456	0	315	586	488	4	4	6	364	537	2	0	11	614	624	422	611	577	0	598	0	4	153	574	5	599	598	0	5	592	566	2	4	604	381	599	4	621	422	425	5	580	2	605	600	615	0	618	0	7	369	2	539	360	588	2	0	569	5	497	6	0	3	492	554	483	436	529
NC_063215.1	9000001	800722	800174	800332	800337	793346	798287	799432	798483	798507	799616	799477	797735	796867	43022	200713	799845	799463	798050	799699	800245	72077	141137	799822	100713	799272	800120	799670	798649	799870	791467	795303	799435	775980	792276	103333	799276	46248	799092	799142	799495	799930	796702	798896	798333	799649	799170	799559	798354	791929	798177	131783	798875	800133	799071	800140	798798	792581	275547	795763	799585	119531	284659	799057	781330	796666	799975	72491	152590	800602	797928	799368	800036	96496	799781	799283	139424	800313	800523	800109	800312	786285	798094	145547	382576	799228	799076	800388	800080	798732	800106	800052	800457	800286	800343	800431	798061	800353	800389	793150	748029	797586	795289	800066	800455	798548	799754	546762	800213	727915	719679	653914	795273	800146	317238	353164	799863	756129	787790	355124	521555	703038	800268	800402	795193	800434	797638	799298	798736	100887	800502	371071	797351	775343	799115	798496	798997	800459	796983	793020	798639	618193	799945	769471	798397	798367	800298	799341	677274	800038	795032	799308	799607	799598	799983	799925	800326	798853	666208	749236	797373	759576	761840	786561	799545	671819	793491	784659	753531	794484	541209	773012	746527	787204	752355	787368	784603	585	585	706	672	685	5	691	684	702	705	3	693	19	1	709	3	682	3	709	0	0	5	0	3	706	3	688	3	6	675	0	17	2	0	696	20	691	5	697	701	469	0	0	5	4	0	3	1	6	67	0	0	0	707	1	3	3	0	2	67	4	0	5	669	706	0	5	710	0	3	705	48	578	10	2	708	707	705	695	630	3	76	258	1	11	3	0	688	585	487	707	588	703	708	679	702	3	635	0	0	4	704	714	5	1	422	1	588	0	417	684	574	1	1	2	420	642	1	0	12	708	707	475	708	666	2	691	0	3	275	665	2	695	689	0	9	676	638	12	15	698	440	698	3	711	482	516	4	658	2	699	682	699	0	710	0	3	423	8	648	432	687	3	1	649	1	615	1	3	1	605	653	603	551	616
NC_063215.1	10000001	827027	826563	826709	826541	821178	824784	825819	824472	825152	825816	825682	824160	824737	51348	275723	825754	826009	823901	825561	826492	99701	168596	826294	147526	825421	825941	825944	824901	825921	819342	822809	825339	817138	820282	126638	825393	57089	825261	825139	825642	825625	824187	825196	824946	825928	825174	825712	824203	821480	824605	170192	824914	826430	825482	826436	825324	820655	347838	824099	825467	170419	321556	825562	811178	823347	826358	111384	166124	826703	824219	825646	826382	111017	825861	825810	179616	826474	826714	825930	826464	813840	824266	161029	404822	825790	825708	826712	826341	825005	826560	826492	826644	826498	826407	826768	825278	826464	826531	817677	779434	823887	821113	826486	826446	824034	825863	582945	826220	758907	753159	685774	821562	825817	314117	374515	825995	786007	815230	387507	556926	732786	826223	826616	822960	826823	823255	825617	825315	112349	826671	401975	823534	805348	825609	824942	824245	826696	824020	815877	824897	656377	826024	801392	825108	824584	826271	825798	709453	826307	822247	825195	825889	825869	826254	826266	826709	825330	712936	784856	824095	791700	793630	813400	825372	700135	821556	814698	783851	821862	580158	806082	778367	817129	783278	816764	809921	608	614	558	537	638	1	540	545	644	558	3	554	22	0	650	5	623	5	649	0	1	4	0	3	650	3	628	4	587	622	0	572	1	0	541	34	545	6	635	649	669	0	332	3	7	0	4	598	3	85	0	0	629	652	0	4	0	0	4	98	0	1	4	606	552	0	0	559	0	3	549	43	597	620	0	651	558	556	552	496	3	52	127	625	3	8	0	544	604	62	556	605	553	559	552	549	7	571	0	0	7	218	651	6	0	339	0	552	2	452	621	598	1	0	4	589	584	4	2	4	554	653	61	649	526	0	639	0	7	283	521	3	543	552	0	0	624	556	2	0	547	632	546	1	561	686	424	3	525	4	548	545	552	0	651	622	5	602	3	601	610	626	3	0	605	1	473	4	0	1	197	605	480	58	564
NC_063215.1	11000001	802743	802389	802428	802362	798015	800205	801595	800455	800516	801900	801035	798941	799719	43824	238015	801426	801912	800643	801641	802231	51058	150583	801629	81242	801375	802192	801637	800402	801827	795753	796366	801519	768257	796414	125727	801078	54236	800851	801369	801614	801562	799038	801215	800669	801791	800940	801575	800209	794499	800346	103812	800511	802185	801317	802222	800987	788901	260958	799019	801352	97644	235683	801138	783185	798367	801976	70703	95649	802626	799306	801348	802229	60389	801744	801297	128437	802281	802545	801689	802368	782642	799998	118684	306549	801567	801178	802443	802256	801006	802213	802204	802501	802346	802278	802508	798607	802306	802288	795556	735058	798975	797194	802216	802314	800406	801857	495662	801954	708007	706083	614609	795244	801768	270768	288846	801643	749345	786900	279004	454728	679399	802038	802480	794739	802550	799472	801324	800824	61968	802368	305999	797802	776077	801249	800337	800238	802338	799145	795154	800388	584029	801836	765798	799792	800447	802099	801223	650076	801959	796398	800787	801687	801683	802143	802125	802255	800576	646988	735130	797751	748688	752129	794106	801089	638435	795235	781598	741660	793596	481172	764898	733566	786955	745914	786418	783477	727	731	608	583	703	0	592	596	734	605	2	597	11	2	730	1	708	1	730	0	0	376	0	2	733	2	706	2	515	692	0	415	2	3	595	33	594	3	724	730	517	0	588	2	3	0	2	514	2	54	1	0	536	736	0	2	81	0	1	45	1	1	2	710	603	0	0	613	0	373	600	41	723	534	0	737	613	609	609	515	2	3	0	538	2	3	0	583	722	1	610	725	604	609	585	604	3	673	0	0	3	2	736	2	0	324	0	586	0	486	690	720	1	2	2	427	676	2	0	284	609	735	0	731	567	0	704	0	3	199	556	2	585	593	0	0	698	641	1	7	597	455	595	359	612	536	458	2	561	3	597	592	598	0	729	533	3	436	1	654	451	708	2	1	659	1	524	2	2	0	0	677	505	1	640
NC_063215.1	12000001	801847	801283	801397	801495	796610	799422	800700	799319	799337	800335	800138	799626	799294	47306	245230	800794	800861	799664	800594	801249	62317	159281	800557	82703	800275	800655	800676	799757	800848	793623	797372	800250	759922	796074	118988	800141	54121	800275	800371	800508	800747	797162	800019	799666	800648	800042	800648	799295	794590	799069	106074	799919	801269	800513	801223	800120	790336	300074	798780	800472	108213	211416	800516	774711	796993	801020	77344	84917	801691	796800	800302	801313	56696	800499	800588	144557	801312	801589	800586	801406	789838	799014	104456	280285	800633	800092	801408	801136	799873	801058	801260	801560	801301	801308	801573	798187	801322	801285	794466	725981	797032	795674	801207	801541	799154	800948	462045	801136	693243	682071	574786	792288	800723	201881	240711	800605	743912	783240	252470	414888	663483	801118	801597	792037	801634	798093	800076	799813	54353	801582	274483	797433	766402	800350	799487	799793	801538	798198	793977	799263	562973	800977	757573	798112	799272	801202	800375	637993	801087	794634	800217	800547	800628	801243	800980	801412	800084	631189	728142	796996	737124	745645	794122	800483	606159	796122	779067	728736	792922	445570	765535	724028	783987	746009	783997	777638	498	725	609	585	478	3	581	591	499	600	2	581	0	0	499	3	486	3	497	1	0	603	0	2	499	1	484	2	495	471	0	395	1	0	591	15	588	4	489	497	423	1	580	2	6	1	2	492	5	31	0	4	519	501	0	2	113	4	3	45	0	0	3	470	607	0	0	611	2	585	605	24	488	516	0	500	609	609	603	519	2	0	2	526	3	3	0	594	495	360	608	721	603	613	575	604	3	442	0	0	6	5	503	3	0	264	3	370	0	426	468	711	1	7	2	362	431	2	0	424	608	501	2	502	563	3	481	0	3	113	571	2	596	583	2	2	474	440	3	3	590	389	596	575	608	427	384	2	569	5	596	598	605	0	496	512	1	362	1	422	358	480	2	0	477	3	474	2	1	3	2	444	497	335	446
NC_063215.1	13000001	758865	758506	758425	758482	754998	756663	757758	756665	756933	758235	757548	751638	757192	37674	272301	758288	758057	757529	757825	758363	45197	163957	758023	65936	757512	758448	757931	756941	758036	752997	752036	757816	586957	754516	130510	757323	51166	757114	757431	757758	758394	752413	757007	756856	757793	757094	757831	756712	753786	756418	85936	757396	758346	757344	756196	757042	733254	280905	756553	758325	85737	183228	757033	732723	753625	758020	62515	83358	758725	753504	757015	758385	51298	757626	757753	153260	758752	758734	758573	758565	721342	756365	116429	235167	757346	757027	758540	758316	757125	758277	758267	758634	758381	758429	758595	746317	758407	758447	752465	656673	752635	754008	758231	758532	756466	757890	388777	758528	613780	615719	493046	745082	758153	214732	203497	757837	678142	733698	212238	329613	596828	758703	758431	743246	758558	755147	757374	756545	49070	758592	235923	754506	716731	756993	756660	756193	758428	754680	753300	756183	502547	757699	695817	753469	756313	758711	757187	567441	758165	750658	757672	758034	757812	758223	758313	758226	756973	549816	647913	751409	651111	679391	750727	757073	512992	750781	720613	654712	744361	351241	696681	643495	728572	695605	728740	725967	404	447	404	402	392	13	386	382	410	406	1	388	0	1	405	2	406	2	398	6	1	402	1	1	408	1	385	4	316	387	0	207	1	1	389	8	378	2	394	401	311	12	379	13	13	0	4	311	3	13	1	10	304	406	0	3	83	15	10	25	1	0	14	373	398	0	5	397	11	387	404	13	391	314	3	406	395	391	394	308	1	0	2	308	13	2	0	383	395	421	404	437	392	402	367	395	2	367	0	0	16	15	415	2	8	169	13	281	0	232	379	430	6	7	4	255	355	3	0	281	395	419	4	414	385	5	394	0	3	82	363	3	390	383	17	14	387	373	23	17	388	273	389	378	395	310	243	13	356	13	400	381	398	0	410	299	3	246	11	325	254	396	19	0	361	18	311	3	14	11	14	350	309	359	325
NC_063215.1	14000001	813282	812837	812921	812876	809065	810645	812154	810917	811337	812242	811836	811176	811389	39894	251358	812266	812306	810755	811792	812650	65068	141022	812489	97228	811862	812741	812218	811127	812403	808050	808064	811719	787816	808543	103361	811744	48129	811758	811609	812022	812170	809560	811706	811062	812075	811354	811995	810472	809174	810606	131669	811207	812715	811577	812884	811532	806740	302265	810436	812227	134387	281543	811434	794793	809581	812409	86817	128034	813157	810259	811693	812653	76412	812164	812003	162016	812909	813033	812649	812823	802075	810704	118389	352629	811878	811755	812909	812642	811308	812590	812548	812991	812699	812695	813023	810508	812615	812693	804197	762030	810091	807561	812718	812796	810842	812456	523108	812654	739342	723075	650626	807871	812249	268152	305341	812114	765423	798626	313218	495099	703043	812964	812999	808422	812870	809762	811759	811249	71197	812910	331499	809595	792064	811862	810932	811802	812701	809918	804180	810947	617804	812387	784684	810585	810703	812924	811938	675737	812573	807782	811946	812014	812000	812737	812616	812870	811184	673456	761250	809976	776005	772295	803590	811851	671927	806982	798283	765389	807100	529372	788297	753499	802517	768593	800467	794408	541	330	496	472	525	2	487	481	546	495	2	481	0	1	541	1	534	1	544	0	0	494	0	2	546	2	527	2	575	520	0	489	1	0	483	18	488	3	536	544	457	0	485	2	2	0	2	584	2	36	0	0	594	546	1	2	108	0	2	42	0	0	1	511	490	0	1	497	0	489	493	29	537	595	1	546	498	499	495	443	3	0	2	594	2	2	0	481	533	387	498	326	495	497	473	489	2	488	0	0	3	2	547	2	0	275	0	451	0	247	527	319	1	7	2	404	478	0	0	393	499	547	0	544	469	0	524	0	2	171	466	2	484	484	0	0	517	483	0	9	480	428	497	463	500	465	361	2	463	2	496	490	496	0	547	588	2	405	0	511	416	528	1	3	511	4	437	2	1	1	2	510	431	359	483
NC_063215.1	15000001	825675	825077	825392	825260	822162	822987	824444	823422	824080	824270	823685	825135	824459	70313	359458	823623	825261	821821	824330	825239	181440	222929	824324	249686	824275	823943	824615	823482	824904	818680	823785	823926	824652	823107	174700	823935	82393	824212	824061	824362	823668	823641	824306	823515	824587	823872	824136	823236	822311	823044	273900	823680	825137	824044	824752	823847	824221	443344	824482	823540	261627	465055	824344	817331	822983	824848	172042	274679	825320	823016	824664	825009	196926	824794	824414	264265	824536	825096	823699	824990	823746	823202	261717	552661	824168	824457	825280	824846	823521	825172	825191	825313	825138	825139	825303	825101	825284	825184	816141	799666	823683	818240	825115	824986	823271	824734	667079	824254	787472	783537	738454	822900	824292	371459	474093	824431	799551	817102	503612	653744	763762	824449	825249	823079	825283	822174	824362	823671	181346	825329	514808	822874	814850	824337	823687	823526	824979	822666	814027	823629	706820	824822	811231	824716	823495	824663	824557	748645	825077	822070	823231	824578	824718	824982	824854	825301	824167	763822	801812	823237	810069	804935	810232	824121	760249	820774	819228	803045	821808	668026	816352	798255	819419	799136	819585	811585	647	4	706	700	563	333	695	702	577	708	335	705	0	2	573	3	548	3	650	48	1	708	1	330	650	331	564	2	762	643	0	774	337	42	669	39	693	1	640	576	693	0	682	330	1	0	2	763	320	135	0	0	768	577	2	2	245	0	338	129	4	3	322	558	679	0	0	712	0	700	684	95	644	765	0	582	710	706	676	672	325	0	194	777	333	1	2	654	579	575	710	5	684	711	712	679	1	599	1	0	1	333	580	1	0	520	0	594	0	5	633	325	2	0	2	648	532	2	2	604	686	577	3	643	664	0	564	2	1	318	670	2	696	690	0	0	625	489	1	4	695	676	681	682	709	679	591	335	666	1	700	666	703	0	574	765	2	653	2	559	655	626	1	0	421	327	650	2	0	324	0	562	651	567	531
NC_063215.1	16000001	806815	806293	806410	806375	803421	804351	805600	804292	804841	805740	805439	805301	804526	48881	274450	805392	806118	804092	805482	806321	69173	159570	805825	97952	805339	805960	805724	804649	805835	801481	801845	805332	797330	802752	124692	804925	52494	805073	805290	805741	805541	803663	805143	804750	805739	805045	805546	804275	801353	804117	125467	804829	806242	804924	806361	804973	803101	313028	803852	805397	119055	255390	804916	786076	802502	806050	82104	112081	806552	802626	805385	806238	71171	805621	805042	147294	806335	806446	805964	806350	798282	804201	126298	334266	805436	805350	806474	805901	804933	806073	806290	806575	806310	806297	806502	804832	806387	806307	798822	747899	803269	800692	806343	806271	804166	805737	510212	805936	725502	717553	621149	801155	805684	238674	289729	805677	757528	792945	298081	475529	685763	806249	806507	800597	806576	802784	805342	804803	68896	806477	325361	802621	782301	805128	804531	805336	806343	803719	798432	804759	598850	806044	775834	804436	804445	806225	805592	667861	806179	800788	805121	805685	805792	806109	806136	806493	804970	664024	753626	802457	761211	763480	797118	805247	645871	801303	791088	753596	799370	502319	781775	750246	794583	758153	793912	787969	498	80	358	356	236	488	352	352	245	362	483	361	0	0	246	1	234	2	500	23	0	360	0	474	503	488	239	2	361	483	0	338	480	37	507	13	356	2	493	245	362	0	351	494	2	0	2	353	489	19	0	0	366	246	1	2	75	1	497	34	2	0	431	236	511	0	0	362	2	345	511	23	495	363	3	247	363	364	508	470	481	0	128	369	491	2	0	496	247	299	364	79	515	363	355	515	2	442	0	1	3	497	249	2	0	188	2	394	0	52	482	512	3	1	2	301	227	4	0	272	516	329	1	500	345	0	239	0	2	77	326	2	355	350	1	2	479	214	4	5	357	328	510	341	365	361	250	494	339	2	358	506	361	0	248	366	1	317	2	222	308	474	3	0	0	463	434	2	2	438	2	234	294	268	216
NC_063215.1	17000001	789882	789464	789450	789488	785613	787496	788726	787456	787718	788935	788706	786622	787638	43195	261186	789146	788822	787636	788509	789327	68755	148877	788904	94311	788285	789328	788809	787679	788966	782283	784439	788249	756314	784889	116587	788194	57304	788370	788424	788569	788940	785813	788188	787640	788743	788178	788587	787334	784443	787303	123633	787789	789420	787964	788973	788244	776402	304082	787308	788953	124447	266585	788201	774782	785600	789099	86640	121152	789716	787418	788065	789358	76128	788617	788623	162841	789334	789676	789175	789305	770393	787107	122649	339040	788448	788584	789433	789224	787723	788993	789062	789525	789202	789212	789657	786438	789421	789259	782886	726354	786138	783087	789368	789457	787610	788777	514944	789223	709580	706069	619013	783622	788906	242065	299918	788748	742313	773715	311987	477779	677636	789319	789591	784488	789678	786164	788215	788027	77589	789574	327749	785355	765488	788389	787718	788246	789585	786704	782061	787996	595933	788970	759907	787606	787337	789460	788374	656428	789183	784030	788458	788618	788774	789259	789155	789433	787877	666376	735296	785913	747157	747934	781792	788373	643794	783757	775360	740563	781584	508243	767114	731668	778213	744471	777816	772137	892	698	637	616	829	476	616	618	855	632	467	617	2	0	854	4	834	4	897	34	2	640	0	473	901	478	816	3	648	846	0	332	455	43	589	29	618	3	888	857	901	0	623	481	3	0	3	659	465	49	0	0	673	860	2	3	147	0	484	47	1	0	438	812	598	0	0	640	0	621	594	40	873	686	1	861	637	642	589	512	468	1	129	670	472	3	2	586	841	445	641	698	597	643	619	596	3	819	0	0	3	480	863	3	0	348	0	718	0	452	860	913	1	0	3	810	738	0	3	490	601	636	0	893	607	0	820	0	3	261	635	3	618	622	0	0	860	771	0	6	630	861	596	601	638	931	472	483	607	3	636	575	636	0	858	667	3	812	0	770	819	872	4	0	0	461	530	3	0	440	6	778	529	411	767
NC_063215.1	18000001	796976	796569	796544	796650	791181	794719	795730	794609	794555	796091	795800	791054	794106	41042	229801	796223	795618	795023	795664	796474	47653	151263	796113	69781	795557	796309	795856	794732	796184	789740	790464	795526	697857	789695	113986	795224	46368	795399	795447	795834	796101	792445	795224	794863	795946	795247	795945	794695	789267	794315	92497	795238	796465	795670	794918	795497	778952	259115	793107	795992	89766	207003	795583	770996	792141	796195	64054	84856	796864	792451	795274	796415	55592	795537	795898	125395	796862	796794	796505	796612	762049	793958	112755	278520	795843	795215	796564	796599	794980	796359	796509	796725	796504	796514	796779	789406	796539	796532	789996	708061	792130	791596	796440	796644	794406	796015	447091	796288	677637	673721	567149	786909	795873	246000	250693	795578	732007	776497	254291	414846	649541	796593	796594	784923	796715	793242	794901	795053	59734	796654	280491	792604	759572	795555	794726	794872	796306	793017	790999	794580	559583	796039	748967	792442	794448	796673	795509	624533	796074	788448	795592	795927	795791	796338	796337	796613	795094	606909	707634	791751	715517	736650	788140	794820	588729	788712	771358	712963	785871	437595	749812	706499	775929	736233	777174	771781	633	362	315	283	301	536	309	306	309	312	511	301	0	1	313	2	308	2	638	23	0	311	0	540	642	541	600	1	286	590	0	401	513	51	574	17	308	1	616	313	247	0	305	547	1	0	1	287	528	14	0	0	310	311	1	1	60	0	549	38	0	0	462	294	573	0	0	316	1	304	582	32	634	308	0	312	316	316	583	483	526	0	125	311	540	1	1	565	306	54	315	360	586	316	280	584	1	580	1	1	1	552	313	1	0	122	0	493	2	213	601	599	8	2	2	214	276	1	1	223	590	315	0	641	297	0	301	1	1	75	291	1	305	309	0	0	606	281	1	3	309	231	579	295	317	255	215	550	296	1	312	572	313	1	309	308	1	208	0	250	200	621	1	0	0	510	473	1	0	478	0	277	245	52	260
NC_063215.1	19000001	770284	769770	769717	769707	766159	767776	768943	767985	767917	769154	768816	763925	768110	48657	249633	769082	769367	768360	768914	769736	53190	155360	769111	66824	768736	769465	769294	768105	769328	765373	764071	769009	634284	764740	130031	768613	60075	768495	768721	769099	769020	764090	768489	767673	769140	768294	769039	768055	765204	767502	95907	768433	769569	768765	768025	768506	749746	281275	766949	769266	94751	200477	768608	743271	764731	769538	72425	95612	770151	765531	768374	769629	61112	769061	769006	149022	769881	770058	769678	769778	736513	767625	117659	259314	769127	768372	769917	769709	768213	769673	769763	769910	769799	769762	770099	759139	769830	769763	763943	684862	765586	766578	769595	769889	767916	769119	414110	769551	642049	639897	533138	759588	769480	249726	229928	768927	698798	747546	230232	360676	619688	769771	769763	758463	769794	766828	768543	768110	56679	769874	246405	765233	732005	768730	767952	767475	769676	764974	763908	767649	526475	769118	716781	765689	767353	769954	768667	587113	769647	763084	768442	769123	769089	769438	769572	769814	768534	572526	668484	763185	687593	700400	761149	768802	548178	761374	739519	681613	758512	386659	716550	669555	743766	709150	746436	744180	639	366	498	485	1	633	481	483	3	499	603	488	1	1	5	3	2	3	644	25	1	492	0	629	648	628	615	2	465	602	0	299	594	64	543	25	489	2	638	2	477	0	4	640	2	0	2	484	622	23	0	3	491	3	0	2	103	3	646	36	1	0	536	2	555	0	2	502	1	482	562	35	634	485	1	4	500	498	556	436	620	0	126	491	630	1	0	547	2	367	501	363	554	501	454	550	1	606	0	2	3	643	5	1	4	210	0	462	1	205	617	658	9	5	2	393	4	7	1	350	554	500	0	647	472	1	5	0	1	3	456	1	490	490	1	6	611	4	3	10	488	425	547	473	500	501	302	643	459	1	496	538	501	0	4	490	2	395	5	2	405	610	3	2	0	563	431	2	2	526	2	5	391	332	2
NC_063215.1	20000001	460751	460495	460457	460387	458667	459042	459979	458896	459279	460240	459870	458991	459524	25528	139154	460131	460207	459094	460079	460436	32285	82548	459974	50270	459806	460365	460118	459291	460104	457935	457388	460063	444212	457687	73809	459627	28974	459508	459813	459962	460036	458063	459579	458943	460038	459493	459983	459263	458001	458898	64218	459565	460448	459060	460559	459085	456808	179495	458827	460048	65261	124131	459984	445186	457718	460177	40663	58866	460635	457524	459733	460225	33341	459896	459977	80179	460560	460633	460205	460485	450321	458874	68595	158766	460047	459466	460542	460112	459363	460438	460324	460492	460358	460387	460512	458403	460412	460452	456959	407975	457495	457974	460325	460457	459568	460073	255248	460300	388525	386753	325841	453929	460126	153795	147087	460244	420995	446563	141704	222191	375521	460319	460395	453597	460619	458429	459726	459489	37197	460569	158595	458198	436838	459763	459569	458949	460259	458092	456511	459227	320110	460033	430928	457329	458937	460396	459375	353982	460286	456441	459733	459875	460158	460332	460222	460566	459681	343166	398956	456245	407911	420897	455370	459542	334139	455223	441054	407672	454278	239115	431117	400656	444907	424249	447043	445441	120	331	254	244	0	154	249	252	0	368	116	361	0	23	0	115	0	116	119	5	0	258	4	117	120	118	113	115	349	113	0	322	112	11	354	12	252	112	120	0	379	0	0	119	116	0	116	355	117	23	0	0	357	119	0	111	86	1	157	36	1	0	134	0	358	0	0	372	1	359	354	8	116	365	5	119	374	259	360	324	119	0	25	368	115	119	0	345	1	313	259	326	359	259	352	353	114	110	0	0	116	116	120	114	0	183	0	89	3	204	115	339	2	3	117	316	10	2	0	273	364	371	0	120	347	0	0	1	119	34	355	100	355	363	2	3	116	5	0	3	363	346	350	343	374	389	170	119	339	117	365	354	370	0	0	359	76	314	1	1	310	117	1	3	0	140	294	109	0	131	6	1	215	288	105
NC_063215.1	21000001	789984	789649	789528	789443	786517	787568	788835	787667	787823	788429	787861	786952	787715	51256	326657	788091	789092	787560	788582	789471	76313	195902	788112	114257	788776	788716	788943	787876	789118	784256	784966	788572	753577	785445	149862	788347	68042	788075	788536	788797	788610	786479	788191	787839	788965	788253	788753	787581	785268	787466	127465	788163	789371	788445	789491	788088	781061	341221	787306	788012	130407	273512	788475	770175	785840	789167	93436	123832	789746	785859	788536	789435	79526	789077	789008	156090	788960	789728	788531	789619	771299	787658	154970	340701	788788	788312	789645	789396	788087	789310	789393	789602	789465	789524	789695	786493	789488	789490	781647	722735	786457	785006	789358	789539	787599	789026	482749	788804	693570	682195	594652	783327	788969	271874	285690	788797	730483	771509	298673	443366	661897	788637	789685	782488	789734	786214	788458	788356	78011	789655	318045	786075	761971	788402	787637	788187	789644	785708	783306	787987	576198	789070	748282	786383	787710	789083	788367	633637	789257	783661	787916	788850	788679	789205	789215	789608	787780	634051	722247	785125	728699	740178	780864	788466	613655	782505	768504	722381	781845	469923	753733	713721	774862	735635	772726	767161	433	799	473	458	1	674	455	464	1	669	419	665	1	121	1	485	1	481	440	18	0	474	35	431	437	434	429	480	642	398	0	587	416	30	685	30	466	479	425	1	806	0	1	436	477	1	472	651	423	35	0	0	665	485	0	439	170	0	678	59	0	0	590	1	702	0	0	681	0	668	705	26	435	667	49	489	677	478	706	615	428	3	106	665	415	487	0	686	0	703	477	788	702	477	654	704	485	399	1	0	450	176	486	460	0	314	0	323	0	441	425	602	7	4	469	683	1	4	0	472	708	677	0	440	641	0	1	0	482	121	643	410	663	667	0	0	406	3	1	5	652	715	695	636	679	832	311	437	630	477	665	689	667	0	1	663	311	689	1	1	705	416	0	0	0	616	560	452	0	576	0	1	394	637	415
NC_063215.1	22000001	767203	766816	766647	766629	757910	765006	765850	764594	764802	765615	765334	757744	763150	40323	230999	766436	765404	765619	765954	766666	45042	143105	765805	68078	765801	766657	766084	764948	766373	755805	759801	766258	504180	755027	127183	765507	49307	765282	765525	766109	766389	760045	765525	765080	766038	765265	765946	764951	754062	764391	86745	765436	766617	765922	764379	765369	731692	263679	762978	766368	98553	184720	765668	734210	761413	766275	59515	92601	767024	761303	765266	766499	55692	766108	766196	155801	766862	766994	766458	766887	723741	764380	108308	252606	765785	765211	766895	766580	765176	766538	766651	766891	766681	766728	766780	744970	766748	766743	760666	652291	760762	762477	766691	766924	764952	766072	382748	766711	603985	613968	485932	749728	766365	212937	203518	766039	683298	742297	218024	325587	593355	766908	766946	748749	766848	763426	765483	764923	53703	766886	239842	762680	719441	765473	764903	764237	766826	762857	761380	764803	501996	766006	694495	759754	764040	766789	765404	565090	766416	757247	765775	765958	765933	766578	766434	766715	765256	528976	637634	757371	641597	683299	759460	765365	512776	756776	718155	649204	749367	352491	690316	634972	731998	696246	730456	730004	748	758	844	788	2	745	826	830	4	806	710	780	3	120	2	678	2	675	750	35	0	846	33	742	751	735	721	678	741	748	0	405	696	66	915	29	824	669	734	2	788	0	2	745	662	0	669	762	716	50	0	0	792	692	2	548	157	2	744	69	3	0	634	1	930	0	0	817	0	786	928	41	736	801	69	691	815	855	930	710	719	0	162	792	789	689	3	904	2	924	851	764	929	853	712	915	686	686	3	0	642	2	695	649	0	313	2	506	0	490	711	627	1	2	665	630	4	3	2	518	935	816	1	752	763	0	2	0	687	139	750	519	791	781	3	3	712	10	0	11	782	673	893	764	812	800	502	738	722	683	798	907	805	0	2	793	371	595	2	5	626	716	3	0	1	612	672	619	0	587	3	2	637	788	564
NC_063215.1	23000001	759446	759033	759057	759024	753449	757110	758398	756949	756944	758414	757747	725228	757449	35821	180626	759039	758137	758129	758260	758867	28563	113356	758150	35558	758144	759042	758292	757043	758575	752817	750779	758252	313637	753017	101822	757751	43412	757542	758002	758149	758888	749457	757811	757108	758309	757370	758296	756891	752177	756641	66546	757768	758951	757975	748423	757686	666503	202252	756457	758783	60817	132559	757911	726218	753814	758605	42581	71287	756791	753314	756775	758985	39716	758136	758307	145807	759226	759343	758953	759107	641776	756303	85677	209617	757859	757024	759085	758713	757435	758626	758920	759137	758985	759074	759125	694372	758980	758984	753211	622306	749607	755099	758787	759364	756897	758329	346530	758902	577443	583849	438057	739180	758830	207060	169491	758322	666168	728218	169658	273189	568286	759241	759226	735805	759114	755633	757803	757211	44065	759049	205397	753963	698821	757359	757059	756210	759107	754111	754518	756927	462985	758171	675246	750919	756305	759281	757652	532808	758735	748858	758291	758253	757973	758805	758710	758966	757374	501566	606686	747449	604380	659923	752601	757466	458056	747653	704559	626027	740529	295843	671985	606805	712296	686543	715750	722115	543	539	674	645	3	583	656	653	3	760	454	764	0	65	3	418	3	417	542	12	0	673	7	538	547	541	522	415	724	693	0	134	517	29	706	14	666	421	535	3	695	1	3	545	413	0	413	723	520	28	0	0	755	420	1	296	89	0	585	29	0	0	491	3	717	0	0	781	1	741	712	12	537	767	46	424	780	676	718	388	528	0	74	755	751	426	0	691	0	407	676	533	712	678	548	714	418	506	1	1	398	0	427	401	3	242	0	311	0	215	504	519	7	5	405	559	5	5	0	449	718	782	3	548	724	3	6	0	416	79	726	332	741	757	3	3	506	6	4	4	764	577	679	726	781	757	348	543	707	421	770	702	765	0	5	750	227	494	1	5	552	518	2	1	0	494	460	386	6	448	0	5	523	339	353
NC_063215.1	24000001	798850	798514	798516	798585	795573	796493	797768	796501	796859	797708	796890	796389	796061	58050	285967	797199	798083	796349	797670	798401	82830	188687	797364	114425	797613	797337	797820	796886	797937	793386	793998	797356	755518	793721	139697	797364	70420	797199	797230	797751	797033	795456	797189	796725	797994	797038	797688	796544	791467	795999	137812	796876	798346	797584	798095	797263	789447	321862	795675	797202	140308	254279	797612	773367	793840	798141	94620	112116	798659	793144	797329	798363	77708	797762	797692	154734	798058	798587	797328	798381	785509	796247	143357	315748	797802	797240	798481	798450	796925	798326	798435	798692	798454	798321	798645	795692	798514	798531	790870	723604	795194	792382	798182	798217	796144	797939	473942	797777	689898	676386	589277	791317	797457	243699	269158	797372	737693	779908	277405	424401	664821	797957	798284	788806	798524	794681	797141	796930	75566	798565	300818	795008	763470	797275	796410	796270	798145	794974	789017	796358	568459	797880	752393	795401	796344	798073	797645	632303	798286	792007	796587	797852	797566	798272	798140	798478	797251	617562	719250	793259	730875	742887	789114	796773	599153	791302	773178	725268	789968	455135	757238	711830	780498	738508	780490	776098	378	638	450	437	253	645	444	446	260	152	609	149	0	39	260	327	248	322	377	43	2	447	5	616	379	620	366	323	394	389	0	614	596	63	739	49	443	321	368	257	730	0	257	627	318	0	319	389	599	41	0	4	393	581	1	280	50	2	654	100	0	0	544	242	745	0	1	150	0	149	748	13	373	393	17	581	152	452	744	663	605	3	169	394	150	326	1	726	257	439	453	631	743	453	150	745	326	348	0	0	295	0	331	315	1	90	3	268	0	411	350	233	3	7	316	601	243	2	0	121	751	155	0	381	142	0	250	0	324	154	380	266	149	146	1	6	349	214	7	8	152	676	731	147	152	736	288	631	145	320	151	716	151	0	260	394	195	602	5	233	625	358	8	0	0	582	584	288	2	556	3	241	340	402	498
NC_063215.1	25000001	818603	818110	817953	818109	813854	816084	817411	816171	816417	816616	816234	812286	815458	44184	217149	816505	817269	816053	817153	818168	51377	134666	816405	70866	816999	816848	817436	816436	817727	813496	811823	817253	746445	812779	103491	817015	49425	816767	816844	817426	816278	813822	816913	816500	817418	816301	817227	816026	808617	815923	110503	816638	817922	817203	817260	816840	800574	272263	814104	816505	102617	251208	817282	797975	813728	817793	70079	102924	818473	815352	816907	817907	63294	817379	817467	127253	817698	818386	816736	818174	787424	815902	114229	321813	817336	816757	818206	817974	816385	817658	817988	818236	817972	818044	818383	812914	818048	818147	811626	748147	814968	813552	817945	818144	816313	817441	512313	817382	721640	712688	624561	811068	817794	279717	294359	817657	759971	800342	297909	468676	694464	817404	818208	811178	818216	814867	817002	816605	70708	818325	320545	814638	787234	817115	816410	816296	818237	814993	811725	816535	599076	817621	779852	814397	816121	817569	817136	667344	817885	812434	816248	817290	817510	817953	817835	818104	816666	659768	751130	814283	760813	770538	809379	816793	639962	811452	799389	752832	809918	496662	784448	745520	802492	761082	802517	796897	2	640	430	418	536	498	421	423	541	476	529	462	0	24	548	153	533	151	2	13	0	427	7	537	2	542	2	153	654	641	0	531	519	25	679	20	426	150	2	546	448	0	530	542	150	0	145	659	522	34	0	0	683	507	0	143	92	1	504	55	0	1	421	516	689	0	0	481	2	467	689	1	2	673	12	507	481	431	695	552	136	1	131	683	474	153	0	669	542	620	430	640	688	431	456	693	152	1	1	1	142	1	156	141	1	272	0	3	0	402	2	625	4	1	148	376	496	6	0	382	698	482	0	2	448	0	533	0	153	140	664	139	460	470	2	2	3	498	2	8	475	411	687	450	482	458	321	544	449	148	473	673	479	1	548	674	114	388	1	480	387	2	2	0	1	463	570	143	0	442	1	494	369	570	443
NC_063215.1	26000001	807022	806602	806563	806498	803063	804447	805813	804775	804398	805657	805256	802641	804415	53958	259008	805728	805982	804677	805796	806445	61866	167985	805565	91816	805309	805904	805863	804922	805954	801126	800110	805497	725323	802512	129977	805267	64324	805206	805278	805682	805587	802075	805287	804500	805844	805060	805413	804424	799701	804078	111291	804883	806357	805693	805686	805074	792953	290037	803231	805377	114848	227583	805085	783557	801756	806274	80079	108881	806886	802565	805278	806477	66670	805806	805821	150774	806124	806793	805445	806664	781403	804439	134284	310842	805828	805208	806627	806430	804996	806304	806317	806646	806435	806402	806522	801194	806701	806421	799267	737856	802706	801675	806374	806749	804616	806025	484716	805982	703296	699283	603615	799822	805993	273263	281404	805900	748569	786297	286360	443364	673469	806005	806757	799453	806698	802809	805478	804688	68690	806725	300794	802853	771533	805480	804539	804882	806721	803118	800797	804740	583783	805974	765783	803986	804510	806409	805542	648612	806280	800918	805001	805877	805791	806176	806271	806595	805405	642887	739417	801857	747761	754929	797834	805347	623442	800146	785391	742385	798515	464633	769516	733594	791078	747977	789899	787375	289	621	639	621	721	834	613	607	764	581	729	557	0	83	760	545	747	551	276	32	0	636	21	752	291	762	271	545	720	687	0	524	749	64	716	28	616	553	271	754	451	11	727	767	537	0	535	707	759	44	0	12	732	860	11	509	120	12	847	56	0	0	711	707	735	0	2	577	12	563	737	18	270	724	36	848	576	627	736	596	0	0	167	742	570	555	0	715	744	748	640	606	734	637	549	732	549	249	0	1	518	10	570	520	14	266	12	218	4	394	271	618	3	11	539	390	647	0	0	424	737	586	12	294	545	8	738	0	549	225	689	460	575	563	13	13	278	585	11	21	576	416	720	553	572	454	422	778	523	555	569	717	577	0	764	719	332	397	12	658	403	276	13	0	0	762	600	505	6	726	12	684	490	674	734
NC_063215.1	27000001	796410	795878	795886	795740	791423	794133	795336	794192	793949	794768	794450	791443	793390	41888	203970	795170	795192	794697	795155	795946	41254	138048	794663	57060	794817	795361	795370	794121	795492	786976	789826	794880	669810	790906	100353	794653	39985	794860	794924	795179	795090	790945	794791	794138	795422	794624	795161	793830	788143	793817	85676	794436	795711	795062	795404	794783	773066	242350	792504	795044	84427	183913	794903	769076	791403	795651	56788	75258	796334	790097	794831	795939	55249	795198	795119	126560	795741	796237	795406	796135	771213	793633	106568	256409	795064	794742	796084	795862	794391	795460	795943	795870	795708	795836	796162	788803	795966	795821	789732	702679	791194	791956	795816	795915	793901	795382	416265	795388	662529	656404	542245	785641	795476	236221	225237	795286	719951	772894	221361	366920	639510	795406	796031	783533	796146	792815	794769	794416	55310	796158	255951	791800	748033	794651	794075	793701	796145	791690	790136	794268	533177	795401	738141	791119	793566	795675	794925	599870	795536	786991	794492	795159	795263	795714	795679	795914	794484	573525	695121	790245	707490	720797	788824	794818	550162	787688	764221	706666	784781	393382	742218	691234	771173	724243	773371	769178	661	3	0	1	474	407	0	0	485	713	562	699	0	92	488	706	478	699	654	16	0	1	24	580	666	590	643	707	762	762	0	247	567	34	405	9	0	702	652	485	5	0	467	582	704	0	698	760	568	0	0	0	811	823	0	592	110	1	414	23	2	0	352	461	414	0	0	723	0	691	414	28	647	803	59	820	720	0	417	328	0	0	114	810	704	718	0	397	481	811	0	3	413	0	663	411	717	596	0	1	664	1	722	682	0	270	0	456	1	401	630	711	2	2	715	4	406	0	0	454	414	716	0	663	679	0	472	1	715	170	769	569	700	704	1	2	628	1	1	6	701	3	396	677	721	3	3	588	646	703	706	404	712	0	487	798	404	8	1	407	4	622	0	1	1	339	307	641	0	324	1	439	1	718	702
NC_063215.1	28000001	746802	746428	746573	746450	742504	744730	745657	744637	744700	746032	745203	727928	744920	42767	220070	746347	745750	745601	745677	746245	27624	147484	745825	33282	745369	746554	745780	744684	745941	740851	738299	745539	276053	741752	114298	745240	50251	745133	745427	745676	746389	737612	745136	744832	745761	744872	745183	744425	741481	744476	64522	744900	746059	745587	736033	745195	658838	217999	743447	746388	55774	133608	745293	713818	740827	745940	44456	67397	744674	739585	744606	746246	40751	745515	745806	136597	746689	746693	746565	746422	662164	743954	103076	212020	745512	744218	746499	746188	744891	746064	746372	746601	746401	746428	746605	694916	746329	746384	740552	597248	736199	742915	746014	746702	744541	745539	320012	746324	547315	564072	412271	723606	746117	196532	167316	745797	641842	714294	166382	250106	549451	746644	746560	719736	746438	742800	745124	744593	42894	746483	200430	741093	687055	744942	744331	742611	746328	741446	742083	744354	449500	745641	652682	737069	743853	746628	745163	509456	745975	733313	745743	745586	745417	746148	745946	746450	744588	479580	575611	734499	574426	637079	738398	745061	434751	736281	681552	592849	724418	273812	652398	578431	697677	669031	699818	704086	208	2	624	593	827	163	612	605	864	692	679	685	0	136	855	716	848	708	209	31	1	625	13	763	210	771	198	719	619	613	0	57	731	69	465	11	612	716	205	855	558	693	841	772	695	0	702	620	744	24	0	0	660	193	3	456	109	1	165	14	4	0	140	780	462	0	0	709	7	685	477	12	205	665	71	195	712	628	473	286	0	0	158	662	686	725	3	456	844	193	626	3	476	627	511	465	718	197	1	1	688	4	733	697	1	236	2	126	0	355	192	719	4	18	698	452	692	7	5	432	475	634	1	212	669	0	829	0	720	27	622	552	689	691	1	5	203	9	1	11	690	451	454	667	711	608	317	772	622	716	695	461	702	0	195	657	361	394	1	626	437	201	4	0	0	131	305	638	5	142	6	711	454	166	162
NC_063215.1	29000001	764712	764328	764303	764292	758334	762361	763449	762324	761832	763756	763517	743792	759460	34179	168290	764183	763204	763430	763531	764080	27449	110380	763670	40927	763397	764351	763750	762643	763763	756841	756869	763569	301757	755341	97441	763094	42613	763159	763383	763476	764150	756004	763159	762617	763693	762674	763555	762316	749781	761785	64221	762881	764237	763389	757667	763179	690923	186401	760017	763962	57282	133704	763232	730382	758897	763895	43282	71720	763556	759507	762300	764202	39935	763478	763747	129056	764623	764567	764351	764341	672417	762027	87086	222953	763343	762561	764393	764111	762944	764123	764224	764398	764190	764143	764456	720107	764239	764187	758960	637044	756446	760205	764225	764620	762482	763836	352754	764296	590714	593025	462068	745722	764049	217428	187045	763558	674838	738119	185989	291316	583543	764511	764462	742720	764344	761138	762977	762533	42886	764397	219059	760389	706796	763160	762250	759860	764502	760291	759794	762272	482386	763662	678894	756808	761838	764592	763079	545374	763803	753701	763673	763684	763304	764091	764088	764343	762775	515661	624388	754058	623416	672681	757225	763255	477507	755192	711107	632955	747695	315671	684681	630938	723631	684139	726989	731945	560	2	592	554	219	2	579	580	227	682	480	648	0	62	230	543	228	545	559	11	0	587	12	552	567	551	547	546	431	432	0	120	493	31	574	15	578	545	544	229	538	537	223	553	534	0	544	439	534	34	0	0	472	562	0	352	72	1	2	31	0	0	2	213	585	0	0	690	0	650	590	22	559	472	41	568	692	592	588	408	0	2	99	472	669	556	0	579	230	564	593	3	587	591	517	590	554	520	0	0	521	0	557	524	0	241	0	368	0	301	524	539	3	1	534	449	204	2	0	457	596	590	0	564	639	0	225	3	550	118	440	417	532	677	0	0	531	5	1	3	673	473	575	640	693	578	358	548	638	541	682	583	679	0	562	467	286	437	1	192	465	549	1	2	0	1	408	493	0	2	5	204	449	484	474
NC_063215.1	30000001	815453	814969	814867	815009	810689	813144	814236	813223	813108	813838	813375	809302	812632	52611	264163	813430	813870	813263	814365	815004	56962	166529	813884	83186	814009	814236	814179	813272	814597	808545	808610	814027	681357	807696	134963	813615	61394	813905	813927	814275	813885	810852	813813	813080	814421	813517	814246	812769	804679	812652	103601	813430	814945	814093	813628	813684	793618	291611	810611	813824	104548	210211	813813	787402	810713	814697	72563	92205	815313	810377	813576	814921	57653	814193	814324	133301	814358	815264	814056	814999	780007	812502	120063	282596	814323	813475	814978	814727	813200	814810	814824	815077	814871	814859	815231	806951	815066	814808	806591	730138	811489	809601	814797	814688	813150	814591	457855	814225	690176	687332	575602	806475	814471	243086	245966	814395	749225	796064	251648	407028	667325	814489	815211	804663	815277	811736	813685	813431	55926	815185	272132	811017	773023	813855	813164	812846	814918	811638	807598	813301	564384	814612	764817	811002	812921	814696	813914	636221	814902	807417	813384	814375	814197	814824	814778	815031	813593	611049	725163	809490	736913	750749	808383	813594	602338	806504	787942	734859	805835	432969	767730	726251	791357	747042	792851	788977	302	7	418	410	353	522	410	413	365	664	73	642	0	111	360	728	352	721	298	1	1	425	18	87	305	85	287	608	598	585	1	423	82	0	600	34	416	603	295	362	404	600	347	89	594	0	593	580	91	33	0	0	599	498	3	497	148	5	524	61	0	0	455	336	604	0	0	673	0	652	606	16	294	600	48	495	671	418	602	502	0	0	9	609	648	612	0	590	355	488	428	2	607	421	609	606	605	267	3	0	566	7	620	590	0	289	6	219	1	371	285	599	1	5	595	343	313	0	0	459	612	420	6	306	621	3	349	0	603	140	577	489	597	651	5	7	283	5	3	11	662	357	598	621	669	411	289	97	606	605	661	595	668	1	501	596	370	357	3	296	357	291	4	1	0	473	501	564	1	449	0	314	351	430	421
NC_063215.1	31000001	806108	805596	805645	805635	797945	803597	805046	803847	804035	803960	803329	798854	803099	46198	206407	804079	804734	804031	804808	805708	48989	137605	803857	70678	804666	804364	804762	803764	805234	797033	798865	804780	725003	796693	103732	804436	48981	804373	804823	804942	803917	801715	804351	803731	804996	804307	804662	803586	798898	803539	97698	804249	805583	804634	804486	804544	789185	246858	801334	803663	91390	241030	804719	782388	801538	805312	70574	108268	805903	802783	804593	805507	65912	804812	804964	125419	804662	805893	803997	805670	769345	803604	115049	325364	804805	804569	805811	805554	803667	805406	805453	805800	805629	805627	805782	799967	805579	805645	798509	747562	802206	801033	805607	805765	804000	804984	504903	804450	716691	711758	626303	798692	805331	298058	304809	804857	750837	788575	302605	476805	687860	804532	805856	799317	805878	802701	804522	804059	69716	805834	321700	801834	776640	804683	803752	803613	805874	802045	799517	803909	600400	805278	771875	803102	803947	804863	804806	659450	805238	798456	803828	805035	804971	805553	805326	805611	803985	660434	743739	801521	756636	759000	798411	804633	646906	798411	787715	748745	797124	491327	773588	738841	789049	748239	790449	785638	626	418	214	214	403	400	209	211	415	460	0	464	0	51	421	655	414	653	420	0	0	215	22	0	424	0	404	402	276	263	0	335	0	0	452	17	212	389	413	418	609	397	606	0	395	0	394	281	0	16	1	0	284	326	0	350	85	1	566	31	0	0	347	403	468	1	0	474	0	458	466	21	630	286	36	327	473	223	469	379	0	0	0	283	459	405	0	466	626	608	216	421	464	214	448	465	401	394	0	0	379	1	406	386	0	227	0	332	0	367	408	552	0	4	389	526	378	0	1	343	474	217	363	423	447	0	405	0	403	108	265	335	393	471	0	0	397	0	0	9	459	559	466	447	473	621	170	0	438	397	463	457	469	0	325	284	274	535	6	372	543	406	6	0	0	362	395	367	0	361	0	382	174	297	292
NC_063215.1	32000001	816513	815966	816144	816061	810651	814075	815478	813950	814135	814623	814268	813039	813511	50897	238223	814104	815383	814417	815221	815962	63352	161087	814981	93618	814918	814741	815215	814315	815525	806195	810092	815067	752812	809931	127158	814836	59810	814816	814875	815286	814904	811995	814816	814259	815469	814743	815147	813835	807917	814088	121939	814427	816049	815062	816065	815057	804348	277911	813157	814237	107018	233347	815128	792178	812113	815776	78616	111014	816400	812489	814893	815882	71161	815400	815206	138514	815546	816290	814441	816141	796561	813647	132011	314273	815346	814721	816151	816080	814637	815875	815827	816269	815942	816058	816279	812189	816167	816090	807675	743772	812659	809908	815964	815722	813199	815595	493445	815086	717224	702700	619248	809340	814897	258389	285060	815304	763457	799450	281060	458382	685462	815350	816067	809367	816337	812323	815018	814555	74539	816223	311242	812051	782391	815168	814245	814296	815623	812786	807284	814337	590117	815738	777965	813320	814374	815420	815293	658396	815973	810132	814395	815439	815305	815841	815797	816183	814905	647285	749504	812180	759588	770492	806225	814816	633647	809845	796858	751783	809316	482671	781802	746819	801086	757323	798062	794338	548	402	4	2	711	728	2	2	724	730	0	712	0	111	733	677	721	674	732	1	0	6	33	1	737	1	707	731	2	6	0	506	1	1	718	22	2	3	712	730	377	715	535	2	715	0	706	5	2	0	715	1	2	2	0	641	120	3	798	46	1	0	612	694	725	0	4	739	2	709	730	27	546	4	52	0	735	736	730	633	0	0	0	2	724	730	0	712	692	674	5	400	731	2	692	733	728	675	1	0	683	2	738	692	1	330	3	562	0	516	700	788	1	4	563	332	650	0	0	506	734	5	673	735	699	0	701	0	732	1	2	611	717	711	3	1	702	2	1	3	719	361	726	692	736	392	2	1	690	720	728	717	735	0	3	2	483	356	705	641	356	715	720	0	0	679	599	676	3	648	1	661	5	0	0
NC_063215.1	33000001	803145	802633	802656	802676	796138	800933	802059	800608	800838	801873	801156	799010	800613	39690	201521	801950	801888	801201	801811	802593	43494	124979	801562	63873	801780	802207	801996	800946	802275	792075	795326	801834	706644	793809	95726	801722	38197	801154	801562	801829	802015	797536	801412	801171	802145	801084	801880	800445	796703	800306	82688	801178	802699	801576	801108	801563	787145	243391	799491	801865	79211	198722	801417	778485	798623	802456	58305	93428	803022	799409	801430	802623	52417	801823	801981	125636	802382	802946	802162	802810	775337	800225	102115	283107	801642	801581	802820	802468	800959	802289	802529	802750	802477	802614	802787	796363	802669	802643	795775	732016	799129	797674	802499	802910	800732	802186	475985	802161	702490	693373	594296	794564	802157	240683	270067	802069	742592	784627	259294	431826	668300	802460	802717	794034	802909	799858	801528	801106	56413	802914	296487	798152	765407	801569	800806	801412	802888	799613	795269	800639	567656	802276	760038	799954	800555	802398	801628	636524	802384	796908	801403	801971	802028	802461	802456	802760	801171	631991	728371	798370	738947	742063	795284	801542	611729	795236	782935	734640	794580	456028	766401	725908	784878	740638	785226	781452	645	643	1	1	562	572	0	0	573	572	0	564	0	66	579	656	570	654	579	0	1	1	8	0	582	0	572	575	1	2	0	386	0	4	566	11	0	0	576	575	607	562	633	0	567	0	558	0	0	0	565	0	0	2	1	486	88	0	529	23	3	0	490	559	573	0	1	583	0	567	578	28	631	0	40	0	582	582	580	483	0	0	0	0	571	583	0	566	608	754	1	636	570	1	537	571	576	530	2	0	535	0	581	533	0	291	0	449	1	318	556	516	4	1	0	506	515	9	0	421	582	2	578	578	554	0	555	0	581	3	1	494	562	571	0	0	556	0	4	1	572	555	570	549	583	629	3	0	543	573	567	568	577	0	0	1	397	530	562	510	541	562	556	0	0	528	469	537	1	521	0	531	1	5	2
NC_063215.1	34000001	812323	811905	811864	811682	809215	809850	811128	809653	809964	811469	810526	809628	808637	48668	253788	810735	811372	809560	810976	811864	56201	168077	810838	86876	810945	811224	811136	809800	811498	809252	806673	810943	777547	808604	126908	810510	54126	810601	810766	810997	811159	808455	810600	810076	811260	810435	811069	809825	802201	809881	108981	810310	811816	810478	811246	810341	803698	279397	808921	810544	110029	241077	810485	788234	807692	811554	70968	107618	812149	807443	810897	811638	65672	811237	810855	127839	811408	812056	811042	811872	799437	809554	135391	326803	810620	810562	811965	811513	810119	811775	811695	812086	811601	811723	811937	809761	811718	811771	803840	750985	808923	805792	811823	811546	809600	811258	512098	811179	721724	709816	618640	806152	810863	264406	293575	811154	759056	795337	295280	465441	691770	811495	811501	803891	811926	808507	811012	810189	73103	812010	318370	808177	782079	810602	809866	809563	811317	808275	803132	809904	595418	811230	773807	808983	809679	811779	810950	659555	811671	805792	810323	811284	811197	811660	811674	811737	810081	660670	748018	808391	760726	763470	803667	810661	642030	804290	795205	755420	803656	492876	776955	746678	796145	753235	795995	791844	2	633	4	6	658	129	579	1	682	673	1	660	0	115	685	658	661	658	686	0	0	6	35	1	683	0	650	678	3	8	0	538	0	1	662	20	3	1	680	681	619	678	2	1	666	0	655	6	0	2	674	1	2	0	1	634	144	2	495	49	2	0	580	642	675	0	0	688	170	674	685	1	3	5	51	0	687	686	682	599	1	0	0	5	676	687	0	666	609	497	5	630	686	5	664	683	679	619	0	0	623	1	686	652	1	322	175	535	2	331	652	485	28	2	0	519	601	1	0	489	686	7	643	685	648	2	662	10	686	4	2	576	666	668	175	1	655	1	5	1	667	537	679	648	688	626	1	3	642	673	681	669	685	0	3	2	454	532	661	603	531	663	649	1	0	623	569	641	5	598	1	633	3	0	0
NC_063215.1	35000001	812657	812300	812202	812270	807428	809954	811459	810520	810411	811615	811148	810055	810239	40397	218816	810912	811306	810036	811305	812309	59055	125509	811680	84916	811138	811672	811719	810447	811699	804188	806813	811479	794345	807134	100096	811192	46220	810669	810976	811420	811456	809600	810819	810526	811665	811073	811486	810184	805592	810124	103910	810734	812246	811245	811801	811217	805502	263950	809378	811127	110826	259735	810942	792902	807714	812022	69343	104919	812506	808841	811287	812031	64323	811435	811609	123715	811861	812400	811732	812220	799684	809892	114699	338143	811593	811038	812318	812040	810399	812015	812130	812365	812053	812225	812381	810669	812195	812257	804396	753471	809892	806741	812231	812273	810390	811645	528543	812102	731009	715366	643412	806550	811486	278649	308150	811519	765750	796520	310161	496643	704013	811804	812146	806432	812498	809346	811159	810627	72115	812369	333882	808962	784016	811215	810502	811041	812160	808839	803323	810322	614094	811719	780411	809984	810110	812164	811344	674774	812051	807309	811084	811595	811460	812016	812009	812130	810687	674013	757753	808645	769637	770737	803479	811158	667711	806463	796329	756865	804883	520044	784954	752452	798324	757218	799431	794417	1	554	632	615	671	1	647	621	690	608	4	591	0	114	685	45	661	46	689	0	0	629	29	4	691	4	657	689	617	586	0	534	4	1	592	27	623	1	676	694	643	682	4	5	684	0	680	600	5	46	676	1	623	2	2	648	128	1	706	48	1	1	608	669	603	0	0	613	678	603	607	0	0	616	71	1	614	610	600	545	0	0	0	625	594	697	0	587	642	701	636	551	603	637	596	604	694	619	2	0	632	2	700	151	1	308	691	538	0	484	663	701	139	4	0	572	600	0	0	459	607	634	660	689	579	0	677	50	696	4	586	602	687	593	691	1	655	1	3	4	598	601	599	582	611	648	469	5	565	684	601	593	601	0	2	612	473	571	671	627	572	679	590	0	1	644	497	643	1	616	2	624	520	2	3
NC_063215.1	36000001	824357	823868	823906	823903	821483	821631	823149	822009	822368	822532	821810	822971	821991	63860	284452	821660	823565	820987	822989	823842	86737	170713	822655	135466	822795	821709	823083	822251	823406	819538	820353	822869	819723	820643	137227	822606	68204	822542	822685	822768	821990	821793	822840	822073	823317	822497	822772	821522	818160	821844	157539	822417	823770	822625	823863	822664	821296	337039	821924	821375	146990	323436	823041	807700	820455	823654	98294	143600	824045	820603	822879	823802	92982	823141	823232	160728	823278	823953	821676	823780	817334	821619	161247	414301	823197	822832	823929	823660	822164	823857	823701	824072	823803	823628	824105	823264	823755	823877	815990	784601	822231	818488	823786	823329	821231	823327	588329	822787	770457	756057	700022	821174	823067	338033	384845	823016	787939	814254	372693	567853	734727	822866	823908	820794	824133	820412	822786	822541	98360	823995	397921	820577	806255	822949	822231	822611	823770	820925	816096	822148	654934	823608	801560	823231	822087	822836	823181	716967	823754	819577	821498	823114	823133	823692	823514	823915	822507	710281	785750	821056	797599	794958	811668	822650	714018	817943	813052	790502	819331	594534	807952	785806	816333	779618	815981	811889	0	3	258	257	241	0	253	247	247	326	203	330	2	55	244	1	233	1	451	22	1	256	25	201	451	206	440	243	253	244	1	431	200	29	448	19	250	1	438	246	254	244	204	205	242	0	242	239	201	27	244	0	253	1	0	236	78	0	451	51	0	0	402	230	460	0	0	335	236	324	461	0	1	255	24	0	333	337	459	423	0	0	87	253	322	248	0	459	284	456	257	2	456	257	333	457	250	410	1	0	221	0	247	1	0	189	242	385	0	321	438	246	40	3	0	220	211	1	4	257	463	258	432	450	312	0	243	16	247	5	245	209	239	325	242	0	438	1	2	5	322	234	455	314	336	252	190	205	312	242	333	452	329	0	0	252	175	220	246	224	235	439	328	0	0	432	399	237	0	413	0	231	206	3	3
NC_063215.1	37000001	824590	824134	824320	824086	820426	822047	823304	822152	822685	823241	822935	823878	822455	60022	291858	822650	823835	820882	823172	824177	97668	187547	823818	147533	823083	822916	823355	822333	823626	815117	822416	822840	823177	820224	145262	822979	63159	822991	822978	823316	822926	822590	822927	822367	823456	822800	823201	821918	820105	821530	167743	822512	824060	823290	823726	822802	823226	355666	822082	822706	156151	352834	823471	810918	821132	823898	102723	166500	824273	820385	823439	824029	107549	823346	823506	162244	823506	824256	822872	824058	821596	821680	178120	440392	823549	823230	824166	824099	822370	824103	824037	824233	824037	823889	824381	824094	823984	824072	815871	785394	822106	817926	824077	823592	821840	823703	604359	823370	767626	758244	700564	820592	822686	315196	392294	822952	787099	813880	406917	578431	742412	823370	823942	820872	824223	820731	823004	822641	111022	824264	422064	820708	806835	823206	822536	822276	823657	821693	813586	822356	662378	823696	803087	822886	822481	823377	823424	722118	823811	819943	822335	823428	823617	823867	823864	824320	823073	722088	793326	821901	797546	796346	808633	822342	717855	819105	815612	787589	820301	602859	806345	782610	815885	785719	816614	811048	424	2	1	1	219	422	1	0	230	229	677	227	4	91	231	475	217	468	682	37	0	2	12	667	680	674	663	230	0	1	0	676	667	63	673	35	0	1	670	229	2	225	392	662	227	0	225	1	658	0	222	1	0	1	2	230	61	1	681	73	1	0	603	223	677	0	3	230	219	222	676	36	423	1	19	0	230	231	677	659	1	0	261	0	223	232	0	650	397	623	1	1	674	1	230	677	230	608	4	0	220	0	234	0	1	135	233	588	0	505	667	226	49	1	0	1	212	1	0	195	678	1	612	683	217	1	220	16	229	8	0	203	228	222	233	1	651	1	2	4	226	2	678	222	232	1	1	675	210	229	225	668	232	0	1	0	174	1	224	207	3	663	222	1	0	653	623	219	2	637	2	218	2	1	1
NC_063215.1	38000001	829148	828417	828623	828638	826619	826336	827741	826628	827142	827957	827661	827684	827242	51798	290811	827594	828353	825736	827708	828536	107684	167357	827885	152305	827237	827718	827701	826916	827992	825588	825833	827397	819948	826468	130250	827336	61547	827240	827671	827761	827626	826533	827172	826783	827886	827222	827749	826449	825050	826097	185609	827242	828572	827587	828389	827516	826106	357185	826871	827504	175686	364439	827849	816773	825405	828277	113170	179446	828838	826455	827868	828530	122716	827974	827594	180171	828212	828784	827732	828523	822940	826443	163328	449673	827927	827635	828700	828573	826616	828526	828385	828634	828328	828496	828715	827853	828538	828534	820653	785003	826860	823559	828360	828665	826762	827845	613665	828287	770131	769927	696602	825514	828335	348473	412600	827973	792571	817675	423359	591376	742313	828392	828825	824751	828814	825731	827620	827403	128395	828839	441293	825399	812730	827552	826871	827529	828548	825978	818644	827006	669321	828165	806854	827089	827051	828429	827927	723188	828283	824771	827206	827864	828159	828283	828260	828776	827322	737697	790496	826199	799945	798125	812001	827499	729283	824586	818457	793436	824538	614007	811231	788538	820657	791488	820891	814460	513	4	3	4	625	618	2	1	647	647	616	633	0	140	649	665	620	663	673	38	1	3	72	614	684	619	650	639	5	5	0	641	605	41	669	33	3	3	667	58	5	621	4	623	631	0	629	4	596	1	628	3	1	3	3	626	196	4	684	97	3	0	621	620	677	0	0	645	624	632	676	58	614	4	84	0	645	645	672	631	0	1	237	3	639	645	0	659	3	641	2	3	672	2	641	678	636	623	0	0	586	4	648	0	3	415	648	598	0	538	657	627	165	2	0	6	581	1	1	531	682	3	624	685	599	2	633	70	647	3	1	610	638	635	647	3	660	7	3	3	628	5	675	612	644	0	1	624	607	637	640	655	646	0	426	1	518	5	633	600	4	653	629	0	0	654	607	606	4	632	2	609	3	2	1
NC_063215.1	39000001	777387	777147	777129	777115	769743	775164	776218	774939	774737	775954	776179	763293	773610	30696	171603	776970	775780	775979	776005	776923	24347	106565	776347	30864	776136	777165	776232	775110	776485	768347	768646	776061	377097	767765	84760	775828	39516	775788	775713	776283	776754	768983	775514	775056	776351	775763	776210	775140	763691	774766	56184	775639	776833	775878	771264	775844	707084	191832	771855	777017	49379	128076	776048	744923	771806	776603	37457	64456	777168	772605	775089	777005	34044	776184	776398	106104	777325	777302	777176	777119	695529	774782	76649	211486	775818	775584	777036	776959	775543	776614	776957	777157	776882	776979	777152	745551	776989	776883	771543	670509	771177	772971	776784	777241	775255	776264	383156	777090	629739	621793	503749	765122	776736	211998	199293	776233	697183	754447	189894	323211	609114	777307	777095	760662	777091	774360	775789	775259	36442	776995	221246	772584	718800	775856	775013	774244	777040	773234	772470	775003	497424	776271	706815	771736	774863	777290	775744	576861	776761	769261	776493	776397	776279	776757	776580	777033	775573	542050	661904	769892	666586	693997	770083	775720	508204	769274	740277	673623	763195	337940	716583	665515	741767	699743	752073	749550	309	2	0	2	572	349	3	3	567	576	451	557	3	73	587	643	578	648	489	9	0	1	7	514	493	524	475	581	2	8	0	111	468	24	478	15	2	4	486	0	3	574	321	524	574	0	561	2	513	0	571	1	2	2	2	391	65	0	491	20	0	1	395	541	487	0	0	586	566	558	489	21	345	2	45	1	586	580	492	317	0	0	86	2	576	584	0	468	325	309	0	4	486	0	452	485	578	445	0	0	551	0	587	0	0	213	586	323	2	246	465	581	83	2	0	8	495	3	6	355	491	10	274	495	548	0	557	21	582	3	2	452	577	561	589	1	461	0	3	9	573	3	476	546	586	1	1	522	515	577	577	482	580	0	580	3	305	8	554	448	8	472	567	0	0	427	354	522	0	387	1	474	0	3	3
NC_063215.1	40000001	787227	786825	786871	786822	772226	784729	785947	784627	784346	784852	785487	769173	781580	36430	164543	786495	784620	785778	785879	786605	29870	115995	786112	37588	785699	786679	786026	784889	786346	770413	778578	785792	313755	767624	89381	785459	38876	785550	785520	785981	786364	778279	785291	784904	786174	785238	785690	785108	761032	784456	63144	785414	786516	785762	779306	785859	699579	189153	779237	786158	53676	131518	785745	752929	781235	786338	43596	61660	786818	781576	785161	786702	35027	785762	786126	121707	786871	787087	786655	786903	691845	784131	83434	215464	785866	784955	786865	786816	785083	786556	786778	786986	786743	786740	786981	747199	786773	786648	781005	679153	781447	782457	786520	786850	784347	786176	387068	786709	634147	631611	509331	774707	786357	204889	195624	786109	708282	763545	187263	321803	620247	786900	787044	771236	786940	783689	785404	785203	40304	786873	221289	783109	723366	785506	784697	784120	786965	783069	781627	784950	501073	786191	713020	780932	784510	787056	785726	576973	786475	778171	785904	786057	786088	786599	786440	786866	785196	551927	668076	779553	675224	701935	780005	785526	511273	779690	746802	675965	773703	341086	726954	671451	755012	708436	758578	759334	582	331	4	4	568	676	328	4	565	576	628	550	3	81	580	709	569	723	652	13	0	4	14	743	656	748	628	568	4	4	0	146	648	33	641	14	4	319	635	0	295	571	730	749	568	0	574	4	736	0	567	0	4	2	0	334	64	0	564	26	1	0	524	548	649	0	2	588	562	554	655	15	668	4	43	0	585	786	656	434	0	0	109	4	569	578	0	630	745	394	4	330	652	4	446	653	786	597	2	0	537	0	585	0	0	224	578	429	2	270	618	714	84	2	0	243	496	1	0	389	653	4	528	655	545	0	553	25	576	3	3	459	572	565	579	0	626	1	2	12	569	262	630	547	586	4	4	754	538	574	576	637	578	0	577	4	345	244	751	470	243	12	756	0	0	554	467	697	3	524	2	505	4	2	2
NC_063215.1	41000001	810392	810025	810120	810036	797380	807852	809197	808160	807343	808370	808164	803903	804732	37901	160264	808812	808358	808672	809073	809966	33329	123784	808726	53629	808851	809075	809262	808236	809399	793683	802481	808967	653590	796832	100783	808503	41831	808538	808852	809168	808862	805037	808631	808308	809249	808316	809123	808192	791610	807708	70015	808397	809769	808677	808719	808805	788015	211403	802795	808826	64976	178645	809008	783983	805289	809640	50166	70969	810289	806640	808339	809996	41255	809083	809088	91911	809620	810222	809003	810032	776924	807355	91388	270992	809176	808466	810079	809933	808329	809782	809834	810081	810005	809907	810159	800975	810007	809927	803304	732656	805814	804718	809761	810131	808026	809409	460647	809325	704395	682122	589421	801118	809542	252449	256888	809277	744645	789830	240828	414477	667155	809802	810109	801906	810179	807007	808510	808167	48189	810142	273624	805577	768504	808964	808085	807990	810067	806300	805139	808054	563518	809345	764208	807078	807545	809685	808903	633216	809760	803423	808518	809173	809336	809858	809539	809940	808459	620790	728206	805012	743761	752571	801791	809019	604034	802733	790209	733889	801473	435871	771050	728612	790403	738085	791751	789057	408	412	1	1	304	363	407	1	315	316	402	307	0	40	320	254	310	251	499	17	1	1	17	419	498	425	485	317	2	1	0	277	379	23	487	10	1	191	485	0	381	309	347	425	308	0	315	1	415	0	309	0	1	0	1	269	53	0	378	17	0	1	408	300	501	0	0	323	306	312	498	12	369	1	23	0	322	338	496	398	0	2	80	1	316	321	0	484	357	414	1	415	496	1	303	498	333	445	0	0	306	0	321	0	0	150	319	371	1	216	471	353	62	1	0	326	273	4	4	223	501	5	397	495	302	0	313	16	315	4	1	259	309	307	296	0	478	4	0	5	313	347	491	303	320	1	165	426	290	317	319	487	319	0	319	1	196	320	321	280	329	0	330	1	0	465	394	312	0	433	0	290	2	0	1
NC_063215.1	42000001	822783	822194	822203	822183	814755	820003	821331	820130	820592	820743	820231	820622	819685	64163	270432	820582	821567	819981	821326	822142	105528	165412	821112	149216	820938	821087	821412	820363	821747	807682	818751	820939	801880	814489	133787	821019	76769	820991	820900	821374	820451	819239	820999	820059	821586	820704	821269	819943	811920	820148	174052	820390	822101	820957	822053	821124	815875	327539	818948	820187	159331	322167	821422	806705	818721	821993	111564	154675	822443	819461	821268	822216	107961	821507	821415	167856	821255	822375	820627	822205	812626	820081	154208	391539	821346	821296	822444	821910	820180	821957	822068	822443	821989	822093	822213	820721	821974	822060	814754	767186	819841	816577	822112	822572	820010	821455	562429	821331	749067	737659	661988	817447	821367	332982	365277	821554	776732	809328	356607	539433	716357	820857	822403	817211	822276	819011	821266	821085	112561	822414	383196	817964	797632	821304	820137	820784	822211	819290	814776	820430	642255	821803	792677	820735	820077	821542	821414	697486	821948	817679	819960	821492	821570	821980	821900	822341	820893	700752	771510	818451	783260	783540	811256	820816	687544	816594	808235	774539	816227	559110	798103	770200	811841	770105	812704	806807	679	695	274	246	627	447	557	260	647	380	463	388	0	88	654	522	637	512	275	34	0	273	61	467	272	467	261	646	244	251	0	467	443	30	527	25	269	378	267	0	559	644	665	481	642	0	631	247	460	18	633	0	265	0	0	612	118	0	581	53	2	0	246	629	534	1	0	390	644	375	536	32	445	270	62	0	391	626	535	492	0	1	158	272	382	657	0	516	682	690	275	690	533	274	644	541	353	249	1	1	590	1	656	1	0	237	656	226	0	409	266	369	157	1	1	490	594	2	0	321	539	274	488	274	368	1	627	66	651	5	248	566	639	376	3	0	267	1	0	4	379	517	539	365	388	268	409	481	368	650	380	526	390	0	657	267	470	222	344	324	229	1	606	0	0	262	465	593	0	252	1	603	219	1	2
NC_063215.1	43000001	787136	786669	786751	786863	764222	784748	786005	784697	783200	783478	785210	740587	778891	38788	105431	786215	782818	785397	785753	786640	42842	94858	785915	49734	785740	786655	785994	785076	786315	766123	779620	785527	368796	762480	74722	785459	43698	785484	785679	785918	786098	777700	785516	784974	786147	785162	785940	784710	740391	784465	70424	785524	786711	785933	776841	785790	687752	164947	775145	786128	55688	115900	785501	741830	780235	786337	45688	62507	780955	776561	784931	786698	44377	785827	785895	80778	786597	786914	786175	786815	671057	784398	77358	187218	785941	784489	786810	786593	784795	786251	786498	786786	786467	786652	786939	704333	786660	786638	781240	648106	779253	782405	786604	786925	784687	786185	356370	786541	601483	587786	456753	768741	786220	192528	178913	785990	695778	758825	175308	286215	592421	786546	786935	759852	786925	783619	785721	785316	43165	786744	206858	782144	692932	785492	784549	783380	786992	782270	782014	784438	486525	786177	693880	778710	784036	786615	785576	558770	786384	775954	785441	786057	785849	786406	786306	786699	785215	512923	633450	776607	634969	686397	779743	785485	458199	778418	733821	651942	771417	303818	703713	643136	740468	687948	751244	753314	334	660	334	294	327	253	557	315	330	7	176	4	0	48	336	627	328	649	253	19	0	330	23	203	106	207	242	332	301	304	0	87	192	21	199	16	331	336	251	0	506	335	333	206	329	0	328	264	206	23	334	0	334	0	1	197	0	4	573	18	1	0	182	304	207	0	2	5	316	3	206	6	247	330	27	2	5	333	206	145	0	1	38	330	6	339	0	197	334	660	338	654	204	337	238	204	0	234	1	0	320	4	342	0	2	6	336	149	4	248	240	563	43	4	0	409	283	1	0	9	204	335	4	106	10	2	323	17	334	3	316	240	326	5	4	4	243	4	1	5	9	417	190	4	5	322	304	208	5	327	7	201	7	0	340	319	150	222	2	68	238	7	325	1	0	197	148	298	1	194	5	275	234	2	1
NC_063215.1	44000001	761044	760673	760690	760701	749768	758867	759961	758711	757936	759342	759837	726935	756041	31437	148535	760742	758885	759627	759879	760544	23337	89094	760004	29524	759581	760907	760046	759029	760247	748612	752970	759877	357480	746946	77415	759480	33953	759256	759650	760011	760591	751465	759299	759112	760094	759211	759876	758826	744921	758359	48485	759393	760555	759587	751789	759585	660170	162950	753857	760630	46246	127496	759606	725061	755479	760390	30219	56835	758055	755528	758485	760617	31460	759660	760022	98156	760960	760943	760887	760772	644420	758353	72568	204682	759755	758854	760729	760562	759133	760353	760578	760824	760562	760640	760865	685506	760627	760645	755147	637312	753400	757103	760466	761004	758906	760064	367222	760871	592153	596825	465521	745220	760431	195227	187027	760011	677239	735540	186236	300174	582615	760970	760877	737953	760864	758315	759273	758820	36555	760719	210240	755978	700548	759554	758787	757408	760883	756972	756856	758664	485382	760127	680733	754220	758499	760930	759596	546176	760386	750510	760132	759960	759708	760463	760265	760669	759049	523272	628676	751128	622705	668016	752940	759755	486270	752710	713666	639740	747911	320606	687460	625037	720491	678910	726448	727457	431	558	430	381	419	485	670	404	423	6	478	6	0	40	431	537	420	544	497	17	0	430	2	599	611	598	478	428	379	399	0	173	525	24	586	11	417	423	492	0	607	420	419	601	422	1	417	363	585	8	424	1	423	1	1	247	0	3	515	20	0	0	394	397	603	1	0	6	412	7	612	13	486	424	17	0	6	434	610	354	0	1	94	427	6	433	0	593	428	552	430	555	602	433	282	606	3	465	2	0	413	0	436	1	1	12	430	324	2	251	456	681	67	1	1	495	373	1	1	5	614	433	1	612	6	0	422	9	431	2	398	309	424	6	0	1	469	3	1	2	6	502	589	7	6	424	349	602	6	431	6	595	6	0	429	425	210	295	2	461	306	0	418	0	0	404	426	391	0	374	1	344	311	1	2
NC_063215.1	45000001	832886	832388	832338	832460	828391	830410	831601	830579	830908	830214	829533	831736	830121	64528	277816	829653	832019	829431	831238	832319	99333	187465	830797	145683	831266	830146	831459	830521	831783	821994	829600	830844	829282	827010	149982	831209	69353	831055	831151	831401	829377	830320	831132	830541	831580	830949	831095	829994	826717	829722	163921	830612	832152	831327	832243	831300	829824	362911	829726	829234	166420	335881	831531	815724	829169	832278	107762	155650	832526	828319	831430	832385	103379	831619	831653	174107	830931	832479	829371	832327	828089	829840	169544	405249	831803	831334	832473	832393	830492	832213	832062	832540	832305	832384	832648	831931	832442	832331	822949	785027	829846	826922	832181	832564	830335	831549	588906	831116	766437	754340	685122	828211	831439	303438	379831	831554	790862	821472	376509	559000	734626	830700	832607	827874	832599	828923	831136	830929	105564	832639	404764	829431	812703	831138	830515	830619	832264	829887	822303	830676	652892	832149	807408	830847	830606	831060	831687	712858	831923	828119	829264	831718	831869	832105	831774	832422	830955	715497	788643	829690	797505	801166	821226	831231	711945	827540	820721	791402	827169	582881	811172	785637	823314	782637	822360	816697	177	730	178	174	703	67	543	174	725	548	738	543	0	115	723	610	692	713	66	54	1	177	48	721	742	732	66	724	160	173	0	176	703	75	189	13	176	712	66	0	531	710	710	733	708	0	704	159	719	14	712	0	169	2	0	701	141	1	736	22	0	0	59	709	188	0	0	554	694	543	186	0	66	174	62	0	553	177	192	181	0	0	184	178	537	731	0	188	718	728	178	729	189	180	724	191	3	59	0	0	638	0	732	1	0	308	727	49	1	505	61	409	130	1	0	473	650	0	0	425	190	180	3	740	509	0	701	58	727	5	166	655	701	534	0	0	65	0	2	1	545	518	189	523	556	173	426	734	519	714	548	189	548	0	725	172	528	146	3	672	148	1	172	1	0	59	159	172	0	56	0	681	144	2	2
NC_063215.1	46000001	831535	830866	830870	831042	827562	828770	830283	828686	829917	829680	828785	830735	829279	67460	318640	828749	830849	827897	830095	830969	140717	201918	830257	188969	829818	829360	830121	829136	830389	824685	828873	829576	829934	827571	150867	829814	81271	829692	830031	830271	828658	829157	829607	829121	830279	829358	829994	828893	822477	828749	224429	829341	830989	829897	830741	829842	829639	401487	829344	828355	217487	401109	830321	818598	828049	830758	142150	221564	831154	827719	830256	830944	159651	830436	830417	227171	830229	831052	828876	830867	828529	828974	219080	475267	830185	830013	831126	830927	829027	830884	830675	831142	830750	830803	831208	830888	830968	830942	821840	794479	829377	823765	830902	830346	828476	830319	634954	829944	784097	767483	722690	828686	829952	353864	438169	830066	801429	820557	448731	612999	756718	829799	830952	827475	831252	827617	829735	829475	157385	831189	467321	828024	813551	830084	829375	828845	830794	828879	818293	829336	684157	830562	811830	830259	829324	829978	830424	737537	830823	827481	828078	830135	830447	830803	830619	831177	829900	739589	801845	829159	808700	802566	815213	829534	740180	826063	822953	803616	827379	632878	816493	796995	823585	791789	824462	817768	2	572	0	0	94	2	556	0	95	95	93	95	0	0	95	1	95	94	0	16	0	2	17	90	93	94	0	92	0	0	0	0	92	11	0	0	8	91	0	0	554	95	94	94	93	1	91	0	94	1	93	1	0	0	0	93	36	0	569	0	9	0	0	89	2	0	7	94	90	94	1	0	2	0	17	0	95	1	1	0	0	0	2	1	93	95	1	5	96	571	0	568	0	0	95	1	0	0	0	0	100	0	96	0	76	61	94	9	0	461	0	589	25	6	0	525	94	0	0	81	0	4	7	102	95	0	91	14	95	2	0	87	93	93	10	5	0	5	1	5	89	545	1	91	96	1	475	92	88	92	93	1	93	0	95	0	70	3	0	90	10	3	2	0	0	1	2	2	9	0	8	87	1	0	0
NC_063215.1	47000001	831527	830973	831064	831093	830074	829310	830308	828771	829539	830214	829395	830614	829854	64249	356753	828872	830981	828048	830172	831010	114964	218289	830172	158615	829845	829634	830053	829140	830502	829332	828320	829479	829756	829673	171528	829779	77530	829750	829744	830259	829199	828845	829843	829195	830337	829757	829820	828789	826673	828601	176477	829490	830663	829949	830612	829874	829392	405692	829008	828902	180998	318172	829932	812136	827803	830696	119070	157067	831191	826477	830116	831000	106403	830246	830213	188998	830459	831197	829688	831051	827875	828988	183554	390381	830376	829829	831083	831003	829643	830859	830745	831215	830926	831059	831289	830778	831146	831042	821384	772236	827052	823575	830654	830081	826883	830302	563257	829092	750794	743867	660423	824579	828979	267594	349030	829184	784367	817129	350605	524740	724257	830348	830128	825345	831282	826900	829928	829542	109998	831143	389587	827418	804326	830010	829196	826885	829748	828568	817766	829196	631631	830377	799217	829092	828961	830476	830245	698770	830704	823928	828836	830242	830275	830855	830299	831210	829660	702455	777980	827985	783814	789353	817382	828907	678611	825882	816383	778629	824971	551221	803284	776866	818171	781038	817412	809676	123	675	2	0	674	3	660	0	682	681	736	669	0	80	680	309	660	683	125	65	1	1	70	718	738	730	116	677	0	0	0	121	730	88	120	9	0	715	121	0	654	671	732	737	671	0	667	0	706	0	675	0	0	2	0	670	217	0	656	19	0	0	109	664	124	2	0	684	653	678	125	1	3	0	97	0	686	125	123	121	0	0	1	0	671	691	0	120	737	671	2	674	123	2	689	125	127	112	0	1	628	1	691	0	508	372	682	102	0	444	118	655	126	1	0	560	606	2	0	503	125	0	114	740	645	0	664	66	688	8	0	592	664	667	0	1	112	0	2	3	673	606	124	661	687	2	518	732	646	679	680	0	684	0	689	0	496	2	122	664	3	0	119	0	0	113	103	116	1	108	2	644	2	2	2
NC_063215.1	48000001	815918	815417	815541	815383	812073	813359	814688	813531	813890	814862	814578	813544	813749	45564	238034	814691	815132	812953	814579	815358	80294	144932	814678	118057	814142	815068	814625	813683	814842	811569	811082	814025	798261	811388	105186	814227	48309	813983	814501	814483	814454	812793	813944	813604	814671	813761	814257	813003	810958	813004	144588	813726	815095	814348	815034	814219	809214	305450	812846	814429	139234	305430	814388	799261	812199	815133	90133	144411	815645	812105	814344	815320	92296	814781	814709	159768	815317	815536	814785	815339	803999	813308	141187	388181	814691	814154	815421	815425	813754	815223	815245	815529	815165	815294	815643	813445	815395	815451	806615	770609	813185	809061	815219	815635	813479	814620	572468	815061	754541	742209	672537	811855	814427	258430	344131	814711	774596	803708	365661	546044	720963	815195	815496	811181	815537	812775	814437	813980	99267	815647	386361	812254	797232	814479	813763	814262	815380	812757	804741	813789	641426	815129	790491	814340	813609	815483	814743	695845	815252	811215	813950	814622	814700	815228	814727	815583	814139	702646	775572	813117	783791	783743	801712	814193	693409	810723	805908	778425	810361	576222	798119	774972	806616	772294	806610	798562	413	709	1	0	570	0	686	1	578	582	580	566	1	39	579	362	573	574	417	41	0	1	30	575	596	585	404	585	2	1	0	343	567	26	414	10	1	582	413	0	682	569	581	582	569	0	570	1	568	1	574	0	1	0	0	546	85	0	737	33	0	0	371	563	412	3	2	589	572	579	413	0	0	1	61	2	585	419	152	366	0	0	0	1	578	586	0	405	585	700	1	710	415	1	568	412	419	382	0	0	528	0	588	0	0	332	583	340	0	550	404	800	104	0	0	628	528	3	0	463	419	1	409	592	545	0	564	46	584	5	0	536	573	562	0	0	405	0	0	3	577	656	411	562	589	1	547	591	557	571	581	1	580	0	585	1	433	2	408	559	1	0	406	0	0	400	366	396	0	386	0	556	1	0	302
NC_063215.1	49000001	807575	807035	807005	807074	798941	805003	806275	804803	804648	805541	805884	800459	803081	39695	162380	806583	805596	805606	806000	806931	33705	125485	806303	48784	805934	807039	806202	804797	806481	797060	800745	805279	687414	797170	89983	805834	37944	805918	805914	806048	805458	801715	805639	804412	805662	805548	805215	804819	798901	804953	76942	805216	806395	805960	805697	805802	782558	220397	801642	806393	67553	185195	806009	781804	802383	806786	48690	78131	807447	804042	805703	807093	44777	806176	806392	104410	807116	807339	806863	807094	769504	804881	95715	278105	806187	805625	807082	807009	805350	806577	806827	807194	806674	806857	807243	798762	806989	806985	799145	731247	802894	802279	806429	807113	804096	805866	475448	806854	701320	695614	593222	800713	806349	224295	270377	805733	750211	790740	263876	428944	676177	807139	807008	799704	807296	804347	806039	805530	57963	807255	293285	803790	772226	805981	804853	804507	806740	803736	800363	805252	575056	806510	766657	804377	804793	807024	805841	642786	806814	801349	806143	806381	806411	806757	806208	807242	805613	645138	737402	803104	744680	752221	799155	806149	616183	801752	786027	742073	799497	455207	773640	730653	790695	744179	791601	786186	678	913	0	0	788	507	878	1	826	822	670	794	0	75	836	543	810	824	360	18	0	0	20	716	736	716	352	822	5	2	0	221	672	42	353	2	1	642	358	0	859	811	463	162	811	0	813	2	703	3	813	1	2	2	0	697	108	1	820	9	0	1	303	793	359	0	0	841	806	804	358	14	510	4	59	2	837	501	0	139	0	0	66	2	821	836	0	356	469	904	0	907	360	0	764	359	498	318	1	1	777	5	844	1	5	385	844	273	0	524	345	796	142	8	0	746	739	0	0	619	361	1	634	726	794	5	822	37	829	14	1	700	821	815	2	9	344	6	1	14	816	782	357	779	839	0	603	725	784	828	825	2	838	0	843	1	547	0	486	628	1	0	487	0	1	327	299	464	0	324	6	746	0	2	323
NC_063215.1	50000001	816999	816572	816783	816741	813327	814523	815793	814518	814845	815856	814730	812656	814502	51305	269582	815285	816187	814602	815838	816440	71438	167997	815648	102639	815174	815522	815514	814708	816136	812279	812204	814598	742102	813043	130522	815540	60899	815365	815107	815723	814957	812858	815447	814986	815172	815322	815016	814537	809904	814255	133406	815247	815975	815700	815754	815525	800914	319556	813253	815407	135271	250675	815573	792706	812754	816214	86097	114268	816842	813243	815464	816298	68928	815819	815900	164216	815859	816828	815271	816579	792041	814106	128337	335014	816003	815269	816709	816563	814996	816395	816591	816790	816466	816538	816806	810260	816581	816539	808583	741730	811860	810761	815597	816775	813638	815522	501108	815785	713692	713115	620828	808705	815999	275243	293252	815058	762596	798320	301159	463545	688333	815843	816716	809143	816632	813133	815442	814880	73271	816635	315970	812650	784107	815510	814638	813976	815872	813194	806928	814788	601608	815851	775608	813742	814254	816034	815795	663160	816342	810496	814648	815838	815998	816370	815705	816576	815387	657027	742228	811825	752829	763727	807507	815317	636377	810107	795618	748745	807178	492881	778509	740614	799654	762446	801399	793839	98	660	622	0	669	652	94	612	633	684	610	671	0	162	634	436	625	678	0	40	0	624	43	621	636	629	0	630	615	603	0	492	612	48	605	23	162	530	0	0	535	626	643	2	618	148	622	598	608	54	618	0	621	1	0	568	165	1	653	64	3	0	1	607	615	1	1	688	617	673	624	26	642	604	79	626	685	563	456	543	0	1	194	612	671	637	0	601	653	657	626	657	621	626	601	619	575	1	0	0	581	1	637	251	0	336	633	0	0	456	0	647	135	3	0	63	560	1	0	490	626	624	632	639	644	613	620	50	634	0	590	544	619	670	1	1	1	2	3	9	666	80	609	641	687	610	47	632	678	616	683	612	674	0	636	613	420	518	548	558	526	0	539	0	0	1	534	538	3	3	1	565	518	0	1
NC_063215.1	51000001	823115	822510	822658	822507	817674	820155	821825	820541	821212	820644	819744	820812	820820	50995	242445	820209	822046	820226	821789	822513	66854	149957	821310	100932	821229	820703	821853	820744	822069	811662	817226	821636	802756	816609	114762	821221	49972	821141	821498	821663	820043	819456	821367	820858	821968	821235	821579	820223	818248	820569	130603	820891	822582	821131	822699	821587	816272	300084	820094	820383	124745	283225	821381	806730	818711	822361	82956	119470	822953	819627	821622	822589	76029	821945	821927	149821	821684	822797	820544	822644	811706	820212	132121	376301	821882	821698	822562	822520	820640	822340	822537	822700	822452	822566	822745	820838	822611	822325	814674	771899	820238	816751	822482	822225	820818	822100	568101	821539	752802	744249	664693	819091	821943	277630	336548	821699	784283	808373	345720	530308	718733	821302	822854	818813	822890	819421	821575	821283	82604	822779	373502	818749	803270	821712	820863	821109	822585	820156	815066	820884	632745	822369	796623	820819	820478	821874	821883	697921	822394	817712	820114	821738	822151	822451	822369	822751	821529	700657	779876	819913	784970	785074	811703	821519	695356	817133	809993	780272	817144	558518	799739	769105	812177	776194	811913	807960	462	715	659	2	3	703	455	640	656	4	631	3	0	100	656	107	641	3	0	35	0	655	48	649	657	644	0	643	627	611	0	559	629	75	647	23	0	692	0	0	675	641	444	0	643	645	639	627	639	51	636	2	644	2	1	596	1	2	710	82	3	0	2	626	645	0	0	3	646	3	654	49	698	287	79	660	3	36	650	589	0	0	144	651	4	658	0	622	455	708	662	706	653	655	640	651	711	0	0	0	609	0	658	628	2	3	657	4	0	515	0	697	130	1	0	412	599	1	1	3	657	656	693	655	3	635	627	54	654	5	624	598	638	3	2	2	0	2	3	6	4	416	655	3	3	641	364	652	616	642	3	648	4	0	655	632	488	584	700	600	584	0	696	0	0	1	585	676	1	1	1	615	552	2	2
NC_063215.1	52000001	819519	819136	819139	819136	806200	817313	818369	817229	816654	818011	818377	811147	814338	27565	143185	819175	817653	817724	818173	818873	24683	88137	818714	37212	818091	819315	818291	817227	818562	806219	812644	817876	619715	805493	69740	817928	27117	817800	817896	818156	819015	813539	817801	817382	818422	817678	818238	817001	802988	816936	60731	817609	818993	818157	817340	818063	791004	193238	813753	819087	58120	167724	817758	789339	814431	818694	41124	71305	819429	815704	817434	818928	39669	818219	818444	96726	819416	819379	819215	819175	772463	816840	74063	261169	818060	817397	819160	819010	817469	818856	819126	819277	819076	819024	819318	809269	819131	819073	811866	747598	815625	814172	818950	819411	817254	818592	475901	819272	718843	698819	607517	812172	818839	223010	258718	818545	756095	801201	250279	434319	687111	819336	819356	811068	819317	816670	817917	817355	46345	819155	276837	814798	781536	818084	817118	817733	819224	815664	814124	817137	575669	818591	773911	816153	817133	819370	818091	649534	818817	813855	818699	818266	818377	818856	818724	819138	817374	641692	748757	815090	761498	764176	812002	818251	620970	811973	796765	752274	811116	458049	783988	749218	802434	746746	803061	799245	619	575	773	2	5	564	593	752	764	6	721	5	0	48	781	6	765	5	0	10	2	771	27	765	785	765	0	780	680	704	0	388	695	33	759	16	458	613	0	0	541	763	609	0	756	765	758	692	745	25	760	0	763	2	0	642	0	0	567	33	1	0	4	735	774	0	0	5	762	5	770	24	559	7	35	781	5	5	777	556	0	0	119	761	7	784	0	760	608	566	780	567	771	782	706	769	569	0	0	0	732	1	788	749	0	4	782	5	0	346	0	560	131	11	0	505	670	4	0	6	775	780	540	779	5	759	748	36	783	1	724	628	766	5	0	0	0	3	2	2	5	528	756	6	5	760	433	772	717	772	4	765	7	0	773	753	492	630	551	675	638	2	592	0	0	1	635	563	0	0	1	717	618	2	3
NC_063215.1	53000001	812435	811686	811939	812087	802000	810178	811013	809336	809906	810445	810080	798129	807764	43567	186371	810586	809916	810858	810977	811868	40909	126887	810830	56686	810920	811136	811140	810307	811400	802438	804893	811040	534769	802074	102268	810525	50804	810660	810736	811242	811095	805227	810840	809584	811217	810395	811118	809893	799996	809843	76734	810638	811864	810773	808255	810777	763500	199868	805437	810422	75065	178435	810908	783952	807307	811554	57481	77446	812047	808794	810024	811955	49908	810747	811179	121289	811629	812252	810919	812018	737223	809284	90785	264390	811011	810541	811999	811771	810094	811324	811749	812174	811713	811764	812241	791979	811941	811749	804990	725235	807146	806701	811765	812025	809848	811295	460349	811186	692574	681272	573044	803234	811336	238039	248235	811224	743381	788964	245529	406402	664174	811476	812151	801237	812206	808429	810660	810395	51099	812048	273407	807369	769526	810860	810123	810062	812180	807899	805814	810212	564367	811547	756558	807903	809837	811428	810987	628316	811592	805155	810361	811150	811173	811677	811668	812073	810465	617968	716880	806992	733201	746985	805312	810569	591916	804712	787837	731712	801045	439686	763278	721235	790068	740389	790551	788451	713	853	766	1	156	848	694	740	783	158	692	147	0	26	793	151	780	154	0	12	1	767	17	775	799	770	0	792	713	712	0	328	714	51	749	19	841	625	0	0	800	777	613	0	764	781	776	700	761	21	762	0	760	2	0	600	9	0	859	29	0	0	2	759	756	0	0	160	771	151	761	9	831	153	70	775	160	160	769	532	0	0	104	752	162	799	0	745	623	853	768	850	766	773	666	765	783	0	0	0	741	0	798	756	0	56	794	0	0	475	0	844	139	0	0	551	694	1	0	104	774	768	807	793	150	748	774	25	790	4	714	646	772	155	0	0	0	2	2	5	155	605	754	153	160	751	459	788	716	782	156	754	160	0	796	753	500	609	749	668	637	0	692	0	0	0	606	662	0	0	0	721	581	2	2
NC_063215.1	54000001	825466	825024	825149	825112	821261	822999	824266	823045	823744	823994	824017	823408	823378	58243	272345	824188	824544	822935	824009	824913	98952	167513	824439	140209	823878	824545	824197	823311	824495	819053	821051	823718	802889	820064	130864	823894	61150	823669	823960	824389	824224	822232	823802	823238	824269	823580	824119	822975	820430	822714	170877	823692	824848	823949	824995	824065	819340	340305	822867	824274	158525	322490	823954	810724	821556	824807	104731	153888	825249	822324	823765	824945	97886	824358	824256	181855	824785	825087	824371	825024	815064	822633	152866	406478	824249	824106	825082	824891	823216	824823	825008	825153	825035	824754	825184	823357	824937	825058	816752	780111	822465	818096	824799	825254	822846	824342	573733	824548	763431	746774	687046	822183	824278	302335	361548	824112	785892	814480	371652	548122	730824	824620	825091	821064	825234	822077	824006	823259	100260	825179	386380	821690	807362	824093	823242	823490	825111	822215	815443	823526	645553	824557	801693	824045	822999	824919	824108	704796	824700	821234	823623	824385	824331	824734	824723	825024	823535	708416	785430	822356	793560	793173	813852	823765	706766	819863	814859	786387	820479	579725	805538	784635	815269	784443	816924	809921	247	247	80	1	485	242	246	77	498	500	493	496	2	38	498	500	476	498	0	39	45	79	42	485	498	482	0	492	80	73	0	49	477	51	78	5	242	674	0	0	237	485	669	0	490	481	478	77	484	10	493	1	77	0	1	472	148	0	245	9	0	0	1	480	81	1	1	506	489	489	80	18	245	491	69	78	505	504	79	65	0	0	249	79	81	500	0	75	685	247	80	248	79	80	489	79	242	0	1	0	180	1	501	186	1	309	502	3	0	169	0	239	105	4	0	224	462	31	0	411	78	79	242	498	473	80	479	46	496	1	76	449	486	494	1	1	2	2	61	2	497	226	80	483	505	78	184	493	74	426	495	78	497	0	495	74	381	74	240	454	72	0	238	0	0	1	74	234	1	1	1	474	64	0	0
NC_063215.1	55000001	826821	826500	826490	826455	820090	824354	825567	824323	824454	824607	824561	821943	823701	46690	215197	824824	825516	824599	825575	826325	56685	151201	825306	79142	825253	825163	825717	824437	825854	819669	821926	825242	739905	819411	115614	825103	51735	824947	825309	825574	824749	822275	825142	824618	825698	825037	825326	824078	819457	824203	110125	824767	826163	825416	825498	825401	812391	263706	822437	824765	97990	251098	825454	806310	822346	826058	71813	110524	826685	823652	825192	826312	67487	825697	825763	126860	825452	826606	824965	826356	800470	823996	132592	346314	825609	825154	826460	826317	824740	826183	826356	826592	826454	826322	826567	820719	826421	826276	819349	771042	823725	822064	826284	826572	824379	825528	538880	825354	748781	738803	662917	821790	826038	291783	327516	825400	782987	812234	313835	508241	720129	825665	826641	821689	826637	823633	825413	825029	73339	826539	341825	823259	800065	825513	824708	824456	826311	823393	819736	824861	622784	826133	796012	824465	824422	825637	825493	688494	826065	821810	824467	825534	825630	826206	825943	826458	825165	693370	777669	823222	787473	784597	817312	825297	677299	820581	812270	778467	820812	533882	797969	772651	813690	768252	815204	809718	1	1	2	0	519	0	1	1	534	527	509	518	0	0	534	528	519	527	0	30	50	2	28	527	534	526	0	521	1	1	0	2	510	35	1	0	0	528	0	0	0	518	525	0	524	521	515	1	509	0	524	0	1	1	0	497	122	0	0	0	0	0	1	510	1	0	0	536	515	513	1	0	0	524	52	1	534	535	1	1	0	1	150	1	1	535	0	1	524	1	2	0	1	2	516	1	3	0	1	0	152	0	536	1	0	316	532	1	0	0	0	0	122	2	0	1	478	186	1	421	1	1	0	529	502	1	518	45	531	1	1	479	521	510	0	0	0	0	503	8	520	1	1	504	535	2	4	528	0	0	523	1	527	0	527	1	406	1	2	498	3	0	3	0	0	0	1	3	1	0	0	497	1	1	3
NC_063215.1	56000001	833655	833178	833409	833362	824677	831370	832353	831556	831064	831770	831052	826451	829628	39743	171575	832265	831709	831947	832396	833111	34689	130990	831785	50812	832098	832038	832654	831474	832704	824303	826115	832330	682688	822963	95730	832044	41147	831840	832241	832579	832073	827786	832013	831559	832394	831819	832411	831228	822533	830945	75338	831640	833158	832271	830966	832057	810399	213187	828180	831773	65550	191269	832119	805012	828664	832951	54968	80750	833554	830207	831795	833141	46691	832394	832599	96377	832708	833467	831930	833320	791267	830875	99646	289974	832268	832115	833320	833092	831544	832984	833018	833285	833326	833248	833449	823782	833295	833261	825209	759186	829087	827834	833001	833205	831258	832605	484290	832636	729416	712826	622967	826458	832730	253278	257141	832456	777126	813585	260260	444917	696799	832526	833343	825578	833440	829395	831667	831352	50994	833338	292539	829390	795804	832286	830826	831767	833290	829366	825762	831064	587265	832790	791941	830526	831222	832568	832309	661595	833018	826639	831407	832592	832612	833030	832889	833237	831762	645302	762470	828852	772438	777980	827127	832049	635396	826587	813586	762091	826001	472935	795951	760214	814464	765796	817859	811742	543	5	541	1	596	4	529	1	715	622	673	602	0	0	720	606	704	621	1	14	56	536	8	712	724	714	1	717	512	504	0	352	654	38	534	16	4	706	1	1	4	335	707	0	702	332	694	506	705	26	711	387	526	1	0	598	64	0	4	0	0	1	3	680	531	0	0	634	694	614	541	0	4	624	36	541	728	723	538	440	0	0	151	530	534	727	0	521	721	533	543	3	539	545	647	537	1	1	2	0	676	0	725	1	0	271	720	1	2	9	1	3	126	17	0	438	621	174	0	428	540	540	3	724	586	532	692	24	724	0	499	608	712	609	0	0	1	6	692	8	610	466	530	581	634	531	366	719	0	1	605	526	632	0	336	524	440	441	0	603	445	0	2	2	1	2	450	1	0	2	1	641	430	1	2
NC_063215.1	57000001	800152	799832	799806	799870	796919	797723	799115	797895	798190	798901	798460	798008	797147	43871	230307	798325	799492	797794	798748	799764	60991	147322	798737	96232	798814	799025	798860	798005	799294	796370	795349	798265	784905	796219	111816	798623	49120	798659	798703	799024	798466	796831	798611	797869	799090	798294	798936	797227	793785	797417	119632	798233	799685	798846	799883	798526	794974	268474	797024	798451	111790	277292	798892	782880	796250	799501	78580	118029	800044	797802	798803	799693	73654	799059	799093	128435	799449	799981	798664	799690	789221	797446	127072	361568	799241	798690	799848	799679	798040	799622	799624	799853	799773	799689	799940	798414	799743	799747	789543	755373	796933	792850	799361	799785	797926	798865	541672	799243	733062	722171	652081	795872	798641	274665	323843	798487	758657	785343	340666	516100	702566	799385	799917	796320	799833	796201	798790	798697	78084	799811	354962	795899	780260	798898	798039	798464	799047	797201	789344	797737	615990	799242	774097	798395	797282	799536	799149	674619	799550	794973	797931	799157	799149	799492	799103	799886	798429	683737	759204	796684	769535	768399	791351	798696	677875	793507	789860	761630	793429	542858	780627	752874	790561	750317	789106	781385	247	4	248	0	639	6	233	1	595	673	583	653	0	0	594	664	579	653	1	20	40	246	26	588	600	591	1	591	243	241	0	204	571	42	240	13	6	581	1	0	6	1	572	0	583	1	568	238	568	19	580	599	242	1	0	561	127	0	6	0	1	1	2	574	249	0	0	677	577	661	246	1	6	268	53	250	597	595	247	231	1	0	159	249	239	597	0	240	588	249	246	5	244	248	586	248	1	1	0	1	554	0	600	1	0	385	596	2	6	4	1	6	113	0	0	198	131	162	0	522	250	250	5	600	640	242	580	35	595	3	235	542	590	643	0	1	1	0	574	4	261	213	248	646	676	244	170	592	0	1	667	236	663	0	1	243	418	200	2	552	217	0	1	0	0	1	219	1	1	1	0	127	205	1	1
NC_063215.1	58000001	832740	832290	832420	832395	827259	830125	831565	830713	830600	831158	830977	831453	830345	55684	288369	830483	831848	829547	831330	832263	90385	169198	831617	129759	831166	830931	831460	830514	831717	822318	829363	830625	829200	827887	136843	831231	66264	831107	831059	831607	830782	830131	831088	830247	831254	830645	831473	830157	824477	829615	152106	830553	832163	831363	832177	831343	830105	340209	829619	830902	150947	318979	831403	813778	828805	832083	96412	136119	832350	829169	831308	832262	93048	831627	831182	160538	831731	832384	830721	832264	825758	829907	147639	405136	831665	831337	832363	832287	830465	832219	832274	832461	832254	832232	832510	831571	832352	832214	823753	789762	829487	824376	831935	832106	830241	831437	580510	831568	769619	755527	688482	827976	831426	274921	352188	831380	793880	821172	358947	548495	737151	831506	832363	828486	832435	828948	831140	830448	88888	832363	385793	828865	811296	831136	830617	830230	832135	830029	820213	830589	652672	832046	810055	830672	830460	832007	831541	714483	832019	827992	830180	831677	831653	832118	831666	832358	831024	716338	793141	829581	804844	799885	821500	830870	713665	826803	822089	796395	828319	585107	811794	788110	823427	786803	821288	815475	6	7	1	1	728	9	6	2	753	748	747	741	1	2	753	748	724	735	2	51	74	2	58	745	758	748	3	749	2	2	0	3	719	81	1	1	9	745	2	0	8	2	730	0	736	2	733	2	711	0	738	754	2	2	0	735	178	0	8	0	1	2	2	722	2	0	0	757	737	733	3	0	8	2	72	3	757	754	2	2	0	4	268	2	2	755	0	2	743	2	1	8	2	2	743	2	2	2	1	0	682	0	758	1	0	432	756	3	2	3	2	8	140	2	0	8	0	247	0	600	2	2	8	757	702	2	727	50	756	2	2	680	737	736	0	0	2	0	728	10	2	5	2	720	756	2	4	746	0	0	737	2	741	0	2	2	557	3	3	678	4	0	3	0	2	2	2	3	0	2	0	0	2	2	2
NC_063215.1	59000001	849554	849074	849232	849212	845061	847148	848507	847342	848034	847532	847112	848875	846818	64008	306497	846976	848907	846132	848214	849136	122231	191626	847924	167898	847971	846937	848305	847328	848638	836998	847474	847381	848267	844168	146300	848010	74792	848087	847904	848481	846726	847605	847944	847507	848247	847631	848363	847008	844070	847000	188252	847601	848995	848136	848720	848055	847960	385465	847205	846396	175949	374955	848441	836054	846236	848945	117406	188987	849212	846150	848465	849020	125568	848594	848446	184320	847974	849177	846737	849019	847066	847193	190381	472305	848475	848285	849202	849149	847679	848979	848994	849259	849144	849117	849353	849074	849034	849080	838984	815699	847260	840508	848778	848278	846198	848447	646031	847296	806859	793577	738514	847314	848117	327932	416357	847598	819711	839644	437361	628075	778668	847850	849071	846687	849414	845394	848095	847785	124112	849209	456017	846488	833917	848244	847499	846362	848080	846994	834253	847821	699277	848911	833494	848385	847594	848261	848654	753673	848863	846029	846244	848442	848732	848997	848612	849308	848079	758826	826287	847018	831613	826370	834658	847764	764977	845114	842963	822856	845847	648306	837212	820540	843364	810988	842982	835403	1	1	0	0	525	2	1	0	537	542	541	526	0	0	540	540	520	530	0	56	70	0	64	532	433	535	0	535	0	0	0	0	523	63	0	1	2	532	0	0	1	0	521	0	536	0	527	0	521	0	528	541	0	0	0	481	169	0	1	0	0	0	0	527	0	2	16	543	525	529	1	1	1	1	91	0	538	540	0	0	0	0	237	0	0	543	0	0	540	0	0	1	0	0	540	0	0	1	0	0	488	0	541	0	0	368	541	1	1	1	1	1	148	3	0	1	1	242	0	458	1	0	1	543	515	1	523	61	537	2	0	508	4	532	0	0	1	1	519	3	1	1	0	523	543	0	2	430	1	0	540	0	535	0	0	0	448	0	0	520	1	105	0	91	0	1	1	0	1	1	0	1	0	0	0
NC_063215.1	60000001	825066	824593	824756	824697	817944	822624	823925	823026	822824	822662	822119	820069	821724	48679	208894	822165	823706	822759	823861	824522	59450	150191	823219	91231	823550	822898	823771	822784	824184	812358	818325	823389	765293	816108	110376	823368	50844	823534	823404	823617	822282	820542	823428	823113	823902	823283	823808	822392	815508	822170	108090	823122	824601	823617	823977	823636	812689	276109	820264	821970	102664	242399	823311	802633	820661	824308	73688	104172	824807	821081	823361	824562	67902	823859	823762	125461	823751	824855	822560	824552	797527	822229	120618	319126	823908	823579	824709	824529	822966	824218	824511	824782	824601	824599	824821	819206	824617	824606	816792	757437	821476	818814	824493	823975	822199	823965	508296	823182	728229	718679	624109	818185	823545	271747	292092	823287	769592	807453	307182	469344	695637	823502	824479	818085	824761	821064	823348	823330	71839	824690	326896	820940	794909	823547	822800	821956	824460	821139	815874	822895	601307	824277	786173	821713	822742	823919	823599	671437	824248	818152	822059	823916	823667	824312	824248	824695	823217	671655	759833	819844	770398	774308	815539	823236	654633	817389	805187	760575	816163	499138	789842	750255	809037	768245	807938	801596	2	292	291	1	292	289	2	0	388	294	368	288	0	58	391	293	377	302	0	17	30	288	18	387	0	295	0	385	279	262	0	165	280	20	288	14	290	294	0	0	271	0	295	0	372	0	379	272	294	26	388	390	287	0	0	0	36	0	292	15	0	0	1	368	285	0	13	303	377	292	291	18	290	0	17	291	392	390	288	220	0	5	56	281	287	392	0	280	301	289	292	292	292	292	372	290	293	258	0	0	356	0	392	0	0	113	389	223	0	178	279	281	55	4	0	6	258	100	0	204	0	293	267	302	277	0	376	17	386	2	272	324	288	295	0	0	272	0	377	0	1	2	289	289	302	287	5	0	271	0	298	283	300	0	0	288	255	239	281	236	245	292	281	180	230	266	0	262	136	256	159	260	221	0	0
NC_063215.1	61000001	821664	821001	821250	821339	815948	819314	820559	819206	819060	819715	820020	817333	817950	46509	210409	819941	820430	819291	820281	821055	60709	133955	820409	82065	819998	820418	820370	819314	820675	816093	817205	819917	780954	814770	104734	820005	47739	819851	820156	820334	819894	817355	819923	819407	820203	819817	820088	818907	815154	818986	114485	819599	821062	820202	820633	820072	808086	275303	816566	820105	108970	254619	820206	800054	817051	820869	66809	108554	821470	817456	819811	821140	64938	820532	820572	121995	820945	821352	820143	821228	797513	819236	110485	343368	820292	820030	821193	821204	819179	820947	820909	821346	821146	821143	821388	817539	821151	821122	812438	762018	818242	815242	820967	821092	819370	820445	536570	820454	737635	726858	644358	814964	820678	269289	311870	820228	772151	806560	324653	497473	711519	820875	821496	815050	821503	818108	819977	819670	72953	821315	345608	817463	790732	820359	819329	819427	821093	817906	810552	819428	615575	820871	785491	818841	819078	821094	820454	681293	820893	816892	819316	820520	820576	821114	820720	821315	819848	675388	763444	817441	770958	778423	811531	820075	663325	814765	805139	766638	814790	518924	792185	762832	807117	765315	808312	802051	21	279	293	0	659	275	20	0	667	677	662	653	0	51	326	671	659	674	1	18	36	292	29	666	0	666	1	681	282	285	0	257	618	39	286	19	275	659	1	0	268	1	661	0	666	1	664	275	650	21	658	684	294	0	0	1	130	217	278	21	0	1	1	648	297	1	56	678	661	656	295	11	275	0	57	294	683	686	293	264	0	3	178	292	291	684	0	283	680	296	296	275	290	296	642	296	281	264	1	1	74	1	686	0	1	364	685	225	0	162	279	274	131	1	0	16	260	180	1	510	0	296	265	677	631	0	653	40	683	1	266	583	291	666	1	1	279	2	663	6	0	17	288	638	674	291	17	0	272	0	671	290	672	1	1	287	440	245	286	585	256	649	288	484	280	273	0	269	149	263	560	264	246	0	1
NC_063215.1	62000001	838670	838109	838334	838269	834627	835818	837321	836331	836747	837485	836676	836997	836796	54312	295181	836689	837733	835640	837386	838068	89363	176360	837298	133209	837105	836802	837301	836335	837490	832750	834842	836580	833484	834328	135166	836912	59799	836964	836959	837281	837021	835554	836955	836513	837222	836658	837175	836212	834967	835756	159313	836459	837962	836947	838157	836947	834398	377445	836308	836599	158686	325022	837210	822371	834677	837742	104148	140737	838373	835648	837142	838048	89686	837599	837436	185938	837960	838345	837119	838242	829211	835687	142986	394289	837539	837130	838211	838019	836464	838124	838226	838363	838223	838057	838417	837134	838147	837897	828974	790751	835734	831779	837914	837401	835851	837170	587096	837557	774731	765830	686572	834707	837251	283663	353432	837045	799473	827564	360882	561679	738540	837739	838126	834913	838430	834757	836963	836920	91258	838306	387106	834345	819626	837425	836274	836029	837999	835225	826713	836961	651270	837680	814441	836799	836262	837823	837591	717906	837800	833095	836372	837458	837656	837915	837670	838365	837056	723577	797650	835395	807850	805692	828329	836822	715553	832959	828548	801291	833412	587493	819684	795061	828899	796607	828417	821908	439	1	436	0	689	1	431	0	699	523	696	518	1	100	0	700	676	694	0	42	58	439	49	688	0	511	0	487	415	426	0	422	499	36	430	11	2	520	0	0	2	0	680	0	682	0	685	423	505	49	688	501	266	0	0	0	126	687	2	63	1	0	0	673	441	0	41	574	686	517	440	0	1	0	57	443	708	709	438	404	0	0	220	440	438	704	0	430	694	440	441	2	442	445	700	442	4	400	2	0	0	0	710	0	0	313	704	370	125	0	427	2	147	0	0	372	404	228	0	412	164	279	1	525	496	157	690	45	703	0	422	649	432	508	1	0	427	3	677	1	0	406	438	498	526	435	341	0	416	0	522	427	518	0	0	431	543	371	434	487	390	507	425	416	422	414	1	413	236	399	603	416	378	0	0
NC_063215.1	63000001	839676	839076	839350	839218	836400	837008	838467	837222	837840	837781	836766	838283	837219	65377	321965	836432	838952	836406	838360	839291	109602	205612	837553	148125	838162	836638	838290	837299	838717	833878	835858	836989	834195	836596	159271	838179	79462	838000	837658	838419	836180	836701	837919	837487	837796	837755	838164	837073	832649	836809	165174	837544	839044	838137	838734	837918	835944	364376	837124	836273	159404	327623	838380	822224	835623	838966	112099	152257	839409	835708	838260	839073	106342	838547	838058	177161	837988	839374	836693	839138	833177	836880	175483	410997	838576	838116	839373	839003	837138	838926	839108	839261	839077	839143	839305	838724	839202	838979	829798	794842	836263	830760	838484	838906	836784	837900	588909	837448	777346	764387	700202	835975	838449	285481	373440	837270	800327	828014	384836	566222	746682	838034	839095	834663	839278	835629	838157	837417	107784	839407	402294	836009	815111	838108	837375	835881	838051	836510	826020	837607	661327	838401	816195	837773	837140	838183	838507	717447	838279	834858	835514	838362	838379	838706	838202	839261	837926	724533	800678	836374	811756	808540	826911	837760	715854	833404	828223	804375	833797	589892	820347	796556	830735	792075	828757	825805	730	2	734	1	693	3	719	0	710	670	701	670	0	165	0	707	682	698	0	69	97	730	49	687	0	669	0	1	719	718	0	695	654	72	722	0	2	665	0	0	1	1	687	0	614	1	684	693	654	92	688	1	0	1	1	0	197	695	2	97	1	0	1	662	732	1	75	716	686	664	727	0	1	0	105	732	710	710	729	673	0	0	242	723	713	714	0	709	705	724	734	1	729	736	711	730	509	669	0	0	8	1	717	0	1	389	706	625	582	2	715	2	150	3	2	631	675	241	0	542	780	1	2	674	640	721	680	72	703	4	694	637	716	659	3	1	708	2	695	9	1	670	723	646	676	719	545	1	696	0	674	713	671	0	1	726	535	643	729	641	656	653	710	517	693	695	0	678	404	664	613	689	641	0	0
NC_063215.1	64000001	823225	822839	822909	822946	819415	820721	821977	820912	820973	821702	821424	817394	820707	46140	237663	821706	822329	821126	821967	822770	64404	158206	821971	97490	821812	821882	821999	821120	822291	817252	817725	821713	726828	817269	121325	821678	54142	821582	821586	822083	821571	817884	821529	821153	822045	821510	822074	820330	816451	820205	121712	821150	822771	821839	821739	821742	803769	288731	819679	821419	110986	247481	821784	797928	818482	822514	79491	104223	822953	819051	821384	822536	67240	822014	821908	149893	822561	823051	821857	822867	787317	820195	125006	325002	821879	821461	822864	822690	821195	822610	822758	823014	822747	822731	823002	814122	822823	822739	815014	743363	818368	817425	822577	822989	820819	822060	501317	822429	714710	705637	607359	814559	822533	246844	283458	822013	762022	805481	283241	463891	686240	822572	823009	814417	822955	820111	821793	821275	69879	822786	316445	819194	783070	821650	821154	819975	822834	819354	813956	820762	592784	822349	774046	819201	820772	822545	821732	660635	822194	816694	820560	821878	822073	822458	822359	822862	821570	648928	742451	818251	754360	765426	812000	821577	628945	815921	798199	751476	814735	486605	781508	744594	800451	761648	805290	799670	420	4	434	283	546	5	416	1	557	600	509	584	9	78	2	556	549	550	0	26	43	150	29	549	3	559	0	0	172	145	2	135	501	54	411	0	3	591	0	1	3	1	544	2	6	1	539	411	561	17	542	2	0	1	267	4	131	558	9	33	0	0	1	205	150	3	47	563	543	590	150	0	3	0	67	423	561	562	149	134	0	0	146	150	147	558	273	144	553	419	151	3	147	422	511	149	147	377	1	1	3	10	562	69	4	157	561	320	288	12	395	3	107	21	1	139	379	163	4	432	564	1	3	590	255	422	206	31	557	5	395	452	150	263	1	11	400	20	538	9	0	382	149	577	608	408	259	5	386	0	570	145	569	1	0	412	350	326	146	476	324	558	146	385	389	383	205	134	182	349	438	369	130	1	1
NC_063215.1	65000001	843119	842496	842567	842708	835567	840348	841842	840622	840592	840997	841443	839302	839430	48299	216869	841886	841550	840230	841788	842620	71979	148960	841871	106047	841478	841996	841744	840766	842246	833788	838464	841501	782062	833976	107240	841409	53544	841403	841323	841806	841646	838879	841242	840781	841783	841226	841787	840037	830615	840258	129787	840968	842484	841650	841693	841514	831373	284890	838028	841652	117081	274846	841676	820115	838506	842202	82860	122653	842880	837825	841527	842542	78627	841670	841913	136145	842475	842828	841968	842561	823653	840346	131344	370930	841916	841327	842664	842567	840819	842429	842645	842545	842594	842541	842863	838908	842566	842413	834285	788374	839878	836113	842486	842563	840506	841836	558039	842287	766364	749865	678840	839004	841895	275029	328216	841816	795852	830464	344213	531548	731349	842623	842728	836775	842896	839452	841523	841076	84761	842712	364308	839299	811604	841400	840752	841247	842484	839945	833836	840514	639277	842184	812192	840898	840827	842515	841986	699582	842144	837917	840737	841901	841947	842320	842001	842784	841439	705909	791054	839599	802334	803850	832764	841507	692656	836411	828336	793017	837152	560188	817604	789164	830928	782190	830483	825956	566	12	556	523	634	12	542	451	677	660	629	621	14	91	478	641	653	640	471	27	74	19	25	629	2	647	457	464	462	470	0	21	59	61	539	0	17	630	466	0	17	5	623	8	464	1	656	515	646	35	633	7	460	471	546	0	115	622	15	1	99	463	7	0	20	0	53	655	646	631	20	8	6	13	54	82	651	649	6	427	0	0	188	471	13	646	549	5	648	80	8	467	6	561	629	6	5	79	1	0	3	6	665	617	16	253	692	76	398	16	79	5	128	13	0	10	509	229	0	504	656	13	473	671	454	556	13	38	643	142	80	595	475	467	19	17	90	8	652	19	7	506	6	620	657	544	415	3	517	2	651	457	659	1	483	80	473	487	23	605	482	643	24	486	516	77	485	5	288	80	573	514	6	448	1
NC_063215.1	66000001	839187	838496	838635	838704	836138	836421	837755	836573	837097	837052	836497	837339	836732	57977	283619	837015	838415	835931	837888	838663	105006	187944	837354	140342	837491	837039	837527	836733	838108	835316	835031	837159	831384	835517	151958	837434	67106	837214	837500	837731	836543	835573	836903	836777	837736	837138	837605	835985	832723	836178	175954	836710	838539	837559	838616	837507	835250	341295	835828	836382	159170	339183	837706	823129	835551	838537	104366	169608	838807	836361	837770	838608	116404	837907	837456	162122	837840	838802	836923	838674	831380	836446	171238	416164	837865	837571	838686	838689	837142	838552	838440	838761	838563	838644	838817	837494	838623	838548	829240	802138	836836	831296	838425	838378	836573	837764	607070	837394	786448	770882	715997	836166	837896	301881	388912	837646	805141	828212	394433	584087	754971	837841	838639	835865	838832	835227	837299	837121	114895	838685	417481	835384	820479	837610	837079	836657	838563	836088	828196	836677	672761	838415	819787	837722	836813	838100	837881	732843	838170	835444	836165	837857	838126	838368	838163	838673	836999	733252	807997	836070	817936	810276	828802	837385	738421	833460	830927	805763	833662	609660	824154	802621	831457	793499	831270	825799	665	576	371	649	688	566	642	354	521	704	538	693	32	132	369	707	498	698	372	40	68	575	50	547	43	517	367	367	642	632	0	540	0	55	370	31	568	700	368	0	547	0	677	0	359	0	556	335	508	42	195	0	367	373	657	40	206	528	572	0	59	365	2	0	574	6	67	716	517	683	564	58	564	0	75	0	503	562	547	610	0	7	280	656	567	561	661	559	707	0	576	666	569	370	551	571	94	0	36	1	40	43	555	525	42	413	571	1	518	450	0	564	115	11	0	0	344	193	21	584	717	0	650	521	620	649	0	64	551	133	0	471	653	656	41	0	0	0	138	30	0	615	574	664	716	366	540	0	346	41	514	649	524	0	365	0	408	331	567	500	328	554	550	452	347	0	254	552	205	0	649	343	498	346	0
NC_063215.1	67000001	826402	825802	825747	825951	819350	823952	824948	824346	823474	824459	824324	823221	823232	48041	241319	824551	825129	823990	825128	825947	60840	146758	824819	90160	824902	824900	825207	824234	825402	817850	820275	824854	800126	819573	111242	824686	53864	824499	824851	825169	824291	822102	824417	823887	825251	824307	824821	823810	816885	823880	113305	824351	825703	824881	826141	824823	818392	283609	821807	824438	111349	237852	824658	802777	821040	825253	73064	99107	826236	822467	824652	825867	61062	825068	825235	130821	825603	826055	824881	825886	810012	823278	121775	317706	825214	824619	825972	825901	824050	825629	825700	826070	825965	825870	826101	823128	825882	825931	818400	761152	823389	820589	825795	825811	823978	825290	516140	825140	736154	725605	630552	820451	825161	240710	287076	824950	774282	811325	295547	472626	697893	825215	826049	818839	825996	823291	824839	824460	66518	825944	324673	822609	797226	824859	823977	824756	825649	822299	816663	824118	598332	825414	789127	823486	823787	825572	825049	669321	825536	820846	824313	825128	825146	825672	825462	825934	824682	668890	763790	822311	775373	776740	817439	824368	654939	819586	808705	769981	819152	500898	796265	763357	811781	766956	811355	806881	808	346	835	772	785	344	779	306	2	382	297	367	28	138	835	793	2	797	833	44	69	346	15	818	857	2	835	304	764	753	0	292	0	0	818	16	339	793	818	0	333	2	372	0	810	1	834	764	3	0	1	1	823	840	792	780	78	296	345	0	113	814	0	0	342	0	56	812	2	376	349	9	343	0	1	0	598	833	829	700	0	50	197	803	339	833	806	340	801	0	349	802	345	834	818	348	701	0	720	0	783	849	308	294	849	393	854	1	581	261	0	340	7	191	1	2	726	1	383	266	806	1	772	3	759	793	2	49	304	219	0	2	201	786	851	3	0	2	813	513	1	699	341	357	807	820	553	0	767	845	2	794	3	0	833	0	218	673	336	3	696	823	337	571	793	1	0	319	384	2	655	774	287	771	1
NC_063215.1	68000001	823582	823143	823096	823128	813769	820982	822342	821145	820629	821367	821277	818178	817922	42689	209410	821596	821934	821594	822234	822911	48912	135019	821822	67318	821784	822049	822210	821214	822363	812985	815744	822019	732130	810301	106250	821558	48365	821605	822108	821982	821743	818436	821485	820902	822402	821735	821966	820886	809275	820438	99862	821229	822915	821800	822510	821679	810279	242687	816513	821431	90149	206635	821533	797147	818639	822687	64000	97850	823428	818378	821695	823067	57659	821973	822297	120288	822321	823275	821903	823117	798532	820582	107518	295790	822199	821768	823003	823072	821183	822710	823010	823257	822997	822897	823327	817047	822941	823054	816338	747298	819184	817836	823058	823215	820892	822475	486291	822703	723718	706480	607666	816040	822638	245658	275715	822376	765110	805775	271794	449363	686802	822546	823302	814460	823360	819890	821770	821463	60614	823088	300945	819207	785687	821921	821152	821927	823172	820025	815788	821052	589464	822683	778823	820261	821041	822585	822196	655462	822812	817100	821322	822311	822524	822912	822604	823189	821721	647685	752380	818774	761705	769399	815158	822205	622507	815259	803196	756685	816030	469839	787731	748293	805002	755251	807031	802049	554	591	727	518	544	582	541	581	1	584	0	555	7	105	726	544	1	548	725	23	60	590	0	711	732	1	698	585	510	519	0	378	0	0	713	13	576	539	718	0	555	1	569	1	705	1	709	669	0	0	1	1	713	730	550	643	86	0	587	0	99	711	3	0	584	0	44	559	1	576	586	24	575	0	0	0	560	732	728	456	25	39	135	546	579	731	553	569	552	0	594	555	583	730	684	582	556	0	585	0	674	723	3	1	713	258	732	2	380	362	0	584	2	168	0	3	630	1	318	455	560	4	524	4	523	545	2	27	1	193	0	0	0	548	736	3	0	4	697	423	1	461	583	555	560	711	353	0	676	716	1	541	0	0	724	0	3	604	569	1	606	706	573	482	673	0	0	553	321	0	447	663	486	647	0
NC_063215.1	69000001	829002	828660	828719	828674	826204	826582	827732	826953	826794	827903	827209	824949	826713	58511	273086	828020	828076	826449	827796	828500	80507	172854	828068	110721	827443	828189	827837	826782	828027	824501	824079	827347	759127	824640	135812	827444	63483	827301	827397	827652	827603	824491	826504	826529	828048	827227	826812	826645	823105	826444	141289	825931	827670	827578	828033	827569	817644	333706	824984	827653	135370	274749	827706	806757	823820	828354	94128	119723	828794	825064	827391	828473	87959	827801	827892	162729	828470	828668	828129	828549	809096	826324	149942	355892	827723	827302	828606	828689	827004	828404	828547	828680	828515	828577	828714	823555	828531	828490	820603	776239	825614	822336	828513	827963	825896	828058	541790	828387	751855	729560	657201	824553	827890	271092	331364	826997	781844	813839	327380	511130	721093	828618	827885	822729	828737	825717	827408	826949	83723	827859	354044	824654	801051	827681	826832	826955	827770	826059	820024	826780	617649	828222	796742	826926	826815	828765	827859	688929	828146	824054	827410	827995	827955	828430	827424	828542	827223	676524	777358	825758	788175	783885	816380	827481	671599	822250	813493	776649	822660	531296	800367	774234	816770	777058	818253	812766	88	280	312	95	247	277	87	274	243	286	0	277	11	76	311	251	227	252	308	17	43	280	0	363	375	226	301	276	97	101	0	232	0	5	306	12	268	248	305	0	276	5	273	234	307	1	302	303	217	2	1	2	298	309	90	338	90	7	279	0	64	302	7	0	279	9	35	256	226	273	275	22	268	5	29	0	253	374	304	79	265	25	60	94	285	373	89	271	252	0	279	89	277	312	364	275	250	0	308	0	354	309	9	2	370	58	311	4	176	192	0	275	53	100	0	7	287	72	169	197	254	7	85	234	89	248	3	22	1	103	0	189	1	88	389	4	9	9	363	232	10	85	279	264	253	305	76	8	352	372	231	87	233	0	308	0	1	260	269	205	265	293	269	218	285	0	1	251	183	2	84	296	238	173	3
NC_063215.1	70000001	803541	803067	803178	803105	793249	800977	802407	801047	800667	801937	801965	792311	798903	36380	158145	802292	801734	801449	802209	802761	33599	107994	802276	39177	801951	802767	802273	801203	802552	793821	795938	802123	587566	791150	90316	801601	38428	801727	802019	802245	802228	796456	801525	800763	802312	801504	802155	800830	785132	800608	71004	801379	802908	801833	799471	801759	769322	198646	797983	802453	61610	175825	801905	775578	798254	802688	48589	78682	803053	799809	801368	802997	47813	802054	802326	111657	803019	803345	802668	803152	747262	800211	89488	270446	802093	801717	803058	803064	801076	802635	802850	803197	803030	803030	803261	786576	803019	803117	796616	719726	798675	799225	802927	803369	801211	802378	455138	802824	684076	677846	571405	793707	802942	264598	262459	802230	734629	783749	247913	404251	658732	803060	803322	792150	803259	800197	801812	801311	53133	803245	278560	798730	761762	801962	801201	800030	803210	799056	798125	800844	557127	802424	748941	799766	800976	803056	802217	623296	802607	795454	801438	802147	802237	802833	802678	802968	801115	613722	716508	797528	723817	740100	796452	802163	588461	795648	776174	721273	793442	430393	754463	712703	778621	735276	783365	780355	674	320	514	624	531	314	660	308	560	514	308	491	9	60	514	535	558	538	514	3	29	319	7	405	54	570	556	316	612	619	0	200	0	0	500	3	315	536	503	0	299	0	506	557	507	0	551	464	550	0	0	0	505	518	661	42	43	338	319	0	42	508	303	1	317	15	26	554	554	507	311	7	317	0	36	0	553	417	511	453	304	16	107	667	313	416	668	311	539	0	321	680	321	515	345	315	549	0	53	0	50	565	365	347	54	293	570	7	370	309	1	311	99	12	1	1	443	131	22	459	554	0	649	572	647	532	0	11	357	133	0	479	0	661	54	0	0	0	50	39	0	556	313	304	554	498	422	0	375	53	556	662	571	0	518	0	213	390	300	484	427	530	308	346	467	0	0	283	159	2	524	457	245	0	1
NC_063215.1	71000001	281749	281620	281693	281642	274447	280807	281318	280783	280623	280855	281429	272434	279538	13011	55769	281616	280805	281145	281302	281483	11533	33060	281452	14608	281168	281623	281336	280956	281436	273598	278741	281227	216042	272662	27601	281132	12380	281022	281167	281289	281522	279387	280988	280708	281294	280886	281188	280941	275131	280943	21114	280943	281486	281159	280515	281029	272584	62975	277622	281537	17204	46314	281131	269889	279959	281499	13326	22745	281389	280032	281013	281578	14095	281235	281299	29741	281709	281712	281622	281619	243332	280641	28588	76790	281415	280952	281570	281638	280744	281542	281591	281652	281629	281621	281712	273486	281586	281650	279807	245583	279773	280222	281537	281665	280774	281365	141869	281701	230720	230552	190703	277568	281436	89133	80285	281266	251922	273699	72883	122387	225084	281716	281627	275795	281660	280770	281176	281011	16011	281535	77011	280272	259933	281204	280843	279614	281629	279881	279724	280823	187047	281439	258256	279596	280771	281732	281147	210528	281472	278371	281380	281443	281371	281549	281455	281594	281063	206303	245729	279499	245179	253321	278672	281254	193038	279018	269530	246499	277675	128630	260322	244453	271480	252500	271492	272438	77	271	264	67	213	267	75	261	253	217	106	212	0	35	268	215	256	214	265	0	18	269	1	135	0	256	249	266	69	70	1	161	0	0	258	9	266	215	265	1	254	1	212	256	257	1	257	240	248	0	1	1	261	267	77	0	31	121	272	0	20	258	104	0	269	8	7	223	248	214	274	8	270	0	18	0	222	138	266	36	254	9	31	78	261	138	79	262	221	0	273	77	271	268	103	270	222	0	1	0	1	255	138	134	0	29	258	0	137	110	0	270	42	0	0	0	227	45	0	53	223	1	249	256	72	215	0	9	137	45	0	202	0	79	0	0	0	1	1	0	0	61	264	250	220	262	48	1	123	1	256	79	256	0	266	0	63	192	256	205	185	253	260	127	249	0	0	245	29	0	57	233	200	1	1
NC_063215.1	72000001	833223	832702	832791	832855	830620	830501	831761	831028	831026	831588	830565	829974	830691	60460	293212	830696	832489	830024	832043	832662	91498	193260	831561	126182	831635	831228	831923	830864	832229	829660	828999	831295	803915	830072	151280	831302	75592	831492	831461	831945	831279	829443	831368	831195	831996	831057	831776	830450	827133	830209	146721	831140	832470	831764	832041	831810	826139	350213	829880	831048	140376	278565	831845	808502	829062	832447	96199	128925	832964	827655	831610	832591	89894	831785	831822	159666	831647	832921	830995	832657	817223	830332	156324	339568	832092	831522	832702	832821	830786	832603	832630	832908	832783	832617	832812	829728	832762	832639	824052	771023	830103	825880	832716	831748	830319	832221	531629	831276	746613	732038	650225	827920	831623	273812	325102	831714	782168	818792	321170	494989	714276	831651	832474	826204	832971	829144	831493	831259	91453	832949	348035	829027	805056	831567	830940	829804	832076	830258	823624	831079	623240	832440	799636	830854	831075	831980	831929	688630	832454	827914	830596	832107	831929	832606	832345	832817	831583	680959	776972	829042	785386	782409	819749	831413	672756	825721	816986	778043	826312	522358	804020	773792	819426	777689	820348	814440	588	567	257	581	752	560	565	550	604	755	609	753	19	137	253	763	594	751	253	40	79	564	44	622	1	603	583	559	571	566	0	510	1	0	251	37	550	748	252	0	534	2	745	605	247	2	593	240	583	1	2	2	248	257	579	1	183	608	566	1	29	247	546	1	558	33	41	765	578	749	560	24	561	1	61	1	767	638	253	531	532	45	184	577	558	641	589	551	760	1	565	589	560	251	617	555	758	1	1	1	2	606	636	600	1	286	603	0	561	486	1	555	81	2	0	0	223	145	1	433	766	2	540	611	547	750	1	36	639	62	1	520	359	573	2	0	0	0	2	9	1	513	559	540	656	246	415	0	594	1	606	573	606	0	254	1	419	206	549	524	213	576	548	386	241	1	3	530	279	1	479	230	456	2	2
NC_063215.1	73000001	845514	845129	845155	845021	841464	842764	844346	843076	843646	843497	842920	843969	843472	54115	254319	842298	844771	842623	844220	845056	126889	165905	843619	162116	844063	842782	844154	843369	844555	837464	841800	843998	839281	840633	125185	843820	55418	843802	843738	844231	842835	842518	843683	843357	844435	843520	844187	842865	840788	842810	198520	843303	844989	843892	844700	843874	842443	354658	842773	841757	183804	364584	844019	829143	841378	844802	123156	195358	845284	842508	844274	844955	136171	844554	844458	200924	843930	845269	843114	845046	835987	843048	191468	453361	844096	844111	845189	845015	843330	844999	844989	845274	845060	844979	845217	843806	845082	845041	836033	802413	843159	839025	844923	844606	842507	844437	614507	843533	782092	772459	716174	841457	844117	337722	410577	844390	806592	835033	422191	599826	757520	843681	845160	841209	845332	841664	844121	843869	138089	845186	438450	842075	827279	844004	843371	842809	844985	842119	834757	843425	681911	844758	821963	843648	843168	843964	844560	738390	844855	841102	842190	844244	844405	844862	844609	845257	843994	742922	808423	842592	813322	811640	829113	843950	732346	840072	834827	804504	840531	616938	823821	802676	837000	801238	836393	830030	736	738	1	731	739	727	717	730	210	771	210	766	23	139	0	775	205	764	0	31	34	735	34	202	3	207	202	734	721	703	0	704	1	0	1	27	725	761	0	0	714	1	750	212	2	1	205	0	202	0	1	1	0	1	727	3	206	208	733	0	2	0	193	0	732	29	31	778	1	762	739	70	735	1	44	0	779	211	0	222	710	40	289	734	727	216	738	712	763	0	744	737	733	2	216	732	772	0	5	0	4	209	214	201	4	451	208	3	611	595	1	712	60	3	58	0	1	89	3	598	779	1	720	215	696	768	0	34	149	10	0	193	721	724	3	0	1	0	2	3	1	681	735	689	211	2	569	0	204	2	213	717	212	0	0	0	177	1	718	202	3	201	723	167	1	0	0	702	124	0	641	1	620	1	1
NC_063215.1	74000001	844588	843997	844173	844067	839617	841851	843217	841983	842701	842684	842538	843211	842697	54943	292169	842292	843770	841016	843120	844095	123694	172126	843149	174854	842930	842917	843338	842326	843550	836728	841785	842727	841143	840734	131012	842880	64471	842821	842832	843117	842637	842411	842737	842293	843277	842456	843145	841610	840555	842084	218281	842539	844020	842983	843651	842889	842451	371900	842544	842385	190632	411172	843156	833930	841759	843739	123531	235587	844203	841927	843214	843908	170902	843433	843392	196460	843451	844098	843120	844073	838790	842086	213031	518719	843264	842912	844125	844091	841982	843781	843971	844113	843961	843891	844330	843470	844061	843732	834188	813602	842254	836409	844069	843796	841784	843564	668843	842575	801664	794241	747285	841697	842885	348401	456938	843340	817079	835713	476454	653527	779968	842967	844160	841726	844418	840558	843106	843020	166581	844309	499628	840870	832347	843262	842119	841820	843789	842012	832254	842890	713784	843643	827041	843405	842284	843161	843641	760014	843859	840476	841786	843528	843516	843922	843720	844263	842673	770448	819710	842199	827404	820841	825675	842541	765237	840588	838535	821004	840988	670019	833518	819621	839362	812201	839177	832735	691	694	2	685	672	684	682	688	2	688	0	679	22	165	2	687	2	672	2	0	1	689	0	0	0	2	1	685	672	680	0	683	0	0	0	35	681	680	2	0	680	0	673	2	2	0	2	1	2	0	0	0	2	2	680	0	230	0	690	0	7	2	0	0	684	0	0	692	0	685	689	100	685	0	0	0	692	0	2	0	673	0	367	684	680	0	690	685	685	0	692	688	690	2	0	685	687	0	0	0	0	2	0	0	1	544	2	1	624	590	0	678	3	2	1	1	2	0	0	611	694	0	681	2	659	684	0	1	2	0	0	3	679	687	0	0	1	5	0	2	0	666	693	665	0	2	610	0	0	0	2	679	2	2	2	0	1	3	675	2	2	2	669	1	2	0	0	660	2	0	652	1	636	0	1
NC_063215.1	75000001	839032	838310	838596	838396	835636	836050	837313	836187	836960	836817	836279	837952	837019	61520	327058	836100	838410	834832	837560	838339	116768	199893	836756	167032	837197	836029	837544	836617	837644	831858	836068	837114	836814	835345	156725	836891	73461	836993	836954	837454	836204	836684	837102	836590	837617	836991	837246	836039	833316	836160	205935	836404	838215	837142	838370	837219	837133	379987	836650	835810	190349	390380	837542	826523	835626	838140	126819	213687	838638	835223	837680	838176	143035	837770	837705	189129	837013	838436	836131	838424	835803	835750	202509	485464	837363	837226	838571	838376	836408	838427	838363	838536	838317	838143	838589	838020	838324	837918	829193	801594	836879	832543	838382	838398	836254	837867	639484	837046	789840	779974	732192	836099	837679	379326	447922	837750	807080	829007	448769	624621	763437	836951	838436	835699	838694	835610	837101	837315	145717	838749	463375	835991	822449	837505	836424	836861	838543	835940	828327	837152	696884	838312	818566	837767	836824	837121	837974	745043	838172	835080	835640	837651	837796	838267	838132	838632	837617	751534	810932	836442	815186	811734	824150	837253	746290	834092	829990	809985	835663	646564	825505	806577	831218	799950	832207	826903	939	913	178	923	930	899	894	885	353	941	175	930	26	181	178	945	1	930	176	30	1	913	11	349	356	1	2	910	923	906	0	896	1	0	0	38	901	778	178	0	889	0	930	1	172	0	2	169	1	24	0	0	176	178	937	348	259	174	915	0	58	173	165	0	906	31	0	943	347	927	906	101	904	0	0	178	784	279	176	0	878	0	364	908	895	177	936	885	940	0	920	947	908	177	177	910	555	0	3	0	1	2	178	167	1	605	2	1	800	747	1	884	126	1	2	2	164	0	1	799	949	0	883	356	899	936	0	0	176	89	0	173	895	930	1	2	1	3	1	3	0	883	912	862	279	175	757	346	165	1	343	923	353	2	177	0	159	159	888	334	172	1	891	1	168	173	173	864	133	172	836	170	780	0	0
NC_063215.1	76000001	833566	833118	833245	833147	827850	831098	832485	831036	831212	831968	831464	828983	830551	45331	239634	831831	832420	831272	832342	833014	66893	155434	831956	91653	831877	831941	832150	831580	832714	822692	828091	832360	785907	827650	120205	831862	49941	831723	831987	832372	831382	829049	831767	831272	832556	831472	831870	831065	826555	830986	117339	831294	832960	831988	833220	832037	822632	278044	829385	831564	120421	270589	832038	808651	828653	832990	81586	124548	833479	830317	831964	833159	72903	832402	832424	155931	832377	833342	831774	833135	811006	830707	137168	347558	832320	831809	833274	832856	830928	832920	832939	833056	833054	832904	833413	829013	833087	833146	825226	775994	829451	827532	833151	833072	831181	832666	542716	832444	755800	735232	664172	827166	832672	284829	328962	832448	783873	819407	325706	513524	722943	832302	833185	826730	833412	829671	832211	831651	81049	833298	350997	829536	801677	832166	831585	831492	833211	830134	826065	831569	627197	832615	798713	830992	831026	832235	832456	690959	832992	828518	830834	832603	832605	832893	832824	833256	831721	689993	773248	829304	785593	784461	823766	832029	675080	827718	816588	781465	826059	532517	805061	775002	818578	773491	818893	814653	683	954	859	639	662	292	925	920	563	903	740	884	14	92	857	672	1	672	861	29	25	946	39	208	211	1	350	939	647	650	0	718	1	4	0	19	925	975	833	1	893	0	886	1	838	0	350	810	1	30	0	0	846	866	673	199	101	726	945	0	134	829	648	0	732	24	26	691	550	893	945	44	932	0	0	867	1001	555	860	0	904	27	175	942	920	863	685	916	676	0	949	686	942	863	820	947	995	0	298	110	336	358	768	731	356	328	356	1	489	602	1	928	103	105	344	0	748	1	178	508	689	0	909	567	640	673	0	21	860	240	0	465	923	666	358	1	1	1	345	225	0	600	939	893	555	852	505	570	810	354	565	679	564	353	863	0	566	704	899	484	720	351	923	253	801	527	466	874	419	496	568	780	784	0	0
NC_063215.1	77000001	835650	835019	835072	835065	830456	832616	834109	833049	833379	833964	833155	833513	832802	51607	250987	833577	834558	832762	834259	834977	85688	152938	834139	115926	833775	833913	834356	833522	834379	829283	831464	833860	821269	829230	125136	833832	53976	833472	833785	834289	833738	831993	833562	832921	834228	833527	833980	832764	829346	832729	146576	833194	834835	834041	835256	833775	831016	311713	832411	833275	144617	307501	834044	815295	831888	834857	92871	153374	835309	832374	834221	834929	95762	834460	834266	162089	834339	835266	833863	835059	827294	832520	146116	400297	834211	834039	835122	835208	833239	834980	835132	834998	835187	834939	835202	833483	835167	834959	825466	791109	832620	829196	834952	834949	833053	834603	591943	834045	772327	757804	700945	830751	834398	312940	366304	834534	798107	822767	377292	562435	736400	834369	835170	830551	835367	831553	833859	833855	103068	835356	406710	831621	815035	833931	833021	833516	834856	832092	825565	833562	659106	834755	810564	833827	832986	834616	834383	719755	834899	830094	833222	834287	834395	834833	834946	835244	833664	718436	792609	832647	804414	801572	825912	833973	720239	829554	824466	798649	830471	589410	815603	793236	826193	789398	824896	820291	848	831	660	819	677	0	811	809	669	458	665	452	22	124	658	703	432	696	651	50	67	831	5	1	1	435	658	828	806	807	0	733	406	0	1	31	815	449	651	443	803	0	448	445	648	0	656	621	432	43	0	0	639	661	831	456	186	197	830	32	129	636	581	0	840	42	60	711	554	450	823	49	823	0	32	661	461	687	648	0	812	58	227	826	822	535	847	805	699	0	835	845	822	655	517	827	455	0	490	546	528	673	686	657	568	454	678	369	547	324	432	821	102	155	664	2	585	147	280	661	708	3	804	677	806	691	0	44	659	223	0	505	814	694	573	0	432	391	540	380	2	753	832	795	685	640	625	572	499	562	661	829	674	531	660	0	471	569	812	604	581	657	819	501	630	642	589	787	297	611	726	608	697	0	0
NC_063215.1	78000001	814981	814536	814563	814577	805594	812338	813691	812738	811944	813018	813572	811643	810912	44407	206876	813790	813478	812325	813463	814442	48112	142662	813882	77196	813200	814080	813651	812644	813823	806674	809843	813224	774658	804517	106519	813281	45129	813119	813573	813630	813692	811121	812870	812463	813816	812766	813398	812275	803679	812025	96596	812699	814292	813162	814504	813344	805360	264330	809156	813589	88439	245260	813234	795478	810729	814205	61808	99105	814799	811842	813150	814484	60594	813599	813838	108725	814297	814705	814030	814503	797630	812114	123444	338667	813820	813127	814474	814417	812555	814148	814274	814658	814416	814414	814680	811169	814419	814285	807914	766833	811981	809759	814387	814915	812691	813859	540381	814397	746345	728890	659130	810215	814105	271447	328346	813622	772425	801191	314104	512737	709921	814403	814747	810193	814755	811768	813315	812988	69942	814638	346196	810509	785759	813712	812644	813684	814835	811487	807917	812915	617061	814206	783869	813411	812662	814287	813726	684151	814321	809777	813050	813778	813821	814375	814120	814617	812900	681480	770249	811439	780081	775746	805600	813759	674019	809729	801871	773933	808815	529517	793797	764810	804116	756837	803727	799621	736	546	372	695	615	0	539	527	511	450	575	435	19	87	372	631	548	625	372	25	42	546	0	1	1	550	488	542	694	700	3	415	516	0	1	12	536	446	363	566	530	0	435	554	554	0	503	358	551	22	0	0	361	372	722	554	129	1	544	30	76	366	508	0	731	19	36	632	522	437	541	14	534	0	47	373	454	593	370	0	532	31	167	535	537	563	737	528	618	0	549	732	543	371	598	539	454	0	450	511	487	511	596	562	524	392	512	482	484	326	544	536	95	131	496	1	343	144	239	563	633	3	528	511	690	615	1	19	370	145	0	460	526	615	538	0	530	500	499	327	0	649	545	522	594	366	544	536	535	531	507	723	508	366	371	0	299	338	529	453	344	496	527	346	351	479	432	502	288	446	608	351	432	1	1
NC_063215.1	79000001	812163	811642	811722	811741	803466	809653	810907	809459	809120	810914	810987	800895	808308	36442	179146	811422	810016	809894	810705	811416	49054	113603	811059	65727	810422	811534	810862	809677	811005	802130	805700	810763	598031	801276	86865	810049	40404	810199	810435	810723	811274	805539	810098	809723	810776	810242	810536	809442	796486	809287	94802	809860	811295	810692	809092	810735	784749	230906	807170	811332	76166	188982	810440	780676	806990	811370	62017	95247	811857	805981	809787	811463	60255	810556	810898	123849	811865	811925	811280	811579	764537	808894	102291	279589	810768	809773	811599	811660	809988	811437	811573	811765	811612	811512	811760	792016	811573	811513	803728	707175	806375	806822	811669	811764	809865	810949	443832	811608	681087	664767	553304	800746	811393	178238	239326	810923	739361	789439	240671	392259	652651	811803	811688	796080	811907	808190	810497	810015	62993	811772	277469	807572	758426	810350	809793	809467	811768	808703	804711	809772	547031	811251	749210	806884	809564	811792	810667	624473	811287	803959	810841	810983	810700	811543	811255	811802	810157	607964	702849	806281	710617	737505	803387	810604	569039	804961	780720	723067	800580	415948	759214	710896	782321	737817	784772	781892	45	595	608	46	543	0	589	587	639	679	570	658	1	58	601	549	507	551	606	14	35	597	0	0	0	517	615	598	45	43	0	337	477	4	0	8	580	668	601	524	564	0	659	518	519	0	626	561	515	28	0	0	606	611	45	509	7	1	603	19	69	597	522	0	46	27	17	562	384	664	599	32	143	0	49	611	686	638	602	0	581	41	127	590	582	507	46	581	549	1	603	46	598	607	478	603	682	0	310	380	375	641	641	623	391	31	644	371	385	380	494	585	83	72	627	1	539	120	156	38	562	0	577	641	41	550	1	44	604	157	0	326	584	545	403	0	495	445	382	206	0	44	589	581	641	595	41	397	470	395	642	46	645	607	605	0	393	480	571	523	494	620	584	379	575	572	511	554	182	536	41	531	461	1	0
NC_063215.1	80000001	842066	841610	841854	841695	832865	839340	840888	839333	839823	840196	839170	838282	839589	50751	219064	839479	840847	839127	840674	841523	94186	149995	840655	129622	840226	839892	840740	839646	841281	826791	835893	840372	777082	834160	113573	840468	50875	840456	840672	840877	839643	837698	840516	839973	840858	840231	840666	839255	830446	839216	155218	840035	841443	840574	840782	840643	832533	294153	838416	839338	136988	288783	840718	816743	838296	841357	99388	164364	841782	838255	840481	841517	111319	840930	840893	148654	841036	841672	839645	841698	822533	839388	163818	376880	840775	840546	841653	841738	839830	841495	841587	841747	841625	841675	841877	837138	841598	841614	832123	788765	839139	834451	841601	840355	838566	840993	569106	840139	767856	747389	681212	836765	839872	319667	366426	840591	797407	828208	361851	533329	739237	840696	841386	836492	841819	837918	840483	840214	115688	841735	383569	838459	811211	840993	839978	838714	840820	839150	831038	839783	645270	841284	809137	840023	839596	841084	840997	711188	841352	836694	838981	840750	841093	841436	841456	841734	840340	699061	794713	838433	802360	801725	826454	839821	699594	836300	828665	796512	836510	558998	815107	789746	830029	784975	830877	824354	4	130	128	5	536	0	123	129	319	321	266	312	0	39	128	548	544	542	128	19	23	128	0	1	1	546	312	124	4	4	0	109	511	0	0	2	128	313	127	545	125	0	312	553	545	0	318	117	537	25	0	0	123	130	4	254	0	0	129	47	12	128	231	0	4	14	69	559	549	318	220	23	4	2	50	129	323	275	129	0	125	29	146	217	127	502	4	127	554	0	130	4	130	130	533	127	322	452	495	549	528	321	278	259	565	9	324	446	420	222	544	126	71	173	316	0	113	178	297	7	557	0	217	324	5	544	1	28	129	31	0	496	128	545	560	2	531	489	548	382	0	4	129	123	278	127	3	569	468	565	318	4	321	125	129	0	72	104	125	303	104	310	125	246	123	303	286	123	246	289	4	120	96	0	0
NC_063215.1	81000001	821554	821229	821262	821296	817794	819324	820470	819139	819096	819889	818744	819675	818632	60115	277867	818925	820693	818629	820399	821099	80461	174743	820026	109135	819883	818952	820405	819363	820679	814386	817583	820153	811113	815616	147393	819633	64575	819905	819965	820325	819430	818256	819659	819788	820512	819799	820108	819383	811390	819311	129174	819428	820601	820338	821139	820278	816072	350305	817586	818845	140600	263609	820020	796737	816784	820902	93457	120293	821379	816139	820147	820985	75941	820422	820372	155443	820129	821317	819268	821149	813223	818920	138964	342811	820440	820226	821235	821193	819594	821130	821119	821275	821220	821200	821381	820262	821141	821122	812174	760469	818381	816478	821010	820877	818965	820642	526915	820049	739292	720476	639972	816643	820311	270659	304023	820413	771766	807247	310274	495217	707432	820212	820953	814905	821182	818003	820148	819386	79650	821277	336803	818389	786464	820334	819323	819731	820730	818246	811605	819466	613143	820710	786887	819429	819422	820249	820579	679482	820909	816307	818873	820606	820607	820936	820957	821211	819753	674246	767386	818294	774817	778662	811109	819667	656634	815072	805943	772321	815661	516371	795315	765539	807784	766793	810403	805030	6	683	681	4	47	0	662	662	525	518	623	521	2	108	682	47	47	47	680	27	54	678	0	0	0	46	512	678	4	3	0	622	47	0	0	25	673	516	668	46	668	0	509	46	45	0	512	624	47	53	0	0	671	675	4	601	5	1	683	12	125	665	548	0	4	45	65	47	535	516	524	32	4	0	7	684	526	638	681	0	649	53	21	520	660	711	4	651	47	0	680	4	679	683	48	678	524	43	472	536	518	525	641	603	541	4	529	39	40	361	44	664	114	162	509	2	608	19	293	15	47	0	503	527	5	47	1	53	680	185	0	482	662	46	557	3	46	38	537	354	0	4	676	655	639	663	7	552	660	550	524	4	526	679	683	0	457	559	650	476	579	515	664	369	640	498	468	641	337	473	5	623	553	0	1
NC_063215.1	82000001	812708	812316	812358	812157	807088	809981	811410	810334	810628	811317	810694	808217	810344	37293	207103	811363	811835	810901	811508	812124	46069	131364	811317	72473	810061	811098	811600	810480	811529	805845	807669	811236	776489	806000	99521	810126	42264	810957	811122	811450	811698	808260	810296	810164	811360	810815	810668	810177	806376	810261	102727	810036	811571	811119	812344	811205	800751	272973	809084	811705	97524	244251	811376	793104	808127	811851	68073	102096	812613	809473	811038	812140	56009	811477	811602	129397	812125	812462	811002	812297	794894	810005	108926	321842	811262	810889	812239	812270	810815	812067	812194	812438	812290	812154	812319	808153	812198	812165	805022	743736	809186	808416	812107	812017	810066	811719	512198	811854	723231	721291	625172	804927	811825	275932	298789	811639	757450	796022	299104	467812	693503	812050	811921	806133	812451	809552	811240	811021	68806	812421	319425	809101	786484	811437	810491	810613	811655	808876	805933	810735	602505	811912	776637	809800	810427	811416	811431	656804	811741	807146	810945	811494	811698	812021	811894	812390	810825	664626	751063	808058	762295	765632	805125	811435	643873	805633	795634	755721	805274	501848	782328	743504	799437	757180	796742	792095	1	779	771	0	2	0	761	763	737	738	837	734	0	94	779	2	1	2	780	20	56	773	4	0	0	1	721	771	1	1	0	602	1	0	0	11	766	725	763	1	743	152	719	1	1	156	715	723	0	49	155	161	764	780	1	789	0	0	777	0	114	765	758	0	1	32	49	2	720	728	746	33	1	0	0	782	751	876	776	0	760	60	0	736	754	777	1	759	2	0	782	1	774	780	2	777	744	1	631	711	685	738	880	843	734	1	745	3	2	495	1	764	144	181	732	1	389	3	333	3	2	161	707	747	1	2	0	44	775	225	0	650	766	2	746	0	1	2	708	481	0	1	758	583	875	762	1	743	730	736	734	1	744	774	777	0	413	653	751	650	649	726	762	500	719	692	625	719	350	638	1	713	351	0	0
NC_063215.1	83000001	817875	817296	817310	817027	811811	815162	816274	815333	815434	815237	814804	814778	814512	52484	253956	814673	816669	814906	816313	817033	78902	162663	815896	111241	815421	815145	816443	814573	816610	805077	812836	816044	798408	809888	129712	815433	57130	815852	816001	816208	815244	813730	815525	815143	816404	815428	816203	814937	810413	814364	134077	815457	817212	815907	817066	816119	809351	321987	813685	814880	127877	271715	815928	798485	812327	816994	92003	114224	817617	813602	816040	817195	77286	816572	815725	148212	815919	817371	815031	817251	801336	814716	129901	348811	816390	816011	817356	817411	815523	816964	816659	817484	817236	817312	817370	814957	817226	817255	808127	757167	814170	810562	816982	816512	813922	816676	543017	816081	739274	730348	647052	812491	815817	281139	319147	815952	769350	801658	321120	505989	703445	816316	817121	812160	817280	813127	815922	814730	79633	817341	349025	811950	792016	815787	815430	814974	815994	813894	806361	815326	614850	815756	785025	815007	814782	815926	816295	675668	816726	812063	814397	816196	816175	816943	816831	817256	815338	679167	762772	813567	770560	773864	808021	815280	660977	810582	803268	770032	812089	524887	789115	759956	805264	760399	804274	798596	711	807	800	689	61	7	779	782	909	797	731	757	22	163	790	60	630	62	859	30	97	808	33	1	11	647	875	802	673	678	0	695	630	0	0	14	790	778	786	653	784	784	758	655	644	790	762	811	629	63	788	814	783	797	717	720	178	7	816	80	139	844	686	0	704	50	66	63	747	776	793	51	693	0	81	865	785	776	792	1	784	74	21	785	800	774	700	781	62	0	809	705	803	796	71	803	781	592	652	731	739	921	794	740	760	400	915	552	51	534	639	783	190	217	765	17	20	19	394	534	63	823	769	911	677	66	13	72	791	231	0	693	797	62	778	12	635	598	737	524	19	643	796	0	778	780	532	771	723	764	910	694	907	790	803	0	498	674	783	813	666	900	781	637	813	857	786	747	416	784	625	799	5	371	348
NC_063215.1	84000001	826379	825818	825909	825980	819991	823492	824990	823791	824255	824214	823715	823799	823352	57001	290714	823532	825032	823666	825049	825789	116307	176850	824946	154280	824539	824269	825111	823917	825372	814552	821499	824781	813881	819034	137629	824436	69847	824451	824793	824685	824041	823099	824536	823890	825193	824368	824902	823668	819542	823445	175195	824023	825689	824729	825708	824780	821389	360455	822467	823810	181011	328253	824722	806861	822285	825516	124891	179202	826007	822388	824911	825617	120952	825087	825105	201604	824930	826047	823748	825806	811378	823677	178654	404752	824950	824359	825858	825905	824043	825548	825637	825987	825811	825715	825992	823904	825862	825618	818849	781450	823308	820478	825782	825666	823706	825310	575090	824854	757348	746810	686753	822676	825242	303358	366737	824997	783891	813191	373665	549502	732376	824953	826088	821859	826111	822354	824625	824469	112100	826019	391683	823279	803360	825053	823812	823902	825809	823175	817411	824211	645363	825640	799568	824529	823924	825296	825127	711163	825594	821645	823451	825122	825130	825673	825524	825924	824710	710040	785347	823028	791124	789253	812583	824642	698114	820526	814297	786819	820778	578893	805955	782228	817044	780785	816189	809844	759	735	705	724	298	0	709	718	618	614	681	600	22	155	702	310	751	307	622	55	72	732	68	0	0	770	600	732	719	669	0	552	733	0	0	30	718	607	693	780	703	714	605	771	769	709	593	585	419	77	707	735	691	700	753	674	179	0	731	0	119	611	614	0	756	47	53	314	539	597	612	53	754	0	92	624	616	707	699	0	706	72	64	611	41	722	764	707	307	0	738	758	721	707	308	727	503	709	620	450	423	622	705	674	459	414	620	632	220	436	760	724	124	127	607	0	2	86	276	581	313	736	595	623	719	307	0	47	700	244	0	406	717	303	549	0	749	686	448	315	0	686	730	0	711	686	549	460	685	458	613	750	614	697	701	0	556	610	714	575	609	603	698	443	588	507	470	688	375	485	660	581	1	668	646
NC_063215.1	85000001	841197	840792	840932	840750	832791	838700	839899	838812	838797	839737	839550	837539	837449	48648	268329	840033	839959	838016	840021	840743	109791	157713	840086	149548	839699	839729	839835	839157	840235	830061	834128	839486	820888	832023	127073	839428	57346	839523	839579	839782	839663	837360	839597	838889	840024	839332	839841	838485	831273	838210	186083	839001	840643	839598	839751	839873	835242	335553	835884	839480	163339	337193	839619	817223	836838	840492	107609	198677	840985	837358	839598	840684	140453	840073	839806	187289	840643	840954	839931	840729	821073	838625	192857	428986	839957	839572	840844	840791	839019	840692	840479	840928	840810	840605	840893	838163	840760	840668	832359	786693	837913	834841	840693	840898	838819	840104	585369	840321	761049	748667	684371	836132	839797	296571	383933	839574	794684	828136	396192	558783	737534	840477	840960	833829	840989	837647	839712	839150	133449	840910	424858	837233	812417	839922	839029	838923	840678	838455	830174	839159	655201	840197	806218	838615	838937	840555	840088	718036	840534	835896	839073	840048	840176	840487	840542	840861	839438	711405	788125	837606	792390	799487	823550	839799	692304	835545	825152	790009	834397	576773	811443	784318	827693	786820	829942	822549	834	52	816	800	747	0	50	51	855	752	770	735	16	136	817	757	797	759	860	83	66	52	5	0	0	817	841	51	777	761	0	679	749	0	1	1	51	746	797	829	52	50	722	827	807	52	748	796	0	99	49	50	802	804	831	760	176	1	51	0	194	851	694	0	832	52	95	772	839	744	760	91	829	0	101	862	762	807	816	0	49	109	273	755	2	765	839	50	767	0	51	839	51	819	752	50	765	749	676	432	392	858	810	782	437	494	862	677	582	528	808	49	165	208	734	3	1	305	433	632	773	50	732	868	783	755	0	80	819	306	1	421	48	760	851	1	803	721	431	360	1	743	51	0	812	796	632	443	734	440	852	826	861	817	816	0	612	677	53	748	704	828	49	612	815	429	413	46	428	423	707	789	0	758	710
NC_063215.1	86000001	858021	857309	857512	857482	848809	855133	856698	855436	856545	855541	855641	852555	855855	64564	348468	854950	856886	852735	856791	857516	244634	228950	856169	298138	855975	855348	856432	855364	856639	846387	830916	855184	855221	848564	180202	855947	80069	856186	856182	856575	855203	856119	855923	855843	856603	855925	856515	855227	834802	854957	339128	855695	857300	856333	852923	856502	854110	456483	855379	854989	291174	536114	857045	841308	855296	857346	196926	393991	857646	855573	856838	857423	313582	857134	856805	266505	855813	857671	855276	857204	834167	855760	355282	619624	856318	856288	857422	857499	855450	857452	857214	857590	857530	857349	857694	857010	857436	857315	846138	842378	856374	847206	857464	856854	855012	856722	741274	855369	831037	805890	813357	856714	856389	487448	619404	856539	836425	852462	622301	737473	822373	856107	857352	856184	857645	853643	856235	856191	320628	857601	624337	854837	839731	856768	855792	853732	856843	855552	834948	855962	769967	857189	846169	857134	856281	856301	856961	803576	856928	854688	854131	856643	857014	857288	857231	857596	856414	787392	846314	856127	849161	843153	829983	856492	815567	853981	853280	839936	856061	744520	851166	846014	854094	811707	854107	847785	492	677	766	491	721	0	668	664	712	215	757	211	26	180	764	752	755	746	715	147	101	681	134	0	0	783	688	36	490	750	0	211	766	1	0	35	671	213	752	785	660	657	207	785	774	676	211	675	0	175	660	680	745	731	494	762	212	0	679	0	279	704	710	1	497	92	217	756	696	215	217	14	496	0	133	711	217	756	761	0	657	203	422	216	1	810	497	656	757	223	679	499	677	768	757	678	752	712	702	628	573	712	757	732	632	450	703	743	678	164	782	650	256	378	215	2	2	448	557	483	753	674	212	711	470	738	1	198	769	456	0	620	661	736	691	0	774	650	621	563	1	494	680	0	757	748	475	638	768	629	702	483	705	754	768	0	468	726	670	698	740	689	655	650	687	635	608	651	629	625	488	697	0	728	690
NC_063215.1	87000001	835917	835562	835640	835476	828183	833539	834712	833628	833089	834279	834065	832476	831542	46993	199369	834317	834580	833035	834642	835416	48371	140845	834443	64328	834156	834634	834804	833522	835002	828518	830852	834427	812586	828548	101407	834291	47815	834317	834016	834743	834664	831726	834152	833454	834865	833994	834633	833268	823449	833059	92614	833893	835471	834598	835561	834537	829830	247179	831086	834307	78609	231124	834254	807647	831332	835298	54075	92557	835799	831034	834034	835321	57104	834657	834390	96249	835177	835698	834750	835424	816758	833146	107623	323738	834782	834211	835492	835415	833750	835286	835432	835578	835412	835359	835718	832816	835513	835460	828509	771941	830846	830777	835338	835492	833659	834803	530593	834887	741183	733388	651539	828715	835057	274147	307630	834656	786092	821719	305988	497475	717495	835189	835640	826319	835565	832585	834180	833729	56278	835624	329743	831418	799097	834425	833576	833966	835334	832427	826937	833964	617804	834748	794854	832740	833575	835226	834820	687611	835041	829119	834286	834672	834915	835295	835172	835635	834009	677574	771887	831669	777515	788193	827477	834293	663940	828509	813683	776425	828445	527118	801426	767772	816556	776479	819912	816528	738	255	634	707	353	1	249	245	721	667	683	638	29	73	177	360	567	355	723	29	57	254	13	0	0	587	704	0	249	166	0	582	553	0	1	18	256	658	174	595	250	244	650	579	280	256	657	464	0	21	249	258	178	178	721	659	62	2	255	15	64	494	587	435	271	13	37	366	498	648	667	20	266	0	30	509	669	713	174	419	247	38	87	658	2	110	740	248	358	737	254	729	255	638	349	257	361	548	592	750	727	506	712	683	782	372	508	227	245	442	278	250	104	198	650	2	0	99	236	183	365	257	629	506	707	355	447	21	176	41	0	656	252	357	506	1	271	517	767	472	0	638	250	1	713	615	501	780	105	776	501	266	508	174	175	0	168	544	240	439	538	491	251	362	466	726	668	236	62	684	608	457	0	660	625
NC_063215.1	88000001	657383	657028	657099	657052	649168	655065	656459	655477	655357	656061	656848	656024	653818	27208	130153	657088	656021	654620	656002	656886	35782	79684	656995	46223	655339	656570	656308	655417	656581	648674	654224	655584	654028	649884	54093	656007	22991	656021	656149	656268	656875	655025	655931	655117	656316	655515	656359	654879	651283	654604	70702	655675	656978	655890	657017	655954	654674	197233	653305	656789	64263	197286	656124	640150	653681	656899	42751	75973	657229	654638	656134	656941	41631	656403	656448	66960	657234	657127	657052	657060	650312	655158	78614	270695	656455	656198	657053	657036	655472	656960	657036	657167	657037	657109	657169	656421	657013	656944	652225	625823	655230	652922	656829	657168	655725	656126	442773	657120	607373	594049	559633	654985	656853	265195	283845	656523	624515	648098	257102	425338	585330	657252	657156	653547	657177	654838	656137	655857	49106	657169	274359	654627	635707	656344	655530	656312	656529	654185	652214	655512	511839	656689	639409	656498	655549	657255	656461	555840	656407	654501	656082	656413	656477	656823	656606	657076	656151	550194	628189	654996	638325	629390	650225	656177	560884	652292	647563	627120	654734	445443	639700	624770	649156	612675	651085	647309	5	5	3	11	702	4	3	3	631	647	621	605	0	58	7	723	709	726	644	16	20	10	0	1	5	719	618	0	2	7	0	621	690	0	3	0	7	641	3	737	7	7	620	735	723	3	629	592	0	29	3	6	3	3	10	626	4	6	4	0	98	622	546	5	6	18	27	735	623	629	643	26	0	6	52	647	645	641	3	5	3	38	201	638	6	732	5	5	722	5	7	5	3	6	728	3	631	680	551	585	569	646	650	614	610	8	650	614	535	467	719	3	133	186	627	12	8	196	316	10	734	11	629	650	8	713	12	30	3	2	1	533	5	714	654	6	705	668	591	394	10	5	3	0	642	3	5	610	693	607	631	0	644	3	8	1	0	8	12	604	4	624	7	474	604	591	531	2	369	553	495	619	5	612	574
NC_063215.1	89000001	515921	515526	515688	515641	512797	514120	515118	514225	514463	515213	515295	515293	514121	34055	181351	514944	515223	512736	515008	515566	69112	110498	515501	96001	514546	514963	514944	514329	515183	511375	513379	514346	515266	511415	83884	514727	40736	514536	514632	515085	515345	514509	514740	514215	515045	514512	515129	514179	511847	513252	111999	514377	515499	514574	515135	514662	515202	221591	513891	514883	99240	225516	514836	503557	513883	515476	66581	118926	515615	513145	514937	515401	78875	515259	515096	95234	515504	515700	515344	515538	512857	514298	122490	279144	515279	515026	515640	515644	514609	515526	515563	515682	515559	515613	515805	515473	515579	515522	509822	493847	514426	510869	515577	515631	514330	514947	386123	515271	482445	471054	445736	514050	515123	221241	260823	515069	494982	509802	268866	375308	466559	515569	515767	513200	515797	513618	514916	514749	79358	515719	273974	513734	501046	515072	514690	514245	515144	513931	509025	514584	420924	515438	503070	515089	514390	515492	515234	452745	515265	513425	514629	515166	515161	515418	515492	515686	514772	448450	497101	514295	501269	498631	506268	515058	449444	513018	508808	496319	513497	378723	505575	495005	509766	491484	511672	507693	187	190	3	176	393	0	181	182	456	460	275	438	0	51	190	397	410	395	459	37	45	0	8	0	0	439	441	0	0	172	0	456	415	1	185	0	189	447	185	445	183	184	437	437	379	188	445	269	1	43	184	188	186	188	189	270	31	0	189	6	91	271	253	182	0	23	83	446	265	271	456	48	0	0	55	277	461	273	187	172	179	52	151	453	1	444	191	182	400	190	187	188	187	3	398	187	223	397	256	526	504	274	274	263	543	80	274	342	336	360	387	188	92	195	441	148	3	173	205	128	448	190	437	276	183	437	182	49	188	34	0	486	187	392	273	0	387	391	531	393	0	160	189	181	274	3	127	547	428	540	268	0	274	189	190	0	1	3	190	266	3	268	180	248	262	522	493	173	261	511	357	261	146	264	249
NC_063215.1	90000001	857995	857531	857750	857509	855731	855229	856646	855726	856310	856733	855860	857324	856411	50774	306355	855786	857441	854059	856711	857482	129385	172149	856811	178250	856217	855977	856670	855674	857092	852203	856066	855892	857027	854421	128326	856541	59208	856379	856313	856806	855894	855762	856384	855715	856865	856022	856663	855464	852567	854843	206478	855860	857402	856443	856735	856382	856367	407577	855837	855843	203547	402022	856683	846149	854707	857322	127918	193038	857529	855227	856702	857439	128612	856990	856661	190822	856843	857607	856315	857494	855193	855421	191105	485474	856684	856529	857549	857624	855607	857458	857660	857765	857424	857422	857758	857352	857539	857490	846569	831380	855877	849790	857395	857166	855091	856595	656743	856899	816735	802611	756781	855835	856574	290834	418117	856462	829760	849001	445614	643817	786338	856668	857589	855471	857761	854316	856145	856137	144477	857672	471774	854411	842283	856364	855847	855755	856824	855125	842609	855898	711026	857181	843202	857303	855578	856939	856878	766818	857093	854216	855516	856875	856943	857305	857241	857606	856196	775072	836474	855417	844469	837915	840602	856133	777366	853036	851364	833143	853806	669439	847144	831535	852929	820699	852931	844853	259	262	5	255	689	0	250	256	798	795	682	783	0	152	261	716	707	710	799	50	99	0	26	0	0	727	767	0	0	259	0	791	714	2	260	0	259	772	259	736	167	255	778	731	698	255	775	669	0	87	256	260	250	255	253	678	71	0	258	38	187	683	626	248	0	54	89	735	671	670	794	51	0	0	97	691	797	680	259	251	252	69	314	791	0	739	261	256	705	261	259	259	257	5	715	261	1	656	643	599	646	680	683	649	604	165	688	643	604	631	706	256	144	253	765	226	2	301	436	217	735	259	782	692	249	711	248	75	259	100	0	572	255	696	680	0	680	623	599	491	0	245	260	247	688	5	207	616	695	608	669	0	685	261	259	0	197	15	259	662	14	667	250	559	653	610	587	242	513	593	636	669	229	657	626
NC_063215.1	91000001	832589	831974	832235	832093	823425	830067	831243	830240	830350	831171	830789	829285	829052	64082	218630	831306	831529	829748	831148	831849	69871	147925	831496	92318	830782	831571	831335	830019	831253	817389	824833	831097	811862	822403	115921	830911	68923	830971	831113	831114	831193	828413	830931	830328	831150	830286	831014	829467	817183	829740	123987	830558	831989	830836	832102	830800	826071	265688	828855	831186	108173	243054	830886	807570	827760	831763	81861	115552	832347	829336	830938	831983	76090	831284	831241	135973	831980	832369	831602	832092	814682	829714	123123	325403	831463	830807	832048	832086	830256	831915	831965	832304	832016	831967	832265	829615	831897	831958	824846	769342	829298	827596	832000	832417	830062	831320	539059	831976	750395	732515	650694	825858	831787	285286	316063	831488	781180	817318	307703	505321	718148	831981	832385	826465	832384	829415	830783	830576	87772	832330	336482	828477	802662	831044	830102	831166	832256	829240	825405	830483	623411	831698	795659	830149	830439	832044	831406	689518	831836	827666	830663	831254	831347	831855	831892	832218	830446	683081	773283	828303	781598	783797	822614	831279	670009	826347	815862	777213	826296	524726	805023	770363	819401	767210	818435	812751	411	431	463	385	516	0	414	420	523	526	348	504	32	62	432	524	403	520	531	47	60	0	52	0	0	410	505	0	1	389	0	457	389	0	418	0	415	523	422	414	445	417	511	408	511	428	510	388	0	27	423	435	421	432	410	348	95	1	431	52	54	398	316	391	0	19	0	367	409	361	530	39	0	0	33	418	533	369	426	367	434	51	137	526	1	366	414	417	526	407	434	413	423	466	508	428	36	377	319	3	492	417	370	352	3	227	417	424	279	363	502	417	84	1	514	360	0	160	184	328	367	432	499	418	391	353	399	22	430	132	0	3	419	513	418	2	510	361	3	9	1	374	430	419	371	450	326	4	334	3	407	0	413	429	434	1	297	363	423	372	356	407	420	270	390	3	3	406	204	4	436	382	334	340	323
NC_063215.1	92000001	835996	835385	835645	835411	830927	833296	834815	833496	833436	834219	833655	834259	832419	52184	253321	833662	834808	832950	834659	835394	85709	149089	833934	112852	834220	833917	834688	833698	834604	827450	832128	834119	823608	828562	117546	834305	63083	834255	834156	834751	833959	832686	834183	833475	834789	833916	834382	833066	822807	832573	138248	833836	835405	834566	835280	834347	829834	330919	832006	833569	133784	286596	834382	814536	831756	835182	94288	115271	835719	831354	834424	835394	78831	834715	834646	146686	834662	835693	834111	835423	828442	832852	128813	370500	834860	833931	835523	835538	833618	835372	835501	835630	835406	835323	835698	834532	835477	835338	825599	779819	833257	826864	835343	834394	832604	834726	562132	834059	759622	751950	664371	831265	833878	213026	324677	834332	790134	823453	335381	535986	730739	834571	834927	830431	835701	831362	834458	833893	82187	835556	364283	831965	808319	834539	833762	832012	834763	832954	820910	833810	633163	834865	805259	833629	833511	835027	834693	700218	835129	830822	832977	834782	834839	835297	835141	835562	833712	710280	787764	832627	797395	794359	821809	833753	687635	830990	821051	790539	830360	556172	810415	783951	824805	788079	824853	816576	518	561	516	497	678	0	543	542	656	652	599	632	16	110	563	694	591	690	650	28	56	2	43	1	2	601	637	0	2	543	0	595	579	2	546	0	553	630	556	604	508	554	637	599	675	549	639	563	0	52	541	564	552	562	512	577	130	0	562	68	120	592	524	500	0	35	21	614	592	596	649	38	0	0	47	608	655	611	561	479	618	41	197	641	0	614	521	549	698	521	563	518	558	521	688	563	532	551	513	228	657	603	613	586	248	280	603	561	462	448	687	554	75	70	642	480	2	214	312	439	611	564	635	612	497	601	512	35	560	195	1	229	551	681	604	2	682	520	239	175	2	465	561	528	614	511	364	246	570	243	600	1	608	556	563	0	389	446	538	553	446	577	553	431	564	242	227	520	320	230	589	571	484	568	531
NC_063215.1	93000001	823516	822941	823129	823086	816467	821179	822456	821126	821090	822435	822299	818576	819685	35858	190087	822639	822010	821364	822132	822976	44621	119240	822317	68606	821888	822977	822221	821087	822520	814506	816317	822016	781269	815091	93089	822048	40357	821663	822093	822244	822599	818954	821962	821262	822256	821673	822217	821156	815751	820544	97295	821462	823069	822102	822929	821866	812262	239560	818943	822717	88289	233252	821798	799398	819217	822847	66138	107206	823360	820670	821657	823079	57053	822305	822306	127471	823122	823356	822785	823141	799521	820753	100841	327553	822067	822013	823134	822890	820954	822764	823017	823090	822971	823004	823279	819417	822882	822903	815249	763147	820669	817075	822896	823286	821165	822339	539020	822879	745846	740816	649304	818982	822595	218708	303414	822307	779968	811280	307455	505239	711782	823065	823265	818452	823240	820135	822033	821405	69833	823140	339081	819713	797618	822079	821134	822356	823218	820644	813208	821424	615519	822763	791546	821251	821250	823161	822330	687167	822886	818820	822154	822403	822461	822920	822874	823111	821936	686919	773659	819573	780613	781507	811495	822045	665760	818067	811334	776396	818191	535129	802514	770547	812339	772920	812124	805881	636	632	701	608	750	0	619	619	638	625	658	616	15	0	631	760	264	757	633	18	34	1	25	0	1	266	613	0	1	594	0	513	252	1	625	1	618	630	622	267	655	632	622	269	761	618	624	1	0	0	611	637	627	636	632	626	101	0	633	37	1	1	609	612	0	0	24	684	1	683	629	18	0	0	30	1	641	698	630	558	621	32	193	629	0	685	635	618	764	637	633	634	621	699	742	629	715	244	590	260	703	2	699	663	267	338	2	632	532	437	758	621	1	63	623	537	2	212	2	488	684	635	615	2	602	669	625	0	622	221	0	239	624	766	3	1	742	234	263	188	1	577	630	606	699	687	471	268	641	261	2	0	2	631	643	0	461	538	626	1	557	1	611	0	1	258	239	595	340	254	658	3	533	647	599
NC_063215.1	94000001	834287	833741	833820	833595	830057	831208	832878	831762	832213	832348	831556	831965	831637	55043	275375	831248	833457	831110	832935	833605	98082	172972	832057	144372	832280	831754	832701	831657	832883	824752	829692	832585	830058	828746	136523	832439	62445	832335	832489	832919	831786	831109	832453	831836	832978	832348	832683	831462	827978	830937	175572	832142	833584	832436	833537	832802	830090	350983	831248	831053	169252	330757	832620	821979	830379	833579	107301	163467	833884	831624	832656	833753	111750	833056	832996	185917	832640	833912	831120	833637	826178	831253	164744	422361	832741	832262	833607	833753	832163	833405	833678	833890	833611	833493	833894	832874	833684	833622	825773	789662	831669	827872	833789	833172	830812	833122	600603	832335	776910	763044	707918	830896	833051	303097	390233	832956	798035	824197	392237	585112	740416	832221	833860	829631	833979	830710	832678	832149	123412	833905	416608	830174	816836	832812	832047	831201	833487	831765	823443	832032	661877	833471	812867	832492	832038	832873	832974	721673	833452	829425	830851	832827	833121	833468	833382	833757	832386	729958	797230	831196	808953	804415	819292	832645	717969	829390	825739	801203	830042	602809	818227	795946	825925	790736	826131	818809	590	705	546	582	579	0	687	684	592	593	537	587	9	0	702	585	1	584	592	42	55	1	69	0	0	1	576	0	0	673	0	560	0	0	692	0	689	581	691	1	530	583	582	1	586	695	576	0	0	2	673	593	696	702	591	529	174	0	704	72	0	0	478	566	0	0	1	549	0	541	590	36	0	0	2	0	504	546	702	561	581	47	213	582	0	543	589	690	583	593	706	589	701	550	594	702	627	1	485	1	540	0	547	516	1	369	0	507	444	444	587	680	0	2	575	599	0	235	0	563	546	704	578	0	552	537	581	0	703	275	0	1	685	576	0	0	581	1	1	3	0	544	702	662	546	532	461	1	518	1	1	0	1	698	591	0	526	541	684	0	521	0	686	0	0	1	1	668	319	1	520	0	603	517	494
NC_063215.1	95000001	839372	838629	838849	838558	834198	836416	837875	836739	837568	836506	836054	838113	837505	73921	362978	835600	838919	835028	837902	838815	139345	229607	836657	182967	837539	836233	837879	836943	837936	824090	836550	837517	837430	835534	181056	837448	90580	837577	837694	837976	835683	836776	837488	836678	837900	837118	837617	836316	833982	836407	205752	836952	838529	837688	838353	837341	837377	411321	837118	835487	202612	383988	837944	825111	835571	838633	136864	189153	838722	836573	837845	838786	138229	838283	838072	203826	836577	838875	835497	838877	834920	836613	219413	465551	837978	837557	838723	838753	836461	838379	838296	838713	838721	838615	838993	838479	838606	838445	828785	808233	837069	832081	838751	838542	836314	838119	642196	836672	795323	780008	742223	836442	838001	335222	422731	837760	809230	830621	420432	624618	766151	836880	838842	836332	839088	835210	837345	837413	131071	838981	447867	835827	826093	837710	837063	835638	838566	836573	828693	837575	691597	838514	822661	838089	837205	837448	838361	746149	838491	835009	835051	837836	838362	838598	838466	838981	837682	755932	815086	836714	821022	815545	823834	837357	754500	833743	832793	814057	835333	647395	828125	809164	833176	803358	832763	826726	830	746	407	825	810	4	715	734	823	822	401	814	12	1	726	832	2	808	833	21	115	8	78	0	0	2	807	3	0	722	1	835	1	1	723	0	723	811	736	2	399	803	803	1	821	732	808	732	1	0	719	828	738	734	806	397	246	15	734	114	229	731	3	793	1	0	1	400	0	397	824	93	1	0	1	0	406	404	737	790	798	113	332	820	8	407	828	722	823	831	747	831	743	400	826	745	808	1	369	1	772	0	410	374	728	538	0	740	336	657	822	719	1	1	812	663	0	335	0	606	408	751	820	0	792	392	813	0	743	294	0	2	729	814	1	1	811	11	1	5	1	789	748	704	408	400	658	3	377	1	1	0	0	726	834	0	579	746	725	0	748	4	707	0	721	3	2	693	239	1	739	1	655	371	359
NC_063215.1	96000001	845371	844899	844960	844911	840123	842821	843983	842782	843339	843987	843682	843181	842347	46124	229919	844100	844151	842143	843963	844768	83588	139200	844419	119253	843676	844443	844144	842928	844308	837811	841149	843929	837050	837793	105591	843655	44303	843561	843809	843921	843715	842373	843530	842752	844105	843361	844079	842799	839267	842199	161714	842926	844780	843764	844931	843859	840893	314033	841761	844047	144398	342765	843884	831476	841251	844531	99419	159955	845099	843153	843937	844663	107075	844144	844148	163539	844746	845001	844384	844873	835555	842615	163352	443458	844160	843756	844879	844898	843132	844700	844786	845062	844745	844826	845087	843568	844771	844734	836923	811360	843234	838710	844770	845063	842862	844332	634879	844378	793700	782903	733014	841787	844434	340571	423467	844255	811314	835458	414371	614158	762707	844671	845005	842339	845141	841914	843731	843534	119996	845068	441736	841019	828330	844024	843267	844387	844974	842166	836320	843525	686654	844618	825031	844154	843110	844878	844268	737079	844630	841587	843557	844119	844419	844666	844479	845008	843677	750833	814990	842544	824261	816578	832998	843894	744768	839429	837657	817173	841176	635646	829935	811044	837660	803803	837935	832452	614	614	2	587	595	0	604	604	611	611	1	604	0	0	614	610	1	599	615	1	45	0	29	1	1	1	595	0	0	588	1	557	1	0	591	0	608	608	604	1	1	600	593	1	599	599	604	583	0	1	0	617	612	618	607	1	122	0	612	50	136	604	1	585	0	0	1	1	2	1	608	35	0	0	1	1	2	2	610	552	589	48	218	600	1	1	616	596	609	613	617	610	610	2	602	610	563	1	0	0	565	0	2	1	607	377	1	525	0	452	599	602	2	4	595	527	1	13	1	479	1	617	596	2	570	2	591	1	616	231	0	1	598	602	2	0	598	2	1	6	1	566	614	573	2	2	471	0	1	0	1	0	2	607	611	0	472	549	605	2	550	1	594	1	592	1	2	590	0	2	538	0	534	1	0
NC_063215.1	97000001	824831	824206	824353	824334	814948	822178	823471	821986	822304	822895	822823	820017	820812	41656	219883	823259	823320	821997	823332	824102	72289	135463	823466	99118	822934	823582	823407	822278	823565	813989	819113	823059	779700	814677	106091	823111	48372	823031	823229	823248	822949	820364	823028	822193	823608	822861	823273	821555	814463	821546	124907	822573	824141	822944	824292	823225	815000	302288	819675	823142	120779	267027	823046	803804	820442	823937	85464	117581	824552	822167	822939	824202	72069	823588	823493	145876	824027	824514	823229	824293	803265	821649	116511	348191	823463	822862	824388	824302	822200	823894	824202	824511	824207	823933	824477	819844	824197	824136	816114	771686	821243	819647	824217	824312	822588	823782	546377	823857	748624	735198	661276	819914	823994	272148	337333	823713	779131	811423	312318	512532	713967	823622	824546	818735	824570	821189	823047	822680	77479	824367	357775	820832	796736	823080	822615	823350	824608	820992	817164	822230	618923	824131	792134	822427	822237	824014	823398	686471	823849	820589	822515	823455	823621	824137	823915	824430	822912	695361	770346	821134	787454	779236	813663	823200	678672	818619	810277	780553	818500	536074	799501	771358	813200	770656	813145	809275	554	600	2	551	583	1	583	379	587	590	3	580	0	1	594	592	1	582	594	1	43	1	14	0	0	1	571	0	0	635	0	485	1	0	585	0	586	584	662	1	1	380	574	1	579	392	578	566	1	1	0	393	658	597	583	3	131	0	594	49	103	580	0	579	0	1	1	3	1	1	592	31	0	0	0	1	3	3	598	520	574	48	181	589	606	3	596	642	593	590	598	586	673	2	576	595	523	1	3	2	564	1	0	4	590	334	1	495	2	432	575	587	1	5	582	550	0	1	3	473	3	715	581	1	559	3	577	1	591	213	0	2	571	583	1	0	569	1	2	1	0	69	594	369	3	2	448	1	3	2	1	0	1	594	595	0	437	514	585	1	499	1	581	2	556	2	2	549	3	2	505	0	487	3	3
NC_063215.1	98000001	836215	835415	835742	835675	829350	833615	834888	833699	833645	835094	835271	831964	831549	43005	222620	835636	834894	833678	834766	835634	58898	142720	835204	87818	834598	835787	834877	833999	834938	829449	830825	834813	802235	828277	105771	834373	46016	834285	834502	834755	835355	832881	834129	833828	835010	834164	834783	833446	825270	833215	116945	833780	835665	834516	835630	834766	829264	269837	830183	835405	106644	278076	834711	815897	831801	835500	74464	122571	835983	833112	834563	835719	74691	834927	834916	124231	835916	836002	835720	835759	818175	833484	127751	361229	835041	834253	835821	835619	833573	835563	835581	835842	835615	835464	835756	833233	835596	835752	828434	779375	832588	829854	835616	835228	832902	835051	569075	835523	761782	754324	679831	828872	835044	287015	352398	834988	793687	821883	348943	545679	729228	835921	835490	830840	835888	832435	834378	834382	84726	835913	376007	831930	808354	834671	833703	833911	835530	833331	826187	834025	640908	835416	806409	834089	833429	835938	834834	709324	835461	831517	834848	835167	835144	835503	835460	835837	834462	710008	787036	832701	795386	795134	820567	834696	692244	829667	820250	787717	828956	560017	808411	783391	824120	783004	823027	817212	875	662	542	450	478	0	644	535	481	484	516	455	9	1	659	474	6	477	480	23	37	540	29	2	122	7	466	0	0	819	1	361	5	3	646	1	649	478	869	6	3	6	462	5	471	541	472	429	4	2	2	4	865	661	480	502	84	0	658	37	80	464	0	464	0	0	1	547	3	529	479	30	0	0	0	3	546	547	655	392	462	42	120	480	833	547	481	872	481	482	660	481	877	548	460	660	400	7	455	7	447	195	0	516	482	224	3	360	420	309	461	646	5	3	468	754	4	4	4	345	548	721	457	4	450	531	466	2	655	228	1	5	636	471	4	1	463	6	4	5	1	494	655	1	545	535	327	125	504	5	4	0	5	654	484	0	471	373	635	119	400	5	638	6	458	4	4	613	284	5	375	3	563	500	471
NC_063215.1	99000001	836344	835615	835959	835713	831924	833206	835095	833846	834422	834019	833727	835599	834666	65998	333293	833135	835742	830946	834816	835821	151223	197128	834288	204205	834145	833746	834762	834029	834854	825111	833544	834104	835562	832222	156471	834631	75601	834481	834636	835017	833345	834047	834071	833902	834743	834475	834848	833352	828145	832808	231951	833768	835431	834500	834988	834647	835170	405767	834192	832857	218923	424857	834982	826595	833706	835665	142366	238742	835818	833588	835054	835729	174298	835152	834780	216807	834391	835908	833377	835794	833952	833681	225558	518841	835036	834753	835793	835801	833711	835588	835618	835872	835688	835740	835989	835716	835795	835612	824210	811276	833795	827375	835724	834596	832440	835195	677573	833639	799135	787048	760269	833899	833816	379342	490918	834493	812576	826645	483980	669399	778664	834394	835605	833769	835644	831246	834773	834457	180214	836032	511605	831884	822982	834982	834357	831745	833611	833621	820020	833836	716551	834377	821747	835446	833396	834731	835102	761458	835576	832011	832712	834737	835215	835340	835546	835964	833962	766835	817830	833825	823378	815316	815993	834257	770073	830240	830558	816482	833033	680765	825325	812302	831106	798459	830658	824295	318	474	755	767	773	0	863	744	792	795	718	778	37	115	884	831	443	824	791	109	121	753	128	2	794	465	775	4	1	314	2	795	462	33	865	3	863	766	316	471	460	463	752	469	818	738	766	747	2	85	4	473	311	874	768	717	282	5	875	150	212	765	3	755	1	52	71	294	466	741	795	128	1	2	66	474	715	716	880	759	772	155	370	778	841	293	779	312	820	774	475	776	314	753	832	879	785	422	670	413	756	774	5	696	785	554	469	773	662	663	816	871	168	204	777	289	4	233	360	672	291	876	776	471	727	741	747	94	888	419	1	413	863	818	466	2	807	442	407	362	3	725	878	3	717	734	667	826	708	2	468	1	468	872	797	0	737	722	866	755	721	455	863	429	740	420	412	834	539	405	767	2	785	689	656
NC_063215.1	100000001	829624	828928	829154	829102	824912	827098	828165	827041	827631	828338	827670	828376	827446	62370	331692	827280	828934	825637	828311	829143	140795	203950	828290	200920	827625	827943	828057	827612	828452	816538	825338	827742	827307	824379	163250	827777	76869	827815	827950	828184	827546	826910	827646	827172	828208	827707	827827	826992	824141	826572	219188	826950	828863	827733	828159	828015	827729	383343	826869	827170	196465	424193	828303	819228	826628	828986	137464	239232	829082	827584	828209	829076	169176	828813	828280	197023	828237	829098	827468	828941	825071	827104	239251	514872	828194	828009	829083	828880	827191	828965	828971	829192	828864	829123	829277	828654	828928	828808	819995	803771	827552	821485	829071	827391	826188	828611	676346	827789	796284	782681	751482	827209	828108	395879	503004	828247	805606	821493	486847	668718	773037	828116	828703	827661	829394	824987	828033	827995	181668	829360	512560	826074	817254	828268	827309	826107	828089	827056	813212	827472	712186	828534	815431	828548	827061	828262	828652	752914	828881	824887	826767	828244	828683	828792	828669	829305	827721	762569	811877	827262	817050	811877	803873	827525	767908	824234	824072	809468	826229	680965	819386	808325	824999	797179	824218	818038	890	898	744	636	905	0	873	747	935	938	891	916	44	256	667	851	792	846	940	87	113	758	108	0	941	808	895	702	0	873	692	911	793	85	656	25	647	924	873	821	914	937	915	827	835	730	913	628	6	110	6	950	886	886	628	888	244	6	660	132	233	639	661	629	1	85	124	797	927	729	933	137	6	0	100	954	462	466	662	629	901	163	427	407	737	812	640	867	847	643	903	644	894	761	855	665	220	745	813	646	782	646	706	630	920	519	939	804	658	787	854	651	253	304	899	823	0	311	686	585	804	792	922	951	606	750	619	135	899	457	0	609	897	843	941	0	830	722	635	521	485	720	670	0	903	751	589	852	707	0	932	6	939	660	939	0	570	616	884	633	624	911	885	821	615	644	621	863	546	628	808	0	604	441	431
NC_063215.1	101000001	812943	812408	812664	812418	801747	810532	811797	810615	809774	811200	811599	802336	807887	31101	142060	812268	810986	810910	811722	812357	27483	96609	811816	36884	811108	812400	811576	810361	811875	802889	806182	811497	710582	800604	68532	811231	28411	811177	811481	811799	812167	806962	810826	810246	811856	811115	811341	810233	797750	809823	65094	810687	812376	811465	811860	811331	785377	187354	805875	812198	56275	162057	811305	786115	808075	812170	38613	70015	812778	809857	810819	812436	36497	811507	811471	90587	812581	812662	812182	812579	758525	809800	73557	252238	811673	810964	812396	812514	810866	812277	812460	812663	812379	812452	812658	804440	812533	812448	806821	736423	808835	808634	812462	812774	810415	811821	477092	812480	711585	694241	609542	804378	812261	249029	276693	811936	748579	794399	239520	443285	680235	812376	812752	804249	812671	810101	811140	811079	49237	812571	279003	807931	770220	811324	810575	811281	812635	809028	807981	810640	569794	812166	768079	809514	809893	812546	811395	640631	812258	805964	811538	811618	811768	812310	812241	812550	810632	638129	735461	807235	748332	752893	804684	811313	607752	804188	789608	743025	803673	452486	775642	738707	793279	742008	793120	791446	902	911	796	761	843	0	890	934	860	894	509	864	4	76	907	926	944	931	910	6	32	952	7	205	912	941	884	536	0	844	953	579	845	21	878	7	893	899	893	956	911	736	883	961	838	787	888	773	306	35	0	741	894	912	772	595	82	1	900	24	65	835	439	802	0	10	17	662	925	776	909	18	0	1	17	972	1	0	905	632	838	24	123	0	534	447	849	877	845	845	912	855	907	966	790	902	4	893	457	423	813	846	545	422	901	342	972	664	627	578	825	885	168	97	887	706	1	61	401	597	133	547	844	968	765	945	824	27	915	182	198	368	888	840	969	1	811	858	424	202	846	805	899	1	758	652	545	944	727	1	954	0	934	894	874	1	562	679	874	726	683	918	882	582	788	376	340	846	288	369	685	1	667	1	3
NC_063215.1	102000001	838216	837596	837793	837656	833608	835318	836936	835830	835825	837302	837025	836047	835317	47520	285183	836763	837195	834192	836709	837575	89223	162576	837453	128100	836322	837350	837003	835587	836935	833457	835052	836530	832755	833000	122127	836421	50866	836412	836414	836718	837021	835139	836192	835416	836995	836097	836733	835242	833247	835106	165499	835915	837386	836600	837290	836529	833390	345170	835024	836782	158480	368480	836803	823887	835143	837258	99268	172234	837784	835576	836671	837437	112363	836932	836692	171621	837721	837773	836957	837652	831174	835265	168537	465832	836936	836500	837636	837605	835732	837618	837699	837703	837633	837484	837929	836764	837624	837430	830536	807580	835710	832198	837514	837248	835755	836985	649283	837136	792294	787280	739875	835051	836730	364691	446890	836955	807617	828987	434212	637749	763443	837565	837775	835423	837885	834827	836442	836122	118925	837871	462650	834504	823662	836940	835880	836599	837746	835200	829659	836382	694336	837538	820836	837184	835451	837711	836849	744637	837477	834624	836447	836628	837144	837499	837218	837794	836341	762207	811211	835395	822046	813652	819529	836354	750795	832959	831759	813112	834172	650580	825546	806950	832142	803643	831362	826272	734	734	998	294	896	680	713	984	735	735	3	716	26	139	735	729	954	725	735	2	74	998	54	1	740	992	704	2	665	683	324	963	312	53	716	0	722	721	726	996	974	2	921	326	909	991	715	942	943	66	0	2	731	737	984	2	222	0	734	21	224	988	2	298	685	59	93	2	985	976	737	65	230	0	103	1007	1	1	734	928	716	63	315	1	2	970	1002	712	910	999	738	998	997	1004	902	729	4	300	2	711	838	768	2	928	733	351	995	822	863	589	546	719	258	391	712	658	0	423	632	816	0	3	947	1001	524	983	960	97	735	389	931	864	978	541	1003	0	894	870	931	744	983	936	735	0	2	1	808	735	943	0	991	1	997	733	737	0	601	904	718	923	913	964	705	820	940	689	633	678	632	665	834	0	652	1	2
NC_063215.1	103000001	830356	829731	829828	829826	824634	827047	829109	827822	828301	828238	828187	829649	828240	53683	305198	827893	829583	825257	828823	829839	148466	191403	829061	197798	828445	828424	829075	828140	829292	821812	827391	828550	829784	824395	146287	828527	66588	828589	828432	828926	827757	828536	828517	828204	829044	828301	828920	827375	825835	827186	227364	827924	829593	828648	828238	828814	829322	397101	827156	827635	207726	422818	829140	818393	827039	829607	134709	237988	829820	827151	829126	829710	169092	829453	829036	201349	829080	829833	827682	829601	827251	827872	227674	512906	829151	828995	829850	829751	827833	829818	829692	829896	829616	829690	830080	829659	829605	829731	820403	806412	828796	823247	829718	829640	827284	829178	664711	828760	793630	780038	752648	828070	828790	370898	478911	828808	807499	821903	480408	657450	770285	828573	829605	827989	830110	826320	828966	828555	175513	829986	500834	826701	817817	828860	827971	828312	829490	827509	817702	828030	706977	829450	815375	829386	828548	828912	829263	754663	829604	827395	827460	829096	829071	829664	829431	829919	828827	757938	810788	828081	815984	809598	810763	828642	764788	825749	824191	809898	826677	667883	819245	806105	825389	797113	823553	818550	684	688	822	0	792	910	672	927	682	690	602	679	20	140	392	683	899	669	692	73	77	835	128	0	690	829	662	605	884	675	746	941	731	71	389	23	674	590	678	833	931	601	930	765	824	803	675	887	835	119	0	610	670	668	938	608	79	0	394	0	52	907	565	0	914	95	147	607	913	533	680	126	910	723	136	949	1	1	389	890	588	1	366	0	597	876	915	666	545	919	689	917	941	950	773	393	308	680	558	667	779	1	605	828	682	522	831	760	710	323	743	388	230	374	669	642	671	411	642	150	0	609	917	841	717	817	891	129	684	81	176	733	566	739	824	0	813	706	834	710	184	793	396	700	610	596	154	686	771	0	927	323	947	388	689	719	339	176	599	0	171	541	432	727	182	812	686	581	385	796	699	691	354	1	1
NC_063215.1	104000001	845017	844304	844473	844375	839581	842042	843647	842435	843246	842908	842455	844069	843399	57473	347416	841770	844434	840175	843485	844525	205191	195000	843476	258053	842972	842526	843588	842744	843794	834953	841476	842806	844424	838219	150946	843015	61141	843100	843170	843573	842088	842952	843090	842544	843610	843049	843336	842132	840344	841988	307406	842556	844209	843302	842676	843244	843969	444013	842714	841524	267616	478848	843437	833242	842217	844213	175745	316020	844439	842355	843836	844326	251130	844045	843682	249600	843344	844418	842151	844272	842018	842319	298723	579130	843724	843343	844448	844316	842342	844392	844365	844607	844339	844301	844634	844357	844341	844295	833715	820999	843138	837188	844397	843956	842197	843792	701612	843244	808843	795925	771540	843096	843260	396082	537242	843590	818950	838729	542800	689515	792715	842552	844484	842691	844667	840862	843413	843131	250581	844635	559322	842297	831044	843590	842926	842324	844204	842644	828245	843001	731328	844117	829378	844290	843083	843481	843924	772483	844318	841677	841377	843603	843991	844190	843932	844612	843518	774685	824098	842764	831109	826149	812616	843387	783061	840327	839510	822426	842226	706369	834625	825156	839920	813075	839958	832987	902	917	862	1	712	558	906	839	913	913	749	897	23	199	608	913	813	903	921	103	121	912	166	0	918	762	886	747	661	899	775	853	785	95	602	23	904	828	902	911	838	728	822	800	828	857	885	674	444	183	0	748	911	886	833	748	7	0	612	0	6	675	696	0	681	118	237	751	834	601	907	178	679	677	31	702	0	0	722	675	736	0	417	15	741	816	696	888	2	394	914	682	834	850	737	608	859	724	708	888	764	2	755	359	902	642	905	770	807	493	801	602	271	183	352	865	660	234	651	17	0	748	839	750	758	899	664	190	920	19	14	134	2	785	903	546	803	787	367	335	16	864	606	662	752	740	16	912	722	102	840	663	840	607	919	689	525	16	826	0	14	0	1	690	14	801	453	810	437	785	755	669	551	0	1
NC_063215.1	105000001	679391	678585	678975	678903	676476	676838	678083	676880	677669	677716	677774	678670	677820	59735	316956	676807	678946	673995	678070	678850	110207	205396	678133	163486	677713	677083	678111	677327	678403	673638	678135	677037	678883	676834	156805	677789	73482	677651	677473	678066	676702	677373	677119	677300	678018	677075	677953	676496	675508	676914	177935	676771	678814	677591	676650	677502	678294	349398	677537	676837	169182	315765	678148	671084	676099	678480	110441	153275	678907	676832	678183	678686	114215	678288	678129	161912	677906	679059	677378	678755	677173	676757	183464	385765	678201	677831	678938	678717	677012	678797	678502	679010	678681	678706	679051	678918	678831	678795	670729	654280	677308	670150	678861	677872	676405	678103	520156	677478	643911	634810	600113	677098	677505	254290	349938	677508	653452	672097	358858	506688	620807	678032	678377	677245	679149	675140	677847	677468	113248	679090	370350	676085	667191	677874	677613	676095	677784	676708	667920	677477	560956	678468	665766	678447	677201	678036	678181	605093	678658	675509	676244	678049	678343	678649	678252	679061	678012	614561	659543	677557	668258	660976	661001	677357	612491	674924	674757	661612	676289	530578	670443	656865	674551	649611	674669	669131	54	216	482	2	458	1	207	35	216	55	448	56	23	19	474	216	32	214	219	39	30	52	70	0	218	450	206	448	196	214	467	39	476	16	464	31	214	493	212	54	36	441	498	484	206	479	212	186	437	23	0	455	213	211	36	449	75	388	471	0	53	192	421	0	195	16	40	451	37	470	58	66	424	48	0	198	1	1	214	192	433	90	105	213	446	56	21	59	487	195	56	195	36	36	265	469	100	425	402	55	191	486	449	177	57	300	55	400	48	362	473	463	17	62	9	192	21	84	29	183	1	454	495	1	425	55	187	12	219	96	198	0	484	478	53	217	455	53	184	149	212	53	471	19	455	448	180	219	427	0	35	419	37	467	220	22	387	202	492	0	201	2	475	367	205	458	425	481	302	451	97	21	414	1	1
NC_063215.1	106000001	21549	20796	21277	20832	20956	20391	21105	20891	21237	21214	21506	21444	21381	1239	13659	21259	21340	19887	20864	21466	10824	8702	21475	10052	20953	21432	20761	20992	20996	21126	21198	19820	20220	21262	6185	20437	3347	21139	20332	21126	21279	21093	20460	19961	20971	20595	20588	20681	20603	20596	9321	17631	21217	20960	20115	20830	21426	18345	21303	21334	13960	12549	21217	21078	21079	21306	8873	12989	21308	21159	18732	21086	6895	21094	21036	13916	21531	21503	21513	21364	21239	20148	8946	18134	20644	20883	21300	20746	19519	20761	20840	20924	20864	21154	21061	20741	18730	18035	17923	19432	20329	18351	20933	21163	19889	20967	19709	21006	20639	20999	19462	19810	18199	11058	15791	19741	20046	15539	16267	19460	18275	21531	21125	20998	21419	19370	20772	20527	8772	21322	16674	18698	21149	20425	20727	20293	19852	20097	15289	20415	19455	19303	21127	20887	19436	21504	20536	19567	21284	19531	21214	21144	20259	21301	18631	21446	20308	20903	20360	20731	20587	21053	17923	19739	21094	20395	20118	21238	19098	15568	19450	17335	20830	21172	20813	17211	0	0	0	0	0	0	0	0	0	0	0	0	0	0	0	0	0	0	0	0	0	0	0	0	0	0	0	0	0	0	0	0	0	0	0	0	0	0	0	0	0	0	0	0	0	0	0	0	0	0	0	0	0	0	0	0	0	0	0	0	0	0	0	0	0	0	0	0	0	0	0	0	0	0	0	0	0	0	0	0	0	0	0	0	0	0	0	0	0	0	0	0	0	0	0	0	0	0	0	0	0	0	0	0	0	0	0	0	0	0	0	0	0	0	0	0	0	0	0	0	0	0	0	0	0	0	0	0	0	0	0	0	0	0	0	0	0	0	0	0	0	0	0	0	0	0	0	0	0	0	0	0	0	0	0	0	0	0	0	0	0	0	0	0	0	0	0	0	0	0	0	0	0	0	0
NC_063215.1	107000001	446777	445327	445975	445829	423438	443882	444959	444512	445537	443870	444431	446107	446097	55118	221582	443128	446067	440736	445339	446471	161078	152826	445372	195051	445364	444007	445401	443958	445525	398664	434177	444026	430919	436360	128409	444233	74970	445466	444107	445606	443452	444872	444842	443897	445006	444140	444664	444364	434445	443979	197369	441871	445876	445266	440011	445147	445204	276195	445586	442292	181186	300467	445925	440585	445377	445826	130097	220962	446217	445422	443486	445933	174373	445815	445282	167572	444958	446491	443603	445857	440748	444581	197671	344287	444549	445495	446432	445984	443876	445961	445729	445999	445834	445925	446417	444340	443925	443781	438304	439099	445234	438034	445813	444521	441981	445526	403485	443497	437593	426779	432734	444856	441876	286003	349732	443554	437253	438606	335472	409116	430495	444380	445020	445822	446235	441184	444555	444968	183871	446420	347042	442473	440650	444999	444840	440341	443392	444243	428455	444065	410519	444416	442695	444812	443641	444756	445630	423208	445949	442658	443319	445058	445201	445872	443730	446309	444676	422432	443503	444684	442870	441988	422644	443963	436890	443192	443943	442429	444225	407167	442745	438439	444696	423233	444655	436699	371	2	373	2	363	2	2	2	2	375	375	373	0	0	375	1	2	2	3	85	1	374	114	3	3	370	3	368	2	2	362	2	370	84	363	38	3	368	2	369	3	363	368	364	299	373	3	4	359	112	5	371	2	2	3	378	160	365	373	0	189	2	363	2	2	0	1	371	2	1	372	105	366	363	0	2	3	3	3	2	368	136	1	369	371	373	374	361	374	2	374	2	2	2	432	3	4	348	363	367	285	369	376	298	371	324	371	368	349	354	364	364	3	189	300	2	363	198	3	354	2	373	366	3	341	365	2	1	2	259	363	2	372	368	370	3	364	318	306	278	368	370	1	350	375	367	338	2	360	2	3	363	4	2	2	365	344	363	369	4	365	3	368	365	355	2	368	362	315	2	0	370	345	3	2
NC_063215.1	108000001	142746	140885	141469	140610	137579	135432	140544	138394	141038	142033	141583	141457	142123	17792	81283	139740	142350	135102	140507	142041	80167	58236	142277	83010	139244	141411	138098	138747	139914	134938	135855	136902	134121	135418	53087	138511	25261	139571	138286	140111	140906	139845	137403	136534	139646	136864	137314	138755	137709	135625	82781	119278	140652	139781	135448	139592	139375	107562	140826	139443	84902	98412	140940	136737	140489	141558	63209	90522	141311	141117	139560	141453	78122	140323	140164	81188	141884	142067	141185	140831	138741	136640	85646	112013	139808	139313	141931	141087	138435	140921	140658	141870	140809	141255	141966	119375	140122	120798	131082	135592	139554	130517	140172	140020	134110	140986	126680	140310	137806	132206	133698	138683	134937	104501	119363	135928	138227	133078	110812	129369	135222	141691	140173	139945	141824	133133	139853	138910	83402	141739	115864	136443	139628	138951	138438	136927	138281	137039	125462	137358	129233	137824	140894	141505	137359	141418	139396	133956	141273	135962	139374	140362	138970	141720	139488	141913	139377	131020	139963	139861	141861	140492	131697	136586	137501	138931	141418	139014	136862	126122	140317	116990	141448	133089	139566	131333	52	0	69	0	66	0	0	0	0	53	68	53	1	4	70	0	0	0	0	39	0	52	38	0	0	68	0	68	0	0	70	0	65	10	67	9	0	66	0	52	0	67	66	65	73	68	0	0	58	33	2	68	0	0	0	70	37	69	67	0	32	0	67	0	0	0	0	67	0	16	53	37	70	52	0	0	0	0	0	0	67	39	0	53	70	53	53	48	69	0	52	0	0	0	19	19	2	66	66	52	69	66	70	76	52	62	50	67	44	66	67	67	5	66	79	0	50	52	0	50	15	70	69	0	61	51	0	0	0	48	52	0	67	67	47	0	66	46	81	83	53	53	17	53	71	67	48	0	71	0	0	67	0	17	0	52	58	51	66	0	50	0	65	67	50	17	66	69	59	17	2	50	62	0	0
NC_063215.1	109000001	757736	756621	757112	756894	753104	754318	755774	754616	756257	755368	755500	756722	755471	69661	315764	754396	757252	750306	756011	757011	192200	194136	756143	239908	755655	755277	755700	754874	756267	741721	756507	754879	756764	752977	155662	755467	76453	755705	755235	755627	755123	755624	755234	754337	756274	755498	755600	754368	750992	754317	280974	751373	756699	755684	752483	755217	756571	393981	755633	754647	242170	449922	756230	747972	754662	756812	167332	293693	756783	754676	755641	756624	226610	756185	755825	223716	756143	757046	754818	756555	756038	754119	281227	527652	755329	755921	757148	756946	754382	756784	756732	757003	756854	756820	757145	752958	756641	753544	746152	739906	755340	749681	756797	756212	752751	756080	640938	755572	732790	717004	705563	755061	754754	421627	515206	754403	737228	749290	491995	638423	715730	756098	756745	755673	756942	752445	755608	755664	233873	757343	516695	752658	744294	755909	755280	753864	755424	754659	739513	755201	660399	755472	745972	756467	754472	756177	756200	694299	756646	753162	754383	756350	756106	757055	756418	757280	755644	697907	745390	755465	750607	745420	727074	754643	709815	753599	754732	744791	754166	640280	751048	738402	753867	728125	754310	745791	293	233	616	0	612	1	333	2	4	296	619	285	27	0	612	2	480	2	2	90	0	295	115	0	371	185	2	609	0	3	592	3	570	45	605	34	334	465	2	220	2	610	607	605	261	607	326	0	178	0	4	617	2	1	2	619	86	434	688	0	95	0	575	0	0	0	144	579	20	391	293	125	618	290	83	0	0	0	0	0	593	160	1	293	603	293	294	287	622	336	296	340	2	2	494	400	172	553	562	284	243	624	621	250	291	438	167	538	256	601	581	675	5	136	578	317	275	139	96	251	295	615	611	219	568	288	0	1	0	106	271	493	465	579	168	6	563	198	260	215	294	284	402	281	619	610	323	512	552	339	1	612	1	400	2	1	520	346	453	209	350	211	466	212	284	609	585	460	412	589	154	288	636	1	0
NC_063215.1	110000001	804790	803906	804038	804111	801270	801553	803381	802071	802859	802699	802604	803971	802967	55580	303213	801753	804023	798644	803153	804220	184451	173560	803232	230219	802685	802097	803159	802088	803505	797894	800704	802502	804409	801056	137691	802713	65345	802758	802936	803141	801988	802901	802512	801747	803342	802491	803071	801559	796328	801965	264593	802405	803982	802608	801940	802472	803851	424059	802444	801058	238622	442416	803230	793662	801593	804073	158197	266518	804085	802510	803540	804145	192767	803451	803527	232868	802987	804282	801873	804007	801592	802196	245215	515661	803264	803124	804106	804059	802084	804104	803816	804293	804012	804101	804382	804124	803940	803985	795880	780854	802545	796232	804153	803594	802157	803542	657158	803041	770721	755620	727594	802305	803162	356709	489834	803347	781468	795953	485979	643970	749742	803057	804048	801987	804497	801401	803075	802951	204892	804461	513965	801383	792619	803372	802725	802281	804008	802349	792089	803000	689632	803839	791048	803883	802576	803354	803641	729454	803846	801400	801042	803374	803654	803870	803850	804434	802882	737251	785335	802124	791742	785962	778058	802645	746097	799996	799703	786003	801724	663518	793819	781909	799094	768531	800176	793479	539	309	314	0	214	0	535	310	171	546	1	535	21	27	142	168	210	166	313	24	20	383	46	139	315	353	304	2	0	311	375	315	378	36	2	5	537	53	314	437	306	138	351	311	360	310	537	0	357	31	0	143	309	169	303	143	187	161	544	0	130	0	300	0	0	27	64	171	222	534	545	60	223	377	32	0	1	1	141	0	134	51	149	385	2	382	383	528	224	71	546	387	312	316	55	545	55	293	293	523	350	220	312	344	533	304	0	351	483	443	378	531	68	166	547	501	362	28	274	477	544	2	361	367	353	538	0	40	173	302	367	144	359	375	0	311	370	445	51	288	379	347	548	371	142	304	2	219	164	383	310	219	141	541	314	0	120	360	51	359	364	351	361	0	371	1	131	52	230	1	1	371	489	302	284
NC_063215.1	111000001	841803	840942	841108	841102	833120	838802	840342	838987	839598	839138	840195	839978	837836	56739	245401	839766	840457	837608	840064	841023	114165	158381	840309	161514	839473	840250	840088	839184	840138	830076	838843	839905	840591	832461	122821	839392	58596	839566	839605	840249	839718	839075	839558	839182	840202	839511	839948	838699	833826	838752	200803	839058	840964	839737	840314	839946	839843	333887	838303	839509	169723	405267	840199	832754	838886	840982	114186	211134	841238	839633	840323	840918	144386	840540	840486	161321	840563	841101	839819	841084	836936	838765	188075	518793	840294	839929	841220	841182	839195	840880	840913	841242	840782	840869	841358	840735	840965	840820	832413	815649	839720	835214	841199	841117	839261	840631	683710	840389	807038	798897	763599	839431	840683	357082	494734	840713	816340	833467	486691	677147	780637	840706	841309	839572	841525	838308	840163	839964	157414	841511	512034	838411	830195	840136	839172	839780	841429	839099	830791	839427	718146	841122	828688	840752	839457	841058	840462	764737	840988	838583	839065	840073	840825	840974	840727	841368	839993	779733	820663	839538	829964	822250	817509	840288	775635	836994	836440	822740	838283	691097	831912	820700	837649	808407	836397	829256	608	609	610	0	5	0	591	596	3	614	3	598	21	0	615	3	5	3	611	64	59	4	72	603	613	602	583	3	0	596	4	609	4	0	2	30	600	206	593	4	597	597	597	303	398	603	597	0	595	78	0	613	595	3	593	605	6	3	611	0	1	0	574	0	0	1	1	3	4	600	610	74	5	4	72	0	1	0	606	0	594	1	314	4	3	1	4	591	5	0	616	4	609	612	214	613	212	535	571	600	366	5	611	387	607	4	0	4	532	518	4	594	0	190	394	558	4	177	424	5	614	3	595	612	4	602	0	2	3	314	4	4	396	4	0	608	3	4	204	330	4	590	613	4	617	600	0	5	3	4	598	5	339	604	608	0	523	5	207	595	4	596	396	0	4	3	577	203	424	3	280	4	560	588	556
NC_063215.1	112000001	776769	775908	776048	776074	770871	774121	775334	774511	774778	775217	775279	775354	774137	57301	311976	775651	775919	772822	775404	776285	101471	193768	775695	144117	775306	775860	775715	774857	775416	771285	773212	775166	773977	771323	158957	774592	70771	774727	774890	775269	775899	774049	774646	774310	775360	774518	775417	774132	768962	773919	141132	774414	775880	775074	775586	774783	775091	355312	773169	775307	145899	294403	775309	763091	773427	775647	101534	132948	776426	772801	775490	775973	89238	775634	775021	159880	776533	776197	775561	776263	772376	774192	159473	359694	775141	774597	776358	776417	774694	776301	776226	776179	776253	776278	776155	775410	776253	776309	770572	744868	774544	770869	775838	775651	774529	775491	548669	775403	724934	712119	667288	773692	775764	301176	354262	775875	740817	766831	330655	535513	691991	776255	775416	773179	776149	773279	774621	774516	86879	776361	361844	773472	754573	774937	774841	773684	775589	773236	768102	774418	612247	775484	756918	775586	774421	776323	775758	672726	775855	773545	774784	775323	775783	775481	775976	776033	775225	679311	748343	773706	755110	747039	757610	774558	676445	771728	767943	749181	773367	552446	762097	743484	769477	732483	769567	765396	620	631	630	46	3	25	589	593	44	644	2	601	22	1	642	3	19	4	610	97	84	41	84	596	633	603	586	2	38	623	5	644	5	17	2	34	614	620	595	5	617	617	582	31	37	596	591	31	597	79	0	629	595	18	623	602	31	34	630	0	16	0	585	0	16	0	5	4	29	592	635	74	3	40	118	0	0	0	597	0	597	2	213	28	34	0	5	594	3	0	636	5	608	627	636	609	608	555	549	588	43	38	645	4	621	37	39	40	495	481	5	598	8	14	1	548	44	2	357	35	608	32	608	636	37	628	29	0	184	230	5	3	31	5	36	642	33	29	617	34	56	593	610	5	608	604	1	38	4	29	625	4	27	606	636	0	460	34	631	613	34	608	38	6	5	34	115	573	387	29	579	31	538	582	543
NC_063215.1	113000001	355479	354177	354436	354537	352514	353547	353829	353132	354184	353703	353887	352203	354556	40161	213480	353620	355207	351481	354487	355204	99933	126691	354321	127391	354177	354403	354432	353846	351669	352144	352738	354151	352126	354382	118282	351000	53350	353214	353390	354236	354826	353183	353007	352455	353891	353076	353973	353307	351976	352851	124158	350575	354599	353377	352925	352252	355023	248555	352909	353675	128305	184723	354748	347873	353449	354218	86260	102953	355207	352910	354605	354352	79696	354789	354099	126116	355147	352213	352003	355079	354815	353690	107890	200837	353845	350494	355140	355148	353238	355121	354899	354597	355067	355211	354682	354383	354903	354814	351374	339261	354235	349592	354330	353820	353455	353946	262350	351235	328259	328185	301710	353790	353695	167687	194566	354221	334256	346604	178866	260471	314972	355117	351262	352759	354461	351515	353342	353385	68958	355253	193070	353080	343589	353750	354206	350268	353289	351972	346094	353002	285686	353510	343150	354980	353559	355106	354711	305919	354126	352108	353562	353555	354341	351576	354599	354632	354500	313030	341310	352984	343546	339850	331432	352310	306842	352200	347658	340124	352796	260679	343326	337485	350103	329880	352365	345988	303	293	302	56	0	39	262	263	50	303	0	267	22	1	305	1	42	1	270	81	63	49	58	266	301	261	263	0	51	314	0	324	0	25	0	28	306	293	261	0	294	301	257	38	49	267	259	54	292	68	0	313	257	20	287	269	43	42	309	4	24	0	292	2	43	2	16	1	43	266	305	68	0	43	84	0	0	0	266	0	256	2	122	35	42	0	0	259	0	0	303	0	267	299	309	266	271	250	246	255	69	61	330	1	315	52	52	68	233	271	0	263	7	36	0	292	64	6	159	77	270	66	306	319	58	299	48	53	268	132	0	0	47	0	75	319	45	76	313	76	56	293	270	0	271	259	6	34	2	39	295	0	51	266	300	0	210	62	308	304	49	301	53	3	0	48	64	258	205	54	285	56	274	257	247
NC_063215.1	114000001	807736	807185	807432	807384	801297	805245	806700	805497	805828	806502	806612	805734	804750	42954	225180	806665	806877	804235	806476	807200	63565	142620	806884	92717	806225	807028	806551	805492	806400	802411	802857	806315	806158	801733	113738	805866	48780	806037	805999	806570	806657	805248	806126	805083	806705	805861	806423	805382	801997	804733	115063	805260	807261	806153	807341	806218	805107	287406	804359	806729	103940	266370	806309	790507	803864	806884	77382	102982	807547	804881	806371	807168	61421	806686	806514	130871	807168	807228	806633	807249	798514	805042	123004	363525	806701	805793	807357	807290	805901	807306	807364	807374	807417	807194	807559	806747	807252	807090	802213	761714	805080	803456	807255	807452	805298	806660	559190	807060	746372	738100	672525	803908	806546	295615	356283	806537	767611	794034	327579	534099	714409	807472	807088	803900	807506	804771	806093	805875	74760	807459	376833	804310	787843	806359	805639	806097	807051	804566	800839	805517	626798	806861	783127	806040	805454	807362	806634	685003	806919	803326	806422	806641	806733	806807	807007	807330	806128	700954	770464	804829	781867	771738	794999	806162	688791	802569	797254	772484	802296	559402	790288	764701	798948	762720	799271	793673	638	643	641	0	1	0	628	636	1	639	2	622	16	0	639	1	1	1	643	31	45	1	35	631	643	634	619	2	1	604	0	631	1	1	3	24	630	483	629	1	626	636	621	1	151	629	626	0	620	51	3	644	627	1	630	616	2	1	639	0	1	0	559	0	0	0	0	1	0	629	640	31	1	1	57	0	2	3	632	0	625	0	182	1	3	0	1	626	1	0	645	1	639	644	490	637	496	599	567	619	140	1	643	146	631	0	2	4	508	465	1	629	5	57	145	564	6	53	345	1	640	2	632	644	5	625	0	0	641	213	1	3	149	1	1	640	1	4	481	120	1	582	642	1	646	626	0	1	1	1	627	1	2	638	643	0	479	3	482	600	0	611	149	2	1	2	0	467	340	3	561	1	541	608	584
NC_063215.1	115000001	822192	821557	821854	821688	819165	819654	820969	819785	820431	821278	821036	820764	820471	52091	290468	820973	821435	818172	820773	821718	124510	167522	821401	171480	820336	821269	820789	820024	821025	816287	819802	820508	821143	817633	127887	820234	59382	820492	820547	820924	820952	820267	820325	819923	821030	820490	820742	819528	819181	819207	220110	819720	821628	820481	821447	820592	820491	384271	820122	820744	197762	420777	820904	814184	819509	821448	129219	238126	821845	819824	820904	821658	150702	821209	821244	216809	821577	821725	821071	821591	818350	819730	212887	517196	821030	820761	821761	821670	820057	821564	821658	821877	821661	821549	821942	821209	821611	821385	815431	801034	820678	817054	821689	821780	819861	821119	672958	821334	791092	783687	751727	820295	821162	381658	496007	821152	797998	815092	477532	662397	766949	821460	821713	819827	821992	819397	820640	820552	164777	821788	502248	819128	810636	820874	820027	820921	821778	819440	814600	819918	701920	821490	810765	821612	820175	821628	821093	749749	821551	819570	820593	820869	821216	821436	821382	821819	820794	764514	806426	819941	812532	805849	797401	820860	763496	818459	817788	805923	819039	673887	812537	803908	818022	793907	817779	813969	396	396	396	1	2	0	385	388	3	103	0	393	6	2	398	3	3	3	398	35	31	3	34	391	399	388	383	0	0	390	3	397	3	1	0	15	389	290	390	3	389	384	392	3	502	397	392	0	382	66	0	398	385	3	389	392	3	3	399	0	3	0	379	0	0	1	0	3	168	393	396	41	3	2	68	0	0	0	391	0	386	1	211	3	0	0	3	384	3	0	400	3	395	396	291	394	291	360	379	390	482	3	398	496	390	4	0	3	353	345	3	389	3	245	508	365	3	233	287	7	399	0	391	396	3	381	0	1	394	201	3	0	512	3	0	393	3	4	281	413	3	380	400	3	399	379	0	2	2	4	392	3	0	396	397	0	349	3	279	389	1	378	506	0	3	0	3	283	285	0	373	3	353	386	376
NC_063215.1	116000001	848406	847809	847978	847784	845108	845561	846997	845684	846730	847134	847206	847221	846000	44289	283644	846775	847572	843725	847080	847820	129145	158687	847607	178689	846668	846972	847015	845926	846890	844293	845298	846534	847593	844305	108929	846465	46467	846448	846816	846955	847077	846079	846491	846067	847168	846431	846953	845387	844643	845590	225146	846080	847778	846730	847396	846670	846937	373167	846169	846629	215110	443555	846851	839691	845388	847662	128987	243583	847991	846483	847125	847814	160254	847360	847184	202677	847537	847912	847091	847783	844703	845735	208387	543405	847180	846662	847855	847801	846295	847817	847587	847987	847862	847799	848077	847478	847792	847399	841456	826576	846607	841526	847820	847899	845912	847321	713010	847141	818602	807152	777715	846625	847619	395731	512430	847226	827193	840689	505163	692376	790862	847543	847996	846094	848239	845154	846546	846464	177556	847960	530601	844952	838296	846825	846234	846915	847873	845642	838433	846179	732129	847762	836741	847830	846395	847812	847339	777001	847465	845520	846588	846991	847491	847656	847519	848069	846630	793507	831757	846026	839206	832607	824490	846945	791822	844091	844566	831054	844785	706737	840965	829372	844680	815650	843534	837545	398	586	622	0	258	0	385	617	264	408	407	568	8	36	438	265	255	222	645	44	49	267	77	574	626	429	563	42	0	560	256	647	251	12	39	15	576	705	576	265	624	427	569	262	790	607	567	0	422	83	0	442	557	264	573	434	0	227	435	0	64	1	582	0	0	0	33	367	454	428	585	64	268	258	83	0	230	364	584	0	432	25	314	263	95	0	263	391	270	0	587	230	584	589	583	437	577	568	587	572	747	271	628	765	446	197	0	243	362	368	260	424	1	388	591	376	244	353	329	28	402	42	582	439	249	385	0	0	624	218	254	388	787	261	0	646	257	1	681	664	264	603	443	223	444	615	2	263	256	264	631	266	361	434	594	0	390	254	608	427	248	431	787	0	247	390	0	592	425	388	529	263	390	616	592
NC_063215.1	117000001	853263	852513	852641	852716	850755	850322	851858	850660	851481	852138	852069	852402	851257	48507	327570	851881	852486	848316	851734	852704	156476	175142	852495	207472	851122	852195	851880	850872	852059	848365	851123	851524	852737	849498	139134	851278	58484	851543	851485	851827	851603	851168	851216	850918	852031	851139	851543	850509	850480	850202	250337	850724	852561	851350	851745	851577	852206	422592	851112	851579	233837	468780	851646	843926	850499	852496	147793	263650	852823	851072	851897	852691	180977	852092	851979	238668	852603	852870	852048	852500	850312	850728	222992	566978	852071	851698	852614	852624	850929	852689	852582	852967	852567	852559	852909	852700	852575	852657	843967	832855	851338	845592	852777	852619	850015	852067	715312	851860	824006	813519	784805	850881	851385	381736	531208	851866	833087	845516	522639	712777	799973	852369	852722	851002	853024	849519	851556	851153	196885	852931	554371	850283	843371	851656	851011	851144	852377	850871	842618	851231	741400	852557	842467	852518	850966	852603	852055	784050	852519	849728	851192	851783	852320	852429	852408	852917	851164	797873	836153	850944	844378	836442	824706	851165	801719	849121	849707	836602	849713	721259	844711	834031	848620	825560	848309	842588	27	39	658	0	342	0	544	732	350	829	873	842	2	92	315	349	333	692	710	43	77	633	97	771	665	310	778	2	1	652	617	713	617	67	3	16	705	707	656	634	691	304	706	640	749	707	708	1	304	123	0	316	311	342	640	315	125	701	564	0	207	0	620	1	1	24	36	660	647	29	845	93	652	628	84	712	858	876	794	1	305	96	362	628	308	1	627	28	641	0	661	599	658	659	859	29	860	588	607	806	700	646	663	730	630	440	0	582	26	468	615	553	68	377	90	499	588	427	459	25	27	2	836	314	604	26	7	32	663	42	602	839	760	618	0	710	614	301	705	557	627	621	29	686	316	652	447	348	329	97	705	641	869	29	315	1	285	585	842	314	596	299	758	0	609	854	0	818	465	838	784	619	511	685	646
NC_063215.1	118000001	841220	840076	840118	840344	838033	837980	839302	837912	839126	839968	839677	839900	838971	59007	353051	839375	840105	836321	839340	840279	213907	189121	840418	276269	838819	840011	839334	838239	839614	836337	837098	838946	840269	836743	154555	838504	70136	838564	838694	839275	839324	838372	838645	838006	839559	838905	839072	837660	836400	837539	322287	838255	840100	838828	838868	838844	839495	469150	839391	839276	296040	513505	839564	834296	838260	840136	202770	341754	840454	839228	839794	840120	241751	839255	839638	292226	840316	840375	839848	840313	835838	837747	303889	619011	839203	839400	840271	840299	837970	840145	840259	840484	840230	840187	840515	839895	840344	839881	833320	823049	839091	834811	840185	840931	838811	839541	733333	840523	815210	809670	788254	838938	840197	401774	581004	840167	819167	834072	567415	731191	792975	840454	840789	839369	840981	838034	838768	838986	258099	840726	597590	838179	832921	839299	838483	839709	840790	838253	830019	838713	746521	840522	831393	840381	838430	840798	839576	773596	839995	838452	838993	839374	839980	840190	839940	840634	839552	797128	828645	838667	834483	828267	807122	839593	801027	837046	837763	828918	838392	740645	834332	823072	837464	816691	836975	829620	384	0	276	0	269	0	278	287	278	231	415	421	16	98	2	277	255	236	430	1	56	101	84	403	278	2	397	159	0	285	95	431	97	7	153	3	426	772	286	101	423	2	749	99	272	271	415	0	0	116	0	1	157	265	290	2	128	276	277	0	34	0	258	0	0	70	99	293	266	229	424	138	695	100	1	433	535	497	412	0	2	174	263	98	157	0	101	375	702	0	292	0	292	290	444	228	450	248	262	101	662	707	277	683	662	89	0	100	335	245	101	270	70	393	0	99	95	402	218	205	389	160	421	2	96	375	0	77	279	171	97	400	716	99	0	430	100	195	751	644	101	266	231	95	2	271	95	275	264	0	422	697	486	229	2	0	1	96	521	2	100	2	699	0	100	407	0	506	223	408	675	100	257	422	391
NC_063215.1	119000001	851353	850681	850820	850853	849735	848460	849918	848846	849783	849842	849423	850300	850067	57930	404077	849144	850604	847026	849789	850717	178231	213251	849889	232352	849415	849837	849751	848832	850114	847063	848850	849465	850360	849150	173938	849405	74105	849614	849580	849849	849079	849002	849370	848934	850129	849572	849730	848459	849019	848291	277615	848692	850550	849412	850092	849737	849509	468478	849527	849535	267903	476742	849892	844618	848729	850600	179777	269860	850930	849488	849838	850655	180063	850123	850099	286050	850162	850756	849414	850681	846976	848325	243477	575657	849873	849469	850834	850653	848728	850736	850776	850959	850686	850552	850941	850495	850610	850605	842926	827146	849418	843958	850706	850393	847602	850176	708748	849694	818827	812326	777540	848876	849749	372419	521830	849383	826610	843213	518475	700260	794643	850270	850654	848973	851010	847538	849754	849589	198565	850931	550097	848090	840583	849869	848700	849126	850523	848283	839422	849331	733061	850614	839889	850568	848726	850444	850113	777200	850420	847480	848815	849879	850090	850596	850133	850721	849566	800876	834359	849180	840527	834126	824650	849317	794143	846596	847862	835528	848253	718322	843508	831014	846688	827617	846437	838793	272	0	268	0	529	80	327	337	542	147	545	663	0	149	547	542	516	542	344	87	44	400	44	753	51	542	752	180	0	329	503	334	391	41	179	44	333	624	338	401	339	2	643	395	264	535	332	0	535	112	0	549	663	532	335	544	223	488	270	96	144	0	262	0	0	69	130	339	265	146	673	67	671	394	128	345	299	412	771	0	533	115	145	398	662	0	399	316	677	0	339	0	339	340	124	146	126	250	255	382	339	639	273	276	669	308	0	369	288	241	392	270	151	325	0	381	373	193	218	130	328	180	670	566	384	323	0	50	271	146	377	524	354	382	0	341	379	502	622	519	389	394	147	0	550	390	353	562	561	0	338	669	413	271	548	0	488	383	291	549	386	535	349	240	384	533	0	275	241	530	591	393	383	335	310
NC_063215.1	120000001	695638	692662	693642	693222	649239	691915	692579	690938	692577	690825	689539	673432	691827	124702	417085	688046	693146	688593	693286	693969	345012	320392	692254	383613	691787	688781	693274	691916	693340	638351	642326	691211	616371	646306	292421	691613	188591	691447	691388	693375	687164	691314	691513	692440	692362	691947	693037	689982	623401	692156	398806	691338	694088	692479	683609	692100	612506	454868	692952	687090	374323	479608	693299	681070	692003	694160	306968	402017	693805	693568	693671	691275	347440	694130	693109	356984	690934	693743	687885	693825	612286	692377	387568	504694	690939	693528	694019	693264	689627	694068	692950	693577	692952	693106	694313	693012	693222	692367	683347	685035	692566	684454	694006	693417	690672	693910	601472	690568	667962	625575	655487	693476	692125	463990	563200	692067	667916	688039	510471	611284	665449	690371	694166	690968	695103	689947	692564	692727	386542	694916	533492	691017	673925	692307	691915	689325	693434	691642	673230	691864	613906	693486	683885	694713	693197	691590	693237	628421	694348	691196	686717	692633	694418	693863	693756	694888	693304	621513	686640	692794	691163	685235	639961	691841	672305	688999	692111	684344	692041	614580	688544	686200	691910	606868	692288	682654	759	358	459	331	735	351	243	106	590	756	362	781	0	330	750	754	689	582	450	318	149	631	341	526	447	740	794	739	406	361	453	563	325	217	765	150	512	598	726	709	647	275	745	631	400	688	505	393	727	185	638	761	725	653	113	685	420	785	602	237	264	451	715	296	450	239	258	253	603	756	782	309	507	569	309	646	494	689	809	416	744	225	342	790	627	355	512	556	571	359	106	354	488	106	525	756	516	555	400	693	372	445	768	390	503	579	754	490	501	547	504	586	339	346	429	489	548	367	507	711	585	248	778	823	639	580	494	259	619	411	549	750	456	503	730	447	656	633	655	663	565	507	0	358	758	511	454	731	768	444	634	498	725	601	760	442	585	503	492	818	497	755	454	379	549	777	2	482	218	770	429	481	455	638	586
NC_063215.1	121000001	341896	341244	341153	341204	326956	340042	340630	339246	340741	340220	340577	340889	341315	52889	231919	339588	341417	336663	340370	341509	198477	165723	340963	223357	340576	340374	341082	340261	341173	316860	339126	339649	316635	327423	148664	340596	77392	340214	340036	340852	340026	340539	340396	340179	340663	340479	340163	339365	331854	340158	226140	340511	341338	340554	336166	340152	335093	266402	341005	339026	222138	264005	340638	338718	340917	341295	167439	223860	340743	340951	341196	341289	196461	341241	340757	206698	340487	341181	339223	341072	339295	340332	217416	283466	340649	340627	341531	341168	339727	341470	340822	341296	340965	341247	341319	341174	341360	340491	333933	336489	340512	335113	341118	340008	338393	340698	307556	339843	333684	322427	329982	339890	338058	219239	278648	338905	331483	335180	271751	314842	328275	340428	340356	340940	341627	337791	340687	340241	189270	341467	275357	338923	335803	340852	340733	338085	339064	339624	330238	340173	313272	339775	337479	341415	339638	340722	340939	319053	341162	338058	338889	340441	340252	341165	340357	341495	340429	321518	339111	340641	340213	339427	315606	338870	333640	340008	340655	338381	339190	312909	339908	336111	340216	324736	339180	333517	345	318	323	308	339	319	2	342	1	346	4	347	2	151	343	349	313	2	350	171	107	349	168	345	350	338	333	348	326	348	2	1	0	95	317	65	312	104	340	344	336	3	342	344	341	328	309	339	341	0	312	349	339	328	345	346	215	320	318	185	216	0	3	343	345	116	3	3	324	341	346	167	3	340	170	2	335	319	341	344	341	1	228	335	0	321	346	328	351	343	322	339	2	322	296	346	292	298	333	0	308	2	347	333	1	2	342	335	317	307	345	309	165	2	342	332	333	188	303	327	346	2	44	351	3	337	2	172	348	238	334	339	374	347	342	348	2	286	337	318	342	345	2	1	346	348	313	5	340	333	2	2	343	2	349	345	297	344	329	348	344	313	374	336	338	349	3	318	2	347	3	321	313	2	2
