chrom	window_start	sites_total	calls_AL101	calls_AL102	calls_AL103	calls_AL114	calls_AL119	calls_AL120	calls_AL121	calls_AL124	calls_AL125	calls_AL127	calls_AL129	calls_AL133	calls_AL134	calls_AL137	calls_AL138	calls_AL141	calls_AL142	calls_AL143	calls_AL146	calls_AL149	calls_AL153	calls_AL155	calls_AL156	calls_AL159	calls_AL160	calls_AL162	calls_AL166	calls_AL170	calls_AL173	calls_AL174	calls_AL175	calls_AL176	calls_AL177	calls_AL178	calls_AL180	calls_AL181	calls_AL182	calls_AL184	calls_AL185	calls_AL187	calls_AL189	calls_AL193	calls_AL196	calls_AL197	calls_AL199	calls_AL200	calls_AL201	calls_AL204	calls_AL207	calls_AL208	calls_AL209	calls_AL210	calls_AL213	calls_AL215	calls_AL216	calls_AL220	calls_AL223	calls_AL231	calls_AL238	calls_AL241	calls_AL242	calls_AL243	calls_AL244	calls_AL246	calls_AL254	calls_AL255	calls_AL256	calls_AL263	calls_AL266	calls_AL269	calls_AL272	calls_AL273	calls_AL274	calls_AL276	calls_AL278	calls_AL279	calls_AL283	calls_AL284	calls_AL288	calls_AL292	calls_AL300	calls_AL303	calls_AL304	calls_AL307	calls_AL309	calls_AL313	calls_AL32	calls_AL35	calls_AL75	calls_AL82	calls_AL86	calls_AL88	calls_AL91	calls_AL92	calls_AL95	calls_AL97	calls_AL99	calls_K1423	calls_K1461	calls_K1542	calls_K1544	calls_K1567	calls_K1579	calls_K1580	calls_K1583	calls_K1603	calls_K1606	calls_K1608	calls_K16100	calls_K1614	calls_K1617	calls_K1618	calls_K1623	calls_K1627	calls_K1632	calls_K1640	calls_K1650	calls_K1660	calls_K1663	calls_K1665	calls_K1669	calls_K1672	calls_K1680	calls_K1684	calls_K1693	calls_K1696	calls_K17007	calls_K17008	calls_K17010	calls_K17013	calls_K17014	calls_K17025	calls_K17028	calls_K17030	calls_K17032	calls_K17033	calls_K17034	calls_K17035	calls_K17037	calls_K17040	calls_K17042	calls_K17044	calls_K17045	calls_K17048	calls_K17052	calls_K17053	calls_K17056	calls_K17062	calls_K17064	calls_K17073	calls_K17077	calls_K17078	calls_K17081	calls_K17083	calls_K17087	calls_K17091	calls_K17094	calls_K17098	calls_K17099	calls_K17101	calls_K17102	calls_K17103	calls_K17104	calls_K17106	calls_K18010	calls_K18017	calls_K18019	calls_K18022	calls_K18034	calls_K18078	calls_K18083	calls_K18084	calls_K18091	calls_K19018	calls_K19019	hets_AL101	hets_AL102	hets_AL103	hets_AL114	hets_AL119	hets_AL120	hets_AL121	hets_AL124	hets_AL125	hets_AL127	hets_AL129	hets_AL133	hets_AL134	hets_AL137	hets_AL138	hets_AL141	hets_AL142	hets_AL143	hets_AL146	hets_AL149	hets_AL153	hets_AL155	hets_AL156	hets_AL159	hets_AL160	hets_AL162	hets_AL166	hets_AL170	hets_AL173	hets_AL174	hets_AL175	hets_AL176	hets_AL177	hets_AL178	hets_AL180	hets_AL181	hets_AL182	hets_AL184	hets_AL185	hets_AL187	hets_AL189	hets_AL193	hets_AL196	hets_AL197	hets_AL199	hets_AL200	hets_AL201	hets_AL204	hets_AL207	hets_AL208	hets_AL209	hets_AL210	hets_AL213	hets_AL215	hets_AL216	hets_AL220	hets_AL223	hets_AL231	hets_AL238	hets_AL241	hets_AL242	hets_AL243	hets_AL244	hets_AL246	hets_AL254	hets_AL255	hets_AL256	hets_AL263	hets_AL266	hets_AL269	hets_AL272	hets_AL273	hets_AL274	hets_AL276	hets_AL278	hets_AL279	hets_AL283	hets_AL284	hets_AL288	hets_AL292	hets_AL300	hets_AL303	hets_AL304	hets_AL307	hets_AL309	hets_AL313	hets_AL32	hets_AL35	hets_AL75	hets_AL82	hets_AL86	hets_AL88	hets_AL91	hets_AL92	hets_AL95	hets_AL97	hets_AL99	hets_K1423	hets_K1461	hets_K1542	hets_K1544	hets_K1567	hets_K1579	hets_K1580	hets_K1583	hets_K1603	hets_K1606	hets_K1608	hets_K16100	hets_K1614	hets_K1617	hets_K1618	hets_K1623	hets_K1627	hets_K1632	hets_K1640	hets_K1650	hets_K1660	hets_K1663	hets_K1665	hets_K1669	hets_K1672	hets_K1680	hets_K1684	hets_K1693	hets_K1696	hets_K17007	hets_K17008	hets_K17010	hets_K17013	hets_K17014	hets_K17025	hets_K17028	hets_K17030	hets_K17032	hets_K17033	hets_K17034	hets_K17035	hets_K17037	hets_K17040	hets_K17042	hets_K17044	hets_K17045	hets_K17048	hets_K17052	hets_K17053	hets_K17056	hets_K17062	hets_K17064	hets_K17073	hets_K17077	hets_K17078	hets_K17081	hets_K17083	hets_K17087	hets_K17091	hets_K17094	hets_K17098	hets_K17099	hets_K17101	hets_K17102	hets_K17103	hets_K17104	hets_K17106	hets_K18010	hets_K18017	hets_K18019	hets_K18022	hets_K18034	hets_K18078	hets_K18083	hets_K18084	hets_K18091	hets_K19018	hets_K19019
NC_063217.1	1	351147	349381	350595	349954	348074	348584	349557	347339	349720	350073	350104	350297	350236	40758	189649	349417	350849	346303	349576	350675	187829	125192	350214	210823	349579	350008	349655	348517	349965	348582	347734	348955	341457	347417	104247	348593	49163	349354	349448	349492	349770	349345	348972	346292	350250	349370	349874	348691	346664	348565	211570	348921	350571	346135	347397	347202	337609	260452	350580	348908	225065	257984	350273	346897	349185	350439	150660	207425	350046	350247	350255	350627	167508	350069	349950	202794	350465	350553	349435	349539	346187	348717	196792	282121	349603	349812	350183	350343	347501	350679	350206	350075	350187	350517	350410	350585	349199	349982	343968	343600	350198	344108	349849	350174	347364	350010	314235	350007	342384	334660	334474	349430	348064	213550	267331	347779	342778	344880	263168	316164	335705	349988	350393	350547	350720	346083	349759	349202	157430	350765	273845	348538	345990	350060	348930	347706	349355	347889	333949	349526	318068	349558	347640	350652	347592	350577	349713	328981	350561	347285	349129	348949	349908	350442	350328	350260	349581	328964	346833	349404	349554	346580	335598	348993	338499	349337	350096	346363	348528	319006	349127	345922	349782	336282	349009	342076	230	0	112	0	23	109	109	111	21	1	64	110	9	3	0	23	19	22	64	1	1	114	0	82	21	1	62	0	109	21	25	0	48	4	109	15	1	1	21	47	0	0	121	1	27	1	0	1	21	51	0	0	102	1	230	0	61	0	0	16	15	22	0	127	0	14	16	113	90	0	26	14	0	27	14	64	113	113	109	0	111	15	73	65	0	136	0	222	48	0	111	0	112	110	258	112	20	4	26	26	42	110	1	2	26	21	0	127	135	1	21	61	8	4	24	102	33	17	46	94	0	1	91	0	124	0	21	21	0	0	21	131	0	136	1	24	121	36	20	8	21	23	108	100	0	110	96	0	106	20	251	63	19	0	112	27	3	98	105	1	106	21	5	23	26	21	109	108	7	21	103	27	20	0	6
NC_063217.1	1000001	667918	665990	666566	666599	650889	663638	665422	663556	665394	665289	665650	625553	666431	105227	387371	664082	666324	660034	665235	666430	470975	335958	666088	476610	664513	664761	664995	664009	665263	650609	584317	663916	478562	645402	326251	664777	174745	664542	664496	664949	663505	664681	664682	663686	665482	664300	665068	663652	579790	663793	471506	664634	666055	664330	655806	663953	475245	494021	665740	663858	466122	512890	665953	634959	665914	666529	394260	499441	666416	665819	666155	666782	463005	666325	665928	449965	666072	666870	665026	665984	514528	665000	482952	482237	664181	665714	666129	666341	663908	666739	666198	666782	666218	666468	667001	664245	666212	666087	657252	660920	665623	656949	666951	665569	661613	665916	582563	664854	639242	584571	639510	666647	665047	544281	615886	665733	644913	661906	550787	589051	651292	665902	666680	666069	667178	662042	665745	665588	514242	667047	557045	664886	647061	666321	665335	659242	666073	665096	639554	665820	595734	666870	656707	667370	665512	666472	666202	605478	666482	664254	663669	664905	666199	666070	666243	667123	665862	568988	662081	665572	665144	657076	623042	665356	649413	663736	664899	651861	665605	597449	662798	660963	664963	587587	664533	654640	685	0	451	179	404	447	445	454	555	458	445	504	65	255	0	400	512	548	177	2	211	459	2	722	726	283	1	0	443	490	653	0	453	259	437	19	0	0	681	467	0	0	744	0	663	0	0	0	527	401	0	0	2	0	585	0	306	0	1	435	312	543	0	724	179	131	353	443	559	0	562	321	71	684	130	357	152	456	452	178	448	430	280	376	0	566	0	655	670	421	458	0	455	458	580	455	481	57	670	669	407	427	7	429	720	486	294	722	611	0	612	431	2	231	539	480	572	375	403	374	29	0	583	340	515	1	538	347	0	0	530	735	0	570	1	551	728	517	541	253	556	433	194	441	457	443	410	226	43	545	620	382	255	0	0	586	1	448	445	341	453	517	0	546	673	560	445	65	1	551	419	690	385	0	0
NC_063217.1	2000001	565243	562577	562951	562691	539673	559174	561348	559501	561225	556921	557664	421325	562236	105050	290763	553482	563242	555782	560972	562760	229628	202971	559375	246518	560551	555401	560855	559888	561539	529156	399537	560380	406275	526667	186537	560921	139571	560240	561349	560986	554058	560941	560586	557548	561537	560159	560573	560063	394170	560025	264779	560471	561987	558369	550557	559027	325646	297024	562406	551631	236409	341925	562290	510089	561613	563734	190890	303489	563062	562405	562456	563632	259389	561442	562820	258454	559037	563660	554693	562564	343641	561440	244792	344927	559424	561802	562125	563067	559687	562915	562066	563408	562390	563163	563612	547957	562674	562182	551452	550849	562467	549637	563385	556383	554873	562235	494871	559919	545637	475215	544046	563662	558598	424683	499197	560796	549334	559140	433009	492923	549586	559456	562521	562921	564412	556245	562269	562031	368009	564191	460625	561205	543879	562620	561669	538285	560530	561653	523012	562177	507521	563884	557369	564781	562116	561150	563045	526498	562878	557142	554633	560970	562769	563047	562703	563977	563011	479126	560102	562501	561267	553810	537779	561573	547352	559703	562295	547722	562780	502458	559007	559631	561817	448577	561605	544642	513	457	489	461	534	452	471	488	467	487	395	617	77	176	61	493	509	473	62	38	98	489	157	409	406	432	467	425	451	309	426	0	436	124	478	13	430	62	412	448	479	441	448	468	40	370	472	39	428	183	0	460	436	44	12	13	37	435	448	28	272	512	362	437	489	131	215	465	526	63	484	200	59	109	197	488	0	484	434	313	477	212	331	334	275	73	33	489	645	274	491	62	493	497	553	487	660	321	433	74	405	616	0	623	461	429	34	430	401	438	460	28	241	444	414	14	493	476	368	472	500	454	62	75	420	464	536	237	63	393	554	431	1	460	405	385	423	333	413	515	575	508	61	411	490	483	567	444	471	498	12	485	0	415	463	509	365	474	484	70	480	392	0	485	98	99	130	63	521	100	598	111	493	444	55
NC_063217.1	3000001	767705	766818	767084	767145	762407	764531	766138	764779	766089	766549	766679	762495	766025	49531	286196	766293	766504	763012	765859	767184	252028	175841	766930	291361	765600	766367	766163	765354	766406	762163	751773	765474	761449	763266	138134	765768	63522	765866	765763	766071	765987	765857	765713	765083	766310	765234	765832	764868	752071	764649	341959	765464	766996	765744	763777	765281	752911	419430	765980	765982	297985	493079	766505	750827	765393	766976	201094	376041	767160	765959	766869	766951	295501	766868	766671	263544	766957	767198	766397	766707	734510	765594	327542	573040	765920	765794	766891	767208	765288	766822	766795	767322	767004	766990	767278	766378	767047	767075	758644	756208	766316	759890	767083	766399	764483	766582	674115	766278	746540	725976	732268	766643	765611	481342	597246	766140	747772	763146	549452	677093	737708	766997	766938	766539	767303	763957	766165	765976	306597	767388	582498	765150	755345	766404	765787	763613	766690	765334	749268	766021	688974	766945	759367	767144	765755	767102	766468	717532	766620	764610	765717	766088	766704	766779	766700	767170	766281	708502	759858	765961	762893	755212	737485	766118	734236	764169	764439	756359	765422	681484	762054	757234	764668	735571	764959	759038	843	849	802	791	763	734	293	794	755	806	807	787	26	174	0	625	733	732	0	0	80	811	167	584	602	733	732	784	770	738	716	741	776	85	299	0	785	0	586	726	775	789	787	838	0	797	467	0	710	205	0	807	741	0	0	0	3	782	800	0	316	781	0	349	806	109	227	806	624	0	379	203	0	0	202	519	0	811	749	772	776	203	488	740	538	0	0	781	438	976	807	0	809	813	715	807	217	732	797	692	734	793	0	205	102	692	0	765	733	723	800	0	323	498	468	0	755	341	506	761	813	811	0	0	765	785	794	220	0	528	754	707	0	788	612	464	793	742	448	700	779	800	0	773	813	805	711	703	798	214	0	789	0	815	549	785	723	786	804	428	784	709	0	617	0	0	0	0	647	0	764	0	739	791	0
NC_063217.1	4000001	786431	785881	785929	786105	779741	783794	785119	783921	784340	785394	785605	783072	784305	34436	199392	785874	784844	784136	785200	785907	50345	113657	785668	74779	784876	786005	785071	784258	785337	779215	781753	784963	772337	776879	85354	784690	35886	784404	784874	785180	785546	782726	784369	784215	785185	784357	784820	783673	781575	783454	118921	783968	785564	784594	786053	784628	775687	270861	783011	785744	107303	256491	785020	774028	782226	785548	68844	101965	785989	783626	784794	785860	58013	785193	785379	143996	786249	785966	785970	785926	767414	783580	108231	336140	785195	784802	785771	785927	784480	785510	785728	786190	785730	785876	786204	783237	785953	785848	780692	737103	783857	782347	785931	785971	784230	785394	530079	785701	719007	716739	650393	781377	785314	287147	342134	785467	742894	773928	306244	502178	688411	786096	786203	782071	785851	783427	784675	784612	71379	786132	342276	782558	762990	784795	784073	784889	786025	782565	781226	784270	595500	785680	758757	784540	783632	786209	785252	661258	785437	781228	785271	785046	785114	785562	785451	786068	784612	674027	743549	782812	755685	747129	777185	784772	648603	780731	775171	747065	780975	521251	767080	741036	776171	738551	775935	772178	779	785	742	695	685	686	454	693	71	741	713	695	7	13	0	738	640	73	0	0	28	745	33	676	693	648	70	846	687	67	646	672	597	25	0	13	842	0	683	658	678	681	688	780	596	653	0	0	631	41	454	705	73	0	0	411	0	667	745	2	89	688	0	0	745	33	46	713	732	0	0	33	568	0	66	0	464	745	72	641	718	46	183	738	627	0	0	722	6	742	745	463	743	747	718	734	521	606	721	714	697	701	0	495	0	318	0	546	543	519	730	0	138	214	0	1	625	115	350	587	751	750	0	0	677	694	717	30	0	222	652	571	454	725	758	523	629	719	509	463	681	580	0	661	750	684	525	0	663	509	0	729	0	661	692	680	482	653	724	591	644	641	446	476	0	0	1	431	369	1	589	1	596	697	1
NC_063217.1	5000001	804145	803518	803671	803615	797563	801643	802766	801345	801661	802378	803112	801252	800643	44084	231169	803129	802689	800919	802811	803541	101327	137215	803343	140496	802160	803220	802765	801712	803033	795887	800098	802236	792258	797230	103611	802251	40688	802139	802548	802688	802793	800816	802257	801648	802647	802029	802444	801499	796507	801029	173764	801778	803436	802538	803497	802204	797314	302407	800461	802786	162781	336232	802757	787272	800370	803370	104792	185061	803800	801320	802978	803585	129366	803165	803115	169228	803726	803736	803210	803630	789490	801560	174538	415539	802902	802634	803534	803477	801784	803518	803306	803773	803518	803542	803855	801741	803529	803585	796451	767155	801041	797959	803595	803435	801560	803124	599537	803144	752258	736066	696051	800256	802505	360770	426548	802736	767112	792734	397911	585963	724604	803493	803841	800091	803789	801013	802490	802402	138226	803755	430943	800135	781257	802495	802066	800769	803557	800387	794289	802199	648372	803403	781547	802489	801731	803536	802810	703436	803255	799991	802546	802750	802928	803422	803184	803623	802114	703933	770750	801177	779814	772249	789311	802633	702428	799383	792548	772637	799657	593269	786618	770861	796515	756189	795262	791403	611	613	673	570	636	604	766	575	482	677	659	387	9	78	1	725	663	469	0	0	46	678	46	355	365	735	473	645	560	471	735	526	715	47	0	9	630	1	595	744	379	583	384	604	839	611	0	1	720	85	573	594	483	0	1	732	1	383	680	71	202	648	1	566	589	44	85	594	712	672	1	39	664	1	87	0	801	680	485	530	650	41	138	500	292	0	0	659	349	829	673	797	586	677	666	671	833	685	767	653	622	401	1	810	1	435	1	565	467	511	660	0	182	164	0	1	617	3	267	542	679	675	0	1	620	576	662	38	0	268	621	675	785	669	722	832	596	527	812	294	166	565	0	554	681	394	317	1	554	825	1	667	1	612	362	658	507	597	654	688	619	724	776	542	0	1	1	750	463	0	349	1	582	642	1
NC_063217.1	6000001	831324	830649	830899	830900	828686	828325	830029	828679	829487	830351	829975	830284	829587	54233	327060	829870	830653	827332	830151	830797	167849	185673	830597	213947	829658	830274	829842	829062	830249	825164	828664	829449	829902	828034	142127	829451	65365	829463	829908	829962	829427	829343	829356	829219	830249	829174	829578	828838	827694	828620	249106	829024	830502	829337	829820	829309	829714	397004	828960	829448	226448	457215	829830	821723	828752	830698	149156	276381	830849	828790	830135	830876	194160	830357	830210	221153	830550	830820	830025	830685	826788	828737	248497	563875	829884	830081	830726	830871	829095	830672	830642	830938	830657	830629	831079	830622	830881	830599	822354	805627	829407	822913	830843	830112	827748	830414	694574	829162	798496	789543	763267	829094	829176	382133	526947	829224	810145	824009	531247	689355	780095	830337	830543	829164	831067	827289	829765	829530	193847	830862	546590	827698	817172	829994	829330	828279	830218	828435	816117	829596	724898	830468	816380	830377	829115	830813	830432	762324	830492	826933	829028	829895	830244	830535	830524	830924	829599	767814	809910	828771	814418	812644	802744	829705	777617	827201	824458	810361	828208	698073	821783	809282	825761	802449	826342	818907	891	901	870	883	882	889	898	436	4	867	858	1	27	3	0	900	725	4	0	0	99	872	94	858	872	231	4	909	877	4	230	887	766	59	0	44	900	0	890	230	0	431	0	893	779	855	1	0	227	119	430	446	3	0	0	911	1	0	863	50	296	895	0	224	898	95	199	775	880	859	1	21	852	0	130	0	915	872	5	867	849	0	0	351	4	0	0	846	567	672	871	913	893	871	911	869	908	721	733	851	792	0	0	869	0	580	0	709	387	738	850	0	83	4	1	1	839	1	629	756	870	865	1	0	851	434	847	127	0	463	868	223	896	862	896	912	727	767	887	0	0	818	1	425	874	0	3	0	426	893	0	855	0	865	874	899	763	822	854	230	828	222	888	211	0	0	0	892	649	0	0	0	798	833	0
NC_063217.1	7000001	827028	826495	826738	826641	823549	824671	825927	824533	824772	825528	825807	826001	824187	50593	259450	825634	826154	823689	825476	826596	94563	171398	826168	138945	825279	825740	825702	824466	825917	822359	825042	825311	826304	822539	131511	825420	58863	825234	825380	825626	825469	824631	825382	824802	825927	825367	825659	824651	821994	824226	155314	824761	826410	825310	825698	825261	824876	342220	824053	825498	139466	334553	825877	811091	823395	826339	95743	145669	826724	823755	825758	826489	95833	825882	825782	143257	826461	826632	825748	826400	823645	824414	158209	421895	825728	825431	826512	826655	824692	826340	826535	826734	826385	826582	826753	826305	826470	826539	818373	786318	824778	819451	826453	825893	824011	826145	608400	825747	771689	759586	703129	823564	825108	289958	398759	825287	791275	817035	395470	584241	739179	826151	825982	823785	826710	823022	825431	824827	107873	826773	420016	823004	809645	825565	824647	824513	826133	823789	815156	825062	660996	826327	805436	825772	825037	826553	825810	722974	826193	821846	825182	825637	825705	826213	826046	826519	825582	732766	793068	824349	806355	800692	810177	825115	723486	822263	818625	795301	822482	607622	811582	791574	819841	783725	819136	812481	140	142	479	140	61	141	502	533	499	476	470	423	15	117	0	568	156	487	0	3	46	475	49	700	712	332	486	618	554	485	322	142	472	44	0	26	618	0	564	336	426	669	432	140	488	601	0	0	325	43	661	686	494	0	0	503	1	429	468	32	11	60	0	326	141	42	64	478	550	472	0	47	470	0	7	0	512	106	498	136	460	41	142	498	432	0	0	463	1	573	479	508	142	478	504	474	61	451	459	466	434	436	1	63	0	304	0	147	537	370	688	0	76	138	0	1	56	0	408	397	477	477	0	1	526	668	690	60	0	200	60	315	496	692	562	62	158	116	60	324	0	561	0	644	477	432	348	0	649	62	1	466	0	598	715	59	473	432	105	320	435	325	483	272	0	1	1	486	40	1	379	0	405	454	0
NC_063217.1	8000001	840417	839933	840044	839986	837562	837784	839174	838247	838792	839337	838973	839788	838205	48942	289913	839107	839676	836856	839100	839924	134580	160768	839455	186022	838564	839183	839069	838245	839356	835991	838578	838576	839828	835888	116666	838864	54099	838580	838845	838996	838953	838137	838622	837995	839454	838517	838696	837654	836397	837755	227536	838423	839718	838782	839448	838487	839113	370957	838177	838848	201315	456189	839317	830815	837800	839702	126432	257315	839956	838185	839444	839800	177487	839435	839386	200242	839730	839953	839154	839825	837911	837940	218712	551202	839212	838804	839854	840010	838145	839663	839850	840091	839837	839806	840091	839526	839932	839921	832299	814808	838566	834033	839894	839793	837771	839537	698227	839412	807599	799583	766784	838490	838870	384567	520487	838843	817759	834065	524114	686742	790806	839513	840217	838225	840123	836348	839071	838513	180936	840098	543181	837179	830100	839175	838049	838638	839837	837773	828834	838635	729970	839858	827217	839644	838263	839757	839293	771914	839531	837037	838466	838999	839496	839590	839466	839975	838865	781982	822687	838479	826582	823622	816328	839087	783159	836393	835119	823097	836293	705177	829728	818034	836061	811455	835370	828633	0	1	594	1	1	1	23	24	589	594	591	789	9	118	1	581	3	572	0	0	84	593	77	715	735	586	566	794	575	577	575	1	576	59	0	0	793	0	577	587	789	602	780	1	575	602	0	0	576	100	600	616	577	0	1	24	1	785	596	108	0	2	0	578	1	50	107	590	574	589	1	94	587	0	0	0	23	0	577	0	582	130	424	642	684	0	0	579	0	25	593	23	0	594	649	589	0	525	552	572	0	800	0	253	0	451	1	3	558	502	717	0	168	423	0	0	3	1	536	526	595	596	0	0	545	605	710	86	0	327	1	567	24	703	585	0	2	3	1	691	0	590	0	581	595	784	719	0	593	1	0	580	1	604	730	2	541	552	0	572	560	572	21	529	0	0	0	22	3	0	736	0	552	572	0
NC_063217.1	9000001	824958	824373	824521	824593	822191	822683	823686	822689	822867	823352	822911	823923	822263	57013	281747	822872	824128	821985	823714	824489	102039	177995	824019	139620	823076	823107	823742	822886	823750	821337	821732	823282	823489	821124	129127	823374	54830	823158	823211	823432	822742	822212	823534	822697	823897	823165	823133	822498	817539	822089	164244	822986	824366	823362	823950	823277	821949	354853	822380	822948	154536	300350	823659	804582	820785	824207	103791	141184	824621	819631	823616	824232	105066	823656	823569	158219	823732	824675	822849	824401	820398	822050	158023	373087	823527	823068	824315	824419	822699	823672	824411	824577	824396	824302	824699	824123	824461	824422	815343	765414	821445	817290	824282	823053	821189	824063	551694	822551	742603	735128	652651	819202	822395	265051	338843	822880	775736	811817	339836	508812	715510	824000	823675	819026	824516	819922	823384	822496	98664	824599	373816	820800	799207	823390	822515	821450	823271	821955	811393	822617	623172	824025	791588	822401	822366	823962	823423	687985	823920	818298	822530	823443	823585	824041	823788	824332	823199	689231	772191	821003	780888	782810	812507	822401	671553	819029	808792	778065	818276	530789	798654	768376	814067	774529	812757	805590	565	565	348	554	4	560	4	4	563	347	346	762	28	89	0	473	530	558	0	0	25	347	65	273	281	467	549	776	464	543	459	551	328	29	0	0	759	0	471	475	754	338	759	557	335	625	0	0	463	17	336	347	554	0	0	4	0	740	342	38	0	3	0	462	558	31	49	348	446	342	0	21	342	0	51	0	4	0	559	548	333	80	248	554	599	0	0	331	1	565	347	4	561	346	560	346	4	317	275	339	3	777	0	324	0	239	0	444	261	220	277	0	64	232	0	0	3	0	128	255	344	348	0	221	515	334	272	21	0	109	4	541	2	271	468	4	552	488	4	494	0	576	0	337	348	762	573	1	317	4	0	344	0	626	279	4	468	283	0	428	301	456	4	333	0	236	219	4	1	233	653	0	287	315	0
NC_063217.1	10000001	800592	799652	800000	800174	797907	798182	799155	798142	798722	799526	798857	799062	798276	55709	271044	799181	799697	798108	799313	800053	81904	171620	799571	111206	798966	799532	799391	798398	799419	795775	796607	799219	794501	797429	133615	798924	58254	798798	798918	799327	799188	797402	798639	798218	799383	798807	799221	798090	796141	797649	138013	798550	800172	799034	800136	798856	795717	305966	797452	799264	130071	286910	799153	783592	796283	799658	87358	123573	800386	797232	799177	800015	83277	799451	799446	139550	799927	800240	799507	800079	791968	797874	144326	356276	799055	798988	799986	800043	798319	799782	799558	800100	800008	799683	800229	798917	800059	799797	793538	752951	797842	795325	799888	800258	798625	799436	542006	799587	735004	724510	661251	795435	799611	329083	350322	799528	757984	789044	335369	516911	698706	799815	800359	796337	800185	797433	799049	798839	88208	800282	358191	797094	779499	799403	798078	798602	800292	797280	793465	798782	612030	799778	776541	798744	798229	799838	799225	674233	799828	796004	798731	799186	799430	799775	799860	800031	798595	678868	757282	797071	769469	764282	790306	799149	669925	793727	789394	759375	795209	535545	778636	753687	790275	750290	790868	785440	802	805	882	796	7	795	8	8	885	880	871	597	27	165	5	639	784	873	5	0	88	884	42	4	4	634	864	611	636	847	635	749	856	64	1	0	591	2	636	640	592	863	598	801	857	626	5	5	619	0	869	886	870	5	0	3	0	595	878	67	0	2	0	619	803	42	66	889	624	865	0	0	876	5	78	0	4	5	885	740	848	68	200	869	619	0	0	863	1	806	889	3	800	887	866	881	7	808	775	840	6	604	0	848	0	329	0	675	676	644	4	0	174	193	0	0	1	6	3	673	886	882	1	4	833	869	4	0	5	271	7	704	8	5	646	3	763	710	7	411	5	569	0	836	887	605	441	0	830	7	0	872	0	622	4	2	443	772	5	584	774	608	3	460	5	843	774	8	1	812	526	5	706	839	5
NC_063217.1	11000001	820819	820328	820362	820435	814182	818178	819655	818264	818646	819493	819550	816561	817174	39864	213362	820004	819530	818754	819556	820186	48626	135230	819811	67687	819338	820172	819606	818627	819822	815118	815098	819345	780808	813784	101310	819125	40098	819149	819512	819432	819946	816467	819048	818310	819734	819149	819336	818019	814201	818042	100437	818949	820331	819369	819854	819360	807653	254096	817018	819710	94098	244116	819271	801587	816701	820082	68667	103067	820708	818067	819250	820308	58528	819490	819687	127365	820154	820564	819707	820258	795131	817831	105321	333163	819463	819136	820413	820310	818773	820157	820225	820597	820284	820285	820629	816780	820295	820325	813354	767384	817856	815751	820148	820727	818807	819808	530465	820380	736751	733044	649434	815136	820249	298458	318251	819630	772759	805013	309438	490392	708225	820333	820629	815536	820647	817803	819446	819082	66418	820484	336735	816326	795212	819511	818542	819506	820571	816818	815148	818423	614777	820072	789572	818631	818576	820426	819507	680755	820169	816011	819226	819740	819817	820156	820030	820529	819136	686722	769432	817178	778101	775798	812873	819355	675982	813747	806439	770372	812706	522979	795643	762126	809025	764749	807278	802669	788	789	724	746	5	776	4	4	720	719	687	602	10	109	0	627	773	719	0	0	62	716	20	1	1	624	708	610	592	679	619	624	662	44	0	0	594	0	631	632	588	695	598	780	703	384	0	0	607	0	708	722	718	0	0	4	0	595	726	53	0	5	0	605	777	31	37	730	624	708	0	0	718	0	71	0	4	0	726	675	694	43	150	722	383	0	0	706	385	783	726	4	781	727	589	722	4	654	606	690	7	614	0	691	0	343	0	620	527	479	1	0	119	171	0	0	7	2	1	537	729	727	0	1	687	701	1	3	0	207	2	691	4	1	634	4	741	692	5	405	1	329	0	679	728	603	422	0	681	4	0	710	0	380	1	5	273	605	1	564	621	607	4	446	0	660	597	3	3	629	508	1	594	679	0
NC_063217.1	12000001	825484	825002	825050	824951	821583	823123	824058	823437	823675	823868	822916	824122	822830	61277	270258	823548	824594	822908	824248	824939	93089	183270	824255	122516	823911	823490	824133	823454	824235	816373	822279	823689	818006	821499	143082	823970	68079	823687	823769	824269	823421	822102	823901	823126	824433	823750	823929	822792	818834	822601	142107	823530	825006	824154	825020	823939	818981	357953	822146	823018	141070	276828	824108	806274	820962	824719	99571	117539	825288	821066	824002	824915	82581	824124	824203	154104	824475	825275	823321	824986	818448	822603	137557	352183	824196	823565	825052	825056	823321	824695	824910	825204	825083	824904	825177	823808	825033	825048	818225	765680	822676	818381	824753	824740	822738	824441	531362	823969	744049	730673	640631	819625	824373	259977	309327	824047	777987	811040	320662	493882	713382	824523	825226	819769	825215	821505	823958	823468	78359	825182	337011	821154	799421	823950	823193	822623	824681	822471	814926	823381	615495	824510	792115	823285	823258	824571	823783	681352	824759	820162	822906	824300	824464	824805	824549	825142	823652	678206	771057	821480	780700	782090	815153	823673	671058	818369	808842	776557	818444	526120	797337	766030	812867	767509	812136	803798	482	478	482	484	1	487	3	3	483	494	474	685	28	91	0	414	472	476	0	0	57	492	62	0	11	412	465	702	416	467	406	448	465	57	0	1	698	1	412	412	678	492	687	479	472	765	0	10	408	0	476	485	479	3	5	2	3	696	491	45	1	1	0	387	479	29	36	488	401	474	11	1	475	11	50	0	3	0	482	438	471	65	196	487	759	0	0	472	765	480	483	3	478	488	705	484	1	457	408	462	13	713	12	457	12	221	11	386	369	331	0	1	68	211	0	11	13	0	1	387	488	497	11	11	470	477	7	0	0	144	2	413	11	0	424	11	471	440	5	460	2	681	0	455	488	686	492	4	459	12	0	475	12	772	1	1	538	427	7	389	417	413	15	287	0	459	431	3	5	438	594	11	424	456	2
NC_063217.1	13000001	827022	826492	826510	826705	823525	824460	825835	824769	825059	825267	824520	823991	824964	63278	307687	824436	826273	824871	825526	826452	76779	203734	825248	105414	825555	825030	825797	824980	826139	819488	821583	825722	800573	823219	164169	825242	78738	825349	825467	825782	824875	823234	825254	824773	825955	825322	825814	824599	821754	823934	130171	824945	826514	825539	826683	825570	817271	331696	824332	825201	130056	274502	825698	807173	822850	826233	90993	122244	826907	823356	825351	826391	80609	825670	825919	163022	826031	826803	825003	826605	812101	824408	156000	352108	825787	825568	826480	826569	824866	826102	826315	826628	826564	826370	826871	823998	826497	826571	819338	769637	823778	820617	826454	826578	824487	825946	535202	825345	743683	738762	649025	821233	825992	265957	309090	825854	778000	811204	314601	494073	708371	825608	826750	821711	826827	823374	825443	825066	80618	826737	332699	822592	805996	825606	824781	824967	826672	823272	818200	824650	615189	826207	797389	825040	824533	825762	825761	683790	826407	821513	824644	826048	825843	826446	826340	826669	825243	690164	774299	823395	782726	781921	817095	825595	673786	819920	812770	776582	820226	529847	802341	769335	815778	775742	814670	808942	639	640	583	625	2	629	2	2	587	579	573	2	26	114	0	486	607	577	0	0	68	577	0	3	3	478	566	0	457	544	475	493	560	50	0	1	0	0	488	483	2	567	1	635	573	571	0	0	460	0	565	582	575	0	0	1	3	1	587	30	0	2	0	471	638	22	22	589	484	575	0	0	584	0	75	0	2	0	589	550	562	0	0	582	579	0	0	561	580	636	587	2	635	587	1	586	2	536	486	558	1	2	0	550	0	233	0	501	411	376	3	0	106	1	0	0	2	0	6	418	585	587	0	3	556	572	3	2	0	152	2	566	2	3	496	2	611	558	2	6	0	515	0	544	587	2	5	0	543	2	0	580	0	580	3	2	383	484	0	436	475	468	2	342	0	547	486	2	1	505	2	0	463	543	0
NC_063217.1	14000001	812224	811819	811819	811630	804423	809763	810912	809972	809711	810298	810248	806391	808923	47631	182982	811012	810946	810443	810905	811778	48064	129242	810899	70241	810646	811185	811081	809886	811352	800670	805470	810888	714104	804589	99860	810513	49740	810637	810738	811074	811059	807205	810572	810018	811102	810371	810992	809646	801892	809593	95318	810253	811790	810754	811051	810809	790666	249432	808438	810857	93031	211884	810592	784966	807658	811516	68504	94973	812144	807729	810280	811738	61041	811036	811182	128231	811321	812041	811136	811782	775671	809513	103547	287886	810942	810733	811859	811576	809905	811464	811616	811885	811469	811743	812046	804871	811780	811709	804356	735885	808769	806771	811649	812065	809573	811258	475472	811383	702022	691461	592427	803145	811312	263457	271255	811022	747084	792718	263505	426439	672545	811367	812008	803532	812046	808124	810661	810375	64486	811847	296321	807706	774661	810769	809919	810581	811875	808357	805118	809931	572255	811481	766178	808049	810166	811647	810865	642492	811469	805986	810268	811183	810928	811474	811563	811752	810337	631384	733554	807114	742722	752603	804550	810731	613064	804946	788514	739584	801290	452614	770886	727283	792784	745360	790102	789977	603	606	613	569	1	596	2	2	591	601	576	1	17	72	0	3	601	594	0	2	46	613	0	3	3	4	591	1	3	568	4	391	569	36	0	0	1	0	2	4	2	592	1	602	600	594	1	0	4	1	595	613	604	1	0	2	3	1	607	0	2	1	1	3	604	0	0	613	4	591	0	0	594	0	69	0	2	0	606	480	586	4	0	598	594	0	0	595	302	605	612	3	607	611	287	610	1	556	489	571	0	1	0	577	1	3	0	468	427	380	2	0	6	0	0	0	1	2	1	441	611	611	0	3	579	591	3	0	1	174	0	516	2	3	3	1	568	534	1	3	0	529	0	583	613	4	7	0	579	2	0	584	0	608	3	1	382	483	0	3	518	4	2	2	0	549	500	2	1	522	1	1	488	540	1
NC_063217.1	15000001	823651	823055	823342	823243	820509	821478	822609	821490	821897	822713	822478	821672	821640	43801	244476	822843	822999	821339	822426	823292	65490	138390	822581	103437	822373	822891	822656	821648	822746	820117	819061	822403	806106	819972	107961	822122	49381	822085	822143	822619	822649	820174	822199	821697	822699	822189	822365	821288	819335	820695	137267	821912	823209	822365	823406	822447	818009	305619	821065	822632	129343	282923	822477	806208	819437	822967	82290	132380	823500	819656	822243	823154	73411	822698	822615	153308	823257	823418	822909	823236	814112	821223	133591	364698	822755	822144	823370	823234	821396	823169	823281	823454	823212	823255	823539	822014	823327	823255	814042	769763	820966	818429	822903	822850	820880	822686	538837	822636	747016	739250	660894	818937	822661	291287	327628	822403	777119	810095	336779	519510	716291	823106	823222	818434	823357	820282	822046	821783	77213	823377	352329	819854	800692	822124	821501	821670	823285	819566	813342	821451	628567	822708	795148	821327	821437	823183	822337	687044	823021	817843	822411	822722	822611	822943	822940	823303	822012	689837	774869	820091	784904	782441	813920	822137	680101	816745	809374	777058	816616	538272	797288	766690	811220	771908	811821	806953	193	194	193	183	3	189	3	2	193	189	189	401	16	20	0	3	185	189	0	0	18	191	25	2	2	0	191	408	2	185	1	174	177	16	0	0	406	0	2	1	397	186	406	186	188	474	0	0	1	0	190	193	193	0	0	3	7	396	192	0	1	5	0	0	195	0	0	193	3	188	0	1	189	0	19	0	3	0	195	171	188	37	125	192	475	0	0	186	1	192	193	3	188	194	187	192	5	173	161	183	5	405	0	182	0	0	0	150	140	120	2	0	3	127	0	0	5	0	0	142	193	192	0	2	188	187	2	0	0	51	5	172	3	2	3	5	187	174	5	287	5	424	0	186	192	408	308	0	179	5	0	182	0	486	2	5	333	152	0	1	160	1	3	0	0	179	158	3	3	175	335	0	162	180	0
NC_063217.1	16000001	808486	808140	808207	808145	803786	806266	807372	806066	805939	807718	806925	802864	804824	47443	230311	807606	807299	806757	807321	807880	49763	142613	807385	68825	807060	807881	807328	806457	807681	802835	801268	807211	646529	802845	119977	806819	54206	806833	807034	807096	807723	802605	806996	806240	807548	806776	807183	806282	796608	805827	93732	806488	808053	807219	806884	807153	780716	260154	804768	807437	84934	192053	806966	782147	803427	807608	64351	90126	808367	804169	806357	807881	49750	807378	807453	135576	808051	808329	807647	808062	772011	805614	106652	280564	807209	806865	808132	808149	806221	807895	808009	808308	808092	808070	808277	798399	808159	807997	800651	728456	804303	801766	807919	808174	805407	807570	459244	807806	690199	691462	576818	799418	807425	231085	240098	807114	744606	787907	254142	411052	669703	808000	808194	799487	808250	804764	806934	806529	51668	808212	281286	804009	769816	806913	805988	806397	807897	804840	799321	806124	562487	807385	761212	804736	805926	808080	807139	627601	807782	800945	807142	807480	807366	807990	807747	808072	806687	619669	722258	803838	737072	745431	801876	806765	603510	801237	783880	734989	797659	441710	766776	727539	787949	738068	789627	783524	203	204	202	195	1	200	2	1	208	196	182	1	8	38	0	4	201	203	0	0	23	203	0	3	3	1	201	1	4	199	1	91	191	19	0	0	2	0	4	1	0	203	1	206	201	199	0	0	1	0	197	205	206	0	0	2	0	1	203	0	0	1	0	1	202	0	0	206	4	201	0	0	202	0	21	0	2	0	202	153	200	0	0	202	203	0	0	202	0	201	206	2	206	206	188	206	2	181	150	196	2	1	0	199	0	6	0	151	138	112	3	0	0	0	0	0	2	6	1	133	204	204	0	3	191	201	3	2	0	56	1	159	3	2	4	2	200	180	2	7	0	170	0	186	206	1	4	0	194	1	0	205	0	202	3	1	137	161	0	0	154	1	2	0	0	181	159	2	2	165	1	0	151	181	0
NC_063217.1	17000001	802975	802671	802666	802612	794662	800539	801952	800676	799855	801743	801199	776637	798924	36028	154008	802158	801139	801428	801675	802390	21443	114712	801379	26801	801515	802406	801756	800669	802036	793055	792914	801752	271456	792583	93774	801306	45835	801251	801446	801653	802019	793491	801257	800940	801885	801068	801783	800533	789217	800123	56082	800934	802445	801562	794458	801323	689950	190066	797365	801837	43607	137286	801288	768523	796941	802270	35056	64667	802037	798580	800455	802446	35886	801538	802034	102913	802625	802865	802322	802651	678739	800060	81770	221077	801565	800654	802546	802572	800770	802112	802485	802753	802549	802437	802782	750105	802556	802519	796585	687843	796455	798460	802379	802875	800425	801917	401089	802400	644951	641317	504205	787413	802305	206819	206462	801931	717260	776093	193407	331113	625724	802395	802764	788107	802763	799379	801346	800742	41383	802654	227792	798408	746878	801324	800614	800180	802674	798458	798093	800550	514296	802163	730287	796152	800390	802469	801512	587247	802158	793521	801538	801754	801728	802244	802153	802556	801075	566605	674314	795368	677799	715583	795736	801356	522117	794002	764115	689503	790539	344411	738901	680986	770407	721480	770343	770909	584	584	580	547	181	580	192	193	583	574	460	179	8	53	1	0	574	566	1	0	33	580	0	0	0	0	577	88	0	536	0	103	527	35	0	6	85	0	0	0	156	495	182	576	567	581	0	1	0	0	493	507	580	0	0	123	1	178	587	0	14	180	1	0	586	4	0	590	0	562	0	6	580	0	44	1	198	0	577	336	562	8	28	257	562	0	0	569	1	509	587	196	584	586	430	583	183	530	433	553	166	181	0	562	0	1	0	408	313	297	0	0	4	31	0	1	158	2	0	381	588	584	0	0	557	497	0	0	0	107	171	459	193	0	0	184	548	519	170	102	1	461	0	468	590	180	108	0	467	187	0	571	0	576	0	181	307	413	0	0	443	0	187	0	1	507	436	174	59	458	127	1	442	512	0
NC_063217.1	18000001	838417	838054	838106	838077	832303	835975	837198	836266	836079	837003	836221	834289	835775	44823	216390	836926	837408	835941	837105	837911	47608	144835	837044	79981	836760	837314	837057	836321	837440	831582	833269	837006	740395	831562	105744	836714	43721	836566	836745	837231	837148	833789	836509	835993	837344	836366	836968	835941	827335	835524	114057	836323	837911	837004	837448	836812	821713	296239	834627	836676	105349	253295	837018	813819	834104	837797	70644	100546	838314	834530	836841	837791	58665	837261	837286	124756	837492	838239	837324	837962	815202	835905	113582	324903	837333	836671	838023	838031	836383	837706	837849	838226	838017	837931	838263	832832	837953	837948	830405	774153	835089	833087	837933	838012	835664	837581	519096	837184	746723	735433	655644	831743	837353	291092	305842	837288	782583	820835	305705	485627	712402	837749	838260	831070	838064	834598	836562	836528	68456	838115	329072	834491	805594	836945	835828	836346	838048	834390	831082	836104	616767	837471	802686	835687	836064	837596	837057	685451	837651	832306	836630	837228	837263	837735	837363	837950	836545	676700	776203	834179	786027	789594	830739	836848	667792	830571	819140	781524	830901	511275	804263	768993	823022	778365	821521	817507	691	692	691	659	641	678	672	669	690	690	667	640	12	103	0	2	288	680	0	0	61	659	13	2	2	0	665	379	2	652	0	481	271	24	0	23	371	1	2	0	624	3	639	685	289	370	0	0	0	0	2	2	687	0	1	618	64	637	697	0	105	648	0	0	692	0	0	695	2	640	2	26	685	0	57	0	694	0	686	590	670	47	176	0	374	0	0	674	3	2	694	685	688	693	658	690	663	272	249	662	633	649	385	288	0	9	0	231	4	473	3	1	3	173	0	10	603	2	1	525	692	696	0	3	294	2	7	3	0	187	628	591	670	3	13	667	289	619	642	420	5	329	0	4	696	641	476	0	2	650	1	675	1	1	2	651	3	578	0	7	582	9	676	2	0	640	595	662	313	614	546	0	562	639	0
NC_063217.1	19000001	809561	809175	809231	809253	804501	807208	808258	807348	807253	807187	806881	804883	806467	59975	268476	807337	808488	807306	808238	809076	71853	169151	807218	101366	808118	807317	808387	807234	808298	801889	803785	808121	678947	803723	138774	807910	68246	807648	807990	808259	806837	804659	807675	807251	808511	807621	807992	806966	798387	806723	123210	807607	809000	808188	808471	808047	792529	305848	805628	806748	116599	235205	808197	785303	804764	808835	82500	114433	809456	803998	807876	809099	78766	808262	808391	150912	808187	809349	807545	809174	784495	806743	136635	303664	808172	807481	809219	809134	807400	808729	808979	809323	809072	809143	809301	801663	809146	809124	801589	730642	805439	803426	808803	808585	806525	808561	465747	807480	699318	687596	584817	802638	808358	261508	270941	808309	744422	789462	267710	419183	669724	807982	809093	799953	809237	805778	808049	807384	64206	809246	298736	805376	767467	808245	807126	806071	809083	805207	800647	807223	569428	808640	762056	806077	807039	807857	807851	637016	808783	803460	806749	808242	808405	808902	808607	809148	807681	622916	731124	803377	740185	747389	800009	807480	596632	802329	784831	738269	801512	449577	767724	731616	788823	748727	792683	789015	697	700	699	662	676	689	99	107	694	692	658	411	13	131	2	4	3	683	0	1	68	421	32	3	3	0	680	430	3	654	0	435	3	2	0	14	426	1	3	0	404	578	408	691	2	474	0	2	2	0	573	592	689	1	2	104	110	408	698	0	127	679	2	0	682	0	1	699	3	405	2	39	680	0	77	0	107	0	695	556	667	37	110	2	468	0	0	678	2	587	699	108	688	698	650	692	692	4	2	659	647	417	487	2	2	2	2	4	403	437	3	0	0	111	0	3	606	0	3	485	694	700	2	5	7	577	6	0	0	131	646	566	105	3	5	695	5	617	664	252	3	397	0	560	697	415	282	2	535	683	0	675	2	0	3	674	2	548	2	2	560	0	98	0	0	632	552	96	298	581	352	1	538	629	0
NC_063217.1	20000001	754086	753811	753831	753772	745665	751966	753007	751969	751740	753018	752544	722242	751380	33186	170882	753673	752386	752837	752954	753513	29146	110543	752979	33934	752692	753821	752899	751954	753286	742347	745138	752832	189786	741984	97410	752712	38953	752497	752770	752887	753531	744336	752551	752049	753160	752315	752883	752147	745651	751380	61577	752565	753616	752642	742825	752703	637603	196162	750065	753615	54748	130584	752596	714706	747834	753281	44871	64305	751510	746416	751690	753657	40352	752970	753087	134668	753972	754022	753805	753831	632135	751372	82951	203582	752925	751598	753743	753715	752422	753441	753586	753894	753756	753680	753880	676438	753721	753697	748799	604375	744270	749717	753419	753903	751588	753083	326844	753845	546710	557741	401402	732627	753163	206975	163973	753111	652769	722468	174712	242974	553971	753876	753861	721287	753664	750437	752416	751821	44689	753737	200600	748888	680857	752498	751808	750252	753771	748870	749185	751537	452010	752926	650650	744876	751701	753981	752516	511906	753291	740795	753126	753140	752672	753388	753200	753569	752009	480695	577246	741028	564383	637988	745828	752582	427513	743357	690952	594137	730614	269351	657982	586730	697206	667489	701950	712736	380	383	385	355	369	376	2	2	374	380	312	292	6	28	0	6	2	378	0	0	15	295	2	3	3	2	366	299	7	348	1	59	2	2	0	0	44	0	3	1	267	371	292	380	0	331	0	7	1	0	365	381	374	0	0	3	30	242	383	0	27	369	3	0	381	0	0	382	4	293	0	10	380	0	21	0	2	0	380	208	365	13	66	0	316	0	0	369	2	380	383	2	378	384	268	382	384	2	0	358	359	300	336	0	0	8	1	7	225	173	2	0	3	78	0	0	316	3	1	227	381	385	1	3	3	372	3	0	0	73	355	266	2	3	4	385	2	361	367	158	3	221	0	360	383	296	170	0	348	379	2	365	1	0	3	372	1	262	0	0	273	1	5	3	0	317	261	2	93	285	194	9	283	322	2
NC_063217.1	21000001	739445	738904	739022	739079	727392	737297	738331	737228	736564	737969	737638	703249	734299	31465	162508	738881	736954	738126	738253	738930	27396	103429	738040	33572	738116	739132	738387	737220	738442	725065	730045	738145	150602	723433	90515	737996	37171	737710	737931	738347	738945	728875	737606	737067	738361	737613	738217	737245	707166	736613	56392	737859	738972	737994	728096	738021	635937	171965	731853	738950	46601	109879	737970	710209	734478	738418	36072	61129	735742	732346	736949	738879	36653	738139	738433	113226	739304	739332	739161	739108	622318	736999	87570	191213	738111	737083	739065	738934	737475	738544	739003	739214	739038	739036	739180	649544	739018	739048	733157	585964	728363	734756	738666	739201	737093	738289	319266	738930	530059	550775	389766	714020	738632	175947	160351	738308	640401	707717	163584	231088	539630	739351	739045	706298	739161	735613	737635	737135	40655	739147	195948	734872	663742	737733	737123	734487	738822	734297	734280	736569	448187	738170	629496	728845	736374	739334	737218	498467	738530	725445	738316	738255	738204	738596	738498	738995	737433	471069	558024	725909	544847	635649	731334	737598	404317	729534	674973	579893	716916	256728	637243	567983	681264	654173	688731	697137	440	446	441	423	434	437	0	0	442	443	358	319	8	54	0	5	3	436	0	0	33	328	8	6	6	0	427	328	10	426	0	68	3	1	0	2	9	2	5	0	296	440	319	438	1	529	0	7	0	0	436	444	437	0	0	0	63	512	446	0	30	430	8	0	438	0	6	445	6	320	0	22	439	0	34	0	0	0	447	269	425	21	50	1	526	1	0	435	1	440	443	0	443	446	316	439	444	2	1	411	427	330	553	1	2	20	12	12	272	203	4	1	0	49	0	22	372	6	1	269	445	447	7	9	17	430	10	0	0	58	412	326	0	5	8	453	4	420	438	191	1	389	0	420	446	323	174	1	397	441	1	436	8	0	9	433	2	264	1	6	334	8	1	1	0	368	279	2	136	333	209	3	332	365	2
NC_063217.1	22000001	757146	756710	756778	756723	752318	754998	755853	754887	754073	756323	755356	736066	753977	39486	212586	756276	755892	755799	755684	756360	34177	137325	755735	45697	755713	756571	755922	754930	756194	750649	748742	755967	328723	749385	117283	755327	46259	755049	755461	756093	756444	748535	755585	754921	755876	755089	756098	754527	748726	754411	68558	755282	756608	755765	749788	755598	686256	218393	752901	756224	70501	136606	755607	717909	750895	756188	48969	67680	755632	748801	754747	756414	44707	755818	755831	134581	756955	757002	756550	756828	675186	754158	101357	207596	755447	754832	756713	756582	755034	756184	756565	756857	756619	756695	756830	709355	756769	756648	751208	612917	748347	753184	756416	756884	754322	755883	334184	756735	568754	567998	424648	737177	756414	188698	165205	755725	656942	727555	170333	263574	563844	756915	756831	727152	756845	753623	755290	754853	42590	756602	199671	752096	690911	755293	754919	752644	756808	751839	751365	755017	464346	755630	657264	747610	754003	756983	755382	524913	756366	745541	755897	756132	755726	756435	756364	756698	755113	491399	594243	745973	588405	652506	748868	755180	438507	746366	703092	615800	739815	286812	666517	603360	705944	680447	712477	719070	585	588	585	553	565	579	0	0	585	584	478	615	5	86	0	1	1	578	0	0	69	625	12	2	2	0	569	626	4	546	0	132	1	3	0	0	0	0	1	0	581	568	608	579	1	280	0	0	0	0	580	590	574	0	0	0	33	264	589	0	56	563	0	0	581	1	0	592	1	618	0	21	583	0	58	0	0	0	584	382	553	36	118	0	275	0	0	569	1	584	587	0	587	588	421	588	584	0	2	547	549	628	285	1	1	6	2	3	364	285	1	1	3	101	0	2	491	1	0	370	589	591	0	1	6	570	6	0	0	119	555	440	0	1	3	590	9	546	561	339	0	200	0	537	591	611	343	2	538	584	2	568	1	0	3	573	1	400	2	4	427	6	1	2	0	483	420	0	165	421	434	1	434	502	1
NC_063217.1	23000001	821870	821335	821396	821438	818196	819418	820605	819586	819671	819118	818351	819165	818420	69651	290124	818684	820747	818927	820678	821344	85280	192043	819161	112708	820385	819357	820699	819557	820847	809785	817297	820212	770484	816619	160805	820073	81000	819933	820120	820720	818670	818290	820335	819482	820777	819912	820401	819337	814255	819058	131898	819724	821424	820413	820868	820337	813402	319040	818698	818308	128773	257701	820485	796603	817537	821176	91836	115467	821648	816918	820273	821402	76738	820569	820622	157033	820207	821525	818877	821367	808480	818873	150515	333584	820802	820075	821360	821371	819304	820782	821172	821521	821237	821301	821642	818345	821418	821274	812589	753576	817421	815907	821099	820583	819244	820921	502442	819280	720715	714086	626115	813711	820425	241268	281484	820557	765608	805779	291975	462366	696131	819491	821579	814398	821655	817950	820338	819967	72825	821645	320091	817595	789323	820452	819580	818765	821211	818290	810529	819438	597842	821029	782059	819059	819390	820151	820452	663019	821187	815808	818409	820576	820622	821255	820687	821479	820125	660427	754292	817186	759224	771253	813437	819914	639172	814260	800595	762328	813725	492017	785341	748293	805078	765266	805330	798942	313	316	317	311	306	309	2	2	312	311	309	520	14	77	0	3	1	314	0	0	60	539	48	3	3	2	303	540	2	300	2	263	1	0	1	1	2	0	3	2	520	314	535	318	0	458	0	0	2	0	305	320	314	0	0	2	99	445	314	0	45	305	0	0	316	0	0	320	3	538	0	21	304	0	40	0	2	0	320	278	307	57	127	0	456	1	0	305	2	315	320	2	318	318	303	315	313	1	1	302	287	542	462	0	0	2	0	0	235	195	3	0	1	126	1	1	276	0	0	223	315	315	1	3	3	311	3	0	0	145	287	272	2	3	3	317	1	278	306	339	0	399	0	304	317	529	371	0	291	311	0	302	0	0	3	309	0	261	0	0	256	2	3	2	0	286	262	3	144	275	457	0	261	283	1
NC_063217.1	24000001	831599	830937	831128	830952	829248	829039	830215	829521	829724	829987	829877	830376	829651	70631	342921	829325	830854	828314	830408	831114	118376	213404	830470	175574	829965	829841	830085	829074	830603	826218	827661	829971	827095	828586	178870	830020	83511	829773	829975	830127	829456	829023	829865	829221	830359	829516	829807	828773	826088	828884	187747	829597	830989	829918	831056	829908	828694	394621	829322	829374	193802	341460	829947	814708	827856	830728	124203	163498	831366	827549	830295	831071	118797	830556	830172	200731	830569	831276	829508	830988	826029	828797	184992	414305	830362	829706	830869	831047	829084	830839	830912	831217	831114	830930	831307	830584	831029	831080	823723	784819	828546	824987	830917	830976	828159	830516	582264	830371	764395	748611	682608	826886	830379	321277	374687	830313	791474	818372	375262	559623	736221	830451	831245	827020	831354	827528	830048	829551	108768	831298	402259	827789	807931	830116	829047	829729	831190	828195	820988	829538	649613	830834	803398	829920	829447	830707	830484	712001	830795	826739	828809	830293	830547	830849	830498	831236	829859	708551	786654	828494	796588	794399	818875	830054	706191	825753	817765	789237	826387	583107	806276	781668	818670	787280	821775	814278	381	384	382	376	445	373	3	3	455	382	373	546	16	129	0	445	432	440	0	0	53	548	66	441	446	1	440	545	437	446	1	366	437	71	0	1	3	0	438	1	533	381	537	376	1	225	0	0	1	1	379	386	444	0	0	3	89	224	375	0	97	441	0	0	379	39	59	384	439	542	0	24	378	0	55	0	3	0	452	365	368	77	173	0	565	0	0	369	443	377	384	3	382	385	379	376	452	409	1	367	336	550	225	1	0	1	0	379	294	276	433	0	0	173	0	6	409	0	265	296	384	384	0	449	0	377	431	46	0	206	436	343	3	432	444	381	435	333	369	371	0	202	0	365	383	546	418	0	364	373	0	373	1	0	449	437	0	349	0	2	330	2	3	4	0	366	332	3	253	343	484	0	325	356	2
NC_063217.1	25000001	805283	804924	805048	805019	798937	802981	804242	803045	802870	803980	803465	799199	801568	47302	216961	804006	804130	803208	804028	804821	45135	141317	803687	70940	803883	804051	804225	803061	804387	797626	798446	804124	709699	797958	115956	803903	50961	803783	804027	804155	803818	800331	803678	803095	804328	803463	804067	802956	792982	802495	94135	803636	804884	804004	804291	804053	787355	259915	800400	803466	96214	204112	803825	776054	800061	804562	68072	81630	805181	799641	803498	804836	50717	804053	804142	128994	804359	805086	804024	804909	774635	802394	99377	273970	804260	803278	805009	804942	803290	804505	804811	805078	804932	804943	805158	797603	804856	804871	798572	706913	800194	799303	804561	804949	803162	804537	440765	804480	672429	669960	558161	795960	804378	238843	232203	804308	733735	783416	242166	389860	652082	804381	805100	793522	805067	800877	803772	803141	55879	805019	267356	800858	765827	803795	802776	803258	805077	800917	798881	803199	553806	804358	749803	800768	802264	804470	803861	620547	804613	798113	803568	804267	804315	804689	804128	804844	803402	604907	705157	799387	716375	739015	797420	803615	575899	796852	775838	716803	795360	423565	757223	705830	782741	732429	782192	780152	0	1	1	1	682	0	1	1	355	1	1	664	12	59	0	351	701	353	0	0	0	682	14	352	355	1	345	686	333	333	1	0	671	49	1	0	0	0	340	1	646	1	675	0	1	675	0	0	1	0	1	1	348	0	0	0	93	647	1	0	73	695	0	0	1	18	16	1	341	660	0	0	1	0	0	0	0	1	350	0	1	26	139	0	687	0	0	1	708	0	1	0	1	2	0	1	712	647	2	1	0	687	695	1	0	0	0	497	1	2	337	0	0	108	0	0	611	3	141	1	1	1	0	355	341	1	339	22	0	126	669	1	0	350	357	0	674	0	0	355	2	549	0	0	1	676	414	0	1	0	0	1	0	0	351	693	4	1	1	1	1	1	0	3	0	1	1	1	265	1	500	0	1	1	0
NC_063217.1	26000001	801377	801004	801111	801059	796977	798702	800201	798925	799003	800547	799433	796899	798070	51444	257807	800073	800460	799384	800195	800967	53007	166488	800099	79150	800046	800377	800207	798982	800480	794250	794387	799815	723530	794830	136372	799692	60033	799910	799686	800391	799937	796945	799735	799215	800483	799374	800179	798947	791474	798883	98749	799465	800871	799907	800470	799866	787221	274356	797281	799970	96833	206133	799666	773823	795831	800716	67695	89134	801308	796824	799720	800855	55271	800122	800390	138430	800890	801192	800031	801009	776673	798639	117393	266577	800150	799726	800880	800866	799398	800571	800843	801073	800969	800936	801231	795799	800941	800911	794116	719357	797869	796210	800800	801083	799154	800429	439277	800341	686180	671344	575240	793870	800273	261592	237663	800360	734768	780505	239641	398072	656460	800559	801121	792931	801167	797899	799721	799077	50945	801079	264906	796647	765451	799651	799101	799364	800878	796633	794588	799038	552637	800253	755003	797069	798818	800765	799883	623671	800708	794262	799367	800315	800315	800860	800290	800984	799501	601005	718303	795982	730637	737872	793094	799505	592070	792779	775652	726636	791216	427334	758648	713474	779836	734254	778996	779031	0	0	1	1	761	0	0	1	2	1	0	619	12	0	0	2	763	2	0	0	0	628	15	3	3	1	2	634	3	2	435	0	713	50	0	0	1	0	3	1	597	2	625	0	1	630	0	0	1	0	2	2	2	0	0	1	74	608	1	0	84	759	0	0	1	0	0	1	2	621	0	1	1	0	0	0	1	0	2	2	1	28	139	0	631	0	0	4	772	1	1	1	1	1	0	1	776	734	1	1	0	639	646	1	0	0	0	565	2	3	4	0	2	146	0	1	665	1	2	2	1	1	0	2	743	2	3	2	0	156	725	1	1	3	2	0	749	2	0	350	0	557	0	2	1	633	416	0	2	0	0	1	0	0	4	759	4	1	0	1	1	1	1	1	0	3	1	0	293	1	495	1	1	1	1
NC_063217.1	27000001	828446	828035	828114	828114	825514	826008	827159	826254	826419	825964	825739	827388	824570	69235	308463	825953	827690	825334	827142	828020	96478	209747	826404	141425	826882	826039	827284	826173	827465	820596	825121	826576	825036	824784	174934	826950	87128	826820	826657	827040	826042	825664	826652	826331	827437	826676	827101	825950	819944	825977	147519	826484	827983	826948	827754	827046	825289	369886	825143	825640	147111	283601	826937	808824	824044	827762	99693	117581	828203	822770	826936	827976	87016	827293	827260	159956	826721	828171	825870	827885	822450	825454	163322	351940	827427	826521	827938	827873	826272	827617	827803	828232	827851	827970	828281	827468	827972	827704	817810	762710	825055	820989	827877	827244	825602	827474	529481	826264	742035	730277	648119	822600	826709	262210	310354	826761	777327	814961	318736	498333	714940	826730	827797	822118	828095	824097	827046	826392	77448	828013	342219	824449	799153	826744	826039	825083	827562	825231	816821	826386	619495	827755	795063	826155	825912	827121	827014	687050	827736	822670	824975	827317	827132	827768	827326	828039	826497	688860	774314	824968	781907	787390	817856	826274	674078	822280	813194	778757	821815	529027	801547	767917	816461	772969	815957	808410	1	1	3	2	551	1	1	1	315	4	3	527	24	68	0	310	544	311	0	0	1	567	49	306	318	2	302	559	303	304	546	4	541	64	0	0	2	1	313	2	550	395	551	1	2	554	0	1	2	3	2	2	311	1	0	1	140	545	3	0	102	554	1	0	3	21	34	2	303	556	1	1	3	0	0	0	1	0	317	3	3	65	157	1	601	0	0	3	482	1	3	1	3	3	9	3	561	530	1	3	3	565	568	1	1	3	1	455	2	4	303	0	0	141	0	2	508	0	161	5	3	4	0	321	574	3	309	17	0	175	522	3	1	302	312	3	545	2	3	374	1	510	0	1	3	555	422	0	2	2	0	3	1	0	319	551	0	5	1	2	4	3	2	2	0	3	7	1	294	4	485	1	3	3	0
NC_063217.1	28000001	839432	839044	839153	839027	837055	836819	838252	837017	837554	837854	837546	838363	837551	66628	306402	837405	838841	835868	838128	838932	92593	195327	837733	141769	837857	837791	838196	837124	838292	834084	836182	838025	835482	835999	147389	837731	73979	837637	837991	838009	837425	836872	837717	837320	838415	837664	837894	836808	834582	836682	162538	837425	838881	837885	838908	837933	836667	356340	836917	837328	158246	348150	838009	824635	835718	838633	104940	164361	839109	834875	838154	838884	110205	838526	838446	171900	838305	839070	837337	838894	834981	836870	168886	421832	838291	837951	839017	838800	837088	838741	838842	839092	838926	838894	839194	838562	838908	838796	830568	791577	836400	833696	838796	838978	836899	838400	602894	837989	772509	761174	693502	835299	838242	311157	382287	838220	800055	826017	393431	567687	747425	837908	839172	834131	839017	835844	838033	837460	114181	839137	411340	835384	818477	838044	837320	837439	838830	836320	828657	837392	664867	838526	813554	837704	836870	838371	838101	721017	838693	834468	837047	838165	838311	838843	838495	839016	837734	725468	796466	835881	804927	805534	825046	837944	717486	833924	824962	796156	833982	597026	815706	792338	828775	794133	828304	822701	419	423	424	425	745	416	2	2	658	423	418	764	27	188	0	240	555	651	0	0	67	782	61	240	244	3	641	781	240	635	567	391	564	66	0	1	2	0	237	3	756	561	759	421	1	578	0	0	2	0	409	427	638	0	0	2	140	575	419	0	163	764	0	0	417	23	34	426	230	774	0	37	421	0	62	0	2	0	653	387	400	92	240	0	600	0	0	419	242	420	427	2	424	422	420	423	780	512	4	407	389	784	586	1	0	4	0	514	311	267	240	0	3	254	0	0	702	1	153	301	423	423	0	244	586	411	237	36	0	287	741	361	2	238	239	427	561	370	408	529	3	537	0	399	426	753	579	0	398	423	0	410	0	0	245	762	0	334	0	4	361	3	2	2	0	393	353	2	426	370	672	0	341	381	1
NC_063217.1	29000001	810089	809513	809828	809604	795438	807771	808878	807904	806781	806513	807852	780778	805292	31257	155656	808080	807134	808216	808850	809468	32023	113950	808225	44719	808707	808590	808966	807860	809190	794829	801966	808630	421857	793097	85044	808516	34789	808180	808532	808821	808370	800844	808246	807862	808916	808252	808633	807379	791437	807251	65815	808257	809663	808715	801023	808533	723287	186659	800499	808485	58548	143131	808495	777173	804629	809128	42774	67153	807214	805585	807964	809450	36884	808624	808864	99045	809268	809899	808717	809768	692465	807224	80216	224313	808735	807789	809755	809560	808258	809376	809486	809673	809685	809543	809783	752882	809697	809554	801894	704130	804820	804419	809500	809589	807515	809105	415102	809076	664492	651135	533533	796407	808962	220326	212624	808756	727694	785144	207784	356650	643852	809117	809529	793080	809882	806852	808397	807978	42698	809759	242348	805121	755967	808396	807766	806371	809678	805425	803361	808132	530397	809091	739817	804478	807458	809394	808532	600886	809339	800803	807968	809043	808687	809474	809195	809691	808183	580019	695799	802784	694150	731872	801371	808361	542731	801684	772891	706565	796920	374692	743414	694791	776779	728746	781046	778811	342	346	342	306	564	344	4	3	330	340	275	568	10	10	0	2	494	335	0	0	7	589	17	4	3	0	335	582	2	312	496	99	456	43	0	0	3	0	2	0	540	507	575	330	1	507	0	10	0	0	258	274	340	0	0	2	70	478	346	0	47	573	0	0	340	0	0	346	3	580	0	4	337	0	12	0	3	0	345	198	328	25	88	0	499	0	0	325	1	341	344	3	340	346	249	343	582	459	1	330	335	584	510	1	0	4	1	356	219	190	4	1	5	115	0	0	494	0	0	229	343	269	0	5	474	338	2	0	0	122	556	277	3	2	2	346	472	308	329	309	0	400	1	322	346	572	359	1	316	343	2	332	2	0	77	568	0	254	0	1	258	1	3	3	0	304	255	3	177	280	423	0	254	312	1
NC_063217.1	30000001	799607	799208	799136	799211	791607	797323	798392	797392	796326	797828	796611	775929	794124	45692	168194	798141	797667	797785	798347	799147	34029	130886	797315	46934	798200	798358	798449	797263	798779	790316	790947	798244	332026	786433	101868	798191	54288	798000	798017	798410	798096	790661	798151	797338	798484	797631	798464	796863	766886	796656	65394	797833	799043	798323	792631	798106	716982	189747	792751	797578	64413	141897	797999	765016	793867	798786	50304	67840	798511	792789	797477	799122	38393	798080	798621	125886	798623	799457	798114	799284	691584	796385	93362	208460	798236	797408	799185	799247	797376	798884	799243	799292	799179	798987	799432	749672	799193	799176	793112	690854	793636	795003	799090	799456	796815	798657	391291	798625	647141	624570	509785	787262	798937	212890	200799	798571	715210	773971	189409	321136	623463	798502	799269	780674	799293	796408	798150	796928	44031	799295	227235	795053	720694	797834	797242	796419	799328	795534	794480	797104	504741	798610	727656	793942	796846	798773	798157	578504	798789	791221	797586	798237	798432	798865	798767	799166	797589	555973	677617	792453	687173	714071	792386	797807	507371	790595	760737	688097	786217	341053	734601	681303	765804	705376	769896	770782	321	321	322	307	322	315	0	0	323	316	275	316	15	43	0	2	396	319	0	0	28	339	17	2	2	0	315	330	2	300	403	112	385	39	0	2	0	0	2	2	305	331	321	319	1	334	0	1	0	0	0	0	320	0	1	0	62	313	315	0	42	325	8	0	316	0	1	323	2	321	0	12	317	0	32	0	0	0	318	200	312	30	70	0	403	0	0	314	1	322	322	0	315	322	264	318	333	374	1	300	299	331	412	0	0	2	6	303	205	164	2	0	0	66	0	4	297	4	0	194	318	3	0	12	383	316	2	0	0	83	308	235	0	2	3	322	398	291	295	189	12	329	0	293	319	325	209	0	299	315	1	312	0	0	0	323	0	224	1	1	229	0	0	1	0	283	233	0	131	252	248	4	244	280	0
NC_063217.1	31000001	808670	808220	808275	808421	795498	806281	807565	806066	805497	806835	807047	790282	803464	35146	149761	807620	806518	807018	807577	808112	27989	102343	807249	39240	807166	807910	807532	806559	807877	794329	801190	807475	457922	795312	84623	807083	38794	806809	807086	807430	808058	800906	807029	806670	807727	806698	807407	806016	787444	805969	61877	806746	808147	807293	803429	807425	739622	189756	801519	807507	51454	147833	807115	772911	803557	807749	40919	62438	807542	803294	806474	808142	35123	807299	807366	88226	808308	808427	807693	808307	723870	805884	80793	221241	807288	806543	808317	808317	806796	808053	808214	808455	808239	808245	808485	777377	808302	808231	801894	708277	803676	803279	808231	808380	806057	807598	407404	808259	664143	654966	549390	798338	808073	211237	218506	807373	732847	788480	208978	359182	647405	808362	808303	793919	808492	805187	806871	806591	40164	808383	241443	804316	749194	806970	806461	805339	808230	804121	801941	806189	534449	807740	743197	803170	806007	808253	807148	607085	808017	798954	807206	807583	807214	808043	807912	808224	806701	577608	701959	802514	713076	735644	800587	806931	550732	800750	772487	711904	797503	377306	750278	703306	778057	725599	783277	781352	790	795	795	721	777	781	1	112	776	782	685	693	15	82	0	1	282	776	0	0	51	717	22	769	1	0	769	718	4	738	286	269	262	25	0	1	1	0	1	0	665	711	705	784	0	720	0	1	0	0	1	0	777	0	0	0	70	673	793	0	61	793	0	0	784	0	0	797	1	692	0	8	781	1	45	1	1	119	792	524	774	25	124	0	623	0	0	770	0	790	796	1	786	794	655	788	806	268	1	747	733	721	647	0	0	4	0	208	495	458	1	0	0	133	0	0	677	0	2	529	796	0	1	1	276	777	1	0	0	146	752	618	1	1	1	792	286	724	754	373	0	478	0	747	797	714	429	0	732	783	1	774	460	0	0	782	0	591	113	0	596	0	1	1	0	685	612	109	276	649	529	1	585	716	0
NC_063217.1	32000001	799144	798673	798827	798706	786272	796598	797844	796758	795887	795470	797108	776953	792733	42474	157219	797900	796447	797493	797894	798393	30189	112932	797626	44535	797657	798220	798008	796601	798094	784187	790807	797629	380019	782254	92296	797339	50336	797421	797520	797962	797705	789836	797387	796593	797967	797235	797760	796685	769911	796093	57843	797351	798643	797878	793351	797465	727949	183273	789761	797890	60980	128139	797509	762219	793021	798313	42032	64194	798459	793428	796905	798458	36667	797935	797716	93886	798301	798965	798038	798785	706262	796163	85389	211155	797661	796546	798880	798568	797127	798512	798661	798947	798647	798708	798914	758105	798689	798542	790464	688579	793039	793655	798445	798668	796841	798001	390726	798177	647977	633083	521757	786561	798096	209322	197598	797758	718325	775666	188471	334261	624684	798747	798753	782531	798908	795952	797490	797265	42319	798663	226059	793930	729431	797392	796450	795731	798650	794045	792922	796953	512806	797791	725674	793051	796331	798347	797569	583991	798442	790400	797174	798053	797932	798533	798215	798582	796789	559733	681973	791141	689386	717083	791342	797440	524816	789314	763926	689393	785268	352912	734813	678386	764761	707856	770906	768449	718	719	719	648	733	708	441	250	687	705	618	704	10	59	2	6	418	718	0	0	38	754	16	710	5	1	695	527	5	655	416	229	359	26	0	0	439	0	5	1	693	741	727	712	0	741	0	0	1	1	440	456	709	0	0	362	45	688	718	0	59	735	0	0	715	0	1	725	6	729	0	18	705	0	37	0	457	719	718	493	687	51	127	0	416	0	0	687	1	719	719	452	716	723	578	714	748	384	1	677	665	748	431	0	0	4	0	296	454	406	5	0	0	142	0	7	632	2	2	463	724	2	0	5	410	702	5	0	0	142	704	564	446	4	6	717	407	663	684	387	6	340	0	242	722	727	431	0	657	712	5	695	5	0	0	741	0	551	692	1	558	7	448	0	0	635	544	660	263	595	545	6	552	624	0
NC_063217.1	33000001	837612	837116	837157	837226	831830	834538	836357	835211	835624	835540	834788	835670	834702	82252	318242	834659	836634	834343	836431	836995	116089	221275	835747	153010	836049	835493	836358	835276	836388	827409	833360	835826	813372	831351	189452	835791	93993	835871	835658	836371	834596	834027	835759	835254	836534	835505	836023	834957	830571	834963	162337	835346	837081	836116	836538	836083	831659	382776	832389	834254	162945	307924	836045	815635	833809	836990	111113	145587	837404	833904	836003	836955	102501	836439	836118	174177	835881	837326	834451	837171	826408	834760	187639	389423	836219	835864	837198	836969	835338	836806	836848	837058	837034	837064	837379	835399	836960	836979	825876	789304	835046	829751	836938	836333	834502	836561	567771	835420	768988	749183	679329	833283	835881	274046	341722	835962	791340	824552	353092	536569	733006	835791	837013	832761	837321	833045	836068	835812	101099	837287	382024	833493	815234	835999	835523	834643	836684	834747	825294	835399	640221	836590	809239	835395	835128	836267	836287	705622	836995	831263	834471	836325	836505	836911	836574	837144	835920	702710	790841	834188	801352	799879	828077	835208	692520	832331	827156	791142	831936	563455	813716	791379	826278	785201	825945	817747	561	564	567	553	681	560	551	4	568	566	558	671	41	118	2	2	674	557	0	1	82	699	49	553	4	0	554	694	4	549	679	506	667	81	0	0	552	1	2	0	677	695	685	561	2	693	456	3	2	0	555	569	563	0	2	538	176	672	564	0	131	693	0	0	564	0	2	569	4	685	1	38	557	1	57	0	572	567	568	517	548	89	218	2	680	0	0	554	0	566	571	570	566	571	558	561	697	635	0	369	516	703	702	0	180	2	2	555	428	383	2	0	1	196	0	1	633	1	2	432	566	2	0	4	658	548	3	1	0	227	655	499	552	2	4	564	676	498	546	479	3	613	0	2	568	685	517	1	537	106	2	553	4	0	1	689	5	500	553	1	492	0	555	0	0	537	509	543	371	495	592	2	472	521	0
NC_063217.1	34000001	808444	807921	808015	808049	797152	805896	807155	805788	805445	806444	806210	791703	803077	46329	195475	806674	806202	806513	806814	807763	45361	136436	807207	67710	806850	807435	807279	806009	807331	796274	799509	807062	531865	793974	114284	806703	51400	806535	806587	807032	807156	800981	806662	805979	807247	806422	806983	805677	791932	805388	85423	806158	807934	806857	804406	807009	757133	243790	801480	807105	88682	176491	806575	777828	803275	807620	65404	90303	807831	803084	806017	807840	51881	807086	807286	130090	807881	808259	807263	808026	734121	805298	105170	264415	806968	806203	808005	807846	806195	807652	807872	808155	807786	807918	808104	772036	807893	807863	801506	714942	803229	802776	807757	808232	806184	807216	436709	807615	676894	670588	568104	799144	807745	238788	246082	807323	739486	786156	229281	389439	657456	807876	808148	795303	808250	804895	806848	806105	55101	808133	268566	804292	752866	806717	806137	806028	808175	804641	803005	806220	551321	807626	747950	804395	805587	808052	806844	622845	807630	801477	806663	807172	807179	807799	807661	807958	806601	600136	714327	802432	722878	736886	799951	806607	567848	801815	780179	719946	797708	415834	758556	715998	782990	741801	784538	785720	436	511	439	401	493	501	492	322	505	436	376	497	7	64	0	1	279	504	0	0	30	513	12	497	335	330	486	282	287	467	305	199	278	17	0	0	501	0	331	333	487	503	503	501	0	512	498	0	324	0	485	520	500	0	0	403	34	479	435	0	46	508	0	0	432	0	2	442	0	498	0	9	432	0	30	1	511	441	507	295	417	21	80	0	284	0	0	422	330	503	440	509	434	441	345	439	514	293	0	313	418	515	321	0	505	0	0	224	271	241	318	0	45	103	0	0	453	0	93	309	519	0	0	337	271	434	321	12	0	110	473	348	496	325	1	440	300	453	422	283	0	255	0	321	442	507	322	0	399	331	333	435	333	0	0	505	0	334	419	269	368	321	484	151	0	385	337	392	187	357	396	0	320	386	0
NC_063217.1	35000001	782166	781821	781866	781831	770423	779747	780950	779756	779200	780253	780294	730560	776163	28062	142179	781451	780013	780937	780635	781496	18961	91516	780661	24596	780816	781932	780966	779860	781198	771081	772220	780905	110142	768763	79736	780381	33859	780421	780365	780930	781474	768462	780460	779920	781041	780252	780924	779982	752565	779295	45105	780480	781582	780811	766143	780794	621212	149614	775357	781333	35069	91975	780333	739562	775724	781373	31196	57252	777962	773729	779361	781554	32557	780715	781026	103246	781993	782097	781587	781830	609506	779085	72700	176500	780559	779619	781797	781754	780098	781372	781597	781954	781769	781635	781860	665435	781725	781698	776172	628217	774061	777408	781464	781916	779760	780964	335178	781901	584444	573077	428079	762965	781508	184335	158967	780981	675498	750085	153221	251954	572877	781894	781943	752572	781802	778466	780240	780148	36185	781870	190256	776955	691064	780258	779635	777143	782004	776931	777455	779688	460943	780972	674832	773204	779331	782041	780075	529640	781380	771552	780761	781074	780955	781393	781134	781645	780154	486125	611573	771576	602879	668887	775083	780675	431936	770970	723602	631445	762219	269875	682785	617639	727102	684523	738694	743827	533	279	536	484	577	274	276	561	281	528	383	677	6	27	0	2	647	274	0	0	19	590	5	276	593	582	271	657	533	255	654	30	600	34	0	0	275	499	582	582	526	581	572	272	18	589	274	0	562	0	275	595	277	1	0	143	57	550	536	0	30	577	1	1	534	0	0	538	2	574	351	12	177	0	41	0	282	29	279	281	517	22	67	0	639	0	0	525	559	277	539	281	530	537	323	529	693	603	20	543	494	589	674	19	271	8	1	377	291	233	549	1	80	88	0	0	475	2	156	304	595	0	312	589	620	521	570	20	1	91	548	398	547	573	2	524	635	267	507	251	2	490	0	543	538	581	307	0	501	563	586	185	592	0	0	587	0	357	27	417	367	571	274	248	0	446	358	25	134	386	374	1	391	440	1
NC_063217.1	36000001	801747	801255	801418	801293	794437	799444	800440	799288	798529	800582	799619	788615	796410	42625	180388	800656	799921	800067	800332	801091	35550	126240	800238	39686	800376	800891	800613	799530	800734	794528	792608	800564	338789	791042	101185	800063	53597	800063	800146	800500	800821	793444	800138	799676	800568	799744	800502	799143	779158	798920	63926	799852	801251	800249	799020	800360	737361	201842	795543	800738	56736	130511	799883	759760	795776	800679	45393	64076	801343	794103	799321	801235	36539	800305	800417	112888	801232	801632	800994	801370	732103	798327	88538	209956	800242	799134	801402	801224	799640	800930	801210	801558	801246	801266	801536	771732	801365	801171	794325	676677	795500	796159	801188	801360	799116	800701	380095	801038	640507	625839	498667	786595	800982	203497	179434	800655	712448	773727	184754	316453	615829	801120	801522	782423	801496	797947	800045	799470	32156	801380	208861	796913	736795	800116	799348	798811	801403	797339	795298	799083	506735	800654	718239	795414	798984	801255	800239	574937	800908	792658	800076	800754	800456	800990	800843	801297	799820	532210	666823	793674	676262	713176	794869	800222	503111	790828	759310	687790	786159	333100	731642	674868	763196	717691	767794	772258	581	758	578	562	639	598	737	515	758	570	513	684	12	112	0	2	745	556	0	0	53	647	15	754	534	520	731	760	506	691	702	131	647	43	0	0	754	552	524	530	587	639	640	749	499	647	744	0	515	0	750	659	756	0	2	520	90	616	582	0	61	640	1	0	571	0	2	584	4	644	572	1	0	0	42	0	761	0	766	413	558	31	79	0	743	0	0	562	457	754	582	757	577	579	530	579	710	653	373	511	627	659	717	474	717	7	2	466	350	283	501	0	62	106	0	2	558	0	171	365	661	2	524	536	721	570	517	17	0	101	612	442	512	514	4	680	677	669	645	332	2	542	0	494	584	643	376	0	523	457	525	0	525	0	0	638	1	408	0	406	436	510	736	259	0	509	433	0	187	444	463	0	422	506	0
NC_063217.1	37000001	811596	811181	811160	811212	802176	809241	810414	809159	808702	809259	809538	799300	807607	54899	191719	809815	809803	809839	810398	810873	54984	142731	809944	74103	810086	810539	810604	809384	810656	797303	804676	810133	507549	798425	114927	809546	59187	809647	809912	810382	809910	804170	809963	809521	810442	809377	810352	809289	790998	808586	97546	809460	811064	810083	806123	810096	759245	241351	804817	810047	87709	176944	809970	780415	806805	810759	67987	91645	810781	806874	809505	811102	62937	810297	810265	125040	810915	811423	810139	811165	750895	808426	107604	259194	810035	809478	811230	811160	809572	810671	811040	811192	811094	811073	811296	785712	811172	810927	802753	710969	806271	805383	810890	811050	808577	810583	448823	810383	676828	656694	551773	800161	810221	204157	242408	810176	736587	790115	237632	387330	655596	810680	811151	799622	811301	807542	810032	809718	66792	811131	263321	806960	764423	810093	809277	808489	810917	807710	802642	809115	546542	810691	752603	806767	809059	810903	809886	619142	810944	803132	809254	810479	810225	810932	810804	811176	809688	601478	711134	805678	710337	740798	803944	810055	572738	803552	777860	721180	799797	411485	755029	714063	783509	733680	788152	781519	654	424	654	600	549	366	414	364	422	648	609	638	24	93	0	2	499	2	0	0	76	3	52	419	374	361	414	418	334	400	437	328	412	15	0	0	417	0	363	367	3	3	3	420	432	3	407	0	356	0	416	3	414	0	0	333	126	3	479	0	84	551	0	0	645	0	3	658	2	3	653	0	0	0	74	0	373	0	424	510	20	0	0	0	415	0	0	636	665	63	654	421	649	655	596	655	448	420	312	617	639	3	655	423	3	1	0	292	434	396	356	0	69	3	0	0	496	1	172	469	573	1	618	375	477	644	365	33	0	1	530	553	366	365	2	681	437	363	649	7	0	546	0	354	656	3	5	0	620	535	366	0	372	0	1	558	1	510	0	304	537	352	360	256	0	579	510	0	251	553	5	0	520	586	0
NC_063217.1	38000001	809112	808745	808660	808631	794457	806554	807881	806417	805899	806856	806895	793182	801912	30446	108387	808093	802745	807337	803824	808334	20052	91586	807599	29139	807482	808522	807677	806286	808080	795123	798818	807862	421758	791454	67387	807168	27375	807017	807642	807752	808019	800256	807010	806581	807840	807115	807822	806622	785276	805876	51492	806963	808558	807397	804153	807544	745305	154339	799740	807940	38164	131346	807407	774029	803670	808200	32681	55680	808879	800159	806834	808589	32042	807535	807828	79508	808702	808950	808329	808569	728861	805980	72112	212263	807717	806548	808676	808548	806955	808059	808507	808842	808580	808535	808857	781395	808725	808691	802803	705047	804439	804492	808451	809013	806685	807951	412108	808739	666978	655160	540148	799533	808496	218363	206717	808039	730097	784316	200112	353876	644947	808592	808851	793176	808839	806073	807258	806913	37918	808783	230073	804356	747819	807216	806717	803035	808625	805622	804185	806278	527137	808068	744131	803586	805992	808775	807414	599788	808430	801203	806937	807917	807877	808384	808240	808610	807264	576782	710360	802763	710785	726847	800382	807627	541692	800700	776279	711800	797512	380585	756737	702804	782030	723909	786247	782998	854	926	856	765	838	1011	903	989	898	850	716	776	9	43	1	2	1016	2	0	1	33	2	5	913	1028	4	897	920	909	829	3	251	2	1	0	0	910	1	1019	1028	0	0	0	919	1070	0	902	0	992	0	905	0	918	0	0	602	58	0	0	0	45	824	0	0	842	0	28	858	2	0	850	0	0	2	39	0	1032	0	921	554	0	0	1	0	895	0	0	827	853	0	854	923	841	855	679	848	3	3	821	797	811	4	868	1072	1	7	0	2	521	494	961	0	138	3	0	4	742	3	308	562	859	3	787	1031	989	828	989	24	0	8	785	622	995	996	8	875	3	853	838	9	4	685	0	964	859	1	2	1	791	773	1013	0	1023	0	0	830	0	655	0	3	663	5	999	2	0	757	651	0	279	691	2	0	609	762	0
NC_063217.1	39000001	817043	816678	816638	816655	812758	814626	815931	814526	814298	815498	814535	809262	813483	64617	232934	814998	816141	815265	815748	816509	51786	173284	815184	71793	815447	815454	815873	814925	815885	811922	809485	815713	581327	810745	143688	815261	72661	815445	815519	815887	815271	810611	815254	814627	815874	815209	815734	814324	806256	814144	95369	815016	816477	815487	815619	815551	786245	265847	812827	814987	96140	183758	815209	787779	811325	816237	72729	84397	816952	811918	815167	816564	52597	815881	815867	140423	815791	816848	815391	816586	777774	814126	121722	259662	815897	814974	816671	816569	814948	816245	816413	816766	816544	816576	816801	805270	816599	816500	808190	730232	812587	811173	816408	816334	814342	816016	438428	815710	694619	677606	560032	808422	815782	192477	222804	815789	749718	798909	226856	392538	661331	815886	816477	806010	816812	812719	815541	815038	52015	816774	261357	813025	771614	815396	814625	814292	816613	812867	808893	814751	544306	816082	763313	812608	814565	816007	815382	627748	816467	809158	814797	815988	815887	816346	816178	816716	815148	606288	729638	812371	736605	753183	810484	815403	581320	809746	790279	734560	806924	411872	769639	732168	795356	744852	795995	792014	399	262	397	384	421	195	258	193	130	395	374	396	31	46	134	3	315	3	133	5	38	0	7	257	197	186	250	258	196	243	182	154	171	7	129	0	252	0	196	195	0	0	0	257	395	1	249	0	191	0	254	0	256	135	0	105	79	0	0	0	54	430	0	0	395	0	23	404	3	130	291	0	0	0	32	0	197	0	260	224	0	0	2	132	249	0	0	381	476	0	401	258	399	404	422	401	187	177	299	381	351	0	403	396	131	2	0	136	257	213	193	0	36	23	131	2	385	26	92	267	438	0	272	198	294	392	193	11	135	27	402	332	192	197	3	486	180	232	464	66	1	338	133	191	402	0	4	0	367	406	197	0	197	0	0	426	7	296	0	143	330	182	191	95	0	355	313	2	182	344	1	0	320	257	115
NC_063217.1	40000001	816252	815693	815829	815832	807763	813558	814875	813808	813564	814561	814074	806984	812028	42290	177494	814839	814527	814551	815014	815598	39473	126626	814836	53722	814612	815527	814958	813963	815195	807612	808635	814858	617875	806387	100356	814371	47382	814433	814628	814861	814768	809754	814300	813610	815042	814234	814820	813364	805593	813626	75443	814332	815785	814774	814334	814380	781632	229026	810876	814848	74210	171472	814639	786380	810641	815300	58328	72420	816137	810938	814331	815776	42334	814889	814833	107162	815379	816106	814990	815880	770268	813117	94550	249146	814876	814311	815862	815490	813796	814903	815262	815904	815624	815535	815951	803454	815805	815497	808478	726217	811534	811067	815710	816009	813699	815283	442473	815384	695185	685023	566483	805746	815618	229325	245932	815252	748439	795206	235919	394849	664471	815335	815877	804886	816055	812982	814767	814253	48464	815923	264623	811759	770288	814655	813947	814537	815879	811835	808545	814096	552772	815340	762809	811890	813431	815653	814890	626148	815556	808783	813898	814999	815126	815580	815466	815759	814346	612880	722792	810694	734791	749536	808827	814798	588240	807974	788271	730553	804671	423462	765916	722058	794940	742691	794608	789962	362	210	366	334	544	283	209	283	2	361	341	244	5	38	214	2	445	2	215	4	23	227	5	214	293	498	211	211	270	205	495	164	448	28	208	0	210	0	283	289	221	224	224	208	309	228	210	0	275	3	210	232	216	216	0	0	35	219	0	0	42	554	1	0	351	0	16	366	2	209	286	0	0	0	20	0	290	0	217	219	0	6	32	214	209	0	0	356	111	0	368	215	364	368	351	362	505	466	255	295	302	229	256	302	220	8	0	373	242	215	273	1	39	44	210	2	482	32	115	265	565	7	264	291	429	351	285	10	214	50	525	297	282	287	3	412	474	203	378	137	5	223	215	266	367	226	152	0	343	316	288	0	290	0	0	555	2	291	1	421	288	494	280	311	0	333	291	0	198	314	186	0	284	260	190
NC_063217.1	41000001	621911	621413	621506	621489	618849	619500	620669	619599	619755	619832	620243	619239	618697	45522	188089	620428	620249	618767	619618	621227	55761	133381	620891	76552	620414	620686	620268	619253	619990	617357	617260	620152	597006	617051	108391	620071	53642	620310	620641	620275	620665	618831	620126	618495	620712	619713	620530	619391	613481	619630	84689	619858	621300	620056	621216	619993	614065	229189	618502	620461	84413	177327	620429	603897	618338	621290	57960	75242	621656	617184	618334	621281	50684	620668	620724	108491	621127	621531	620578	621295	609062	619396	101563	240890	620644	620194	621505	621216	619901	620249	621301	621611	621264	621445	621645	619527	621390	621140	615228	569793	618716	615232	621420	621339	619122	619903	381870	620829	550765	545366	473689	617482	621011	181589	225651	620689	581591	608911	219267	357039	525225	621015	621475	616546	621631	617338	620651	619959	48624	621511	234797	618632	594918	620330	620260	618610	621255	618931	613880	620004	450039	620940	591105	619575	619659	621388	620675	500310	621195	617408	619332	620772	621078	621242	621055	621449	620081	500196	571564	618403	581831	584222	613986	620270	482660	616178	607009	575979	616786	370564	596985	571063	611023	573939	611069	608092	332	488	332	334	624	512	483	429	329	346	330	589	23	95	494	326	495	333	495	29	51	575	38	489	440	579	486	464	403	464	567	445	569	59	482	0	486	15	416	514	489	203	479	468	386	217	486	13	495	0	489	222	476	553	0	326	135	514	15	0	94	634	16	0	332	13	16	348	325	140	503	0	0	0	49	0	440	0	497	481	0	50	133	466	517	15	0	316	258	13	348	500	331	331	468	340	582	539	337	454	512	497	612	386	460	6	0	447	245	217	407	17	82	125	482	0	576	139	192	147	661	0	387	423	223	329	420	11	571	27	609	266	428	92	326	408	567	414	385	58	0	504	486	407	343	496	217	9	317	420	432	0	438	290	0	620	231	269	0	509	289	583	409	394	17	315	273	0	317	289	416	17	265	478	437
NC_063217.1	42000001	817257	816649	816796	816573	813054	814549	815901	814608	814855	815273	815223	816004	814683	54849	253766	815220	815933	813433	815514	816685	92756	152264	816206	131578	815442	815872	815583	815002	815940	806640	812678	815459	814163	812096	121419	815510	55686	815176	815194	815934	815557	814550	815339	814604	815984	814805	815729	814346	812183	814156	157998	815003	816648	815223	816531	815384	814451	319519	814238	815117	144114	329681	815713	802410	813366	816526	97686	155401	817016	813779	815060	816530	103295	816097	815991	158181	816467	816830	815218	816563	811027	814435	156634	406507	816015	815647	816822	816664	814638	816049	816551	816696	816678	816667	816737	816133	816498	816698	807522	776463	814762	810059	816726	816578	814222	815761	589187	816107	763798	751492	685846	814096	815108	288215	379621	815866	783641	806596	379559	575296	733410	816112	816628	814228	816923	812493	815393	814870	105353	816928	403162	812566	801245	815348	815047	814785	815900	813786	805765	814606	651749	815752	797203	815510	814504	816455	816080	708440	816527	813252	814220	815511	816262	816439	816504	816877	815260	720932	782345	814264	793820	788757	804230	814905	714684	811699	808562	785506	812713	597029	801400	776825	810849	773010	809545	803060	41	601	49	54	576	563	567	608	234	65	39	554	13	113	613	215	213	218	596	46	43	594	37	578	648	612	571	220	609	573	616	571	582	52	580	0	591	3	623	568	581	19	584	592	419	0	561	4	568	0	576	4	573	566	11	220	129	590	22	0	136	581	21	0	53	16	3	39	238	3	588	0	0	21	2	0	633	1	591	519	0	54	195	611	596	0	0	37	691	0	57	585	39	54	595	38	627	574	400	609	631	619	585	409	218	24	14	555	28	37	609	1	132	97	581	9	551	208	357	17	594	24	604	651	26	59	622	62	571	7	561	37	629	0	238	435	621	553	416	15	26	534	591	586	39	591	34	9	38	710	633	0	637	595	19	576	462	49	23	613	41	611	624	480	0	58	45	1	336	59	525	8	40	529	542
NC_063217.1	43000001	817949	817241	817200	817403	814440	813930	816561	814353	814782	810430	816154	816684	815678	55934	315693	815329	810287	806861	809499	817157	119089	194816	816645	164914	815242	815714	816210	814214	816025	811075	813875	815510	813774	812945	158499	815935	68940	814811	816095	815654	815522	815057	815327	814781	816289	815300	816001	814097	811918	813948	191319	814548	817172	815298	817092	815755	808042	377384	815199	815626	192897	329209	815655	800839	814006	817015	122951	167421	817471	806889	809653	817114	125499	816533	816301	199071	816503	817323	816066	816587	811653	814548	184681	413120	816300	815482	817421	817049	814852	810544	817016	817484	816714	817210	817584	816439	817112	816843	805009	772494	814731	801764	817141	816894	814287	809669	590917	816578	759712	744147	690768	814168	815312	296379	378077	815527	780195	803777	383013	562746	727560	816919	817364	813420	817394	804469	815660	815273	122926	817541	402136	812361	793611	815763	815548	815426	817021	813353	802524	815620	636204	815818	792852	815776	813387	816898	816208	705364	817112	813099	809134	816252	816389	816943	816909	817339	815416	707290	780947	814739	792078	786254	800110	815233	696754	811673	807003	783749	812903	589143	799066	777188	809598	771919	809036	802450	316	722	318	304	604	404	601	653	598	319	315	383	9	152	722	589	557	587	726	45	56	389	64	610	671	653	608	647	647	593	658	399	642	75	703	0	613	0	660	403	390	0	683	714	400	0	608	0	380	0	604	0	607	399	0	583	100	603	0	0	136	607	0	0	316	55	2	320	571	72	404	0	0	0	48	113	673	0	617	390	0	86	274	722	611	0	0	305	670	0	317	624	316	319	620	314	669	613	382	648	89	706	391	387	592	0	0	575	252	231	653	0	96	197	699	0	558	294	381	0	623	0	702	676	5	312	649	78	407	32	569	274	656	0	668	722	644	636	694	53	0	364	722	628	319	691	227	0	298	669	664	0	667	706	0	603	546	279	0	629	272	650	651	499	1	298	280	0	385	289	629	0	263	390	650
NC_063217.1	44000001	844430	843969	844097	844119	837758	841600	842996	841862	841973	842772	843042	841752	841383	53381	236909	843047	843278	841424	842793	843922	76653	154364	843567	106748	842926	843491	843145	841917	843392	837290	838248	843006	833366	837469	123401	842893	59040	842473	843059	843066	843278	841058	842721	841949	843413	842370	843119	841730	836457	841482	129211	842198	843817	842995	844054	843027	838654	310689	840603	842726	125654	276490	842989	819791	839931	843589	88772	124274	844246	839664	842681	843915	85953	843193	843310	150306	843857	844171	843179	843997	830604	841564	138337	363829	843272	842614	844073	844082	842156	843747	843986	844203	843990	843946	844152	842823	844058	843980	835539	792851	841242	837963	843760	843940	840985	843188	569392	843347	771305	757316	689179	840275	843144	290419	352299	843273	800660	831780	334248	540957	740874	843781	844048	838665	844287	840432	842837	842648	89607	844063	370681	840155	815266	843133	842510	842471	843905	841073	835453	842330	648327	843487	814309	842400	841876	843425	843155	714594	843817	840261	842275	843431	843558	843836	843507	844155	842643	709497	798229	841618	810717	807075	833296	842811	692059	838982	830715	796868	839334	559191	819123	794903	832717	791179	834410	829037	0	577	0	0	543	564	560	559	3	0	0	666	24	102	574	3	3	3	579	28	44	685	25	559	576	567	547	570	548	546	561	521	544	42	567	0	564	0	564	574	0	0	661	570	674	0	557	0	559	0	562	0	566	582	0	4	131	550	0	2	92	563	0	0	0	0	0	0	2	771	573	0	0	0	0	582	580	0	567	514	0	59	177	575	563	0	0	1	781	0	0	575	0	0	559	0	573	524	600	552	742	684	693	653	5	1	0	480	0	0	558	0	99	2	561	1	516	165	312	2	576	0	557	575	1	0	551	36	574	241	539	0	561	0	573	689	545	517	667	518	0	624	573	541	0	670	0	0	0	780	567	0	567	687	0	567	478	0	0	531	0	547	559	55	0	0	0	0	299	0	591	0	0	540	509
NC_063217.1	45000001	838562	838101	838030	838038	829848	835827	837206	835764	836167	836031	835680	836255	835709	53264	236601	835548	837164	834905	836909	837905	79791	147913	836274	110845	836775	836142	836894	836231	837396	823403	832559	836980	828954	830050	115257	836848	57155	836756	837119	836901	835745	835271	836765	835935	837313	836554	837141	835347	829385	835402	143360	836142	837818	836987	838111	836928	832610	311985	835266	835455	145827	298558	836988	818355	834724	837742	94876	136087	838326	834664	836657	837865	86957	837375	837207	160777	836608	838297	836084	837994	826817	835610	138601	375530	837060	836850	838161	837993	836423	837633	837923	838200	837779	837862	838279	836551	837935	837737	831259	794773	835919	833021	837852	838282	836311	837194	578686	837129	777690	760427	705145	834057	837635	315397	361960	837482	798471	826379	348913	556682	742124	836474	838337	833901	838332	835163	836869	836691	99681	838220	379772	834981	814009	837091	836180	836820	838096	835212	829952	836545	653015	837702	815389	836742	836262	837390	837345	717412	837774	834252	835105	837123	837550	837847	837555	838223	836663	717494	801154	835694	810833	802563	827140	837002	706000	833222	827432	799168	833815	581267	819728	797473	828331	782639	828843	822945	1	879	1	2	845	869	811	811	252	1	1	676	26	122	875	249	474	254	882	44	62	684	50	814	835	860	803	827	762	792	851	791	804	47	860	1	820	0	820	880	0	0	673	873	668	0	818	1	853	1	813	0	818	888	0	242	125	808	0	0	159	852	0	0	1	14	55	1	244	816	879	0	0	0	0	883	841	0	828	788	0	49	216	693	819	0	0	0	814	0	1	830	1	1	858	1	872	798	606	799	760	685	692	646	250	0	0	735	0	0	811	0	184	91	857	0	798	250	449	2	878	0	687	833	445	1	809	69	883	277	809	1	812	0	837	687	840	777	660	575	0	633	870	794	1	670	7	0	0	809	821	0	829	678	0	850	494	0	0	811	0	843	804	346	6	1	1	0	454	0	614	1	2	837	788
NC_063217.1	46000001	836690	836150	836206	836290	830708	833397	835285	833969	834361	835357	835198	834329	833863	51930	260929	835260	835308	832894	835257	836112	81644	155466	835463	122767	834828	835701	835228	834365	835536	825168	830205	834982	828189	830042	129003	834944	59681	835014	834863	835177	835543	833730	834698	834331	835376	834798	835202	833618	828738	833977	139986	834539	835981	835179	836087	834949	831938	323951	832714	835550	131046	319192	835348	817136	833383	835831	87606	150527	836458	833487	835347	836020	95046	835333	835451	156495	836044	836395	835636	836099	826325	833888	144352	419292	835220	835142	836268	836145	834475	836040	836109	836210	836221	836073	836361	834707	836140	836019	826798	801358	834522	829759	836060	835566	833672	835464	614980	835693	784793	772872	721780	832686	835391	336250	406787	835150	803603	826253	396851	598547	749887	835884	835791	833179	836410	832317	835007	834729	104141	836271	419744	832341	818254	835098	834282	833126	835428	832996	825495	834406	676091	835746	816178	835372	834392	836289	835471	732699	836014	831279	834795	835270	835499	836067	835832	836112	834831	741974	806964	833646	814366	810965	821824	834308	730187	831614	828982	809227	832130	621951	821062	801275	829490	795491	827548	821292	174	414	175	169	737	575	684	571	614	175	175	540	26	125	411	616	710	608	416	38	64	543	57	687	592	787	684	687	553	662	780	556	760	53	402	0	682	0	573	581	0	0	371	586	566	0	668	2	568	0	676	0	690	585	0	604	154	679	0	0	155	784	0	0	172	37	87	176	607	509	585	0	0	172	21	415	587	0	695	544	0	69	196	569	688	0	0	166	620	0	173	701	175	176	791	171	799	728	504	559	10	544	544	552	615	0	0	688	160	148	555	0	142	219	399	2	752	153	354	2	803	0	606	587	761	172	559	51	583	176	755	159	578	0	583	555	772	498	542	374	169	517	410	563	176	370	0	0	168	497	576	0	584	372	0	780	307	162	0	752	167	780	571	660	751	172	168	0	475	169	500	165	162	545	370
NC_063217.1	47000001	850310	849556	849703	849857	845224	847061	849081	848000	848358	847788	847148	849509	848305	60372	305382	846997	849185	846092	848697	849857	143782	193784	848258	191595	848313	847674	848884	847972	849065	834421	844323	848540	849140	843912	157570	848402	76717	848366	848642	848861	847290	847841	848102	847426	848943	848226	848320	847740	837122	846912	236155	847928	849298	848494	848994	848702	849052	370899	848099	846524	197632	443970	848923	837603	847622	849696	137441	275672	849890	848112	849216	849778	190313	849391	849117	197252	848547	849869	847536	849629	845684	847487	246973	545814	848807	848983	849886	849190	847882	849329	849235	849783	849582	849552	850026	849298	849747	849676	841662	830935	848456	843206	849674	849560	847554	849138	696400	847765	820188	803930	786498	848828	848955	449442	534535	848902	826034	843309	522239	695906	797230	848080	849505	848136	850092	846316	848774	848524	205862	849849	540973	846767	837771	848927	848029	847636	849645	847775	838630	848387	737955	849436	837351	849507	848427	848330	848844	778245	849662	846922	846664	849037	849392	849507	848997	849494	848714	784109	836411	848175	841614	833895	827405	848835	792917	845846	845671	833452	847875	711103	842660	831719	846287	811350	846394	840542	569	770	564	554	712	578	522	695	857	567	569	546	12	114	770	857	701	847	775	82	64	566	65	520	714	671	531	535	689	527	682	580	668	51	749	0	527	1	703	578	0	0	3	577	612	0	520	1	559	0	524	0	627	576	0	852	119	528	0	0	113	484	0	1	563	75	128	568	842	766	585	0	0	552	60	775	710	0	539	564	0	82	250	546	535	0	0	548	765	0	567	535	562	569	492	565	691	617	600	537	52	561	565	606	707	2	0	644	491	467	699	0	213	359	757	1	452	413	519	0	496	150	704	714	630	561	688	116	582	408	473	522	695	0	705	566	666	503	558	645	561	521	774	680	568	3	2	0	541	689	702	0	711	3	149	486	4	240	0	681	230	675	185	590	469	547	518	0	326	542	506	561	488	562	711
NC_063217.1	48000001	835365	834919	834984	834918	830664	832760	834142	833082	833083	833396	833165	833418	832027	48638	269283	833166	834344	831760	834065	834877	91710	163713	833498	110242	833789	833381	834115	832895	834267	830068	830858	833719	830983	828670	130927	833638	58407	833560	833741	834014	833155	832758	833250	833087	834255	833468	833775	832533	826460	832815	146728	833209	834764	833772	834572	833863	832451	331961	831215	832962	141283	298704	833781	816291	831369	834698	106489	140108	835060	831784	833781	834858	92340	834130	834158	159934	833944	835145	833343	834908	825638	832666	148194	369634	834219	833636	834994	834818	833153	834878	834845	834943	834819	834845	835042	834102	834985	834849	826533	788285	832488	828163	834722	834826	832116	834341	582002	834068	770494	749158	687094	831748	834285	283127	353985	833850	796630	822665	344434	543826	740299	833896	834849	830871	835056	831506	833810	833444	97394	835116	377822	831400	810879	834015	832962	833538	835147	832251	825473	833322	642562	834543	807114	833152	832861	834204	834198	711485	834510	830058	832749	834079	834485	834679	834498	835039	833493	712738	798647	832372	804236	796287	823468	833859	701159	830489	825515	796384	830539	569125	816851	791343	826156	785561	826187	820959	472	465	471	442	676	1	608	697	710	472	469	646	28	118	473	698	664	691	471	41	0	656	51	614	715	692	610	631	669	579	692	4	668	56	456	0	617	0	699	1	0	0	182	1	618	0	617	5	1	0	613	0	700	1	0	697	168	605	0	0	104	513	0	0	470	54	66	474	698	639	1	0	0	465	64	474	149	0	629	1	0	85	183	4	585	0	1	468	626	1	472	630	471	472	513	468	702	640	540	4	588	654	663	614	3	0	4	580	359	327	693	0	0	1	458	0	474	145	364	6	520	472	3	713	577	459	691	54	1	224	489	413	694	0	708	474	675	5	461	442	466	593	470	670	476	189	3	0	441	697	707	0	707	187	471	508	147	172	4	650	167	687	0	451	490	448	424	0	295	425	558	439	394	0	423
NC_063217.1	49000001	815129	814618	814775	814793	811756	812561	814077	812863	813101	813742	813075	813120	812524	54477	264914	813097	814454	812274	813939	814777	82023	168285	813716	111736	813664	813234	813968	812903	814110	810745	811115	813578	801625	810561	133621	813691	61744	813234	813653	813913	813419	811635	813340	812925	814013	813296	813521	812680	806555	812570	138250	812878	814558	813752	814748	813723	809504	317012	811591	812919	133260	284633	813486	796393	811065	814390	92119	134322	814914	811482	813632	814720	87020	814047	813842	152428	813871	814819	812740	814580	806408	812552	145365	364742	814269	813545	814803	814685	813026	814373	814534	814871	814537	814742	814850	812687	814726	814514	806788	770453	812554	809616	814637	814830	812441	814230	539437	814070	743982	735536	671279	810933	813445	305002	349307	813918	771035	799996	335149	515640	715315	813951	814560	810283	814832	810878	813545	813191	87790	814813	357138	810630	790776	813915	812905	813634	814254	811675	807206	813183	630315	814361	787823	813415	812621	814163	813599	685973	814445	809733	812729	814119	813928	814440	814247	814744	813181	686736	770753	811823	782393	775564	801273	813591	682161	808826	803508	771459	809019	543181	793164	766707	804864	763477	804486	799067	424	423	423	375	745	2	674	619	640	422	416	687	25	134	424	638	746	628	423	21	0	704	52	677	639	718	669	675	624	407	749	8	693	58	414	0	677	0	629	155	5	0	452	2	535	0	665	67	148	0	669	0	633	2	0	609	160	665	0	9	104	583	0	144	423	44	56	377	615	690	2	1	0	414	41	383	0	0	682	2	0	54	203	422	420	154	0	409	579	0	425	679	423	426	576	417	763	664	482	408	509	695	710	516	413	67	154	597	284	292	543	0	2	120	407	1	540	126	303	0	601	424	408	558	599	364	543	49	2	223	571	316	633	150	556	421	733	3	401	467	420	642	421	603	423	454	0	152	346	641	629	0	629	459	424	583	351	420	0	686	416	744	0	443	557	346	326	0	320	337	602	352	351	2	391
NC_063217.1	50000001	815082	814552	814736	814728	808554	812729	813982	812583	812502	812888	812453	806199	810416	37220	187762	812747	813469	813341	813815	814427	34554	121355	813044	50915	813718	813311	813798	812798	814168	808127	807490	813812	692732	806426	93359	813485	39143	813404	813505	813745	812995	808910	813283	812525	814158	813013	813742	812532	800743	812351	74547	813079	814533	813491	814015	813471	790699	228938	810011	812919	74869	169153	813459	786033	809834	814262	56844	75578	814906	810881	813147	814659	43745	813661	813925	126990	814017	814942	813268	814778	771324	811730	91041	245817	813535	813150	814677	814429	812779	814065	814336	814790	814716	814588	814869	804281	814627	814627	808282	732582	810500	809653	814433	814909	812657	814073	453511	814089	695069	679145	577014	805139	814388	235361	248998	814193	746940	794731	232709	399322	667937	813626	814921	804461	814852	812058	813336	813116	52778	814794	268622	810059	773878	813453	812655	812811	814844	811152	809102	812689	556301	814176	763107	811331	812650	814092	813468	631825	814178	807855	812740	814015	813925	814361	814283	814694	813257	616934	727702	809597	740902	751169	806404	813932	589661	806927	788143	737754	805922	427538	767814	724667	794397	745111	794060	791423	664	661	666	0	474	1	637	0	2	656	593	542	13	82	666	2	464	2	667	8	0	566	2	653	1	385	646	665	3	607	477	13	359	25	650	0	222	0	1	713	403	425	101	1	693	424	219	264	688	1	648	437	1	1	0	1	91	635	0	34	56	477	1	669	663	1	32	420	2	557	2	0	0	295	24	1	0	0	224	1	0	33	93	693	224	712	0	651	805	0	668	665	664	669	163	663	479	356	557	666	663	566	572	680	688	315	715	384	267	385	678	0	3	153	220	4	472	30	278	9	180	666	655	718	463	409	702	34	1	136	516	328	1	696	716	229	460	3	224	339	297	483	661	0	668	100	6	708	371	225	1	0	1	535	664	475	346	76	0	430	75	474	0	313	499	368	326	0	73	347	457	0	499	1	558
NC_063217.1	51000001	800912	800326	800502	800498	795817	798436	799555	798363	798257	799032	798447	786423	797619	42600	198931	799345	799210	799058	799500	800296	36935	140882	799253	59598	799259	799705	799597	798662	799799	794003	793622	799701	519477	793697	110631	799026	52428	799145	799457	799425	799097	793071	798912	798418	799693	798906	799505	798569	790194	798101	77496	798894	800258	799408	798170	799348	756707	241296	796259	799140	80526	181282	799452	768750	795108	800071	56494	82073	800255	795842	798571	800426	47741	799425	799697	125062	799864	800667	799473	800563	746127	797898	99543	247059	799454	798591	800525	800351	798533	799827	800082	800533	800310	800396	800669	776345	800384	800333	792974	706563	795146	795704	800233	800570	798493	799782	438739	799733	672823	662891	550778	789207	800122	220854	237408	799898	734748	780639	227351	387854	649498	799842	800739	786566	800679	797313	799169	798699	49489	800550	268277	795568	752086	799521	798721	798060	800666	796917	795030	798629	537535	800010	742395	796133	798025	800004	799316	607607	800158	792667	798874	799647	799779	800191	800026	800514	798976	598401	702340	794122	710893	730984	792050	799244	568042	793000	768187	711676	791569	401613	749931	705397	775013	730056	776626	775701	495	828	493	196	754	514	291	202	533	390	442	444	12	26	831	527	761	535	826	23	23	453	0	295	213	216	283	294	197	762	450	154	1	0	814	0	209	0	206	769	457	482	49	518	448	487	206	486	745	1	481	497	208	525	0	350	67	635	0	30	86	236	0	449	495	11	17	55	509	759	519	0	0	512	2	545	0	0	211	335	0	27	101	450	496	444	0	479	770	0	498	297	494	497	30	494	459	1	382	441	736	451	460	438	769	206	458	354	41	328	242	0	95	161	0	0	671	1	123	3	53	500	721	448	236	53	238	17	518	178	732	43	205	449	248	0	441	204	0	428	505	385	808	0	494	53	2	236	52	0	206	0	209	454	497	240	294	44	0	394	44	431	0	173	712	49	43	0	19	46	367	175	371	450	716
NC_063217.1	52000001	805080	804703	804731	804712	794229	802063	803901	802491	802154	803419	803417	787903	801191	31708	150071	804590	802754	803012	803686	804416	32674	107310	804270	38927	803529	804783	803944	802674	804219	793802	797590	803761	522331	792106	77367	803345	33693	803254	803736	803834	804531	797423	803338	802443	803894	803110	803852	802580	792824	801748	71291	803178	804443	803659	800354	803634	751997	196727	798525	804409	54986	164430	803259	774005	799488	804315	44471	71049	803845	800765	802566	804604	40671	803766	803987	100602	804858	804966	804740	804694	728251	801356	84627	248281	803609	803181	804761	804081	802969	804188	804333	804755	804534	804637	804807	774833	804717	804611	797847	706844	799366	799989	804498	804976	802360	803845	436447	804808	672485	665425	555665	793800	804250	220664	240741	804072	733493	781127	230497	386951	653280	804785	804866	788339	804859	800983	803131	802496	47358	804797	261070	799618	747058	803635	802585	802197	804716	800667	798794	802812	542653	803952	741756	799992	802459	804947	803063	610384	804429	797547	804167	804072	803790	804388	804229	804701	802542	594322	696258	798212	706744	735386	797401	803733	558956	796507	773878	712510	794240	400129	753225	700639	774300	731373	778851	777946	758	713	750	727	677	724	822	763	685	26	637	773	7	76	817	669	691	683	693	14	20	826	0	809	816	795	802	832	727	653	786	270	577	20	686	0	793	15	796	681	701	738	607	722	804	725	773	621	677	0	726	756	789	725	45	529	100	695	12	26	65	4	21	739	757	11	13	634	684	658	738	1	1	722	45	698	0	0	797	515	1	30	147	808	721	0	1	740	820	1	753	826	742	761	545	741	806	585	611	759	704	826	836	770	704	324	837	579	402	420	622	1	101	163	1	45	605	4	268	26	840	761	657	822	20	633	637	28	723	136	653	484	797	792	664	21	778	722	18	418	721	641	667	0	743	641	0	16	569	15	786	1	815	803	755	4	481	484	15	678	508	765	16	4	630	556	510	0	253	518	607	717	546	639	586
NC_063217.1	53000001	834462	833969	833971	834045	828288	831493	832952	831901	832527	833090	832866	832251	832135	43649	244706	833111	833306	831815	833003	833828	76304	153276	833616	113267	832602	833805	833207	832089	833304	828029	830173	832704	821827	825600	114541	832584	45829	832751	832810	833057	833175	831160	832764	832197	833246	832320	833008	831727	830213	831567	154342	832346	833912	832940	834034	832814	828952	324647	831154	833394	144202	338507	832778	819355	830719	833673	94145	155080	834244	832363	833086	833950	99026	833204	833279	154780	833927	834217	833464	834006	823717	831660	151346	436865	833251	832937	834032	833791	832307	833669	833604	834143	833892	833768	834200	832477	833899	833931	827051	801407	832317	828613	834007	834297	832348	833336	627511	833968	787090	774820	729682	832214	833658	324111	412660	833412	802247	824976	400322	611017	761328	833742	834268	831299	834269	831492	832804	832594	109840	834108	431202	830550	819235	833150	832251	833312	834316	831443	827612	832511	676247	833590	814242	833472	831884	833938	833319	733662	833751	830475	833030	833246	833345	833820	833604	834023	832524	747028	807829	831981	816798	806760	819742	833258	737288	828573	827417	809267	830622	628836	820026	805048	828485	795238	828139	822631	538	791	543	385	668	641	509	248	651	2	522	226	7	82	518	650	673	642	794	25	61	229	1	499	257	397	503	524	248	758	395	507	164	22	777	0	253	0	259	643	520	528	342	645	227	535	253	492	622	0	522	542	255	651	644	622	64	629	0	37	135	246	0	220	537	36	42	349	646	628	652	0	0	642	24	517	0	0	259	486	0	30	102	349	637	0	0	771	681	1	542	516	541	545	334	536	226	162	208	342	608	226	230	222	660	158	229	355	273	423	313	1	138	219	0	582	618	5	194	0	374	541	653	259	138	341	310	30	647	253	643	314	259	219	324	0	388	369	0	482	635	213	791	0	546	532	2	0	329	0	653	0	259	224	540	252	185	312	0	380	309	392	0	123	651	328	313	0	205	319	211	390	460	623	712
NC_063217.1	54000001	815327	814825	814892	814942	801078	812516	814102	812650	812725	813051	813735	809462	809604	44213	190307	814158	813280	812818	813719	814576	46453	121371	814316	71618	813834	814552	814044	812744	814417	800494	808566	814054	737226	800794	97828	813200	45114	813227	813615	813949	813428	810225	813520	812606	814054	813214	813753	812588	797002	812069	91059	813266	814824	813820	814787	813607	798683	254972	808417	813748	90519	203599	813606	792449	810008	814447	62507	92158	815165	812104	813281	814772	54949	814005	813988	115690	814418	815149	814075	814826	783378	812475	105584	298999	814154	813474	814962	814765	813026	814567	814613	815032	814814	814780	815038	809367	814791	814713	809289	757356	812219	811211	814813	815145	813064	814161	513914	814723	730412	709800	637374	810124	814555	283619	319770	814370	758934	800467	268030	468620	694067	814328	815136	808135	815125	812140	813416	813001	64868	814987	315510	810665	777577	813868	812849	813668	815179	811391	809745	813290	586391	814481	776265	812493	812800	814858	813791	658351	814612	810178	813494	814108	814071	814724	814520	814714	813546	660486	755118	810510	769216	758262	805831	814125	633888	807608	798526	760046	808502	490569	785050	757097	799357	748891	802021	800321	419	686	423	601	1082	645	922	511	1012	0	401	866	14	87	952	965	1089	1092	687	36	40	910	0	924	532	904	918	421	490	651	908	338	4	0	674	0	517	0	521	1112	393	411	653	645	896	414	517	0	1073	0	410	422	522	653	636	581	127	617	0	52	126	1108	0	864	420	38	63	678	1007	1088	649	1	0	635	49	0	0	0	526	350	0	49	206	415	628	0	0	659	681	0	424	946	424	425	616	418	923	2	761	399	609	916	926	872	684	449	924	742	455	291	921	0	139	195	3	527	981	1	417	0	672	423	658	529	890	658	915	41	649	295	1027	543	514	891	955	3	879	841	3	652	638	57	677	0	425	416	1	1	623	3	1020	0	524	915	422	1093	586	544	0	790	534	879	0	615	1034	604	538	0	278	558	765	581	343	597	602
NC_063217.1	55000001	840031	839359	839578	839427	827690	837275	838767	837382	837473	837380	838325	835093	836240	38115	161756	838686	837948	837622	838679	839523	38526	111478	838732	57257	838161	838783	838745	837655	839018	830753	834382	838730	795538	828028	90179	838177	33913	838164	838577	838508	838512	835500	837964	837573	838817	838009	838678	836994	831311	837319	88263	837837	839508	838393	839310	838364	826814	227544	834567	838218	80080	241361	838364	818989	835528	839288	56907	99278	839884	837882	838203	839447	53558	838656	838819	105666	839137	839795	838874	839600	810953	836826	103582	345304	838518	838365	839642	839417	837575	839195	839232	839688	839405	839522	839768	835524	839522	839429	832975	788998	836680	835449	839433	839869	837892	838898	567795	839076	767867	750738	688632	835330	839403	306526	359231	838928	795131	825006	328538	532253	737426	839253	839744	834589	839741	836916	838263	837840	72103	839625	359608	835568	814548	838194	837626	838246	839789	836537	833950	837957	638414	839119	810360	837813	837440	839391	838851	695776	839242	835684	837959	838789	838883	839344	839252	839678	838499	704445	791282	836155	807118	797010	829000	838502	691975	833269	825606	794713	834832	556009	815748	788656	827984	783178	829521	824380	462	252	456	439	126	451	747	510	770	0	437	567	7	71	774	518	129	130	0	0	31	586	0	759	318	572	741	451	299	0	573	389	1	38	243	6	521	0	317	128	445	452	371	452	124	450	774	0	123	21	448	460	306	461	454	418	85	447	0	30	9	128	0	570	462	33	27	504	760	127	458	0	0	454	41	0	0	0	318	383	0	32	137	457	452	0	252	250	609	193	612	799	459	612	366	458	589	0	496	451	430	669	592	558	809	316	594	489	513	338	785	0	110	250	452	411	117	153	425	0	132	462	805	316	751	489	770	43	456	34	118	105	514	570	798	463	568	531	446	78	454	0	0	0	462	451	0	0	607	452	763	0	315	590	463	129	409	112	0	535	106	576	0	585	124	362	330	0	285	361	506	430	397	436	0
NC_063217.1	56000001	849501	848759	848895	849133	841819	846682	848181	846526	847328	847356	848189	848211	845479	35522	201180	847988	847810	845500	848192	848990	65955	117436	848442	95673	847756	848278	848212	847095	848430	840567	846096	847839	847252	841972	85523	847656	36453	847375	847823	848019	848234	847154	847542	847193	848429	847582	847936	846336	843797	846378	131473	847327	848842	847703	848897	848158	847089	265255	845520	848057	102362	361952	848224	837449	846286	848802	69386	157439	849267	847326	848198	848967	89486	848354	848281	115974	848767	849241	848433	848838	843746	846826	142824	469665	848274	848210	849028	848885	846647	848724	848635	848977	848496	849003	849147	848535	849011	848833	842996	826565	847674	844429	848918	849372	847341	848414	673923	848333	817071	808252	775236	847715	848654	382444	483394	848401	826461	842539	455852	666814	789708	848638	849319	847514	849108	846340	848048	847348	109528	849193	478946	846226	838206	847847	847177	847939	849282	846767	841057	847553	721463	848652	838831	848904	846989	848801	848320	771718	848818	846744	847741	848292	848709	848679	848630	849230	847861	784613	830454	847294	840798	831634	832947	848118	787967	845430	845340	831840	846446	687630	842205	828031	844540	810431	844839	841426	3	746	2	3	192	2	579	719	817	1	2	1	0	103	827	857	3	3	0	3	0	2	0	819	833	1	812	2	774	2	1	3	0	0	725	9	721	0	819	3	3	2	719	2	0	2	708	1	3	64	2	3	805	2	3	2	1	2	1	0	1	3	1	1	3	30	1	2	819	3	2	0	0	3	53	0	0	0	829	2	1	0	0	721	3	0	747	722	797	730	747	734	3	748	739	2	1	0	0	702	4	741	2	1	723	3	2	2	629	3	820	0	1	304	2	3	4	2	573	4	3	3	714	834	796	3	810	79	2	1	2	3	713	1	835	3	2	2	3	4	3	1	0	0	2	2	2	1	710	3	829	0	831	1	3	2	1	4	1	2	4	2	2	722	3	733	704	0	1	706	1	3	3	2	1
NC_063217.1	57000001	824051	823543	823415	823584	818144	820930	822588	821250	821458	822502	823135	821875	819123	34877	174628	823242	822574	820719	822446	823497	45062	114574	823194	74304	822143	823288	822586	821318	822847	817296	820212	822383	818846	815617	86717	821983	33740	821985	822293	822374	823078	821178	822124	821402	822816	821810	822528	821094	816172	821141	103017	821722	823384	822174	823628	822306	820487	244630	819531	823235	84348	313593	822645	808550	820181	823059	55588	138915	823798	821665	822823	823478	75908	822938	822725	91242	823744	823647	823463	823362	815099	821400	127038	421255	822679	822518	823587	823431	821571	823171	823408	823565	823353	823497	823691	822492	823425	823282	818020	792301	821486	819328	823395	823704	822061	822872	633122	823557	783413	771460	740277	821216	823359	354831	446473	823072	797280	815424	401677	621358	755022	823688	823716	820967	823697	821018	822400	821761	93318	823718	440675	820993	807896	822508	821992	822689	823878	820676	818399	822075	680270	823333	807067	822646	821916	823886	822938	731341	823365	821082	822685	822544	823112	823188	823173	823594	822250	749259	800574	821605	808846	800954	806437	822472	738426	819889	817692	801398	820434	637900	811935	796856	817366	781159	817516	815112	3	399	3	3	875	3	354	232	900	1	2	450	5	78	916	710	467	483	0	0	45	485	0	887	914	484	883	2	857	1	477	3	0	2	394	9	228	1	895	486	4	2	800	3	1	1	230	1	465	30	2	3	893	2	2	2	76	2	1	16	1	479	1	468	3	22	21	2	893	479	2	0	0	2	51	0	0	0	866	2	0	28	103	281	3	0	393	387	667	240	397	235	2	400	805	2	483	0	426	275	801	393	489	0	655	255	486	407	347	2	757	0	94	242	1	2	437	1	554	2	0	4	280	913	746	3	764	46	2	3	465	420	234	474	796	3	460	439	4	399	3	2	0	0	2	1	2	0	386	2	905	2	905	483	4	2	366	430	1	444	431	469	1	628	455	773	741	0	2	755	422	1	1	2	0
NC_063217.1	58000001	844163	843606	843686	843745	835519	841584	843054	841931	842076	841813	841788	842645	840847	48272	265841	841747	843193	840784	842570	843662	100247	166552	842154	136936	842489	842069	842970	841876	843018	831044	840048	842612	841554	834583	124454	842447	55807	842013	842731	842800	841544	841786	842446	842092	843112	842175	842653	841157	836392	841325	166703	842147	843606	842584	843270	842364	841372	323574	840286	841759	157993	346538	842601	830434	840219	843406	104513	172643	843861	841791	842867	843574	116891	843098	843053	163477	842449	843859	841846	843679	837440	841740	172297	441814	842974	842598	843774	843714	841721	843535	843441	843844	843530	843683	843906	843066	843750	843682	836962	819907	842413	837645	843629	843495	841772	842993	654508	842391	808072	786248	759847	842138	843242	365776	452055	843185	817176	837215	419339	648271	779199	842886	843778	841547	843839	840490	842683	842225	123019	843881	453958	840578	826405	842568	841870	841970	843768	841506	835602	842093	700851	843431	827453	843457	842242	842882	843030	756918	843542	841229	841391	843012	843202	843510	843342	843820	842577	763314	825067	842018	833213	822480	823776	842878	764022	839854	838421	823051	841632	656651	834546	819766	839028	803294	839543	835092	40	41	41	43	219	38	469	472	231	5	37	829	10	22	235	844	790	808	0	3	4	861	0	229	204	839	223	38	175	3	842	45	0	7	37	3	481	3	197	198	40	40	829	43	2	38	509	5	794	4	36	43	198	646	40	40	194	39	3	97	14	811	3	823	41	4	94	38	232	808	40	1	0	41	96	0	0	0	0	35	0	97	314	4	40	0	38	38	196	516	2	517	38	3	861	37	853	0	799	2	190	5	863	1	201	544	859	774	0	32	878	0	226	73	38	36	775	18	137	2	0	41	40	200	835	42	866	76	38	16	774	741	478	837	898	41	836	764	40	205	41	39	1	0	38	0	33	4	0	41	227	34	203	855	39	37	707	798	3	831	793	848	5	755	783	838	787	1	31	817	775	41	3	34	1
NC_063217.1	59000001	828248	827790	827870	827827	824453	825628	827033	825973	826169	827019	826636	826873	825522	53964	239818	826592	827241	824845	826814	827715	94888	153090	827274	134619	826467	827297	826986	825990	827306	822697	824176	826666	824936	822335	118136	826327	54321	826529	826547	826948	826705	825517	826652	826083	827069	826193	827049	825361	821940	825557	156504	826283	827764	826769	827607	826745	825443	327204	824871	826645	148542	315652	826692	812375	824514	827496	104269	145681	827940	824887	826809	827750	97473	827122	827059	157228	827468	827960	826907	827780	822670	825354	153648	387203	826991	826726	827860	827696	826082	827580	827696	827930	827734	827694	827957	827109	827783	827715	819699	790356	825732	821521	827838	827676	826002	827019	585875	827301	768141	754252	694596	824541	826910	297290	375717	826983	788399	816150	363370	571542	737151	827448	828036	824555	828040	824064	826762	826306	106355	827946	397451	823977	807727	826854	826044	826184	827542	825518	816713	826219	652224	827495	805945	826678	826092	827624	827093	714224	827528	824008	826538	826976	827131	827624	827405	827938	826694	721611	793387	825383	801286	798083	811750	826635	712760	822454	818769	794323	822958	586411	813397	788610	820385	780049	819574	814706	315	1	319	308	346	315	575	565	359	0	318	472	10	89	359	495	484	495	1	0	34	483	0	353	418	480	346	313	401	2	468	7	2	41	2	0	566	1	409	2	308	308	484	316	0	317	574	1	485	0	316	319	401	498	313	312	99	308	1	61	73	497	1	469	321	11	52	319	190	491	319	0	0	313	44	1	0	0	2	299	0	52	158	411	313	162	1	1	185	590	320	590	313	319	507	317	483	5	446	1	389	319	491	0	1	316	511	430	260	261	587	0	122	2	308	278	500	125	72	2	1	320	347	415	570	308	586	54	318	132	480	449	570	475	568	318	466	440	305	10	321	297	1	0	320	1	256	0	298	318	357	309	416	482	194	310	395	445	2	464	444	204	2	472	478	487	461	0	196	472	434	299	3	298	1
NC_063217.1	60000001	821683	821158	821146	821201	815625	818834	820202	818811	819083	819699	818630	818231	818710	47701	247083	818687	820151	819166	820264	820992	72299	152230	820170	107365	819760	819888	820234	819081	820535	813389	815840	820292	803722	814145	119451	819904	54157	819587	820028	820341	818983	817852	819759	818580	820561	819716	820077	818815	814494	818880	130942	819557	821019	819936	821061	820016	814448	303908	818361	818899	124083	287860	820125	801962	817262	820893	87757	135985	821489	818972	820018	821151	86662	820411	820459	158987	820372	821337	819228	821112	805432	818324	142693	374936	820090	820011	821102	821159	818998	820816	820863	821289	820957	821023	821342	818478	821145	821056	813272	770899	817941	815038	821053	821207	819526	819762	564658	820525	756829	741969	667933	816480	820683	299000	352712	820637	779996	809850	344799	537820	720507	820323	821441	816411	821430	817963	819902	819566	97989	821356	370740	818001	797762	820281	819454	819893	821230	817841	814769	819635	637434	820965	791158	819099	819249	820859	820420	692421	820813	816968	819251	820437	820584	820870	820666	821310	819611	695859	775182	818162	785469	785870	805398	820377	686133	815902	810076	779829	816072	561391	800291	774799	810933	769285	811536	805119	82	328	83	82	369	85	647	444	390	0	81	344	11	83	389	36	354	362	0	0	61	355	0	379	466	349	369	80	437	0	350	0	2	15	320	13	458	0	461	0	75	76	253	81	0	80	417	0	345	0	79	83	460	362	80	76	75	83	0	35	13	351	0	344	83	0	41	83	0	354	79	2	0	82	39	0	0	0	0	75	0	34	120	608	81	357	330	319	739	432	329	430	81	330	38	81	353	0	321	410	431	618	360	0	418	222	361	310	265	49	660	0	97	131	82	72	79	25	2	0	0	82	603	465	652	81	641	39	81	24	345	335	452	350	359	83	341	325	79	292	82	73	0	0	82	0	57	0	308	83	386	83	459	358	0	79	270	326	0	336	312	0	0	491	332	345	336	0	38	341	316	73	0	78	0
NC_063217.1	61000001	820606	820009	819921	820001	811912	817858	818932	817606	818031	817945	817644	818219	816527	61335	237420	817864	818775	817297	819124	819896	79094	151786	818324	114895	818757	818367	819163	817889	819444	804525	814770	818999	809029	810946	116863	818759	57651	818534	818798	819281	817525	817576	818590	817853	819379	818444	819110	817700	805455	817768	134786	818220	819954	818942	820080	819031	815835	308620	815908	817772	124883	269449	819004	799919	815493	819847	94056	119835	820318	816387	819090	819906	87943	819259	819182	149177	819265	820282	818051	820089	809842	817694	138727	342033	819295	818895	820161	819886	817987	819838	819845	820029	819837	819928	820221	818090	819913	819826	813709	763375	817537	814514	819961	820106	818284	819310	553141	818569	744123	731094	656968	814805	819734	274356	344483	819607	770298	807041	317973	521126	711734	819091	820342	814986	820355	817230	818798	818481	90503	820257	363964	816482	790441	818756	818174	819181	820211	817179	812219	818635	618035	819923	788473	817951	817674	819223	819470	684973	819853	815194	817180	819232	819543	819888	819672	820169	819020	689932	766114	816822	773595	775883	807997	819223	662130	815403	806626	771742	815243	533852	795316	765137	807859	761865	808962	802627	1	722	1	0	2	679	558	665	2	0	1	666	28	0	2	288	668	686	0	0	2	691	0	1	1	679	2	1	1	0	678	0	0	0	703	26	681	0	1	0	1	1	0	2	0	1	671	0	678	0	1	1	1	690	0	1	151	0	0	71	2	684	0	661	1	0	66	2	0	683	1	0	0	2	76	0	0	0	0	1	1	56	188	693	1	696	710	697	687	686	723	690	1	723	285	1	691	0	598	669	1	695	700	0	685	374	698	581	539	1	681	0	122	197	1	0	2	0	0	0	0	1	682	3	661	2	672	58	1	0	668	592	672	685	698	1	669	619	1	467	2	0	0	0	1	0	0	1	661	1	0	1	0	690	0	2	504	609	0	628	601	1	0	490	655	654	607	0	1	631	594	2	0	1	1
NC_063217.1	62000001	822223	821660	821523	821883	820036	819268	820643	819133	820229	820999	820893	821508	820557	63273	321249	820212	821059	817871	820922	821788	143510	203823	821238	197073	820623	820771	820802	820109	821168	818847	819017	820269	821197	818060	160235	820513	70963	820096	820433	820849	819726	820178	820611	819077	820920	820251	820658	819533	817570	818937	213244	820078	821653	820640	820496	820858	821008	402432	820333	819834	204573	386120	820894	810743	819166	821504	140498	202751	821828	819566	821004	821704	147690	821144	820984	199560	821238	821841	820514	821505	819200	819619	210736	472876	820908	820809	821741	821450	819752	821577	821578	821831	821522	821731	821781	820704	821791	821586	809190	795238	820140	812808	821574	821017	818393	821032	645345	820535	780397	771660	730208	818625	819036	315812	449554	820036	794303	812841	439656	629175	753860	821006	821342	819598	821970	817219	820680	820178	152853	821938	462392	817888	807851	820581	819998	818739	820587	818953	807189	820147	688373	820422	806135	821267	819793	821499	821204	737926	821612	817330	819806	821062	820845	821688	821455	821893	820302	739842	800612	819870	807188	800722	805004	819588	744706	816884	816502	800038	818569	647786	810481	795409	817268	783284	816123	807686	6	673	4	4	0	710	642	706	2	1	4	781	30	0	0	638	752	777	0	0	1	792	0	0	4	772	0	4	4	3	767	1	3	2	659	33	707	0	4	2	6	4	4	4	0	4	695	0	755	0	4	6	4	772	6	4	247	4	2	135	3	776	2	760	4	0	140	4	1	778	6	1	0	4	118	0	0	0	0	4	0	131	358	781	4	797	667	650	790	713	673	715	4	679	638	4	790	5	732	769	4	788	792	0	778	573	790	724	566	5	775	0	178	358	4	6	4	3	0	2	0	4	780	4	750	6	776	134	4	10	754	738	704	784	787	4	760	682	5	626	5	7	0	0	4	0	3	0	641	6	2	4	6	785	2	4	668	737	2	763	740	2	0	686	752	778	743	0	3	759	722	4	2	4	0
NC_063217.1	63000001	778749	778073	778137	778213	774047	776020	777218	776146	776795	776810	776824	777526	776725	70089	373704	777159	777857	774511	777414	778185	118235	221611	777387	159388	777298	777422	777365	776595	777914	771819	774228	777053	775835	775206	195154	776726	85380	776928	776565	777526	776887	776339	776704	775999	777445	776423	777498	776225	772751	775463	165398	776721	777770	776945	777380	777015	777175	397950	776365	776887	169916	306085	777255	761919	774475	777821	109440	137967	778337	774386	777231	778064	102698	777572	777405	196543	777604	778333	777400	778165	773683	775971	181312	361501	777180	777006	778293	778235	776598	778155	778134	778235	778206	778168	778165	776706	778313	778120	769389	727613	775918	771853	777646	777484	775736	777277	530169	776845	708483	697989	631587	773787	777026	258670	323123	777369	738435	764038	322683	503725	678816	777897	777764	773915	778288	774246	776933	776333	87402	778475	350232	775088	752988	777085	776538	776074	777455	775020	767061	776131	594367	777485	748898	777009	776433	777985	777786	657181	777725	773467	776106	777316	777817	777819	777793	778061	777121	657840	733036	775167	742021	742119	762394	776389	646860	773655	767698	735542	773681	525424	755652	729355	769319	732383	768368	761410	68	559	65	37	2	100	476	46	60	76	1	515	31	2	51	605	547	521	0	21	0	597	0	0	48	515	0	1	23	63	518	74	1	9	483	33	96	56	2	1	59	57	1	62	50	1	45	47	570	0	1	71	2	565	63	1	246	65	66	87	44	506	67	501	73	0	91	1	63	519	57	6	0	67	106	0	0	0	0	1	0	85	206	585	67	529	492	485	521	45	565	45	1	563	652	1	525	2	450	500	70	576	602	0	574	347	579	490	359	61	505	0	114	215	1	45	73	5	0	62	0	64	576	81	550	61	571	52	1	4	482	468	94	508	585	75	561	517	56	395	73	45	0	0	1	0	1	65	453	56	40	1	57	520	64	1	402	520	59	549	531	46	46	404	498	554	514	0	58	558	521	65	51	1	0
NC_063217.1	64000001	299636	299218	299077	299234	296316	298551	298681	298541	299041	298244	298111	299484	298861	40235	179891	297552	299378	297387	299096	299465	79595	119037	298883	110159	298887	297917	298901	298699	299173	287774	298459	298797	298410	298193	104151	298909	47765	298579	298736	299071	297579	298593	298367	297958	299040	298622	298941	298413	296066	298093	105036	298830	299236	298616	298170	298456	299209	187605	298762	297092	105871	160802	299200	294762	298556	299195	69886	99671	299356	297958	299185	299155	78521	299332	298854	99775	298843	299463	297750	299427	299221	298744	110696	189377	298798	298886	299402	299458	298635	299414	299419	299406	299301	299488	299388	299119	299468	299273	296149	290439	298893	296116	299196	298674	298205	298965	233307	298232	283339	280116	266972	298615	298894	146431	174386	298974	287666	295837	169799	230311	274592	298753	299036	298225	299368	297510	298685	298610	66255	299465	175607	298237	292491	298814	298788	297837	298800	298176	294254	298606	249306	299107	292423	298999	298810	298689	299279	267739	299278	297495	297369	298916	299206	299259	299369	299348	299079	274088	290483	298720	293393	291566	288607	298520	270899	298155	296865	290965	298488	234235	294807	289693	296620	284253	297532	294824	2	92	6	16	0	29	83	19	12	11	0	202	23	0	9	198	200	198	0	12	0	220	0	0	15	200	0	0	15	10	196	11	1	3	89	6	26	10	0	3	5	10	3	10	11	0	19	7	205	0	0	6	0	200	12	4	119	6	11	56	3	202	10	195	5	1	66	0	9	200	18	9	0	9	62	0	0	0	0	0	0	62	106	207	5	206	91	86	201	22	97	21	0	98	213	0	202	2	183	200	25	212	225	0	214	160	215	200	78	37	202	0	70	136	0	22	28	2	4	17	0	17	207	14	212	13	212	36	0	2	192	193	39	199	237	29	212	200	17	187	18	17	0	0	0	0	0	10	80	10	11	0	10	201	10	0	170	204	12	219	203	10	15	171	194	216	200	0	8	208	200	11	10	0	0
NC_063217.1	65000001	708602	707630	707515	707573	702119	706232	706718	705892	706834	706586	707026	706673	706392	50292	256061	707456	707013	705087	707175	708093	94142	158639	707311	122736	706942	707781	707149	706533	707544	700718	703371	707053	685944	699205	131440	706449	56905	706114	706336	707201	705907	704782	705926	703776	706790	705631	707234	706246	701578	705125	140411	706625	707383	706689	707538	705795	705101	312928	704607	707315	146279	247948	707090	690475	704845	707003	94221	124424	708352	703673	707311	707177	91639	707417	706543	165792	708339	708323	708120	708125	701810	706343	145607	295570	706514	705785	708077	707822	706234	707838	708111	707533	708037	708189	707580	703488	708134	707979	700969	645301	705254	703079	707047	707312	706483	706740	437706	707558	619442	619306	544392	701892	707996	254591	291686	707579	656531	691587	259387	413541	598407	708299	707585	699897	707861	704572	706125	705791	82189	708343	291559	705145	680546	706227	706311	704878	707578	704236	700837	706151	511688	706910	668572	705795	706499	708484	707489	572112	707186	702234	707036	706714	707543	707314	707661	707509	707116	577219	645010	703916	655786	657944	686391	706136	551989	702628	690679	652137	701922	433460	675878	647232	692805	657396	694552	691275	146	884	184	258	1	194	649	33	317	265	1	460	24	0	237	485	570	456	0	51	1	703	0	0	241	463	1	1	290	285	454	379	0	120	652	46	212	132	0	0	122	212	1	210	183	1	34	232	690	1	1	225	0	541	199	1	398	260	220	72	125	456	252	453	256	0	133	1	178	454	212	27	0	202	176	0	0	0	0	1	0	63	155	692	202	472	660	643	466	34	932	34	1	894	707	1	470	0	400	454	210	715	749	0	666	417	691	562	499	217	457	0	106	295	1	209	203	0	0	217	0	241	678	234	700	227	721	45	1	4	445	402	234	460	685	268	685	559	182	480	186	177	0	0	1	0	1	174	608	228	198	1	207	465	206	1	338	601	173	649	579	171	244	327	446	660	580	0	206	628	605	207	243	1	0
NC_063217.1	66000001	666037	665523	665567	665580	660412	664027	664842	663633	663787	665386	665282	661571	663408	37126	207177	665640	664939	664584	664947	665508	41214	124469	665405	53988	664786	665709	665129	663978	665309	658171	660071	664810	582791	657548	105039	664210	44030	664300	664667	664896	665352	660906	664448	663647	665083	664143	664840	663837	656256	663746	65570	664305	665568	664591	665241	664589	655548	229245	662559	665599	66458	146483	664730	640901	661001	665327	51781	68453	665953	660744	664145	665601	40441	664990	664857	111745	665925	665888	665779	665692	642131	663832	87834	193203	664896	664146	665633	665457	664292	665454	665536	665657	665633	665526	665702	656921	665660	665542	660804	568606	658992	661823	665435	665725	663751	664885	332344	665540	530672	538756	429723	651738	665215	179342	184985	664791	595014	642762	171696	273198	526078	665919	665585	650903	665700	662677	664575	663944	44596	665709	196419	662101	623830	664438	663803	662626	665433	661680	661667	663673	428857	665055	603496	660607	663668	665923	664658	488824	665336	658156	665141	664960	664984	665403	665388	665639	664355	468916	554769	658774	557419	588779	657058	664495	437111	658071	628137	569198	653064	289912	610947	558426	633119	602941	638536	638566	3	438	5	12	349	376	304	360	368	5	1	333	16	71	372	565	346	342	0	2	34	350	0	0	372	336	345	2	340	11	338	20	0	11	423	16	368	2	359	0	6	7	0	7	6	2	368	4	332	0	2	5	359	349	4	2	92	7	8	25	4	335	10	325	8	0	26	2	4	335	11	6	0	12	45	0	0	0	0	2	0	30	72	349	5	346	434	429	337	369	439	373	2	442	516	2	346	0	248	454	352	340	355	0	479	150	353	240	276	16	450	0	53	128	2	14	6	8	2	7	0	7	312	373	462	9	337	17	2	0	322	276	376	335	356	6	327	323	8	280	14	4	0	0	2	0	4	1	398	10	13	2	6	345	12	2	202	256	5	276	265	7	3	289	321	294	178	0	3	281	250	6	11	2	0
NC_063217.1	67000001	789985	789508	789500	789571	783657	787337	788911	787194	787755	789045	788618	785662	787646	40332	194721	789350	788561	788102	788680	789401	50839	120299	789150	67656	788487	789491	788807	787815	788984	779209	784751	788597	730710	782731	90981	788308	39757	788251	788434	788853	788996	785018	788498	787465	788739	788139	788649	787458	782810	787299	93186	787711	789432	788638	789710	788194	775489	260427	786493	788926	92850	201173	788359	767979	785416	789240	61909	87328	789909	786129	788135	789387	52922	788761	788761	125104	789675	789825	789485	789645	767205	787068	101580	274508	788431	788309	789667	789556	787776	789271	789542	789714	789562	789356	789726	785207	789485	789496	783104	716381	784869	785352	789373	789457	787340	788879	459579	789295	682677	678443	583510	781565	788883	248719	273200	788307	728269	771006	256756	421383	655534	789596	789610	782242	789652	786909	788245	787612	66541	789629	288602	785883	751436	788565	787538	786546	789049	785323	783377	788015	551411	788787	741897	786480	787374	789628	788606	620773	789257	781797	788648	788901	788566	789410	789189	789555	787904	620572	711718	784853	722596	730934	780407	788215	596079	783203	767802	713558	781044	436094	749316	712426	771334	723563	771431	767289	2	663	2	4	314	655	1	633	327	0	2	349	5	36	331	329	100	351	0	0	26	353	0	0	332	102	317	2	303	2	101	5	206	0	650	12	650	0	332	230	2	2	516	2	0	2	643	0	322	0	2	2	325	358	2	1	54	2	0	6	1	101	0	98	2	0	5	2	0	347	2	0	0	2	27	0	0	0	0	2	0	21	71	337	2	107	659	642	518	658	666	657	2	666	327	2	361	210	230	557	311	524	359	0	583	171	332	91	475	2	621	0	66	145	2	6	4	3	0	2	0	2	498	332	404	3	314	15	2	11	100	281	644	324	336	3	304	102	2	365	2	3	0	1	2	0	5	0	616	3	0	2	0	350	0	2	234	293	0	99	304	1	0	219	99	318	1	0	2	285	279	2	0	2	0
NC_063217.1	68000001	808699	808265	808339	808325	799028	806359	807427	805910	805443	807299	807055	800151	804044	36785	169900	807474	806622	806782	807407	808112	42101	114032	807567	52505	807180	808151	807540	806161	807760	798075	801696	807421	686668	796623	90743	806807	40654	806757	807013	807455	807488	803122	806935	806413	807574	806719	807383	806417	787228	805625	71969	806760	808213	807221	807518	806973	783615	207828	802779	807449	69994	163787	807097	777123	803148	807836	50369	70010	808531	803820	806822	808174	48053	807313	807508	100406	808136	808527	807528	808330	763023	805316	95239	239929	807472	806674	808276	808120	806509	807958	808092	808381	808164	808120	808472	799986	808197	808176	801019	722043	803977	802241	808130	807924	805566	807684	444098	807853	688767	670582	576023	800886	807212	218848	250369	807131	742141	789060	219687	398811	662440	808061	808120	798107	808382	804373	806954	806725	51310	808302	266856	803720	759822	806881	806044	804751	807850	805208	800684	806261	548950	807662	752982	804434	805797	808137	807148	622934	807923	800920	806979	807217	807202	807903	807833	808379	806856	604509	723629	803323	729945	740036	799703	806918	580858	801437	782549	726836	798737	415705	765454	721484	784421	731008	786662	784116	131	608	130	132	117	359	188	337	135	452	362	420	8	24	405	431	131	562	446	13	1	461	0	440	131	1	376	385	13	127	1	330	1	13	594	1	357	13	75	1	129	394	433	132	9	384	333	14	123	0	379	402	1	570	122	116	76	126	12	0	25	122	371	0	395	0	10	391	6	544	135	0	0	133	19	0	0	0	0	113	429	17	72	12	130	1	587	579	6	418	554	421	121	553	409	121	444	1	0	5	16	18	542	0	19	15	397	15	359	252	2	0	53	19	380	115	119	79	0	281	392	10	126	136	14	380	8	13	121	31	114	106	350	0	130	401	6	12	373	13	125	115	0	369	388	0	82	13	492	397	14	120	14	440	13	120	248	351	13	15	356	6	13	83	108	117	12	0	165	124	386	122	15	346	387
NC_063217.1	69000001	828807	828253	828282	828398	819875	826296	827396	825956	826116	826524	826828	826766	825000	51305	225832	826581	827568	826063	827290	828123	74921	156012	827675	101293	827082	827327	827779	826174	827858	818315	825118	827175	823353	818657	121356	826894	55891	826897	827433	827473	826627	825837	827085	826440	827651	826905	827347	826176	822428	825978	124218	826780	828277	827084	828242	827393	822883	313683	823981	826515	120062	278113	827422	813085	824688	827928	85758	110455	828596	826349	827210	828171	74957	827477	827572	132414	827782	828482	826775	828235	819170	825664	128557	356293	827619	827204	828323	828299	826447	828158	828043	828428	827967	828260	828495	827439	828283	828294	820083	786025	825995	823183	828267	828417	826438	827779	582708	827915	769571	759620	702161	824786	827425	274681	362348	827676	792687	818211	333582	563775	738527	828006	828413	824966	828575	825387	827126	826741	83424	828509	378630	825086	809024	827355	826560	827259	828179	825577	821380	826546	644214	827745	806025	827546	826225	828309	827581	709410	828202	823050	826292	827339	827725	828023	828073	828485	826918	728750	795545	825808	804432	796779	815601	827238	707077	824182	820094	794956	824605	583331	810564	792918	820745	779168	820634	814081	425	193	426	424	396	793	439	783	368	192	437	53	33	100	383	387	389	365	193	13	8	55	0	189	427	41	374	437	56	420	39	184	44	69	191	0	791	54	360	42	413	432	118	420	0	438	435	0	415	5	433	442	56	371	425	409	121	407	1	7	84	392	167	42	439	0	8	443	0	371	423	0	119	415	50	0	55	210	0	394	182	1	2	0	416	41	191	190	229	639	442	632	430	441	381	426	56	40	50	64	51	122	388	55	62	0	438	33	328	313	54	0	73	18	434	364	380	120	5	341	440	0	428	428	32	433	0	34	424	125	382	367	822	0	423	442	0	37	427	58	415	380	0	421	437	0	318	0	416	431	0	416	0	56	0	419	40	51	54	2	54	0	0	307	387	381	31	0	237	373	374	398	0	409	171
NC_063217.1	70000001	841694	841030	841289	840950	837132	838700	839983	839030	839467	840053	839493	839989	839926	45381	277997	839934	840825	838479	840203	841115	108822	149874	840352	146099	840013	840087	840238	839190	840592	835376	838181	840265	839037	836339	117729	839570	50907	839497	839973	840327	839847	839063	839649	839120	840507	839559	839952	838248	837059	838456	196385	839595	841064	839893	841038	840097	838856	375052	839402	839708	182085	403605	839958	831323	838546	840829	117200	203524	841384	839898	840115	841023	128667	840442	840389	190887	840676	841303	839622	841080	835610	838435	175315	499474	840458	840145	841164	841218	839054	840905	840632	841388	840842	841034	841364	840552	841056	841112	833801	817798	839723	835382	841103	841136	839349	840473	684271	840477	809931	802608	766704	839695	840684	360921	485250	840571	818649	833807	464206	676322	781894	840580	841447	839573	841493	838569	840070	839599	147117	841380	498000	838392	830550	839998	839339	840599	841341	838782	833083	839742	713346	840989	829177	840816	839508	840767	840597	761774	840797	838486	839020	840262	840687	840953	840767	841332	840059	786877	825825	839607	830084	822719	818192	840189	782729	837957	838042	825339	839159	698229	833901	822878	837359	810783	837229	830900	173	82	173	167	608	641	599	637	464	83	94	350	2	98	270	338	605	460	470	23	34	363	0	463	562	240	457	95	350	543	237	79	236	32	463	0	637	354	264	242	542	91	331	553	0	94	602	476	540	52	95	97	551	1	172	547	62	544	1	35	144	298	409	238	94	0	48	96	0	1	559	0	335	544	52	493	363	619	0	527	78	0	0	396	550	244	81	1	219	260	97	263	92	95	269	171	360	530	334	342	321	337	272	343	341	3	562	229	83	84	356	0	23	137	92	160	520	49	0	87	96	1	218	562	244	94	175	58	360	162	596	354	599	0	563	95	0	217	93	277	547	168	493	91	97	475	154	1	93	91	483	554	489	356	1	548	303	343	351	0	332	0	1	477	612	366	512	86	69	358	506	165	445	93	0
NC_063217.1	71000001	850055	849416	849582	849526	844752	847306	848610	847120	847869	848637	848171	848292	847301	61798	290490	848406	849073	846250	848479	849332	105002	191993	848606	136687	848054	848482	848530	847591	849019	842346	846221	848232	845375	844714	156108	847938	70276	848220	848531	848638	848168	847161	847971	847560	848774	848249	848443	846958	844851	846902	165831	847713	849349	848413	849595	848345	846899	373468	846552	848257	166164	328253	848410	833372	845902	849058	115782	159053	849721	846846	848586	849430	105615	848517	848751	186053	848816	849792	848093	849517	843583	846660	168438	429929	848524	848499	849620	849530	847186	849267	849162	849648	849055	849548	849659	848764	849360	849331	840091	813219	847676	842020	849494	849337	846765	848987	628866	848541	800418	783667	731249	846360	848613	271027	396818	848225	817914	839847	392075	613639	767183	849012	849563	846448	849834	845379	848500	847839	109484	849726	425665	845358	831634	848404	847516	847500	848831	846898	837279	848087	676108	849155	829522	848652	847246	849138	848681	740419	849355	845162	847406	848378	848950	848841	849078	849559	848007	761986	820279	847541	830850	822131	832779	848112	747300	845286	842472	818370	845052	631465	836322	814944	843157	807409	843029	835160	829	841	835	811	730	607	599	602	755	508	4	1	25	113	3	601	729	738	762	53	2	1	1	746	762	3	735	4	1	46	3	802	3	77	738	0	604	1	3	3	731	4	330	753	0	4	597	324	726	69	4	4	751	0	830	738	2	744	0	1	134	817	687	3	0	1	0	4	302	0	759	0	338	747	0	339	0	611	0	698	815	3	0	746	44	3	836	1	767	383	4	382	4	4	3	837	1	678	1	328	2	341	3	1	335	1	757	5	4	5	1	0	3	140	4	744	693	3	0	5	4	0	731	761	2	4	3	58	1	3	717	1	587	0	756	4	0	3	4	249	745	783	335	3	4	329	630	742	4	505	333	745	335	1	0	736	1	1	1	0	1	0	0	587	720	1	672	584	4	1	671	793	298	3	2
NC_063217.1	72000001	797717	796250	796674	796542	792546	794072	795651	794013	794886	795259	794738	794198	794965	49275	256272	795298	796302	794035	795247	796762	88053	161279	795905	111837	794874	795491	795725	793567	796109	790981	793013	795261	779392	790457	125331	794882	58959	794953	795405	795458	795117	793139	794712	794090	795970	794374	795414	793997	787610	793441	151820	793870	796869	794975	797122	794650	790259	321764	793836	795023	148445	289241	795024	780908	793081	796523	107602	143799	797413	794904	795659	796780	93222	796207	796089	180464	794265	797316	795287	796831	780795	792383	151548	375853	795263	795748	796941	795740	786687	795920	795354	797178	795035	796562	797113	794897	796096	796821	783606	757104	794234	787398	796729	796238	792267	796121	570758	795693	739006	733283	677723	792085	792021	296915	377539	793820	762746	780473	348212	548453	707445	795889	796463	793376	797282	791595	795398	794481	102103	797138	379998	790662	776972	795285	794466	793759	795105	791981	780039	794161	624508	794320	774835	794710	792008	796263	792815	681635	796611	790382	794486	793185	795181	794220	796691	797149	794321	697494	765033	793312	772369	766077	782923	793601	683290	789278	789427	765012	789278	562993	780459	757620	788005	748772	786407	775490	850	854	845	806	570	636	626	629	593	5	5	7	16	101	8	637	575	580	596	36	0	7	0	578	596	3	576	5	7	3	4	753	3	50	587	1	627	5	8	3	575	5	13	583	1	5	621	755	565	94	5	5	592	3	839	551	5	566	0	0	95	835	538	4	0	1	2	5	459	3	594	0	403	579	0	792	0	643	0	507	818	0	0	588	5	4	846	1	841	106	5	103	5	5	8	848	7	543	8	13	7	12	8	7	10	7	594	4	5	5	7	0	2	5	4	727	543	1	4	8	5	1	571	597	6	5	4	45	7	2	556	7	619	0	595	5	0	4	5	13	584	790	787	5	5	763	657	590	7	633	782	4	786	7	1	582	4	6	7	0	7	0	0	441	552	7	507	602	6	7	497	805	652	3	6
NC_063217.1	73000001	760670	756706	759062	758158	752270	748008	757544	755555	757653	756775	758784	758744	759091	58544	381416	757747	754550	754600	753356	759437	185328	217464	758778	232673	757278	758626	758619	756674	759184	751322	748861	758028	757798	755842	193512	751915	91739	756234	757866	757461	758216	757300	757824	755816	758268	757877	758033	754858	736797	755942	242338	757334	759743	757215	749054	754314	757814	436881	758783	757645	268258	411559	755214	750490	757288	759147	173652	255107	759877	758733	758183	759807	180097	754378	758467	269179	753944	760077	752619	759232	744934	751537	230647	498590	758349	757814	759991	757022	713415	747510	755823	759923	755408	759287	759936	759553	757300	759077	744784	737596	747953	747061	759516	759258	754167	749791	627602	758946	730754	716373	697137	757252	756106	361211	462477	757183	717038	746606	456869	618078	706007	759058	759697	755185	759920	753060	758201	757781	187837	760116	480948	753726	747642	757803	757893	756252	758887	756479	741006	758101	646044	757015	745099	754870	756111	759358	748178	684693	759259	755786	756344	749330	758837	750766	759037	760044	757488	702091	743941	757429	752349	743485	735378	756622	712940	754076	754933	738940	752954	637730	751502	740380	750999	715856	755137	736228	710	397	704	702	331	399	417	363	535	16	16	636	22	156	181	385	490	517	451	32	28	642	0	428	451	58	440	16	175	176	56	713	60	44	556	0	394	172	190	60	432	14	615	448	16	16	408	683	431	157	17	16	432	495	652	446	310	446	1	23	126	684	88	60	14	0	19	16	17	118	446	0	759	444	32	690	0	424	0	424	684	1	0	445	173	60	704	44	783	574	16	572	16	16	635	711	640	418	166	490	168	625	639	170	507	126	452	60	16	14	173	0	7	277	0	531	416	0	3	17	16	18	766	452	149	14	61	53	180	15	480	169	348	0	449	16	0	55	15	424	444	686	693	16	16	675	615	503	12	402	640	0	640	632	17	440	567	594	179	0	607	1	1	398	482	178	502	342	12	171	408	690	631	2	2
NC_063217.1	74000001	848607	847670	847811	847960	834545	845639	847107	845703	847279	846196	846176	848024	847731	97914	511850	845539	847699	842605	846703	848015	371295	315569	846874	441064	846391	845745	847203	845936	847438	828814	845100	846079	846155	841408	269345	846208	135126	846640	846520	846737	845524	846978	846676	846312	847384	846307	846919	845414	836710	845718	472230	846356	847812	846389	842572	846702	847745	620009	847592	845403	460579	625385	847240	840679	846817	847749	309580	472578	847916	847213	847550	848064	376457	847587	847247	426004	846267	848107	845570	847787	845439	845765	446039	701953	847172	847281	848052	847445	845541	847560	847559	848051	847486	847852	848275	847631	847804	847842	836469	838473	847121	837240	847838	846240	844073	846907	773231	845870	829543	807993	823881	847213	845840	534814	683646	846032	826185	841628	664294	780089	821042	846462	847182	847191	848241	843579	847113	847019	379918	848333	677592	844921	836993	847336	846523	843622	846295	846532	828699	846798	782948	847571	840363	847140	846907	846734	847180	798995	847847	844728	845063	847080	847559	847868	847741	848185	847040	796215	843450	846758	845519	841291	789791	846349	829185	844951	846931	839605	846851	785565	843694	840841	846705	820737	846002	837606	618	358	625	744	354	629	395	607	230	172	174	621	34	100	686	362	632	226	608	232	124	622	1	664	672	72	590	174	674	686	71	633	72	123	261	40	631	678	344	73	604	172	445	604	171	169	649	613	596	272	171	173	359	272	0	609	333	607	1	25	311	623	170	72	828	1	89	171	171	685	607	102	652	603	263	621	0	230	0	362	600	0	0	600	682	74	753	612	183	263	833	266	829	835	412	623	445	527	669	367	602	453	190	651	373	596	604	72	777	159	683	1	80	240	79	601	586	247	0	166	172	830	655	611	646	819	72	219	689	131	646	675	598	1	589	173	1	66	164	338	596	616	623	168	173	610	588	674	796	625	598	0	607	616	832	596	578	608	680	172	605	162	511	590	664	688	225	596	146	681	594	626	600	0	3
NC_063217.1	75000001	805093	803778	800317	804125	791373	800233	803544	801325	803508	799063	801932	803831	803551	84980	435464	800347	803940	797364	798719	804468	339089	257923	803139	396651	802318	801145	803321	802174	803778	788724	800920	802822	801863	793521	228400	801946	112294	802949	802714	799534	801137	802830	803059	802292	803297	802849	803376	801852	790556	801724	420183	802564	804279	798503	797544	803029	802297	540675	803761	800360	415073	568833	803594	798426	802894	804213	282533	427638	804053	803784	803627	804411	341372	802180	803554	389687	801566	804535	798005	804157	798584	802015	393805	646169	802743	803333	804440	802962	801188	803378	802970	804225	803364	803843	804447	804226	804221	803581	792635	794620	801468	791495	804254	802947	797934	801864	734464	801741	788948	771069	779807	802417	800256	503034	626225	801616	788595	796183	621270	733135	778656	802398	803243	801996	804695	797751	802919	802217	336008	804615	630750	800301	797409	803262	802953	799317	802038	802301	786133	802771	737775	802678	798224	802800	802032	802982	802218	762154	803995	799742	800422	802853	803309	803994	803561	804514	803066	767634	800171	803213	802654	797019	755037	801229	786706	800355	803639	794955	801797	743084	801401	796428	802838	775107	802109	786685	291	3	296	5	532	278	536	291	6	3	1	427	30	1	298	552	592	4	296	59	51	431	1	292	297	326	285	1	288	294	328	297	324	46	538	20	280	287	3	332	290	0	534	295	1	1	275	6	283	2	1	1	3	346	1	298	206	297	1	183	116	609	3	328	291	1	191	266	3	293	293	62	4	292	76	5	1	5	0	3	106	1	0	291	295	331	3	285	512	550	297	548	296	295	555	294	539	269	286	4	269	538	3	284	4	548	291	322	271	3	289	1	87	5	280	277	282	234	1	3	1	292	3	296	594	293	326	1	296	3	593	285	289	1	292	3	1	282	2	9	291	286	5	1	2	5	267	619	281	278	292	1	295	431	292	285	406	420	288	3	425	1	288	272	599	292	6	283	3	289	405	290	5	1	0
NC_063217.1	76000001	30703	30421	23363	30029	27415	23810	30156	25931	29878	22339	29128	25932	30491	6001	12470	30012	26566	24051	19390	30311	16259	15706	30048	20938	29032	30271	30220	29194	30338	26254	29987	30119	22032	27900	16771	25412	7983	30151	29167	20893	29989	29629	30423	27728	29790	30144	30086	29739	29499	29514	17298	30464	30597	19138	20741	29319	27078	26682	29485	30331	19542	17730	30393	27105	30155	30461	8674	18907	30352	30376	29723	29567	14276	30234	29581	16838	30319	30652	24683	30371	23964	30550	22633	25755	28575	30147	30226	29550	29870	30287	24650	30412	25647	29712	30399	30469	30477	30338	26097	27263	29300	25082	30132	29721	25777	29456	26247	29747	29152	29558	27068	29543	28609	12402	20013	28117	29345	22758	23151	20103	27004	30473	29223	29924	30256	25050	29921	30226	9459	30363	24237	23920	30029	29683	30470	26922	29151	30294	21155	30059	28583	27758	29035	30504	29822	30499	29109	27509	27471	26464	29932	29775	30100	29829	30334	30394	29485	28940	29270	30064	29771	30076	27568	27345	29551	25833	30380	22950	28492	27570	30010	21858	30400	29518	29373	15347	2	2	7	8	4	8	6	7	0	0	2	4	0	1	2	5	6	0	4	2	2	9	1	2	2	4	3	3	3	3	3	1	2	3	7	1	9	3	0	2	3	2	3	7	3	8	8	7	4	1	4	2	0	7	2	2	7	6	8	2	1	3	1	4	8	1	1	8	8	3	2	1	2	3	2	3	8	5	2	1	2	1	1	1	2	7	4	7	4	4	7	5	3	4	4	2	6	5	2	3	2	4	1	2	4	1	3	3	8	7	4	3	3	3	3	4	2	1	1	2	7	2	3	3	2	7	4	0	7	2	2	4	2	4	1	2	4	2	3	2	2	3	2	2	3	3	2	2	1	8	4	1	3	8	4	7	5	5	6	3	5	2	4	3	1	3	1	7	1	3	1	8	2	3	0
