chrom	window_start	sites_total	calls_AL101	calls_AL102	calls_AL103	calls_AL114	calls_AL119	calls_AL120	calls_AL121	calls_AL124	calls_AL125	calls_AL127	calls_AL129	calls_AL133	calls_AL134	calls_AL137	calls_AL138	calls_AL141	calls_AL142	calls_AL143	calls_AL146	calls_AL149	calls_AL153	calls_AL155	calls_AL156	calls_AL159	calls_AL160	calls_AL162	calls_AL166	calls_AL170	calls_AL173	calls_AL174	calls_AL175	calls_AL176	calls_AL177	calls_AL178	calls_AL180	calls_AL181	calls_AL182	calls_AL184	calls_AL185	calls_AL187	calls_AL189	calls_AL193	calls_AL196	calls_AL197	calls_AL199	calls_AL200	calls_AL201	calls_AL204	calls_AL207	calls_AL208	calls_AL209	calls_AL210	calls_AL213	calls_AL215	calls_AL216	calls_AL220	calls_AL223	calls_AL231	calls_AL238	calls_AL241	calls_AL242	calls_AL243	calls_AL244	calls_AL246	calls_AL254	calls_AL255	calls_AL256	calls_AL263	calls_AL266	calls_AL269	calls_AL272	calls_AL273	calls_AL274	calls_AL276	calls_AL278	calls_AL279	calls_AL283	calls_AL284	calls_AL288	calls_AL292	calls_AL300	calls_AL303	calls_AL304	calls_AL307	calls_AL309	calls_AL313	calls_AL32	calls_AL35	calls_AL75	calls_AL82	calls_AL86	calls_AL88	calls_AL91	calls_AL92	calls_AL95	calls_AL97	calls_AL99	calls_K1423	calls_K1461	calls_K1542	calls_K1544	calls_K1567	calls_K1579	calls_K1580	calls_K1583	calls_K1603	calls_K1606	calls_K1608	calls_K16100	calls_K1614	calls_K1617	calls_K1618	calls_K1623	calls_K1627	calls_K1632	calls_K1640	calls_K1650	calls_K1660	calls_K1663	calls_K1665	calls_K1669	calls_K1672	calls_K1680	calls_K1684	calls_K1693	calls_K1696	calls_K17007	calls_K17008	calls_K17010	calls_K17013	calls_K17014	calls_K17025	calls_K17028	calls_K17030	calls_K17032	calls_K17033	calls_K17034	calls_K17035	calls_K17037	calls_K17040	calls_K17042	calls_K17044	calls_K17045	calls_K17048	calls_K17052	calls_K17053	calls_K17056	calls_K17062	calls_K17064	calls_K17073	calls_K17077	calls_K17078	calls_K17081	calls_K17083	calls_K17087	calls_K17091	calls_K17094	calls_K17098	calls_K17099	calls_K17101	calls_K17102	calls_K17103	calls_K17104	calls_K17106	calls_K18010	calls_K18017	calls_K18019	calls_K18022	calls_K18034	calls_K18078	calls_K18083	calls_K18084	calls_K18091	calls_K19018	calls_K19019	hets_AL101	hets_AL102	hets_AL103	hets_AL114	hets_AL119	hets_AL120	hets_AL121	hets_AL124	hets_AL125	hets_AL127	hets_AL129	hets_AL133	hets_AL134	hets_AL137	hets_AL138	hets_AL141	hets_AL142	hets_AL143	hets_AL146	hets_AL149	hets_AL153	hets_AL155	hets_AL156	hets_AL159	hets_AL160	hets_AL162	hets_AL166	hets_AL170	hets_AL173	hets_AL174	hets_AL175	hets_AL176	hets_AL177	hets_AL178	hets_AL180	hets_AL181	hets_AL182	hets_AL184	hets_AL185	hets_AL187	hets_AL189	hets_AL193	hets_AL196	hets_AL197	hets_AL199	hets_AL200	hets_AL201	hets_AL204	hets_AL207	hets_AL208	hets_AL209	hets_AL210	hets_AL213	hets_AL215	hets_AL216	hets_AL220	hets_AL223	hets_AL231	hets_AL238	hets_AL241	hets_AL242	hets_AL243	hets_AL244	hets_AL246	hets_AL254	hets_AL255	hets_AL256	hets_AL263	hets_AL266	hets_AL269	hets_AL272	hets_AL273	hets_AL274	hets_AL276	hets_AL278	hets_AL279	hets_AL283	hets_AL284	hets_AL288	hets_AL292	hets_AL300	hets_AL303	hets_AL304	hets_AL307	hets_AL309	hets_AL313	hets_AL32	hets_AL35	hets_AL75	hets_AL82	hets_AL86	hets_AL88	hets_AL91	hets_AL92	hets_AL95	hets_AL97	hets_AL99	hets_K1423	hets_K1461	hets_K1542	hets_K1544	hets_K1567	hets_K1579	hets_K1580	hets_K1583	hets_K1603	hets_K1606	hets_K1608	hets_K16100	hets_K1614	hets_K1617	hets_K1618	hets_K1623	hets_K1627	hets_K1632	hets_K1640	hets_K1650	hets_K1660	hets_K1663	hets_K1665	hets_K1669	hets_K1672	hets_K1680	hets_K1684	hets_K1693	hets_K1696	hets_K17007	hets_K17008	hets_K17010	hets_K17013	hets_K17014	hets_K17025	hets_K17028	hets_K17030	hets_K17032	hets_K17033	hets_K17034	hets_K17035	hets_K17037	hets_K17040	hets_K17042	hets_K17044	hets_K17045	hets_K17048	hets_K17052	hets_K17053	hets_K17056	hets_K17062	hets_K17064	hets_K17073	hets_K17077	hets_K17078	hets_K17081	hets_K17083	hets_K17087	hets_K17091	hets_K17094	hets_K17098	hets_K17099	hets_K17101	hets_K17102	hets_K17103	hets_K17104	hets_K17106	hets_K18010	hets_K18017	hets_K18019	hets_K18022	hets_K18034	hets_K18078	hets_K18083	hets_K18084	hets_K18091	hets_K19018	hets_K19019
NC_063214.1	1	632748	631528	629668	631557	613248	629116	630494	629016	630566	628328	630012	630936	631454	72832	381567	629601	631750	626521	631346	632242	356701	241462	630906	388059	630627	630111	631271	630421	631703	601913	623729	628647	620136	621297	216158	630529	101208	631042	630164	631234	630197	630753	630758	630825	630997	630592	628831	629338	616484	629170	403687	630892	631967	630884	627166	627636	615896	485884	629094	628566	416277	482805	630026	622380	631196	630281	286441	404876	629407	629281	631434	632068	344942	631937	630389	383797	631297	631251	629335	631943	622078	629859	380095	508741	630544	630628	631174	631928	628397	631314	631876	630301	631717	631191	631788	631499	631747	631904	623336	623985	630987	624587	631812	628836	628906	631455	569030	630557	614309	590534	608460	630776	626558	419488	517899	629653	614067	623053	492739	576330	609106	630925	631826	631556	632492	626819	630191	630243	329353	631966	502054	629499	622874	631361	630809	626369	631258	629600	611077	630139	577887	629598	625244	630576	628852	631397	631688	593345	631752	629497	629067	629569	631686	631741	630956	632333	630244	584372	627932	630631	629411	623590	596174	629358	617026	629553	630667	623467	628959	575789	628487	626005	627716	595028	630374	620251	487	5	8	6	28	6	5	10	532	10	495	491	34	13	495	26	30	527	490	260	111	503	2	8	502	528	473	490	475	490	486	6	491	104	479	49	474	480	483	526	493	480	5	494	492	7	475	478	483	313	468	485	481	435	7	479	2	5	6	2	275	10	6	492	10	184	283	493	24	496	10	204	489	6	130	484	6	6	486	1	482	264	351	7	10	8	493	478	532	498	8	498	1	8	529	495	482	472	471	481	479	544	502	7	487	441	24	11	438	11	495	475	10	373	10	9	472	7	454	489	534	2	491	491	10	5	13	7	488	385	465	487	493	10	27	533	14	405	479	452	482	491	4	4	489	528	478	27	519	11	488	4	498	4	491	486	4	476	8	31	477	26	10	488	488	311	305	9	469	310	535	491	10	485	467
NC_063214.1	1000001	777890	776320	776948	776905	762905	773121	776147	774518	775988	775147	774921	770200	776861	82149	409085	773535	775552	770605	775961	777148	345454	262585	775820	415903	774837	774203	775901	775055	776111	759957	746264	775033	767367	767955	230913	775447	117129	775521	775282	775891	773830	775325	775508	774624	776066	774890	775666	774367	743211	774007	436523	775099	776747	775350	771611	775247	756730	536031	776507	773265	427724	558879	776315	761433	775730	776996	283731	421467	776829	774499	776297	776900	347136	776505	776144	386628	775167	777237	773785	776807	733345	775214	404965	617906	775693	776087	777087	776699	774188	776653	776246	776816	776672	776741	777364	775894	776914	776763	764122	766215	776149	764783	777023	775064	771304	776352	707035	773042	757733	733543	748971	775386	772381	481431	628427	773089	759931	768422	595172	707782	749655	775008	775315	776182	777540	770680	776127	773927	365289	777302	628943	772940	766564	776268	774130	767600	774290	773982	750989	775857	708766	776116	769241	777018	775327	775993	775323	729665	775581	771729	772505	775837	775799	776790	776759	777244	775356	721159	771472	776131	773984	769457	734087	774885	755042	773490	775481	766804	773815	710605	773333	768450	775382	734916	774211	762508	727	0	1	1	298	0	1	0	459	0	83	415	18	127	580	310	286	602	433	174	95	585	1	493	582	652	428	409	571	568	565	0	572	106	83	40	407	559	424	458	576	420	436	472	431	214	103	413	457	201	425	437	423	396	1	426	0	1	496	3	224	1	1	572	1	130	193	574	302	572	447	134	164	1	109	437	5	5	413	1	80	87	301	444	213	1	82	83	848	576	359	575	1	1	629	82	432	406	428	566	412	659	579	1	81	523	310	3	401	476	574	79	228	50	22	1	447	21	513	545	460	0	413	433	0	0	2	122	434	427	444	386	575	3	301	453	3	493	81	515	467	573	2	0	436	265	367	308	441	25	572	266	577	1	434	467	0	400	5	309	408	296	4	454	454	416	409	270	389	414	209	464	1	567	527
NC_063214.1	2000001	763436	762889	763135	762964	760344	760194	762189	760901	761441	762664	762466	761703	760774	42408	246459	762735	761560	759835	762063	762775	78315	144485	762788	111239	761768	762858	762130	761185	762313	758455	760127	762045	759809	758648	112258	761794	46921	761185	761841	762175	762519	760412	761796	760528	762323	761553	762117	760848	759514	761024	140375	761433	762895	761654	762873	761660	760228	304473	761195	762576	122611	303794	762315	753326	760286	762798	86328	132995	763152	760531	761879	762868	83805	762313	762433	151002	763158	763173	762658	762943	754738	761010	130662	375665	761929	761761	763002	762968	761232	762770	762854	762900	762764	763072	763169	762092	762863	762912	756198	727690	760541	758040	762934	763108	761079	762535	580090	762003	721106	704617	660219	759976	762306	271338	394313	762280	733114	754570	339132	560215	690122	763098	763065	760410	763191	760636	761939	760657	91522	763160	403972	760247	747063	762154	760476	761545	762758	759609	755271	761521	610998	762554	743895	762462	761776	763240	761439	662625	761934	759963	762303	762201	762390	762883	762672	763066	761503	693915	733992	760807	742975	731923	748745	761998	664316	758836	756771	739937	759868	569776	749377	734903	756877	726996	756928	752533	742	0	0	1	10	1	0	0	737	2	0	712	17	115	738	8	10	1	1	0	2	739	1	723	745	729	1	733	698	711	731	1	687	55	0	4	729	727	1	740	719	2	718	735	721	1	1	2	722	71	1	2	1	3	1	1	126	1	739	5	1	0	0	716	1	39	55	743	11	717	742	32	0	1	62	1	0	0	733	0	0	6	0	730	2	0	0	0	732	744	742	741	0	0	730	1	0	684	663	715	1	736	748	1	2	469	10	6	1	566	719	0	146	0	0	0	668	0	442	601	745	1	732	0	1	1	8	1	2	288	706	0	727	5	11	1	7	667	2	523	727	674	0	1	2	10	8	10	708	1	731	1	740	733	2	721	1	664	0	6	641	4	0	542	704	726	663	700	428	685	5	701	1	701	686
NC_063214.1	3000001	823056	822512	822681	822589	813572	820470	821854	820337	820463	821095	821787	818434	819464	32316	135171	822051	821229	821023	821330	822471	32705	95420	821921	50118	821340	822343	821781	820638	821972	814785	818415	821631	797293	814168	66995	821146	27997	820985	821451	821681	821947	818862	821303	820388	821954	820923	821703	820434	815358	820119	87909	820754	822374	821482	822743	821457	809738	215008	817661	821954	65032	254127	821586	807976	819127	822197	54311	101218	822832	820745	821372	822474	50713	821757	821977	91287	822466	822841	822184	822631	800687	819974	93828	370576	821645	821541	822615	822528	820831	822220	822420	822663	822334	822452	822747	819752	822356	822397	816802	782548	820460	817434	822618	822724	821003	822062	609005	822324	772839	760975	704533	819926	822225	306516	412472	821979	788766	812733	350893	589430	735084	822632	822811	819544	822852	820125	821402	821005	74768	822828	405844	819647	803210	821552	820311	821862	822746	819810	817894	820974	646967	822256	800972	821896	820569	822453	821557	711869	822144	819395	821544	821927	822020	822404	822206	822672	821304	730175	789401	820083	800133	790746	809842	821469	706168	818261	815741	792039	818731	588712	807534	789809	815829	774974	814342	812076	563	0	0	0	0	79	79	76	188	0	0	187	0	19	194	0	0	1	1	0	0	194	0	189	195	191	1	273	184	184	192	0	182	5	0	1	266	188	1	195	185	1	194	193	557	1	80	1	185	16	1	1	1	1	0	1	28	0	193	0	0	0	0	189	0	3	11	273	0	188	192	5	0	0	10	1	0	79	195	0	0	0	0	192	1	0	0	0	562	272	567	272	0	0	190	0	1	179	503	184	1	192	195	0	0	135	0	3	1	153	188	0	57	0	78	0	184	26	124	167	196	0	190	1	0	79	0	0	1	86	181	0	188	0	0	81	0	171	0	131	189	184	0	0	1	1	5	0	181	78	191	1	193	186	1	188	0	175	78	0	175	0	0	165	186	187	180	188	118	183	1	182	3	186	185
NC_063214.1	4000001	830055	829342	829636	829665	825784	827681	828542	827253	827699	829043	828443	826152	827681	49226	268387	828645	828959	827144	828578	829411	90796	151235	828916	115880	828502	828984	828725	827636	828782	822928	825504	828342	804879	825014	124763	828255	52704	828335	828264	828447	828640	825947	828231	827544	828862	828025	828535	826997	823418	827019	145421	827841	829398	828058	828870	828298	820642	323459	826956	828561	137006	290586	828590	813064	825964	829277	96801	147334	829656	827043	828439	829332	95708	828535	828847	156520	829315	829750	828759	829533	809824	827115	156312	385090	828522	828325	829547	829481	827942	829096	829116	829437	829242	829470	829594	826216	829426	829397	822119	782757	827280	823705	829401	829252	826741	829014	586463	828812	768488	750852	686506	825773	828586	295816	375602	828410	785360	817753	354907	564977	729086	829139	829328	825698	829819	826367	828327	827746	108468	829477	392858	825849	807056	828562	827332	827265	829283	826873	820469	828063	645483	829383	802236	828024	828049	829215	828679	704465	829127	824917	827799	828766	828746	829371	829018	829683	828259	718425	787260	826289	800828	794885	815864	828412	695860	824167	818079	792381	825314	570736	809406	785981	821145	780715	819725	815849	855	0	0	0	5	836	833	836	560	0	0	4	1	71	6	6	6	351	351	2	25	212	1	213	213	559	344	844	208	207	203	0	209	21	0	23	837	206	347	563	207	350	329	215	947	351	831	334	209	0	345	353	347	355	0	292	80	0	209	0	24	0	0	210	0	26	56	955	6	210	348	0	0	0	25	356	0	855	4	0	334	35	77	349	348	154	0	0	872	944	970	942	0	0	211	0	349	513	851	203	339	558	214	0	0	133	6	0	248	163	206	0	50	0	827	0	204	284	129	177	569	0	4	355	0	845	0	0	351	81	202	0	203	0	6	891	0	182	0	159	206	200	0	0	354	214	174	5	537	846	211	345	210	212	352	211	0	4	839	6	7	6	0	163	208	0	0	201	269	0	185	201	0	199	201
NC_063214.1	5000001	853027	852157	852303	852465	850041	849533	851677	850476	851471	851667	851356	852355	851819	77657	422877	850947	851959	847930	851248	852505	267399	245761	851899	325469	851127	850967	851574	850298	851779	848937	850859	850574	852475	850286	213675	851109	95831	850963	851279	851482	850989	850800	851107	850410	851626	850388	851370	849735	846932	850109	359664	850599	852232	851238	850818	851063	852025	498888	851606	850690	333017	557263	851705	844100	850819	852433	215808	387078	852436	851029	852104	852289	284610	852195	851913	316899	851816	852583	851292	852272	850312	850351	355543	637195	851342	851784	852328	852280	850421	852161	852158	852413	852253	852308	852554	852243	852264	852346	844701	840492	851407	845600	852285	852242	850286	851882	746805	851204	831442	817212	811060	851923	851996	503260	621775	851913	833748	847989	611782	750089	816846	851716	852526	851793	852801	849239	851486	850819	286573	852612	625508	849889	845145	851650	850513	850270	852451	849750	836328	851455	767634	852232	844449	852397	850643	852143	851946	801400	851825	850455	850360	851475	851988	852128	852137	852546	851313	801386	843501	851177	848621	842513	823282	851642	820585	848528	850682	841332	851003	762476	848651	841308	850059	821647	849418	844168	489	1	1	1	1	11	9	10	827	0	1	0	0	255	0	1	2	1	0	0	2	829	0	822	831	822	0	10	825	825	806	1	819	113	1	2	9	810	1	825	815	0	458	823	667	0	10	1	801	0	0	0	1	0	1	0	354	0	830	2	1	1	1	808	1	115	46	836	1	819	0	3	1	1	205	0	1	11	0	1	0	229	246	1	1	832	0	1	487	834	688	837	1	1	643	1	1	749	669	812	1	708	834	0	2	680	2	0	0	731	823	0	325	1	11	1	782	10	650	753	833	0	1	1	293	10	1	0	0	517	782	1	807	1	1	10	0	709	1	737	822	812	0	0	0	822	743	1	800	11	820	1	830	822	1	810	0	1	11	2	1	776	1	778	787	0	0	802	676	0	778	797	1	802	777
NC_063214.1	6000001	820815	820275	820312	820225	811818	817636	819456	818116	818031	819163	819650	814911	815816	37873	155389	819977	818455	818043	819183	820105	43345	106680	819736	64716	818919	820293	819383	817974	819836	812655	814710	819195	754047	811877	80122	818556	31778	818686	819059	819200	819853	815968	818924	817847	819452	818500	819045	817896	809346	817887	93569	818474	820093	819001	819940	819147	804954	233031	815357	819738	77991	235417	819002	800792	816196	819906	66430	99279	820648	817564	819141	820140	59132	819325	819359	111483	820407	820544	820173	820101	789962	817681	105040	346241	819359	818879	820156	820001	818343	819772	820016	820262	820136	820177	820460	815435	820076	820095	814313	767080	817872	815156	820053	820734	818346	819694	558893	820194	752989	733788	668646	816340	820068	308724	367216	819604	773759	807116	317820	517915	717998	820244	820571	815166	820619	817859	819250	818380	79321	820370	364703	816337	790880	819096	817900	818339	820602	815942	814331	818222	621959	819997	787438	818756	818477	820448	819505	686016	819546	816054	819350	819456	819609	820042	819896	820265	818926	692717	765992	816707	782149	776471	808868	819471	676543	813697	806627	772523	815516	541677	794717	767620	806718	764557	808365	805470	268	0	0	0	0	0	0	0	359	0	0	0	0	20	0	0	0	22	0	0	0	358	0	351	363	354	0	0	335	346	356	1	332	12	0	0	0	354	0	360	348	0	185	351	650	0	0	0	351	0	0	0	0	0	0	0	54	0	360	0	0	0	0	340	0	16	0	363	0	352	0	0	0	0	26	0	0	0	0	0	0	15	65	0	0	362	0	0	265	359	664	359	0	0	609	0	0	335	570	346	0	313	363	0	0	232	0	0	0	281	350	0	90	0	0	1	335	0	217	285	343	0	0	0	343	0	0	3	0	147	339	0	356	0	0	0	0	328	0	268	354	329	0	0	0	351	276	0	340	0	350	0	358	356	0	352	0	0	0	0	1	349	1	298	332	0	0	350	226	0	323	340	0	345	335
NC_063214.1	7000001	805073	804458	804483	804321	792107	802275	803527	802435	801459	802397	803358	791497	800344	29131	118024	804289	802280	803214	803319	804219	19704	91543	803796	25407	803379	804572	803594	802177	803670	793350	797185	803479	560677	791003	70527	802875	27913	802789	803278	803272	804170	797942	802994	802494	803369	802674	803530	802247	792723	802040	55016	802679	804348	803201	803085	803291	754156	177460	797338	804245	42893	143279	803297	776284	799173	803973	35584	58903	804874	800647	802510	804430	29795	803348	803785	77133	804854	804814	804395	804625	733334	801565	72365	234951	803523	802948	804514	804272	802659	804111	804367	804551	804435	804226	804702	787996	804272	804307	798700	713145	799743	800776	804369	804901	802628	803891	454420	804538	682002	668861	558939	794519	804433	229998	254245	803959	736588	783462	222369	393821	659355	804789	804866	792223	804813	802149	803116	802720	44960	804697	265216	800462	753098	803397	802266	801588	804861	800177	801080	802587	540312	804281	742602	800118	802014	804879	803228	609841	804204	796705	803516	803782	803609	804175	804136	804521	802719	605172	706057	798238	719946	731091	796121	803321	560504	796399	777986	719931	795064	399769	754358	711257	777097	720594	781267	782296	532	0	0	0	2	3	3	3	2	514	0	503	8	45	528	2	2	3	530	2	23	524	0	519	533	1	508	527	477	492	3	0	466	21	0	12	518	521	522	3	497	522	518	525	337	520	3	475	508	0	520	83	519	533	0	398	57	0	534	10	39	0	0	502	0	10	0	538	2	407	523	8	1	0	20	534	0	3	529	0	513	20	2	523	513	534	0	0	1	532	342	531	0	0	776	0	532	492	255	498	491	527	536	0	0	203	2	0	349	292	486	0	79	0	2	0	461	1	191	337	534	0	486	532	507	3	0	2	529	129	498	0	512	0	2	529	0	480	0	286	519	210	0	1	534	2	9	2	3	3	527	508	528	525	529	510	2	399	3	2	414	502	0	279	478	0	0	486	2	0	2	456	0	480	441
NC_063214.1	8000001	803432	802785	802966	802982	792032	800956	802168	800923	800540	801572	801935	794471	798459	35149	143230	802667	801065	801617	801964	802699	32224	103787	802239	43834	801614	802844	802177	800965	802448	792345	796555	802036	656993	790374	74056	801643	31913	801547	801713	801987	802571	797476	801531	800927	802229	801425	802127	800605	791512	800611	68005	801343	802801	801915	802705	801822	770057	190951	797194	802631	62867	170940	801606	779227	798338	802548	47005	70712	803268	800049	801416	802895	40061	801791	802083	90612	802981	803151	802780	802936	755354	800533	85310	262486	801977	801734	803018	802771	800865	802412	802662	803068	802752	802628	803091	794817	802779	802833	797277	724747	798889	798828	802768	803297	801219	802326	468955	802965	694217	686148	589417	792925	802453	240901	271315	802345	740443	785226	240127	421454	665827	802992	803282	794684	803110	800512	801564	801508	48725	803059	288018	799108	762909	801822	800802	800709	803166	799120	798980	801003	565105	802583	753933	799580	800735	803118	801928	636341	802507	797056	801942	802037	802069	802709	802648	803022	801194	628253	723659	797281	734496	745139	795946	801878	601110	796025	778526	733582	794058	439820	764121	723829	783081	737331	785472	781698	1054	0	334	97	515	430	101	99	352	701	301	680	5	88	707	512	510	360	711	28	50	1065	1	1036	1078	167	695	656	962	967	353	0	969	33	326	16	652	1042	1043	363	979	683	1001	621	951	695	97	602	598	15	690	0	1010	716	334	566	121	0	1053	36	68	102	287	1013	102	26	16	1031	519	349	1029	27	326	102	45	715	452	441	709	69	686	33	63	698	1008	623	0	326	386	1021	918	1011	335	335	1008	328	1025	983	737	1014	959	951	1077	0	328	473	530	0	515	636	1021	0	186	75	424	242	545	84	410	735	709	0	661	706	1004	100	0	17	705	258	579	267	1047	0	531	665	0	380	319	619	609	285	0	0	712	358	234	525	333	429	1042	1007	1048	1067	1027	611	1	810	420	424	844	613	325	398	568	0	1	985	126	0	141	551	259	968	939
NC_063214.1	9000001	818224	817640	817665	817750	811463	815524	816950	815401	815713	816828	816783	812205	815394	33482	178462	817404	816583	816153	816639	817524	49284	110119	817278	60376	816483	817630	816996	815598	817149	811134	812189	816993	746026	810904	85334	816317	37148	816348	816539	816716	817371	813400	816417	815669	816872	816209	816585	815524	810725	815590	98362	816123	817582	816598	817605	816690	799215	260566	815395	817319	97600	225068	816690	797380	813710	817182	67199	96823	817968	814787	816215	817584	54122	816892	816497	143480	817921	817907	817490	817803	786975	815021	92090	310112	816916	816419	817753	817567	816026	817281	817532	817797	817637	817565	817824	812545	817663	817582	812042	754437	814385	813613	817620	818022	816160	817165	517406	817830	726156	721923	635460	811647	817333	262545	314420	817244	766181	803332	284112	471553	696587	817957	818039	812180	817964	815542	816347	815976	69808	817929	325103	813981	787354	816574	815544	816161	818017	813663	813526	815880	593551	817348	781043	814384	815526	817851	816890	667842	817358	812662	816750	817039	816898	817490	817339	817854	816136	677161	752608	813975	766546	766194	808301	816647	643382	812270	801080	762439	811189	492635	790328	754457	803826	761403	806165	800497	119	0	751	2	351	740	0	0	797	674	708	663	10	19	687	371	365	795	682	35	39	761	0	379	767	638	667	683	718	361	795	1	700	33	729	17	673	380	379	810	728	668	766	599	772	679	0	628	625	33	666	0	651	688	738	590	124	0	387	39	108	1	630	725	0	25	35	146	362	788	787	23	731	0	47	687	764	753	681	0	658	48	167	676	775	609	0	732	785	757	358	758	745	751	730	749	787	700	632	727	736	141	767	0	739	380	371	2	504	254	734	0	143	206	684	607	532	193	357	553	685	463	651	682	732	0	0	30	684	200	564	674	741	0	371	681	0	730	725	450	590	648	0	1	687	790	558	369	757	745	381	769	386	758	787	604	1	658	723	339	653	604	722	394	566	644	587	720	366	593	515	561	596	717	693
NC_063214.1	10000001	804727	804010	804133	804113	795536	801858	803354	801817	802043	803136	803496	800063	801693	33583	187683	804126	802745	802171	803012	803972	44409	112589	803759	58285	803069	804344	803365	802313	803604	794978	798857	803346	750833	794109	84585	802746	34144	802696	802939	803244	804138	799563	802976	802322	803373	802735	803332	801863	797501	801895	90788	802682	803891	802973	804088	803332	790603	242699	799821	803985	91814	208155	802920	784253	799847	803671	62487	82187	804426	801402	802582	804163	51219	803182	803164	130112	804573	804409	804208	804215	779452	801571	91953	291552	803294	802880	804219	804088	802235	803842	803928	804351	803949	803980	804309	800048	804087	803985	797026	735827	800654	800397	804143	804454	802386	803459	496793	804185	710678	707447	615357	797548	803734	239211	288506	803527	749901	787603	268687	451519	681302	804574	804244	797709	804386	801119	802719	802297	57091	804245	303897	800336	772071	803159	802003	803033	804313	800706	798434	802590	578805	803743	765391	801605	802044	804530	803175	649137	803743	798053	803557	803370	803487	803912	803560	804275	802357	651961	737729	800158	752101	750658	796772	802975	625369	798284	786616	743473	797377	471309	773930	735848	789558	742895	789179	783616	221	0	842	219	258	1048	218	223	973	835	798	812	11	72	843	265	266	966	845	0	0	975	0	965	984	718	819	1061	903	916	952	1	893	33	827	17	1039	963	971	988	927	831	2	886	3	824	211	1006	696	37	808	0	970	846	823	736	136	0	983	58	86	218	713	922	1	51	22	225	257	962	2	14	831	219	75	848	1026	1067	839	200	795	24	159	834	2	903	0	811	1056	1036	1	1017	842	843	1008	838	2	900	683	940	3	723	983	0	957	428	267	1	616	610	940	350	170	201	1031	678	836	254	417	696	847	990	804	841	913	221	0	14	845	253	880	695	948	0	268	1066	0	906	812	568	908	727	0	1	844	963	653	266	925	1053	971	2	981	964	3	918	0	2	1018	233	3	803	822	577	900	771	703	913	408	732	590	852	669	885	870
NC_063214.1	11000001	828726	828121	828217	828290	824012	826119	827506	826138	826611	827651	827470	824945	826730	41079	254019	827882	827604	825930	827213	828225	67176	141904	827784	97411	826936	828215	827584	826610	827558	823612	822926	827167	806145	823026	116063	827064	46115	826896	827063	827408	827706	824831	826783	826259	827442	826632	827335	826146	823141	825756	131478	826518	828208	827015	828200	827128	819393	307267	826134	827614	132547	284160	827118	808813	824883	827945	94752	129219	828530	826219	827220	828074	82363	827641	827565	176126	828340	828371	827961	828240	811735	825906	129835	369008	827415	827007	828281	828070	826541	827932	828309	828436	828064	828214	828426	825469	828257	828130	821585	773880	825615	823416	828218	828509	826626	827717	572934	828112	754042	751198	670334	822653	827864	267586	350217	827605	788210	815597	338906	534206	723652	828207	828526	823321	828504	825265	827041	826748	92603	828445	371802	824699	805568	827032	826154	826716	828344	825532	820649	826485	634431	827720	797957	826780	826313	828260	827418	699616	827955	823947	827260	827574	827474	828020	827917	828154	826682	712405	778098	824855	791184	788758	815808	827165	689103	823524	817078	783850	821947	562401	804799	778229	817760	781702	818050	811467	510	3	462	339	2	783	356	354	698	462	426	454	14	130	461	2	4	685	461	0	1	242	0	678	241	690	447	782	219	648	679	3	229	11	456	22	776	230	691	696	238	451	2	237	4	453	348	756	669	32	450	0	688	462	458	413	45	1	699	23	70	351	406	231	0	12	0	363	3	680	459	17	457	353	22	463	732	795	457	323	448	31	126	454	3	238	0	455	637	698	465	300	458	462	629	462	2	214	392	233	6	689	241	0	237	139	3	1	363	489	233	681	41	118	766	386	262	248	136	542	461	703	447	460	222	359	2	0	458	82	282	394	672	0	4	787	0	612	446	175	295	396	0	0	463	685	510	3	647	777	693	451	699	235	5	298	0	3	765	4	2	443	452	186	288	426	390	648	362	420	605	286	383	224	217
NC_063214.1	12000001	692031	691035	691173	691383	685912	689288	690806	688962	689648	690946	690794	690420	689451	41392	198620	690889	690750	689580	690579	691499	61501	115252	690963	86999	690529	690888	690203	689745	691011	680703	687376	690287	677844	683784	101947	690244	42536	690055	689920	690548	690903	688658	689668	689309	690745	689234	690550	688996	685524	689024	106448	690113	691003	690223	691458	690191	688484	255250	688662	690509	100118	222532	690112	674967	688007	690953	71622	95281	691667	687343	690836	691427	60738	691009	690835	129454	691505	691830	691076	691155	684657	689488	108737	277044	690066	689961	691520	690529	689537	690790	691099	691417	690716	691390	691617	688560	691074	690326	686636	624915	687460	687233	691001	691266	689062	690638	424229	691262	601692	605574	522560	683101	690818	237183	263815	690680	638514	675273	248275	380577	583452	691354	691608	683083	691748	688412	689987	689870	66167	691713	276805	689065	661681	690349	689432	688810	691244	688175	685852	689827	501681	690996	652116	688702	689295	691544	690749	554647	691217	685782	690181	690654	690877	691163	691069	691339	690085	560874	623980	686813	636202	640509	681641	690111	530883	685714	673729	633522	682658	412388	657716	624612	675570	639906	675573	671612	678	2	726	5	246	720	4	4	723	727	709	714	13	71	731	245	245	714	730	1	1	4	0	714	4	486	696	719	4	703	713	5	4	0	715	21	706	1	717	722	4	710	1	250	1	719	4	679	473	57	715	0	716	732	716	700	5	2	729	0	116	4	659	4	0	2	15	4	235	709	723	35	708	4	28	733	729	729	724	3	702	73	215	713	1	254	0	702	621	727	727	2	725	733	597	727	1	4	599	4	1	488	6	0	4	15	251	8	553	472	4	710	1	202	704	615	217	211	2	553	729	732	682	733	7	4	3	14	732	6	242	625	715	3	254	734	0	655	699	8	249	646	0	0	732	712	500	252	689	712	721	717	725	4	1	243	1	4	710	201	1	706	722	148	233	669	616	680	354	642	410	220	592	4	3
NC_063214.1	13000001	749534	748740	748985	749004	743920	746634	748077	746283	746457	748332	747898	738424	746853	35647	173799	748363	748169	747648	747860	748552	31086	112997	748202	46231	747781	748809	747981	746772	748370	742653	742127	748229	610875	742112	93398	747502	38564	747158	747510	747933	748451	742460	747397	746719	748113	747116	747868	746256	742360	746333	66497	747440	748538	747728	748377	747499	725741	209658	745231	748387	61492	151336	747484	725088	744288	748228	44793	70552	749205	744988	747607	748865	40174	748039	747804	114859	749194	749324	748687	749213	695965	746480	86912	227189	748042	747189	749057	748715	747179	748349	748829	749162	748617	748752	749076	735299	748863	748580	744058	632731	741977	745239	748521	748924	746271	748135	378991	749024	601991	607637	478966	734476	748411	215019	210295	748042	669675	724600	197613	316904	587718	749165	748959	732202	748948	744887	747146	746783	45213	749110	236508	744821	702077	747930	746715	744881	748903	744167	744153	746898	487005	748449	678642	743094	746127	749002	747811	546616	748646	739675	747858	748023	748180	748921	748291	748931	747410	538281	626332	741687	627096	665407	741866	747630	492791	741410	706704	640840	734644	330839	685560	630814	714289	677778	719702	720075	623	0	697	0	622	693	0	0	634	695	630	677	19	0	703	622	621	630	695	0	1	61	2	633	64	2	680	696	61	607	635	5	58	1	687	14	683	0	628	640	58	687	0	693	1	695	0	655	2	30	685	0	625	708	686	580	11	0	638	0	66	0	590	61	0	0	39	0	621	623	702	23	689	1	34	708	708	706	701	0	684	24	128	695	404	705	0	675	590	637	705	64	703	704	533	702	1	59	526	57	2	1	64	1	65	24	644	3	460	352	58	636	5	132	692	529	585	127	13	428	707	640	637	704	60	0	0	36	699	12	657	566	687	61	636	704	0	589	676	39	679	572	0	0	707	623	393	632	581	691	627	692	637	63	0	685	0	1	661	497	0	671	681	388	655	605	508	638	222	579	1	588	541	56	49
NC_063214.1	14000001	715554	714051	714946	714892	710823	713347	713967	712101	713090	714192	714019	713111	713841	48996	260480	714467	714621	713390	714367	715076	87928	157913	714483	117929	714239	714667	714515	713125	714793	710479	710060	714437	686157	711932	144129	713563	61791	713437	713574	714394	714653	711308	713556	713410	714155	713585	714286	712038	711163	712613	138105	713419	714057	714093	715095	713272	709190	324636	712241	714228	145138	230050	713396	696012	711013	713612	91127	118761	715060	710373	714010	714545	83389	714466	713224	175189	715060	715348	714733	714920	704557	712796	145866	266787	713135	713311	715190	715094	713490	714916	715122	714893	714946	715094	715032	711425	714898	715149	710537	617672	709772	710042	714538	714801	712868	714214	386418	714623	582285	597535	479231	702046	714421	246576	239118	714191	644062	691385	231450	331556	572704	715016	714646	699678	714871	711290	712639	712641	78314	715243	256618	710878	679806	713506	713266	711201	714328	710501	707344	712714	483347	713806	655661	710307	712060	715086	713872	538473	714459	707662	713935	714019	714193	714496	714668	714762	713876	540154	605282	707322	613053	640337	699216	713145	502839	707791	679900	622465	702273	361487	659183	606897	689851	656531	687342	690754	224	29	520	59	1	541	2	6	50	558	489	495	17	0	541	1	24	1	502	29	1	539	2	2	533	2	486	495	527	49	1	103	476	65	487	34	510	27	2	1	508	521	1	520	32	489	2	520	37	78	489	20	2	511	515	474	204	51	30	83	140	3	469	484	39	47	16	3	33	1	547	29	496	34	105	504	504	505	499	3	487	78	139	141	524	502	0	497	404	2	530	498	500	524	432	499	1	472	383	476	54	40	549	0	536	255	43	39	372	50	465	25	133	204	486	435	488	139	202	32	504	57	146	550	518	27	43	1	495	152	477	410	526	486	57	555	49	41	518	327	544	460	0	1	502	1	3	57	2	530	37	488	42	498	48	491	1	42	521	52	36	523	529	304	467	479	420	456	36	471	51	465	431	450	428
NC_063214.1	15000001	261724	261163	261122	261060	260291	260784	260803	260500	261195	260970	260548	261341	261450	22692	155238	260944	261631	260413	261175	261539	55165	93221	260825	73285	261234	261116	261269	260929	261324	259909	259967	261223	258880	261432	83522	261200	32106	260583	260942	261331	261185	260179	260306	260584	260875	260368	261194	260760	260687	260425	71790	261066	261095	260956	261343	260325	260906	165489	260681	260742	80515	111350	261260	255170	260339	261061	51751	59057	261623	258526	261276	261245	43436	261300	260776	92752	261521	261629	261358	261529	260065	260945	73893	114050	260784	260391	261539	261566	260898	261521	261499	261230	261603	261627	261182	260529	261513	261556	260214	231331	260246	259288	261005	260921	261029	260871	147445	260959	218055	226404	189204	258091	261410	102806	97178	261313	235603	253225	96074	134423	211725	261363	261168	256977	261183	259871	260384	260232	35126	261572	103405	260593	251094	260548	260835	258442	260857	259481	258584	260209	180363	261014	242808	259904	260774	261433	261146	200728	260955	259393	260598	260811	261282	261173	261449	261272	261129	206659	230158	259006	231728	237207	251793	260661	192137	259467	250649	232556	258118	144376	239950	229741	253520	242152	255152	253703	36	33	191	69	1	209	0	0	60	219	142	147	6	0	204	1	56	1	145	28	0	216	0	1	208	0	142	145	231	80	1	103	145	54	146	10	184	60	1	1	206	202	0	195	72	148	0	214	54	29	143	57	1	165	206	145	124	43	67	30	75	0	202	139	67	19	14	0	58	1	218	15	145	57	51	146	147	145	145	0	142	35	48	71	208	148	0	144	145	1	196	146	146	189	214	146	0	134	121	138	69	73	212	0	193	137	78	69	109	54	140	1	48	88	145	190	187	47	71	60	147	78	67	212	198	60	65	6	145	61	139	128	209	143	57	234	61	72	214	137	227	206	0	0	146	1	3	59	1	207	43	143	54	145	54	145	0	68	206	84	46	189	204	94	136	186	156	138	54	198	71	185	187	134	133
NC_063214.1	16000001	0	0	0	0	0	0	0	0	0	0	0	0	0	0	0	0	0	0	0	0	0	0	0	0	0	0	0	0	0	0	0	0	0	0	0	0	0	0	0	0	0	0	0	0	0	0	0	0	0	0	0	0	0	0	0	0	0	0	0	0	0	0	0	0	0	0	0	0	0	0	0	0	0	0	0	0	0	0	0	0	0	0	0	0	0	0	0	0	0	0	0	0	0	0	0	0	0	0	0	0	0	0	0	0	0	0	0	0	0	0	0	0	0	0	0	0	0	0	0	0	0	0	0	0	0	0	0	0	0	0	0	0	0	0	0	0	0	0	0	0	0	0	0	0	0	0	0	0	0	0	0	0	0	0	0	0	0	0	0	0	0	0	0	0	0	0	0	0	0	0	0	0	0	0	0	0	0	0	0	0	0	0	0	0	0	0	0	0	0	0	0	0	0	0	0	0	0	0	0	0	0	0	0	0	0	0	0	0	0	0	0	0	0	0	0	0	0	0	0	0	0	0	0	0	0	0	0	0	0	0	0	0	0	0	0	0	0	0	0	0	0	0	0	0	0	0	0	0	0	0	0	0	0	0	0	0	0	0	0	0	0	0	0	0	0	0	0	0	0	0	0	0	0	0	0	0	0	0	0	0	0	0	0	0	0	0	0	0	0	0	0	0	0	0	0	0	0	0	0	0	0	0	0	0	0	0	0	0	0	0	0	0	0	0	0	0	0	0	0	0	0	0	0	0	0	0	0	0	0	0	0	0	0	0	0	0	0	0	0	0	0	0	0	0	0	0	0	0	0	0	0
NC_063214.1	17000001	18681	18676	18663	18602	18543	18624	18643	18577	18624	18576	18675	18660	18664	634	3200	18673	18660	18548	18617	18652	1586	1582	18674	1314	18652	18672	18589	18642	18663	18649	18568	18624	18628	18296	2721	18640	555	18552	18633	18627	18669	18611	18595	18524	18651	18593	18644	18531	18362	18625	1942	18592	18640	18458	18668	18572	18660	7395	18585	18672	2552	5878	18659	18276	18420	18640	2338	1810	18676	18516	18663	18660	1010	18648	18666	2979	18678	18679	18681	18673	18564	18611	2043	6145	18615	18622	18669	18635	18624	18679	18651	18679	18670	18679	18671	18664	18673	18670	18602	16958	18544	18653	18664	18681	18652	18660	11021	18680	16789	16118	15005	18514	18668	7237	6975	18657	16820	18441	6434	10755	15980	18680	18670	18376	18675	18642	18591	18604	1575	18675	7151	18508	18077	18652	18640	18664	18674	18525	18540	18608	12800	18641	17324	18630	18650	18680	18656	14688	18663	18534	18675	18576	18667	18667	18666	18677	18613	14499	16976	18485	17583	17608	18510	18632	14607	18599	18160	17165	18464	11150	17720	16706	18178	16692	18342	18169	0	0	18	0	0	16	0	0	0	18	18	18	0	0	17	0	0	0	18	0	0	18	0	0	18	0	17	18	17	0	0	0	16	2	18	0	18	0	0	0	18	16	0	17	0	18	0	16	0	1	16	0	0	18	17	18	4	0	0	0	5	0	15	18	0	1	0	0	0	0	18	0	18	0	0	18	18	18	18	0	15	0	4	0	17	18	0	18	18	0	18	17	18	17	19	17	0	16	16	16	0	0	18	0	18	5	0	0	13	0	16	0	3	4	18	13	16	5	6	0	18	0	0	18	18	0	0	0	18	5	17	14	18	16	0	18	0	0	17	10	18	15	0	0	18	0	0	0	0	18	0	18	0	18	0	18	0	0	17	0	0	18	18	11	18	18	15	16	0	15	0	16	13	15	16
NC_063214.1	18000001	720657	718883	719499	719528	716411	718235	718546	713799	714829	717886	718296	720231	718921	69131	351277	718910	720307	714873	719397	720061	160020	206988	719290	213383	719238	719036	719301	718345	719577	716279	717157	718630	716340	719101	177789	719020	76926	717470	717790	719385	719630	717396	717417	718112	718183	717426	719044	713615	714958	716085	224805	718676	718255	718923	717222	717520	720027	412319	716514	718429	205165	383743	715182	710471	717849	717663	137341	209673	715935	716769	719736	719300	155408	719627	717123	200471	720101	720261	719881	719959	715034	718241	217751	442647	717257	718204	720184	720240	718437	720196	720186	719528	720092	720160	719608	718143	720168	720187	712182	692627	718446	711844	719061	718483	717269	718684	562402	718323	674129	674413	624987	717121	718450	340273	404951	718651	687264	707098	401414	539138	651491	720195	718451	716003	719506	714596	716725	717651	147380	720259	413787	717567	707502	717823	718636	715873	717550	716706	706706	717745	595924	718338	699871	719610	714121	720218	719776	638519	718666	715509	718109	717959	719348	718786	719882	719422	719206	641595	692069	716720	701680	696032	687468	716751	645416	715810	711651	693430	716351	563677	705927	686973	712869	683079	714313	706351	292	62	549	100	0	556	3	3	75	571	494	486	30	1	573	0	72	0	493	29	3	584	2	0	567	0	471	484	578	101	0	93	487	121	482	33	560	64	0	0	557	529	0	538	72	485	3	575	78	93	480	80	0	520	552	496	291	77	72	96	245	2	525	484	93	56	40	3	72	0	567	42	491	89	114	495	494	491	491	3	475	101	266	75	562	493	0	481	382	0	553	490	491	565	453	491	0	460	460	483	108	95	602	0	546	435	93	111	429	85	482	0	175	295	473	544	551	245	359	109	494	89	75	590	543	91	90	3	490	264	459	460	563	483	103	598	74	94	569	467	579	539	0	1	495	0	1	80	0	577	80	489	67	490	80	478	1	103	557	91	77	517	551	431	476	552	557	461	68	549	72	563	504	480	456
NC_063214.1	19000001	732123	730459	731051	730978	724758	729057	729972	728919	730294	730300	730483	689417	730113	76685	349828	730163	731537	725309	730533	731502	233020	250741	729929	285101	730453	730524	730621	729457	730997	721299	659940	730029	708677	724848	228797	730347	108552	729479	729247	730443	730660	729427	729457	729568	729769	729146	730283	728842	667476	728628	279735	729662	730286	729862	724709	729285	643002	438166	729504	729924	268903	443154	730499	698556	730044	730187	193576	288252	731079	729483	730633	730806	233445	730224	729579	251173	731500	731678	730780	731321	616962	729864	281010	466218	729397	730000	731461	731514	729653	731475	731393	731104	731366	731471	731166	727034	731426	731265	722304	715851	730936	720219	730730	728444	726631	730239	624955	730123	707419	681141	690241	730524	729481	447456	521220	729792	711074	725066	491156	625090	695859	731431	730041	729651	731208	726305	729375	729567	255581	731795	518300	729177	719699	730098	730112	720321	729467	729019	701140	729376	651562	730471	721313	731523	729631	731555	731282	678726	730647	727802	729499	729985	731049	730814	731196	731176	730598	666932	720084	729296	724117	716943	705943	729087	697965	727697	727472	715506	730079	629737	725318	718649	727913	676315	728712	715832	586	26	750	66	1	701	37	38	21	750	689	730	35	4	748	1	18	2	732	14	2	752	2	1	747	3	713	691	716	28	2	19	704	165	711	72	693	18	1	2	736	743	1	746	17	710	38	638	22	234	710	16	0	688	738	658	360	24	17	226	329	38	690	717	18	125	4	38	29	2	754	5	725	60	195	737	691	695	731	34	712	241	416	15	741	733	0	709	635	1	751	687	728	746	646	724	1	658	682	717	33	19	732	0	753	635	23	24	661	39	719	2	287	446	667	715	683	443	596	24	734	37	25	753	720	59	28	0	730	467	670	707	746	709	38	708	16	35	731	651	710	740	0	0	734	1	1	18	2	694	23	723	16	717	22	681	0	31	691	32	31	721	733	681	661	741	733	697	30	734	27	695	665	711	656
NC_063214.1	20000001	823469	822633	822866	822911	819079	821090	821998	821119	821661	822028	822013	821954	820282	51728	302265	821875	822624	819270	822295	823040	100479	176418	821918	153969	822042	822157	822106	821226	822597	817741	815602	821980	819783	818010	134575	822033	62210	821447	821483	822323	822041	820673	821404	821363	822122	821558	822140	820742	813652	820354	171772	821343	822454	822081	821850	821710	821356	354149	820362	821788	164986	326442	821927	806368	819590	822225	102258	154686	823224	819644	822019	822773	100857	822336	821976	169179	822900	823169	821822	822908	813994	820819	164429	395839	822109	821562	822952	823075	821204	823037	823063	823050	823031	823007	822941	821717	823036	822932	813677	775118	820969	815847	822632	822162	820619	822106	583731	821805	759452	747533	675579	819523	822082	280928	369366	822013	781935	810391	366942	546397	726221	822647	822739	818653	823016	819657	821773	821531	107499	823196	402781	819953	800907	821874	821336	819735	822406	820245	810865	820895	646050	822282	797177	822088	820909	822999	822239	700568	822416	818024	821499	822054	822297	822527	822690	823028	821702	710637	782400	820017	792816	784866	811190	821396	696103	817348	812944	780922	818416	575091	801915	780121	812324	776508	814574	807368	579	15	632	609	596	18	592	605	8	639	246	605	6	103	249	606	580	0	245	0	0	641	0	0	246	603	232	1	598	19	0	375	591	41	613	0	8	2	0	0	602	613	0	718	0	609	608	5	594	62	607	399	0	616	621	609	95	376	17	76	137	610	236	596	386	40	87	626	610	0	263	25	241	620	98	426	1	1	623	235	598	54	214	380	634	737	0	608	93	0	642	1	616	626	757	624	0	572	551	608	9	612	243	0	619	396	613	3	500	13	615	0	135	271	1	552	544	248	371	11	624	3	367	261	594	608	1	46	622	100	583	564	604	612	617	1	12	13	609	448	687	575	0	361	623	0	2	606	0	17	2	237	0	624	0	599	291	13	8	4	10	255	608	600	573	590	559	599	3	573	536	574	538	231	219
NC_063214.1	21000001	821645	821062	821315	821254	819353	819050	820238	819172	819839	820630	820104	820459	820061	56790	306067	820043	821036	818234	820298	821238	99681	180605	820625	140648	820122	820237	820357	819667	820700	817241	818370	820011	819365	818569	137875	820117	64095	819989	819803	820578	819766	819285	819858	819552	820245	819940	820237	818994	818272	818779	164046	819441	821005	820289	820838	820275	819194	357299	819442	819517	156485	327248	820300	806819	818110	820902	104786	146663	821397	818065	820565	821037	99341	820621	820352	171042	821199	821363	819924	821123	816661	818689	155009	391744	820478	820238	820981	821339	819313	821228	821192	821303	821252	821167	821274	820738	821287	821214	813204	783267	819094	814786	820914	821139	818617	820453	586954	820293	763017	752719	697804	818053	820170	317910	372644	820160	784183	810369	368108	560493	731121	820992	821156	817942	821431	817232	820078	819894	101135	821022	392708	817332	803956	820128	819643	818557	820614	818339	810408	819527	657392	820873	799568	820097	819277	821018	820480	710068	820803	816841	819767	820618	820747	820956	820949	821255	820191	713364	789126	818683	797757	790174	807353	819430	713071	815397	811900	789106	816825	588784	804952	787031	813553	780694	813300	807907	858	43	851	846	678	44	786	799	42	852	1	754	27	145	48	689	691	6	0	28	0	856	0	2	43	677	0	1	843	50	5	848	782	77	799	0	38	14	3	5	822	820	42	646	42	800	782	52	700	85	785	849	4	809	833	796	27	829	36	93	238	746	37	782	850	51	90	812	698	3	46	85	1	847	99	811	0	0	810	1	773	83	273	840	836	642	0	774	72	4	849	3	796	849	712	809	1	739	708	790	19	722	41	0	853	507	717	35	651	32	792	4	185	299	1	735	636	293	454	38	809	47	804	42	799	832	16	61	807	4	651	732	827	799	728	34	14	22	792	597	829	746	0	781	812	4	4	728	5	40	43	1	35	807	38	669	592	17	45	53	41	19	825	514	656	782	753	771	31	769	659	687	723	3	2
NC_063214.1	22000001	826730	826144	826305	826278	821272	824145	825444	824490	824464	825366	825711	824575	823626	42428	259615	825586	825764	823841	825548	826150	56977	154767	826079	80824	825256	826141	825406	824244	825718	820646	822194	825233	820237	820717	113343	825144	49667	825010	825031	825490	825672	823594	825003	824318	825331	824815	825304	823934	820889	823952	107382	824747	826245	825316	826291	825110	821601	301142	823052	825536	102915	270209	824955	802940	822522	826058	71013	103363	826509	823000	825445	826024	61759	825491	825486	121384	826286	826495	825802	826264	816271	823933	117813	339928	825413	825157	826267	826222	824910	826130	826248	826291	826237	826204	826449	825140	826318	826196	819252	776772	823889	821273	826119	826388	824491	825799	555304	825932	754926	742050	669159	822319	825908	248872	332453	825576	784843	813562	318188	524581	722110	826349	826457	821887	826402	823747	825283	824832	69975	826459	348230	823369	801787	825279	824783	825721	826474	823416	817897	824384	629355	826008	801306	824904	824434	826425	825489	694038	825901	822130	825429	825606	825866	826198	826032	826331	824892	702979	785648	823532	793461	790620	817115	825037	689687	820561	812979	785252	821147	552287	802100	779494	816851	777770	815555	811778	828	0	349	339	618	2	335	343	516	356	4	0	5	136	0	622	637	509	0	0	3	657	0	500	522	740	0	2	620	489	502	323	614	45	339	0	2	0	504	512	631	344	343	677	4	346	335	2	732	24	347	353	501	349	342	331	111	333	513	35	52	733	4	616	346	17	53	349	713	510	4	23	4	345	42	352	2	2	350	2	335	0	86	351	345	671	0	340	921	512	350	509	346	348	152	345	4	590	309	623	10	740	524	0	641	344	731	15	266	353	625	502	46	94	2	284	676	108	156	407	352	522	337	10	621	341	10	42	348	153	692	300	350	636	731	2	0	456	345	419	351	333	0	331	352	498	339	633	478	2	507	4	517	647	11	733	238	11	2	470	3	5	331	561	704	336	318	324	248	312	594	704	291	459	458
NC_063214.1	23000001	827074	826576	826857	826702	819317	824349	825863	824739	824830	826057	825612	824678	824121	63733	286453	825634	826060	823927	825878	826566	96700	187823	825890	135419	825670	826259	826063	824658	826067	813965	821944	825775	818708	818931	155736	825480	80820	825218	825573	825883	825884	824288	825208	824895	825963	825037	825640	824410	820297	824433	157966	825042	826604	825475	826647	825601	822512	345691	823683	825645	155512	311656	825468	807997	822941	826361	102140	155111	826882	823409	825662	826515	107741	825956	826002	169718	826458	826873	825955	826563	816048	824455	177584	393180	826017	825701	826745	826758	824620	826574	826598	826843	826634	826411	826908	825456	826730	826663	819288	781337	824554	821503	826418	826644	824285	826093	576462	826187	765278	751539	690240	822635	825730	313734	372010	825760	785575	815862	356521	551769	731912	826363	826784	821702	826829	822955	825589	825092	100955	826695	389586	823182	800923	825581	824886	824518	826569	823256	817408	825011	638494	826084	798930	824851	825023	826509	825953	706400	826398	822365	825181	825975	826047	826504	826351	826814	825260	706990	787592	823683	796709	790482	816010	825065	690143	820575	814985	787688	822752	565004	804283	782120	816295	777181	816962	812926	932	0	1	1	796	0	1	1	747	2	1	0	1	48	0	808	779	724	0	0	0	734	0	724	746	220	0	1	712	714	724	2	704	76	1	1	1	0	740	746	727	2	1	219	1	2	1	1	218	0	2	2	730	2	1	2	163	2	747	67	0	218	1	713	2	0	86	1	215	735	213	52	210	1	13	2	0	0	2	1	1	1	0	2	1	222	0	5	924	746	1	743	1	1	668	1	1	680	1	710	1	216	748	0	727	461	221	1	5	547	720	733	4	2	1	2	202	1	74	602	2	745	2	0	715	1	0	14	2	283	208	2	1	734	222	1	0	195	1	520	1	1	1	1	2	731	564	807	708	0	729	210	739	744	1	222	1	2	0	693	1	0	10	159	211	2	3	1	430	2	189	204	1	686	681
NC_063214.1	24000001	827013	826539	826691	826580	819663	824591	825812	824812	824801	825292	824941	825353	824192	65924	280621	825082	825874	823223	825641	826513	113253	195237	825665	152567	825502	825443	825693	824586	825971	814169	822951	825646	824495	818212	157900	825418	73511	825335	825370	825890	824995	824622	825234	824792	825956	824790	825591	824378	821874	823908	170344	825016	826528	825554	826248	825500	824693	349173	823543	824904	160586	334259	825646	809081	822957	826176	111521	166398	826736	823003	825747	826331	113461	825808	825798	176144	825687	826701	825275	826528	820119	824359	179978	411287	825975	825414	826537	826514	825130	826515	826560	826755	826482	826579	826738	825693	826485	826576	816784	781194	824815	819113	826378	825570	823708	826033	594300	825085	761878	751927	685512	823153	825240	298413	379461	825300	786651	815668	389290	565819	740874	825548	826221	822316	826743	823053	825485	825140	111396	826769	414450	822859	801237	825623	824982	824036	826005	823802	815633	825007	652945	826099	801542	825111	824913	825660	825874	711460	826385	821746	824680	825974	825527	826297	826289	826558	825101	716818	785770	823752	792807	790598	808491	825269	702718	821244	815273	790327	821783	585908	806547	782449	817394	778276	818185	811209	559	0	118	239	654	136	249	251	590	115	2	0	0	25	0	659	630	574	0	0	0	701	0	571	589	154	0	137	661	563	574	119	665	73	114	1	139	0	587	582	581	115	113	180	3	110	251	123	155	12	114	115	587	115	118	114	153	113	589	67	35	290	2	671	117	13	48	257	163	569	443	47	436	252	25	116	141	141	114	125	116	0	60	116	114	185	0	114	443	585	120	530	116	118	623	117	2	642	112	685	4	160	590	0	684	396	161	0	103	409	682	568	36	60	139	113	258	69	95	447	117	593	114	0	653	248	0	26	116	197	284	114	116	692	113	140	1	146	111	473	254	117	0	114	118	694	516	655	563	138	698	437	588	689	2	292	100	110	135	531	115	1	119	123	286	113	111	114	313	114	161	145	112	540	536
NC_063214.1	25000001	863075	862509	862649	862660	860597	860274	861891	860642	861475	861303	861090	862633	861326	63162	337425	860315	862526	858143	861860	862778	179398	208525	861600	235069	861276	860684	861781	860985	861900	858392	861598	860853	862777	860659	160756	861395	73602	861396	861215	861517	860726	861315	861344	860829	861871	861233	861736	860301	859229	860274	266384	860827	862440	861474	860868	861469	862437	427318	861468	860243	234984	502806	862069	854229	860395	862440	147235	301931	862506	861348	862080	862509	226769	862154	861878	205862	861800	862631	860836	862493	861679	860855	286595	602686	861988	862040	862733	862625	860600	862577	862452	862797	862509	862563	862750	862632	862562	862651	851435	849616	861896	854952	862494	861829	859760	862022	744028	860577	838038	825350	812691	862214	861417	431989	572182	861468	844262	857354	582143	736334	822657	861335	862711	861592	862870	858476	861644	861208	234271	862710	594432	860080	851437	861917	860752	860397	861931	860648	845350	861549	772874	862339	854286	862542	861307	862028	861906	807172	862380	860215	860606	861863	862031	862417	862276	862732	861521	806503	853973	861245	857441	849616	835990	861277	822221	858967	860454	849031	860821	754396	857189	851028	860732	836224	859897	853694	541	0	582	85	475	0	496	577	685	696	594	0	0	110	0	495	461	680	0	67	62	508	0	342	686	420	0	596	492	341	658	675	495	71	576	33	583	0	343	687	669	689	573	380	578	680	565	576	412	100	680	699	264	679	578	700	204	687	345	98	253	498	552	493	673	75	106	509	419	671	649	86	648	569	60	675	0	0	697	591	565	1	327	693	573	384	0	571	652	340	582	347	575	587	731	576	597	454	556	497	497	499	344	0	507	393	422	0	643	318	496	340	197	314	596	548	482	342	352	606	509	682	688	0	459	502	0	86	700	229	484	676	578	502	684	594	0	356	559	442	575	569	0	671	583	505	450	493	643	0	497	640	344	498	717	499	627	558	0	674	555	0	568	404	478	697	671	562	519	687	362	416	545	663	639
NC_063214.1	26000001	857452	856925	857040	857130	852040	854443	856185	854927	855858	856499	856844	856800	854708	40959	253400	856805	856311	852428	856062	857088	113130	126962	856931	157317	855901	857050	856142	855088	856303	851760	855662	856009	856756	850377	84141	855792	36671	855653	855944	856191	856698	855756	855574	854935	856169	855273	855754	854467	854084	854440	211251	855217	856865	855729	856725	855907	856519	340835	855201	856633	172422	478524	856119	851136	854752	856884	108055	277305	857130	856253	856433	856878	165197	856661	856374	164317	857157	857063	856989	856901	854836	855235	204853	600893	856383	856274	856947	857001	855304	857008	856846	857111	856967	856857	857175	856693	857006	856950	848755	844904	855997	850487	856839	857142	855069	856320	744559	856964	839575	829474	814987	856310	856638	418534	561768	856377	841275	852327	577392	748479	820225	857110	857196	855971	857165	854577	855956	855637	178860	857242	579238	854742	850591	856090	855503	856586	856970	854209	847670	855732	770772	856868	850399	856846	855642	857133	856528	806946	856532	854845	856050	856242	856566	856717	856478	857044	855741	816100	850492	855619	853482	847454	832587	856031	825826	852916	855232	848011	854987	758722	852780	846534	854549	833158	854542	849558	619	1	553	0	2	0	537	536	780	539	158	0	0	140	0	2	2	779	0	24	12	555	0	790	787	776	0	159	533	794	770	159	539	25	538	12	159	0	812	782	765	528	681	542	157	526	534	159	752	72	525	540	540	540	546	536	199	527	811	19	188	793	159	542	157	36	192	556	785	779	567	62	567	546	67	159	0	0	535	149	538	1	412	536	544	553	0	532	563	808	400	806	542	555	800	554	158	517	537	545	507	799	811	0	554	452	537	525	491	724	551	786	199	303	517	536	759	343	633	728	555	779	533	2	521	549	0	128	537	500	783	524	542	544	537	159	0	681	536	473	543	547	0	521	554	551	509	2	765	0	549	561	811	546	541	790	493	534	0	782	534	0	533	734	758	540	528	534	649	524	525	768	512	771	735
NC_063214.1	27000001	840769	840026	840145	840190	835655	837544	839408	838097	838826	839850	840109	839440	837992	42413	257605	839986	839760	836129	839265	840062	114074	132552	840083	151560	838830	840285	839214	838075	839382	835050	838113	838831	839258	834438	106393	838617	43711	838606	838897	839228	839868	838528	838788	837628	839335	838368	839107	837791	835319	837553	184936	838210	840031	838827	839825	839072	839283	345438	837871	839803	168854	441627	839350	829572	837659	839969	112623	246549	840371	838588	839628	840047	155696	839632	839490	165874	840463	840378	840214	840072	836312	838178	202182	538996	839218	839269	840155	840058	837860	840038	840082	840427	840070	840054	840414	839844	840159	840058	831410	823492	838804	833735	840137	840332	838313	839653	697609	840140	815209	804583	781762	839005	839513	394740	508319	839497	820159	833688	518107	698749	792985	840437	840309	838337	840457	836709	839091	838854	157173	840447	530278	837653	828504	839306	838352	839568	840087	837580	830159	838742	735231	840075	829540	840122	838402	840490	839640	773971	839908	837766	839550	839418	839404	840021	839826	840381	838758	782401	826646	838464	830823	826560	821802	839050	791991	836437	836498	824846	837958	706926	832221	822408	836766	811982	836107	832299	837	301	497	3	0	2	142	486	327	493	2	0	0	82	174	268	2	488	170	5	10	148	0	486	506	490	164	0	138	476	488	4	138	12	478	8	0	2	491	499	486	315	707	148	2	317	482	166	484	49	304	496	144	318	486	318	87	312	503	1	109	492	2	142	173	30	79	145	325	324	933	9	929	477	11	0	2	2	490	153	472	1	293	487	483	148	0	472	924	501	1	501	496	495	746	493	2	130	308	145	451	831	507	164	145	121	321	145	294	423	143	490	110	190	98	460	463	257	349	303	148	330	473	2	139	144	2	49	322	266	475	454	480	144	317	389	0	424	478	131	487	473	2	303	496	142	141	2	320	492	144	920	502	147	322	491	286	463	4	489	465	0	484	431	479	483	467	480	274	467	143	320	440	482	450
NC_063214.1	28000001	848086	847540	847574	847612	845509	844781	846426	845311	846245	846200	846049	846887	846379	65665	383164	845665	847487	843258	846462	847557	159052	221025	846812	208279	846364	846161	846671	845567	846898	842353	845172	846431	847108	845067	176948	846262	77859	846312	846270	846638	845952	845952	845952	845497	846688	845848	846358	844998	844253	845035	230274	845796	847436	846257	847175	846341	846834	413208	845964	845506	227533	410411	846852	834642	844064	847428	144418	235638	847621	845440	846947	847521	164194	847010	846701	218779	846575	847678	845757	847485	843797	845334	226061	487830	846796	846810	847506	847453	845834	847534	847385	847660	847581	847337	847768	847387	847522	847468	837500	826009	846236	840267	847510	847188	845364	846888	664207	846469	814583	795484	768136	846424	846509	357158	470104	846808	821681	841172	468974	655824	788369	846464	847641	845294	847773	844032	846438	846279	157001	847705	487262	844820	834073	846853	845911	845643	847436	845340	836021	846188	711153	847450	836492	847250	846262	847143	847093	762735	847141	844821	845037	846597	847120	847316	847221	847729	846449	767338	832161	845938	837779	830406	828897	846374	777762	844043	843189	828200	845481	675216	838973	826270	843507	809479	843976	836317	560	652	627	588	524	593	201	644	541	662	593	0	1	140	625	645	516	636	620	67	87	208	0	628	650	638	609	0	205	624	623	593	205	40	649	33	0	0	639	633	638	522	313	535	587	522	639	602	605	106	524	668	203	530	614	534	205	525	649	0	161	628	543	203	462	52	101	209	0	530	690	59	681	653	86	0	594	597	663	599	639	0	0	654	617	209	0	606	688	642	384	644	626	628	605	618	594	175	495	203	577	686	653	596	206	155	531	192	472	525	205	630	153	255	0	558	598	284	407	470	207	541	654	0	200	201	0	4	538	314	609	633	618	204	531	663	0	550	604	170	659	601	599	500	668	203	180	1	515	617	204	679	645	208	535	634	432	575	587	625	586	0	605	541	624	655	625	599	379	645	490	528	560	622	584
NC_063214.1	29000001	845538	845128	845179	845106	839599	842853	844299	842898	843518	844496	844453	844350	843012	57685	284799	844078	844649	840992	844081	845031	111573	187517	844983	162920	843876	844377	844121	843436	844272	832504	841820	843795	844536	838373	136257	843608	61466	843637	843587	844217	844257	843133	843620	843340	844338	843387	843915	842628	839432	842475	182804	843486	844958	843902	844722	843848	843945	352939	842537	843897	170695	374267	843962	832718	842099	844525	113605	180582	845231	842555	844143	845063	123940	844452	844168	173966	844741	845049	844115	845091	841296	842781	177904	460516	844440	844111	845148	844875	843069	844792	844898	845249	844906	844992	845225	844801	844918	844833	835164	818796	843667	835760	845035	844785	842600	844381	649947	844280	805798	787343	751530	842966	843383	305937	429954	843687	819110	836712	435413	637511	776668	844638	844628	842718	845071	841058	843993	843629	135783	845117	460567	841541	832017	844217	843567	843059	844321	843044	831525	843416	704655	844593	829682	844874	843214	845062	844318	755307	844777	841318	843664	844200	844083	844871	844829	845243	843941	760517	825668	843334	833618	820931	826367	844021	763751	840639	839114	823699	842400	657029	832373	820601	840119	806533	840405	832885	505	721	586	668	697	700	533	541	729	554	700	0	0	136	733	250	690	247	735	73	81	546	0	707	253	247	712	2	504	701	246	700	507	52	307	45	2	1	716	545	246	393	3	396	680	392	545	499	710	67	389	556	539	405	578	398	205	399	724	0	61	248	639	520	569	30	42	543	0	714	466	52	466	543	72	2	706	707	551	698	531	0	0	543	570	544	0	565	467	721	584	249	583	586	583	583	698	488	356	528	535	399	727	695	538	377	395	506	331	585	534	702	84	208	1	532	237	243	455	616	544	722	539	1	515	530	2	0	403	308	244	515	574	531	395	545	1	614	559	415	547	557	579	391	555	525	452	2	374	573	540	463	724	541	403	246	318	537	698	246	542	1	564	220	239	533	521	560	484	533	358	503	513	245	230
NC_063214.1	30000001	845857	845333	845512	845537	841591	843052	844540	843285	843748	844218	844039	844830	842761	57393	270207	843855	845139	841626	844574	845390	100329	170457	844342	141115	844398	844093	844671	843403	844930	839122	842572	844427	844946	840547	129069	844026	65352	844214	844087	844568	843828	843811	844178	843538	844737	843889	844424	842955	835185	843261	168296	843740	845321	844280	844965	844044	844555	334711	842640	843667	149471	352560	844427	830348	842496	844997	100639	175447	845468	842331	844706	845397	117809	844835	844645	151349	844618	845500	843751	845328	842333	843001	171369	450062	844785	844229	845423	845151	843751	845322	845330	845528	845398	845292	845632	845155	845275	845340	838157	814229	843897	840173	845360	844934	843338	844769	638532	844414	802254	781620	745690	843536	844716	380404	434173	844332	815407	837436	425374	627455	769881	844314	845465	842837	845662	842056	844404	843920	122398	845580	440005	842447	828705	844437	843676	843276	845001	842923	837098	843918	699277	845066	828597	844896	843659	844846	844844	754136	845193	842720	843290	844498	844953	845163	844986	845503	844311	754424	820910	843195	827322	821422	826814	844467	759998	841189	838414	821426	842665	646756	832691	817446	840423	800613	839994	835128	92	586	585	730	581	738	1	783	591	800	747	0	0	160	794	792	568	784	799	54	92	1	0	570	807	787	767	0	1	574	781	746	1	0	778	18	0	1	576	1	0	587	1	593	734	583	772	2	769	65	581	804	1	591	574	594	98	568	587	0	170	785	687	1	729	26	86	1	0	577	765	0	749	783	50	0	750	751	793	762	774	0	0	789	572	1	0	571	758	584	588	800	581	590	583	583	742	1	537	1	546	591	595	759	1	2	593	4	466	475	1	567	176	217	0	523	746	229	482	484	1	603	778	0	5	3	2	0	597	222	747	734	582	1	599	807	0	725	560	6	785	543	800	576	806	1	2	1	567	584	1	747	585	1	598	784	458	346	721	757	332	3	571	638	758	766	719	554	363	756	536	766	493	757	728
NC_063214.1	31000001	841502	840488	840878	840761	820734	838375	839725	838447	839982	837641	837388	840548	840130	105955	480088	836015	840931	835256	839831	840682	270251	317071	839079	344394	839188	836782	839623	838747	840205	806158	829470	839047	840377	824532	266781	839421	137239	839632	835246	839763	835770	839682	838912	838687	839925	834898	839481	838340	826760	834108	355093	838781	840597	839226	836796	839574	840158	517438	840331	835551	330558	516427	840083	827744	838942	836672	227897	368295	840808	834830	840284	840777	284737	840402	840280	305812	838167	840860	836569	840780	832872	838937	367616	588570	839849	839871	840735	836353	838185	840438	840518	840752	840636	840555	841088	840600	840539	836489	828684	823977	839448	830797	840564	838809	833098	840302	710369	837419	811323	785269	788103	840140	839125	445514	561827	839635	814252	835121	564625	707736	796007	837577	840554	839379	841212	837374	839733	839085	271475	841035	577237	838370	826029	839502	839338	835229	840154	838560	816080	839303	736310	840583	829202	840518	839117	838556	840466	777413	840161	836800	835362	840000	840435	840637	840536	841090	839978	767981	829111	839196	831314	825246	810814	839325	793589	836688	836957	823344	838820	718501	833573	826122	838303	794690	836759	828265	551	735	396	364	686	363	538	105	665	108	366	0	0	260	671	655	627	645	685	146	157	551	2	717	655	576	664	1	538	718	577	370	536	112	633	93	1	1	725	545	1	732	550	744	644	738	100	1	153	75	740	108	534	720	396	752	334	746	717	0	53	640	341	539	696	132	183	304	0	653	659	111	657	107	183	1	367	363	105	670	105	0	0	350	394	150	0	384	570	728	401	654	398	401	730	399	652	481	701	537	358	622	725	152	548	0	739	537	661	630	552	709	223	173	0	369	624	203	513	603	1	662	107	516	505	1	0	0	751	424	613	598	397	542	726	106	0	120	382	448	102	390	108	723	107	538	486	0	712	388	545	653	731	548	754	105	652	531	361	576	531	505	385	610	630	619	603	381	514	612	707	640	355	622	596
NC_063214.1	32000001	737331	736370	733652	736479	732240	729084	735661	733998	734805	735900	735909	733358	733807	52540	249746	735529	733588	732155	732338	736733	81324	146043	736321	121140	732265	733294	735680	734045	735660	725381	733533	735240	733423	728867	114851	731688	54629	733896	732443	733415	735768	733739	734620	734361	735509	734616	735414	733860	730704	733792	142500	734640	736299	734895	736357	735526	735665	287355	734159	733091	128102	286916	735812	717045	733969	736483	87009	131519	736917	733677	736017	736426	96092	735434	735853	139877	736389	736675	735967	736350	732259	733595	151351	363704	735496	735881	736914	734123	734610	736571	733982	736829	736614	736587	736794	736427	736149	736377	725443	710222	734628	726516	736527	733410	733233	735797	543723	735818	695387	676598	636837	734016	730352	285308	352488	734756	709913	725183	353662	532161	668480	736523	736419	733906	736717	732074	735223	729629	94545	736921	374160	733105	723072	735329	734695	733696	735922	729149	722613	734049	601158	735348	722062	736155	733801	736613	735865	647618	732781	732755	734898	735523	735491	733683	736430	736803	735058	646637	713520	734362	720925	712991	723992	734142	649129	731194	730434	713229	732929	548181	722880	709400	726782	694581	727061	717306	670	363	532	510	546	518	641	1	604	522	590	1	0	79	559	553	571	560	563	48	31	664	3	352	568	603	537	522	585	436	596	589	601	50	535	4	516	7	354	625	520	105	423	106	443	103	1	499	1	19	105	526	628	104	516	105	133	106	298	0	115	620	512	598	459	5	61	105	1	577	539	41	538	2	27	526	529	522	521	102	501	1	1	625	521	1	7	510	636	356	530	656	529	530	416	526	458	588	88	597	487	379	301	2	625	1	106	531	84	237	617	277	23	175	1	467	576	192	321	490	1	608	509	562	593	1	10	3	107	125	589	340	515	622	107	1	8	1	509	458	4	484	525	100	523	639	515	8	104	521	626	543	357	660	106	0	81	594	520	577	596	549	512	444	588	375	348	498	180	364	91	545	449	508	487
NC_063214.1	33000001	842095	841495	841659	841652	838828	839207	840801	839476	840339	840716	840700	841554	839915	62225	296785	840564	841358	836458	840753	841598	145077	178239	841142	212898	840247	840788	840720	839656	841150	836706	839936	840310	841362	838342	143090	840526	67946	840450	840258	840830	840425	840341	840021	839791	840767	840187	840583	839069	838295	838946	241593	839688	841429	840452	840984	840294	841300	381293	839715	839897	203950	466876	840804	830999	839576	841258	124680	286437	841592	839741	841235	841514	189561	841339	840918	194231	841122	841713	840682	841349	840532	839965	245053	583962	840796	840673	841656	841541	839928	841601	841452	841696	841590	841524	841679	841349	841552	841453	832108	826634	840521	833333	841189	840780	839066	840867	720655	840528	820370	809117	792420	840750	840088	445198	545509	840387	824992	835823	561607	718932	800768	841215	841042	840728	841832	837653	840504	840331	193136	841691	570128	839193	831590	840971	839870	839462	840811	839462	826689	840171	751010	841030	833418	841574	840233	841274	840845	787543	841246	838667	839852	840670	841034	841392	841067	841574	840677	791568	831058	839823	835063	830409	821172	840076	799270	837991	838393	828253	839548	731054	835715	828796	839366	815758	838850	832977	885	878	878	857	825	854	820	2	956	899	681	0	0	179	829	849	893	840	792	80	81	883	0	808	899	909	761	854	62	928	901	721	17	0	667	38	873	16	830	18	875	930	608	959	906	903	2	869	22	0	899	891	16	952	150	927	265	945	30	1	256	18	672	17	936	57	152	929	54	880	27	4	1	55	119	862	842	844	844	915	839	1	1	72	856	0	0	818	792	835	872	846	845	881	814	844	889	16	901	16	792	959	43	0	52	21	959	35	838	16	17	0	321	406	0	135	53	475	618	824	0	930	880	826	59	23	15	50	920	2	18	867	865	19	944	36	26	22	844	30	25	827	862	883	861	834	768	27	883	873	62	1	174	831	967	2	818	826	853	937	829	769	846	799	16	905	861	815	716	880	874	860	817	660	625
NC_063214.1	34000001	833494	832907	833100	833030	830186	830507	832326	830908	831608	832854	832652	832658	830923	49732	245086	832184	832822	828729	832087	833016	112592	149885	832982	162420	831948	832864	832140	831249	832558	829370	831144	831633	832484	829487	111790	831716	48756	831648	831353	831933	832615	831502	831404	830886	832398	831378	831972	830928	829494	830555	199015	831319	833006	831790	831539	831789	832222	331226	831026	831831	164928	427420	832560	825328	830952	832600	104953	232442	833133	831382	832179	832965	154275	832600	832428	154425	832985	833126	832528	832887	830036	831041	203285	537186	832197	832266	833119	832584	831241	832739	832744	833241	832977	832917	833232	832674	832983	832532	825542	816004	832037	826793	832860	832707	829901	832513	692349	832398	807065	797186	777184	831476	831029	446961	523531	831634	813602	825359	510199	689575	785153	832970	832681	831759	833324	829168	832144	831437	167351	833143	522013	830389	823326	832252	831505	830733	832426	830859	820867	831811	730214	832782	823596	832949	830970	833108	832517	769418	832733	830164	831861	832067	832249	832845	832667	833158	831957	774764	819953	831251	826156	819360	810228	831526	789387	829168	829505	817340	830936	710953	826464	816846	830433	805737	829660	823011	259	754	758	734	498	748	734	0	598	532	657	0	1	107	479	533	559	523	479	21	55	759	0	745	535	592	459	522	4	694	574	654	4	0	647	19	521	0	751	4	517	588	567	596	243	584	0	510	0	0	582	533	4	587	0	599	137	585	0	1	157	4	607	4	709	38	96	596	0	698	274	0	272	0	43	534	759	760	529	579	515	2	1	4	750	0	0	736	583	370	795	752	755	759	685	750	703	4	564	4	697	636	762	0	4	0	597	3	541	0	4	0	228	325	0	0	4	373	342	604	0	599	524	477	5	0	0	1	596	0	4	668	737	3	590	0	0	1	724	5	0	720	533	564	536	745	655	0	577	748	4	364	4	753	598	0	536	714	734	587	702	460	736	495	4	688	667	731	468	672	567	520	680	630	592
NC_063214.1	35000001	807744	807186	807370	807286	789856	804896	806484	805032	804217	804284	806940	801643	799943	28341	76845	807410	804538	805642	806254	807175	19340	67805	807073	27540	806238	807539	806481	805641	806694	793329	801125	806126	740293	792586	43300	806011	19049	805848	806185	806373	807194	802793	805951	805200	806677	805575	806259	805137	789981	805053	51323	805756	807218	806192	807085	806116	789770	152728	798826	807186	37498	169588	806297	783145	802777	806918	28277	61647	807648	803725	805751	807168	32090	806396	806458	51030	807638	807559	807508	807336	773784	804909	66145	276780	806681	806023	807324	807180	805678	807120	807063	807393	807224	807273	807501	801623	807205	807323	801981	737189	803558	803781	807120	807677	805704	806770	483359	807494	716547	705813	621364	800777	806985	260884	286292	806860	753524	792066	262230	452358	690423	807585	807444	798998	807559	804848	805956	805488	41293	807451	296125	803420	770952	806146	805170	805486	807552	803016	803482	805393	582815	806881	765396	804999	805412	807619	806272	648318	806519	802458	806919	806564	806475	807201	806955	807329	806040	643386	739033	803429	749703	753294	798854	806412	630998	802055	788744	744968	801063	473271	773898	742992	790935	736952	792648	788274	838	820	898	771	718	893	864	1	819	0	825	0	0	26	824	710	853	730	828	7	19	891	0	805	753	865	791	1	661	601	858	616	640	22	654	2	1	0	799	746	1	806	683	817	0	810	1	2	0	9	805	0	730	826	0	702	45	744	0	0	0	731	750	703	645	7	35	831	1	633	823	19	805	1	20	1	901	900	0	632	1	0	0	735	878	0	0	870	869	0	182	892	895	901	720	889	650	695	677	716	849	565	903	0	743	4	831	574	592	1	722	0	147	180	0	4	666	181	333	465	0	874	0	827	700	0	0	0	822	1	689	504	866	729	830	1	0	0	862	452	1	784	0	771	0	872	587	0	758	879	736	847	742	884	825	1	533	705	859	762	725	798	865	487	714	591	518	843	364	573	665	678	675	819	783
NC_063214.1	36000001	805982	805491	805587	805558	795703	803357	804566	803586	803016	804271	804891	802340	800023	44163	206944	805153	803933	803231	804733	805639	50252	135446	805122	67289	804254	805397	804826	803953	805019	793286	800662	804561	763397	794659	108136	804356	46753	804324	802208	804656	805100	802453	804246	803968	804899	804141	804681	803458	789597	803545	78885	804020	805484	804368	805532	804542	792805	245484	799584	802850	81161	197081	804563	779481	801805	805326	58127	76696	805811	801222	804347	805579	48598	804709	804682	93077	805572	805692	805101	805435	786744	802863	102307	272961	804909	804365	805603	803366	803985	805429	803311	803500	805514	805503	805778	802177	805569	805483	798971	739378	802700	800665	805462	805269	803416	804986	478670	805285	710974	688794	615018	800951	802587	257880	272205	804772	749529	790447	262619	432339	684336	805556	805651	797541	805741	802307	804285	803860	48912	805659	284206	802527	768285	804426	803495	803580	805391	801530	798776	803632	574805	805243	765274	803038	803481	805659	804602	644525	805001	800034	804736	805008	804720	805328	805166	805614	803999	626713	747477	801800	752484	753513	796629	804028	624970	799266	786221	743312	799486	466251	771983	738943	791855	739780	792086	787324	837	967	871	814	684	856	854	2	882	2	829	0	0	112	776	675	876	688	774	26	64	873	0	955	707	882	744	0	621	968	882	834	620	38	1010	19	0	0	955	704	0	755	457	765	0	761	2	1	0	50	753	2	691	779	0	689	145	722	0	0	0	686	725	674	1022	26	25	781	0	1007	766	21	759	2	49	0	875	878	2	651	2	0	1	700	854	0	0	852	866	0	0	871	874	879	906	865	1021	640	645	667	809	836	879	0	699	1	774	532	535	0	682	0	151	235	1	1	638	222	332	756	0	901	2	775	668	0	0	0	773	6	660	874	850	681	778	2	0	1	826	437	2	762	2	718	2	850	627	0	722	865	694	878	701	862	774	2	491	726	834	776	735	758	856	469	638	941	846	822	340	899	641	638	683	801	773
NC_063214.1	37000001	813383	813035	813016	812992	802382	810825	812106	810813	811048	811833	812328	808787	808620	31289	121114	812737	811288	810922	811869	812876	26880	93690	812644	45584	811822	812915	812252	811096	812395	803062	807519	812039	799239	801921	61733	811679	25843	811537	811617	812012	812727	809620	811681	810951	812236	811543	812073	810493	805977	810666	79424	811382	812877	811851	812958	811866	804924	196264	807352	812356	57754	228715	811572	793987	809384	812722	46690	82398	813270	810328	811731	812896	44673	812271	812159	74048	813128	813165	812889	812923	791786	810604	87446	320197	812308	811894	813052	812580	811206	812832	812603	812867	812951	812860	813149	810069	812852	812792	807087	755329	810367	808891	812981	812978	811098	812373	513882	812802	728779	725001	644604	807294	812193	305163	308447	812353	761098	799493	304650	483810	699572	813112	813158	807147	813113	810087	811798	811245	55379	813014	321659	808985	791505	811781	810934	811362	813065	809338	808945	811022	609917	812582	778997	811196	810929	813038	812034	667322	812792	807782	812204	812173	812449	812757	812591	813002	811556	670162	756751	809390	770340	769005	805457	811781	655890	805012	795104	760687	806831	514921	782479	750034	800582	755885	799101	796418	530	782	778	707	1	773	759	0	490	0	748	0	0	38	499	1	484	1	492	3	29	780	0	756	1	493	487	0	1	723	495	685	1	0	763	2	0	0	767	1	0	486	1	495	0	489	0	0	0	27	490	0	1	501	0	458	77	476	0	0	0	1	683	1	765	10	0	503	0	761	496	0	495	0	23	0	786	784	0	430	0	1	0	1	761	0	0	758	73	0	0	779	775	782	752	780	775	1	429	1	724	495	783	0	1	0	501	4	394	1	1	0	130	235	0	4	1	245	241	588	1	498	0	501	1	0	0	2	497	4	1	687	751	1	500	0	0	0	745	7	1	675	0	473	0	765	579	0	469	775	1	490	1	774	501	0	353	667	762	443	659	485	758	2	1	710	666	723	261	686	433	1	635	715	713
NC_063214.1	38000001	822773	822280	822425	822466	816900	820130	821624	820239	820947	821225	820783	821089	820562	48497	258374	820650	821868	819545	821458	822360	81803	158866	821410	116802	821193	821307	821560	820747	821754	814119	818342	821245	813331	816696	116043	821220	56112	821093	821223	821335	820862	820031	821145	820569	821752	820893	821600	820264	816080	820022	146599	821016	822218	821233	822387	821047	818187	313818	819512	820703	130363	320837	821433	808523	819115	821999	87061	156663	822419	820406	821512	822193	100949	821849	821819	148026	821646	822474	820618	822324	814441	820228	147264	422273	821723	821294	822431	822186	820419	822147	822163	822348	822275	822353	822608	821142	822335	822298	815034	787712	820713	815592	822243	821983	819439	821669	606007	821011	771701	762123	712001	819668	820891	342491	396787	821387	791438	812771	398858	590401	745876	821571	821891	819841	822475	818884	821249	820577	108301	822238	413633	819317	806735	821406	820852	820544	821882	819671	811808	820529	674923	821875	803416	821514	820429	821613	821559	727710	822085	817788	820303	821734	821450	822119	822059	822483	821248	724438	791708	819783	800813	796250	808988	820997	732092	817356	815045	794656	818914	617310	809062	789742	815498	779717	815109	810647	768	377	736	701	356	728	724	0	621	0	713	0	2	97	597	353	606	358	596	26	74	734	0	370	369	615	575	0	346	792	608	769	335	17	808	13	0	1	365	368	1	576	1	595	1	584	0	0	1	50	587	0	360	599	0	561	178	574	1	0	0	361	675	351	827	20	50	106	0	822	594	20	590	0	79	0	738	735	0	534	0	1	0	366	726	0	0	708	801	0	1	736	737	737	724	732	833	347	519	358	669	593	737	0	361	0	599	323	97	3	361	0	131	281	0	0	325	301	319	668	369	629	0	601	346	483	0	71	596	11	334	755	727	360	597	0	1	1	709	271	0	697	1	572	0	717	599	0	98	721	358	607	362	726	599	0	434	667	711	571	679	585	716	291	344	785	746	703	87	764	507	349	640	699	673
NC_063214.1	39000001	827584	827229	827210	827192	813675	825045	826300	825027	824615	824992	826495	822897	822411	29890	132152	826994	825313	825288	826270	827126	29803	87134	826735	41710	826126	827314	826478	825430	826513	812503	820632	826385	792660	812784	64211	825887	27657	825816	825883	826213	826978	823402	825944	825263	826613	825897	826356	824834	814548	824829	66473	825651	827151	826202	827141	826121	814578	195203	820148	826914	60806	193989	826040	798699	822763	826836	46270	72152	827375	823595	825856	827150	44167	826287	826145	83689	827422	827405	827143	827059	797727	824322	72280	278643	826597	825629	827206	827179	825607	826855	827104	827289	827146	827114	827424	824182	827119	827139	821310	772241	823924	822763	827114	827366	825148	826566	501153	827277	738779	722840	649761	821359	826669	279964	288328	826549	775332	811561	273062	458247	711697	827400	827319	820492	827365	824473	825952	825646	47932	827257	294508	823186	792785	826091	825318	824799	827373	822986	822680	825366	612310	826840	790517	824437	825088	827341	826304	671676	826765	822222	826307	826468	826408	826943	826896	827187	825670	658045	770160	823651	783003	780589	819356	825852	655163	819865	810271	767916	819768	491992	796765	767133	812011	754737	813096	809627	960	2	921	835	895	913	892	0	857	0	873	0	0	66	842	886	865	907	833	10	29	922	1	2	929	880	820	0	828	829	867	720	828	29	872	13	0	0	2	927	0	821	163	826	0	820	0	1	0	1	818	0	914	842	0	726	86	800	0	26	0	907	741	871	879	13	38	1	0	864	835	27	823	0	43	0	930	931	0	676	0	1	0	914	898	0	0	890	884	0	2	925	920	929	750	913	884	858	725	873	857	803	932	0	911	5	842	721	0	5	893	0	135	205	0	3	801	217	364	642	930	893	1	837	885	823	0	1	829	2	856	739	908	905	839	0	0	1	877	559	0	790	0	789	0	903	633	0	1	915	917	866	912	919	834	0	541	768	896	804	765	753	890	622	846	804	749	858	2	790	679	832	705	849	799
NC_063214.1	40000001	790881	790421	790524	790497	786172	788259	789526	788555	788812	789843	789658	788817	788522	40762	203311	790193	789864	787953	789591	790402	59711	118328	790052	98183	789310	790216	789584	788265	789879	784960	787556	789815	786097	784569	83647	789295	34752	789059	789308	789623	789995	787984	789088	787770	789875	788859	789548	787943	786922	788215	128682	788907	790119	789159	790657	788940	786122	285648	787973	789746	122075	318352	789685	777743	787387	790234	78570	142321	790692	788308	789781	790335	78408	789776	789572	140533	790265	790621	790141	790370	782239	788198	128521	398283	789840	789373	790462	790413	788470	790269	790420	790581	790498	790398	790704	789450	790413	790491	784523	756518	788659	786322	790173	790600	788844	789853	573905	790271	740014	733759	685949	787561	790044	311444	384478	789746	761094	779585	375161	562155	712725	790500	790658	787737	790722	787763	789280	789166	91043	790436	391645	787552	775941	789414	788701	789579	790567	787612	786110	788863	640032	789992	772909	789608	788433	790291	789954	694813	790205	786924	789595	789752	789966	790437	790171	790410	789181	701026	762832	787526	772296	763350	776920	789317	699424	785530	782326	760153	785949	588764	777298	757606	783663	751875	784572	778676	722	376	586	565	732	577	568	1	607	1	568	0	1	83	834	744	586	740	840	35	46	589	0	371	758	600	824	1	690	738	603	743	718	35	761	18	1	0	372	757	1	662	775	827	162	822	1	2	1	18	809	0	717	842	0	798	143	809	1	41	1	743	535	711	779	38	50	0	0	761	832	31	817	1	61	1	591	589	103	761	0	7	3	750	577	0	0	572	614	0	49	588	546	590	756	588	774	710	765	727	546	709	592	0	740	55	839	649	0	1	732	1	208	216	1	1	672	210	498	648	752	609	717	647	716	824	0	0	836	5	701	719	575	736	836	1	0	1	563	504	0	542	0	797	0	575	456	644	0	575	746	597	753	585	788	1	661	524	573	585	517	599	576	603	694	749	710	547	1	741	754	708	483	549	540
NC_063214.1	41000001	771128	770735	770732	770419	769620	768535	769895	768796	769485	770065	769012	770253	769499	55394	329469	769790	770694	767581	769929	770696	123457	185651	770025	168743	769423	769507	769962	768911	769894	767818	769087	769377	769935	769337	147217	769545	61318	769226	769698	769949	769434	769040	769277	768644	770038	769109	769848	768546	767579	768754	193028	769221	770442	769379	770235	769284	769512	362156	769313	768998	179685	378188	770003	758547	768077	770553	118554	210298	770856	767870	769910	770560	143210	770149	769784	171220	770006	770801	769454	770499	768338	768790	200782	458059	770084	769773	770580	770617	768740	770799	770584	770561	770613	770276	770940	770595	770622	770634	762547	739379	769342	764181	770615	769735	767815	770130	593964	769650	727029	716676	680393	767958	769073	350451	418712	769268	741101	762855	431313	584029	705423	770011	770456	767870	770873	767118	769740	769116	142377	770819	445553	767950	756018	769837	769083	768003	769827	768699	759873	769372	643482	770146	754826	769308	769263	770051	770089	684849	770378	766914	768794	769905	770111	770579	770441	770716	769693	689446	745138	768087	749976	749408	756462	769096	688654	765652	763162	744705	766598	598015	757157	740529	764337	736336	764237	759198	100	782	584	810	95	807	798	0	808	3	806	0	0	171	782	98	765	97	778	73	96	816	0	764	100	797	96	0	732	717	790	721	96	91	717	33	1	559	770	99	2	2	623	572	765	757	0	3	1	23	750	1	729	768	0	755	217	758	1	5	3	99	217	96	715	20	10	0	0	718	774	7	756	2	88	1	249	820	762	753	1	4	0	100	804	0	562	243	804	566	588	814	577	252	564	812	844	91	709	98	761	808	816	0	97	503	774	87	0	287	97	2	163	329	0	2	94	351	526	600	101	101	767	814	96	768	3	2	778	0	95	760	248	98	771	3	2	2	784	642	3	223	1	732	1	805	669	98	0	796	99	799	101	808	764	0	653	737	240	769	748	787	245	67	92	781	743	772	1	768	25	87	203	777	726
NC_063214.1	42000001	809324	809008	809051	808820	803788	806967	808056	806801	807007	808471	808296	804708	806586	40707	210637	808573	808252	806621	808134	808797	63595	118725	808527	90414	807693	808857	808042	807012	808575	802560	804141	808009	725133	802872	94022	807648	42784	807676	807788	808167	808582	805099	807777	807147	808368	807498	807858	806663	799900	806394	122539	807462	808836	807865	808589	807856	794073	262694	805984	808585	108949	277722	807952	787136	805308	808561	73393	131354	809015	805560	807926	808863	77677	808162	808292	136543	809005	809104	808741	808914	783905	806881	125896	361279	808261	807787	809014	808967	807325	808652	808930	809050	808953	808773	809091	802584	808877	808695	802280	746975	805641	805088	808714	808990	806497	808424	531992	808753	721006	718526	637302	802586	808403	294125	329448	808196	760179	794506	335251	495350	700219	809007	808888	801273	809050	805826	807687	807423	85540	808948	357338	805213	780394	807987	807322	806963	809096	805940	801930	807087	623327	808579	772624	806464	806911	809098	808135	668645	808610	803429	808222	808026	808139	808745	808600	808986	807635	669143	745452	804192	755491	764409	797994	807999	658564	803151	790139	749499	802159	520349	777646	747270	794409	755955	794678	791212	2	59	685	59	2	58	56	0	653	0	58	0	0	92	660	2	645	2	660	17	35	59	1	54	2	638	2	0	640	589	650	482	1	19	613	15	0	58	58	2	0	0	631	2	646	647	0	0	0	0	636	0	665	660	0	598	80	629	0	1	9	2	0	2	624	0	0	0	0	615	656	2	650	0	42	0	0	58	680	558	0	0	2	2	59	0	59	0	654	58	688	59	682	0	590	58	656	2	550	2	55	646	59	0	2	337	658	2	0	53	1	0	2	27	0	1	1	30	307	461	2	2	635	658	2	639	0	0	659	1	2	570	0	2	659	0	0	1	57	56	0	0	0	614	0	59	55	2	0	59	2	642	2	58	684	0	450	56	0	575	57	634	1	0	8	600	556	55	0	594	0	1	0	58	55
NC_063214.1	43000001	799927	799243	799637	799505	788638	797808	798796	797664	797156	798045	798233	782243	795950	35948	156825	799307	797373	798264	798575	799354	24089	105897	798557	31623	798595	799465	798766	797639	799016	787720	790955	798617	396669	784240	85580	798398	39573	798022	798266	798688	799123	791528	798308	797660	798915	797949	798751	797608	787973	797418	57689	798230	799342	798595	794565	798359	717189	186433	793348	799278	54208	123350	798521	761414	794540	799081	37404	60425	799695	795076	797676	799525	36685	798587	798767	102351	799642	799816	799445	799613	690663	796779	76298	210218	798538	797702	799644	799577	797810	799200	799492	799648	799562	799436	799690	765046	799472	799580	792925	688680	793000	794882	798922	799842	797861	798981	376932	799668	646371	633272	511897	788442	799310	204155	187177	798900	711065	775431	182453	318577	626204	799804	799710	782797	799680	796396	798312	797598	34709	799652	211066	794450	739630	798279	797174	796641	799690	795328	795150	797180	512412	798925	729389	793579	797254	799804	798480	582336	799241	790745	798676	798942	798667	799351	799106	799487	797913	552783	681311	791415	687345	714909	791962	798261	514419	789921	761223	684039	785325	334738	729324	678780	765372	713779	768937	769452	496	1	529	1	2	0	0	0	485	2	1	0	0	89	494	2	481	2	489	15	60	2	0	1	2	488	2	0	484	455	481	146	1	46	480	27	1	2	1	1	1	1	924	1	470	483	0	2	0	0	480	1	520	491	0	300	85	458	0	0	1	3	1	1	487	0	2	288	0	475	490	2	485	1	56	1	0	0	528	275	1	0	0	2	1	0	0	0	891	0	532	0	524	0	748	0	487	1	347	2	2	932	0	0	4	197	490	2	0	6	1	0	0	6	0	2	4	0	150	306	1	2	434	495	1	472	2	0	487	8	2	365	0	1	493	2	3	2	0	6	2	1	1	469	1	0	1	2	0	0	1	484	1	0	529	0	253	2	0	363	1	460	0	3	3	408	352	0	0	386	2	3	0	4	2
NC_063214.1	44000001	825458	825080	825257	825229	819898	823426	824388	823224	822970	823131	822879	819880	823106	39011	198635	823243	824248	823494	824326	825009	45456	124562	823940	66131	823981	823724	824427	823326	824586	818070	819057	824091	727460	818589	98344	823993	40436	823908	824183	824382	823192	820777	823708	823217	824546	823652	824138	823173	818450	822768	99560	823536	825055	824121	824823	824273	808910	247307	821330	823405	86293	222545	824006	800118	820755	824770	65850	100675	825299	820624	823810	825084	58334	824280	824479	127447	824332	825281	823417	825050	797464	822535	101618	310005	824516	823999	825151	825141	823099	824870	825151	825274	825096	825030	825295	819033	825142	824963	817010	747744	820323	819651	824869	825066	822797	824350	483960	823850	715527	707002	609627	815888	824544	257008	270144	824320	761939	806594	283138	441508	687486	823874	825061	815291	825210	821876	823808	823423	68198	825144	300154	820799	791325	824008	823144	822891	824943	821140	817613	823168	589053	824446	779340	821904	822908	824589	824003	652500	824877	818194	822889	824502	824110	824823	824800	825085	823691	645884	746083	819998	756948	767312	816961	823823	625064	818284	799187	749867	815655	470143	784317	739484	803185	760568	804859	799526	437	576	530	177	555	179	181	0	637	179	3	0	0	65	527	556	621	556	524	12	28	184	0	560	573	630	554	0	602	498	630	340	524	31	517	5	174	182	564	570	171	178	422	566	333	339	0	167	0	25	332	180	626	350	1	300	73	335	0	31	31	372	152	541	523	3	30	640	0	514	526	16	520	0	32	181	0	185	525	262	171	0	0	563	178	0	183	0	710	185	532	183	525	0	404	183	349	520	283	540	166	568	185	0	558	159	348	453	0	1	550	0	0	36	0	0	498	41	228	385	572	570	488	640	538	337	0	4	350	0	537	439	0	555	345	0	0	0	174	112	178	1	179	326	180	177	127	563	0	176	557	625	565	184	526	0	216	151	0	546	155	612	0	380	532	487	428	164	1	466	0	516	1	3	2
NC_063214.1	45000001	812022	811615	811760	811585	804229	809176	810813	809644	809838	810852	810911	807416	807867	35561	186123	811313	810168	809667	810632	811527	40739	122928	811244	61241	810658	811623	810355	809661	811124	803940	806012	810597	762517	801364	83567	810265	35260	810554	810626	810635	811154	807829	810366	809763	811108	810107	810775	809356	800656	808381	89696	809969	811574	810398	811465	810288	797647	249549	807276	811217	92024	221862	810615	788922	807673	811280	63396	93604	811833	807558	810409	811455	55824	810695	810900	122063	811876	811792	811368	811603	787129	809179	100014	314766	810765	810215	811687	811555	810056	811369	811639	811683	811608	811529	811750	807267	811615	811474	804796	742409	808324	806719	811385	811236	808388	810945	493036	811210	713975	700192	621179	805069	810630	274693	290744	810418	757290	793922	289519	454938	687628	811698	811288	803319	811639	808369	810462	809810	63714	811657	312579	807635	778093	810579	809673	809251	811329	807419	804727	809666	594361	811130	768491	808645	809404	811788	810727	655375	811335	804786	810775	810858	810349	811296	811274	811684	810169	636316	744365	807844	753631	758995	803341	810372	629884	804116	790470	746254	804033	480447	776899	736181	793971	750891	795073	788724	161	601	915	2	584	3	2	1	748	2	1	0	0	84	916	591	743	597	919	30	37	3	0	590	610	743	582	2	686	851	744	661	554	23	895	13	1	3	598	604	2	1	170	596	887	900	2	1	0	31	896	2	743	925	0	799	119	867	0	41	1	2	2	574	910	0	59	763	0	899	913	16	896	2	70	2	0	2	910	729	2	0	0	602	2	1	2	1	932	3	919	3	914	1	163	3	922	557	737	582	3	635	3	0	594	434	917	464	0	1	582	0	3	1	2	0	530	1	400	646	608	606	859	752	573	892	0	2	906	10	564	767	0	585	920	2	0	0	3	4	1	1	2	856	2	3	2	599	0	3	595	743	598	3	917	2	581	3	2	656	6	714	0	377	560	820	739	2	2	782	0	546	0	1	1
NC_063214.1	46000001	829096	828617	828690	828734	825396	826563	828012	826833	827109	827095	826608	827904	827115	56453	288878	826468	828258	825426	827650	828581	89509	176898	827284	123733	827581	826807	827751	826777	828167	821485	825797	827374	825688	824554	133662	827464	67392	827393	827331	827813	826519	826542	827331	826811	827942	827402	827886	826607	823771	826490	140501	827227	828521	827743	828347	827734	825923	336398	826585	826477	134384	301421	827827	809919	825076	828395	90211	133892	828827	825467	827872	828481	85284	827920	827756	148523	827464	828829	826638	828556	823118	826378	152587	377419	828051	827611	828724	828742	826771	828421	828551	828797	828538	828589	828867	828135	828692	828664	821230	778072	825958	823230	828245	828616	826673	827938	558838	827659	752168	742733	667336	825108	828052	318676	344749	827771	783244	815060	350211	525225	727666	827690	828824	823445	828816	825644	827492	826984	86902	828715	367567	825266	804300	827555	827024	827371	828568	825190	819816	826976	643233	828413	798875	826862	826748	827619	828010	698754	828346	824032	825794	827929	828077	828510	828318	828618	827371	696465	781662	825761	791077	791922	819855	827227	690493	822510	815429	785024	822928	546540	802376	773918	817184	779721	817174	814333	810	843	756	2	894	2	197	197	839	422	390	0	0	174	805	926	807	920	810	59	94	202	0	819	930	833	891	199	806	741	820	731	885	76	742	24	379	199	833	921	379	418	563	909	548	549	189	380	1	93	535	425	823	555	0	534	178	545	0	85	93	414	369	882	755	0	92	842	0	745	807	58	794	197	96	387	198	202	800	720	410	0	0	912	198	0	196	2	724	199	760	2	754	0	573	203	559	819	505	891	190	680	203	1	913	323	560	759	1	255	879	0	0	47	192	0	752	63	419	568	921	931	768	844	890	544	0	0	565	54	793	724	195	891	561	201	0	1	195	125	415	0	421	530	424	198	150	921	1	194	916	822	923	204	801	194	413	170	2	772	163	821	194	680	859	758	702	190	1	735	0	860	0	363	331
NC_063214.1	47000001	823498	822919	823152	823082	820855	820751	822146	821246	821736	821969	821818	822423	821041	54010	275095	821880	822991	819920	822302	823073	106849	181604	822286	151179	821891	822143	822030	821375	822399	819415	820533	821674	820929	820025	126882	821870	62676	821763	821948	822042	821978	821343	821769	821397	822326	821688	822102	821056	817199	820785	186428	821394	822907	822035	822800	821778	821606	358058	821172	821018	164595	351770	822147	807301	819781	822633	108733	171837	823206	819223	822119	823060	112113	822283	822194	186051	822580	823099	821880	823023	819724	820794	173356	427469	822546	822056	823057	822980	821339	822878	823003	823169	822831	822868	823284	822597	822950	822852	813255	778225	821092	817424	822894	822709	820869	822330	587907	822121	758096	748370	689659	819416	821716	325713	378385	821904	785738	811474	394327	564177	733521	822455	822867	817703	823268	819394	821822	821587	114537	823097	411032	819328	803442	822067	821263	821062	822463	820221	813369	821504	659647	822568	796811	822012	821100	822664	822238	710623	822883	818646	821622	822299	822306	822821	822737	823121	821819	713798	785605	819726	793363	790053	811735	821735	706238	817445	812657	783870	818160	582809	804773	778776	812701	779490	813361	808905	647	689	598	2	603	0	581	583	346	649	614	0	1	49	647	620	339	612	651	35	59	597	0	682	623	347	597	589	344	571	348	589	332	21	588	0	608	584	691	350	609	630	619	343	2	2	585	604	0	74	2	646	350	2	0	2	143	2	1	27	153	638	578	339	586	0	68	350	0	584	643	21	641	577	69	624	599	599	645	569	626	0	2	356	582	0	596	0	640	590	597	1	591	0	632	595	2	324	3	345	542	635	598	0	349	4	2	295	1	479	342	1	0	189	588	2	640	225	362	492	356	623	628	359	327	2	0	0	2	202	657	596	583	345	2	593	0	0	568	399	637	2	643	2	652	586	459	619	0	592	347	351	353	594	647	585	3	529	4	317	529	358	574	461	576	616	579	560	2	591	2	569	3	591	568
NC_063214.1	48000001	833352	832808	833021	833008	828113	830905	831867	830821	831402	832231	831173	832133	829943	62439	286886	831629	832541	829647	832324	832895	109438	181332	832364	145027	831665	831819	832213	831033	832511	823909	830489	831869	831056	827662	144644	831796	70173	831613	831565	832271	831526	830978	831339	831238	832126	831501	832085	830894	826213	830986	166844	831638	832818	832051	832684	831918	830502	368337	830207	830920	165481	326307	832001	816374	829641	832584	112580	143387	833048	829452	831935	832737	97083	832241	831789	175503	832280	833017	831554	832889	828468	830927	163291	397371	832466	831865	832968	832866	831195	832717	832892	833119	832628	832792	833057	832362	832945	832859	824706	786704	830952	826122	832663	832339	830423	832335	572715	832081	764558	759425	685551	828866	832278	312636	359155	831843	788817	820118	368716	545878	735169	832229	833051	828441	833098	829287	831861	831573	102317	833174	389894	829861	809517	832012	830941	831062	832824	830261	823156	831103	654654	832620	805794	831429	831234	832454	832125	712411	832596	829149	831185	832255	832270	832794	832565	832992	831575	716072	791539	829648	796403	797887	820966	831610	707844	826950	821321	790061	828088	577021	807994	783149	823496	787204	823219	817456	327	696	698	3	673	0	320	323	2	327	2	1	0	1	693	690	2	684	696	54	89	331	0	685	696	2	680	327	2	673	2	677	347	1	691	16	1	328	693	373	2	318	634	371	69	363	315	3	0	84	356	326	2	372	1	359	174	364	1	38	75	317	293	359	689	0	73	2	0	682	693	22	688	326	82	2	330	330	696	658	313	3	0	369	325	1	327	0	692	322	701	0	691	0	637	327	367	337	62	358	583	537	333	0	363	223	368	315	0	5	361	0	0	122	618	2	627	123	397	558	372	697	675	3	345	244	0	2	367	130	645	628	325	361	368	626	1	319	317	246	326	1	328	362	328	325	260	691	0	328	368	2	369	326	695	324	279	294	2	3	292	3	319	537	642	662	448	315	0	628	1	642	0	2	2
NC_063214.1	49000001	836874	836271	836582	836537	832753	834481	835676	834665	834569	835872	835349	833732	834248	45809	241361	835733	836234	833526	835752	836364	67636	148691	835917	93328	835435	835709	835735	834500	835785	832041	831095	835497	826577	831994	110647	835371	50139	835255	835459	835722	835830	833585	835059	834435	835773	835169	835543	834355	830858	834144	133298	834836	836417	835466	836427	835213	831144	285822	834156	835458	130191	283027	835145	815878	832343	836292	84045	130654	836720	832571	835263	836361	89981	835886	835817	168522	836209	836640	835862	836383	822574	834330	129542	371788	835885	835490	836320	836451	834508	836300	836512	836511	836414	836354	836519	834316	836537	836398	829403	776101	832806	830570	836067	836639	834425	835824	544982	835884	747508	740524	659426	829159	835638	281900	337070	835725	785611	821120	339317	516913	720940	836201	836553	829880	836701	833166	835364	834880	89607	836598	360397	832828	808875	835502	834894	835517	836502	833479	829695	834889	631386	835957	801655	834345	834119	836099	835519	694407	836240	830691	835229	835818	835935	836274	836090	836505	835066	692678	772921	831871	785970	792443	824306	835300	677092	830524	817810	779898	828257	543752	806250	769686	823153	784291	821312	817463	465	115	122	0	303	0	595	596	255	411	190	0	0	36	214	311	246	305	212	6	23	611	0	360	317	257	312	605	7	350	255	330	707	16	368	31	194	600	117	719	190	398	648	719	256	616	597	186	1	16	611	418	7	626	0	586	60	598	0	74	39	404	358	695	369	0	14	257	0	361	215	45	204	596	18	199	611	611	319	303	399	1	0	716	601	0	607	0	687	607	122	0	120	0	650	610	620	671	200	703	108	939	612	1	722	415	625	590	1	127	702	0	0	164	119	0	109	191	107	253	732	315	202	259	680	1	0	2	625	191	107	187	599	712	620	122	0	559	592	399	413	0	411	584	417	594	448	314	1	601	617	248	621	606	319	590	446	506	0	202	529	249	593	221	295	205	205	580	0	183	0	570	0	177	170
NC_063214.1	50000001	289335	288949	289124	289242	286726	288122	288828	288411	288242	288562	288731	288733	287152	12421	56734	288566	288986	287600	288871	289185	24413	36368	288698	26076	288754	288602	288822	288571	288937	286367	287311	288791	288765	285947	25653	288610	13079	288556	288751	288798	288646	288427	288487	287716	288892	288498	288673	288279	285511	288304	39810	288460	289101	288338	289122	288124	288593	90579	287465	288458	35146	93470	288822	282542	288115	289112	23497	39009	289219	288250	288863	289139	25218	288802	288839	43020	288904	289223	288699	289213	285494	288379	37787	121325	288926	288719	288870	289019	288386	288988	289110	289078	289003	289166	289049	288824	289040	289067	287270	276618	288496	287625	289018	289289	288700	288968	203845	288803	271299	262016	248754	288451	289138	103178	127131	289010	275437	285211	120045	196929	258225	288823	289270	288117	289279	288326	288716	288621	26020	289265	129758	288255	281371	288916	288433	288848	289280	288307	286859	288622	228782	289036	280622	288666	288531	289026	288862	251920	289106	288467	288417	288796	289045	289146	289031	289135	288821	248486	278131	288261	281919	278257	285635	288973	250423	287379	286956	277871	287647	202442	284280	277478	286773	267082	287225	285717	136	0	0	0	0	0	121	121	0	128	0	0	0	0	0	0	0	0	0	0	1	127	0	0	0	0	0	123	0	0	0	0	123	0	0	2	0	121	0	125	0	123	128	127	0	120	122	0	0	0	124	128	0	125	0	123	0	123	0	9	0	122	105	122	0	0	0	0	0	0	0	0	0	124	0	0	128	126	0	0	125	0	0	128	125	0	126	0	118	126	0	0	0	0	135	127	128	117	0	121	0	120	128	0	126	75	129	111	0	0	126	0	0	31	0	0	2	37	0	0	127	0	0	0	123	0	0	0	128	38	0	0	123	124	127	0	0	114	121	95	129	0	126	124	127	124	108	0	0	125	128	0	128	126	0	126	94	121	0	0	114	2	127	0	0	0	0	118	0	0	0	126	0	0	0
NC_063214.1	51000001	846218	845472	845777	845838	841968	843678	844971	843952	844303	843872	843638	845267	843250	78247	376956	843195	845399	841969	844803	845716	154921	231588	844642	202309	844565	843468	844807	844082	845099	838511	842574	844645	844686	840158	188160	844545	96893	844518	844545	844808	843751	844256	844297	843756	845000	844389	844751	843399	836531	843428	230160	843908	845612	844575	845381	844434	844791	427946	843437	842727	223987	399235	844973	832235	842906	845546	146174	223596	845829	842299	844955	845755	157859	845237	845049	224057	844543	845796	843524	845597	843281	843704	229938	483475	845061	844836	845598	845475	843397	845561	845559	845934	845699	845698	845674	845287	845649	845667	837396	810829	843580	839123	845692	844485	842984	845025	641795	844239	796741	781754	738544	843101	844526	377815	455284	844859	810551	834732	452395	626994	767762	844215	845606	842454	845959	842415	844777	844458	161258	845826	465992	842848	827756	844998	844096	842629	845457	843244	834797	844263	694383	845460	827914	845075	843902	844588	845000	750481	845482	842301	842619	844926	845264	845583	845436	845759	844357	756542	816725	843100	824836	820898	828775	844362	751355	840653	838216	818009	841998	648625	831108	812204	838724	798272	839586	831964	708	3	1	1	3	0	501	514	3	521	166	0	0	2	1	3	4	3	1	1	38	522	0	168	3	4	3	521	4	3	4	2	499	0	2	34	1	345	4	520	1	509	445	523	167	505	510	1	0	1	506	520	3	518	0	518	4	510	169	110	2	518	485	503	2	0	7	4	0	2	1	66	1	512	0	1	524	357	1	2	506	1	1	520	510	0	521	0	593	517	1	0	1	0	458	524	514	484	1	509	152	695	356	0	513	358	519	477	1	0	512	159	3	162	1	0	4	166	1	4	526	3	1	5	493	0	0	0	520	172	4	1	505	509	511	1	0	445	333	275	515	0	517	501	525	516	439	3	0	353	518	4	518	516	0	512	439	480	167	4	488	4	503	2	3	3	3	343	0	1	0	501	1	1	0
NC_063214.1	52000001	836385	835694	836007	836015	833519	833765	835066	833939	834593	834838	833646	835429	834441	59910	332768	833664	835753	832429	835042	835917	136763	191729	834658	191464	834845	834314	835007	834055	835442	831833	833902	834679	833408	833520	155941	834910	64369	834769	834356	835097	833777	833825	834588	834262	835011	834488	834968	833632	830590	833602	228663	834383	835843	834851	835747	834638	834841	395997	834031	833558	211034	417912	834971	825673	833457	835653	131458	249627	836056	833651	835109	835771	169444	835417	835104	209893	835018	836050	833682	835866	832557	833792	232845	512174	835044	834867	835910	835918	833924	835825	835804	836020	835837	835908	835995	835354	835948	835813	825467	804236	834443	828051	835727	835072	833194	835384	653157	834336	792479	778733	729718	833733	835005	345957	445447	834625	805923	827316	477431	630507	764155	835133	835768	833169	836047	832207	834859	834447	169167	836063	491444	833263	822839	835027	834303	833502	835277	833366	822938	834367	702806	835461	817290	835305	834334	834999	835214	745547	835647	831937	832590	835288	835240	835736	835607	836006	834968	758329	808090	833615	814195	812558	818730	834217	750822	830560	829266	810877	831841	655267	821788	803107	829075	799829	829039	823434	595	470	1	7	459	4	365	365	470	375	368	0	0	135	6	466	449	464	1	0	32	379	0	365	4	462	446	370	461	6	456	9	711	70	1	14	6	4	466	729	4	372	365	731	364	368	343	6	5	84	367	377	464	372	5	367	4	359	375	110	146	369	351	713	4	0	1	469	3	1	6	62	1	370	1	2	373	0	2	1	359	0	0	728	369	0	372	0	440	367	2	0	0	2	373	367	369	655	1	710	345	474	6	0	729	289	379	669	0	6	721	365	5	5	0	3	423	0	1	7	733	473	5	5	686	4	4	0	372	2	448	2	367	718	372	4	3	327	5	10	370	2	372	360	373	366	325	467	0	5	371	460	370	363	6	363	324	343	364	3	360	1	363	384	435	5	438	0	5	6	4	360	3	2	3
NC_063214.1	53000001	834666	834030	834287	834310	830556	832080	833487	832580	832304	833114	832714	832928	831522	46159	231367	832614	833801	831326	833180	834226	63695	144200	833338	95422	833201	833262	833440	832352	833843	829928	829837	833149	825771	828929	109607	833279	53150	832760	833151	833559	832978	831410	832996	832350	833571	833126	833323	832176	826199	831537	120290	832522	834231	833128	834322	833211	829838	282101	830681	832829	113724	263637	833327	813301	830280	834027	73141	118690	834422	830491	833286	834114	75921	833469	833603	133223	833641	834403	832833	834202	827003	831782	133382	359027	833577	833269	834333	834266	832362	833970	834355	834408	834291	834179	834422	833473	834318	834219	825423	777296	831902	828087	834233	834385	832174	833709	552867	833988	758212	740456	657199	829715	833637	248030	317790	833574	788249	820470	329533	513827	723037	833951	834362	829054	834477	831037	832931	832696	77476	834279	352300	830975	806635	833330	832522	833039	834012	831150	824729	832905	633582	833814	801504	832429	832450	834096	833533	697354	833898	830165	832619	833757	833462	834088	833964	834328	832980	696361	780537	830568	791563	792627	824003	833125	686812	827959	818891	785797	827593	543363	805028	778437	820995	778887	822792	815687	823	840	0	0	810	0	1	1	834	2	2	0	0	141	2	829	799	823	2	0	2	1	0	2	2	835	810	1	813	1	827	1	801	53	1	0	0	2	827	837	1	2	1	832	1	2	1	1	0	57	2	2	827	2	0	2	0	2	1	68	140	2	1	795	1	0	0	843	0	1	2	0	2	1	1	1	1	0	1	1	2	2	0	830	1	0	1	2	814	1	0	0	0	2	1	1	2	754	0	795	1	841	0	0	828	6	2	674	0	3	803	1	0	0	0	0	759	1	1	1	839	841	2	0	791	0	0	0	2	0	782	2	1	821	2	0	0	2	2	4	2	3	2	2	2	1	2	837	0	2	2	828	2	1	1	1	1	1	1	0	4	0	1	615	801	2	721	0	1	2	0	2	1	1	1
NC_063214.1	54000001	811273	810654	810866	810900	794940	808821	810011	808895	808257	807679	809149	789577	806932	36005	151670	809970	808927	809543	810052	810743	34783	104865	809400	47056	809864	810157	810080	809019	810236	796052	803889	810020	542907	792284	80456	809643	38107	809545	809921	810012	809805	803904	809586	809035	810237	809179	810009	808497	788327	808369	78431	809367	810601	809907	806917	809705	764142	197644	803706	809692	70909	189738	809671	781425	805831	810298	49253	86351	810507	806470	809112	810497	50520	809727	809953	105547	810456	811164	809929	810896	728042	808319	91680	280564	810007	809058	810889	810726	808848	810256	810526	810858	810620	810557	811125	782336	810661	810561	804808	716812	805406	805786	810648	810880	808643	810337	456943	810173	686964	676728	572189	798581	810545	245629	260864	810199	742867	789518	264003	404159	660605	810397	811122	796883	811044	808182	809693	808980	59034	810921	287999	806714	758410	809719	808923	808326	810916	807378	805030	809096	565839	810214	750138	805624	808689	810435	809791	628785	810495	804180	809505	810192	810062	810641	810364	810809	809481	612459	716309	803489	718296	742740	802710	809416	581900	803809	781693	727168	800145	427195	755643	718925	783603	741828	785487	787187	629	625	2	2	601	0	4	3	612	1	0	0	0	45	4	604	616	616	4	1	2	5	1	3	4	615	606	3	568	5	617	9	553	32	3	0	3	3	618	621	2	0	2	620	3	4	2	3	0	21	4	0	613	4	0	3	1	4	3	33	63	0	0	593	5	0	3	631	2	3	7	3	4	4	0	3	4	0	3	3	0	0	0	616	4	0	4	1	624	4	2	0	2	1	5	3	5	576	3	588	6	623	2	0	619	4	4	465	0	4	595	3	4	1	2	3	552	8	3	8	626	629	4	0	580	0	3	0	4	9	588	5	4	606	7	5	1	7	2	2	2	2	0	4	0	3	3	618	0	0	4	610	4	3	3	3	3	6	0	2	4	3	7	383	583	4	521	0	1	6	0	0	5	3	2
NC_063214.1	55000001	827215	826827	826744	826733	820997	824738	825877	824849	825094	825697	825258	822914	824338	48679	213584	825632	826021	824723	825766	826711	49496	153276	825835	76044	825489	825911	825915	824966	826393	820948	821395	825663	776429	821755	123273	825625	56064	825497	825596	825987	825348	822847	825337	824912	825983	825151	825932	824583	819774	824489	97015	825220	826757	825785	826219	825778	812433	266734	822902	825941	88319	246501	825629	804139	822779	826364	69629	104970	827024	823939	825561	826585	62604	826035	826044	112677	826428	827023	826061	826840	802517	824345	121054	330397	825848	825558	826891	826797	825014	826566	826575	826894	826746	826617	826803	822568	826791	826572	820047	767445	823857	822288	826634	826859	824940	826206	520596	826372	742654	733054	653938	820434	826479	295130	314010	826208	773868	810781	297938	488733	719103	826232	826727	820136	826858	823749	825777	824871	62890	826927	334881	823031	798051	825806	824863	824822	826709	822635	819815	825135	618198	826236	793151	824688	824797	826562	825900	676202	826373	821693	824730	826069	826116	826629	826507	826938	825377	678263	769448	822556	780580	782986	819245	825683	669528	819755	811798	773573	819467	514315	797244	767685	811224	771899	813301	807539	1	694	0	1	668	0	1	1	794	0	0	0	0	136	333	687	767	675	334	9	40	1	0	320	334	774	668	1	654	316	776	245	663	75	328	5	1	0	679	681	1	0	0	686	1	324	1	1	0	40	323	0	685	334	0	286	48	313	1	49	119	0	0	656	332	4	17	801	0	318	685	0	0	1	28	1	1	0	1	260	0	1	0	682	1	0	1	0	333	1	0	0	0	0	0	1	332	634	261	652	1	691	0	0	681	2	329	563	252	1	670	1	3	2	0	0	620	3	138	257	691	691	0	0	653	0	0	1	329	2	641	287	1	670	331	1	0	293	0	0	0	1	0	314	0	1	4	684	0	0	319	681	330	1	1	1	198	1	0	0	4	0	1	483	633	300	666	0	139	282	0	0	0	304	1
NC_063214.1	56000001	824355	823636	823919	823755	817805	821839	822831	821916	822086	822712	822482	822256	821338	37489	196426	823043	822968	821258	823163	823912	69529	114219	823285	100092	822754	823127	823080	822271	823203	817297	819897	822982	809906	817104	84722	822803	38395	822642	822508	823009	823065	821157	822409	822185	823111	822469	823036	821600	817951	821298	128007	822221	823701	822999	823761	822498	819323	262399	819617	822526	113740	297557	822981	803358	820553	823253	76111	137705	824166	820763	822815	823669	85548	823489	822935	126198	823914	824032	823128	823975	810832	821473	118839	378623	822984	822570	824010	823972	822565	823878	823768	823838	823910	823792	823958	821748	823762	823893	815910	778617	821095	818355	823684	823504	821769	823242	570559	823370	753996	746246	683723	819449	823530	313321	363191	823034	781768	812366	364288	545081	730271	823824	823850	818763	823914	820870	822418	822546	89531	824041	383286	820726	803236	822842	822184	821405	823591	820803	814354	821925	643184	823416	798879	822703	822055	823636	823043	706992	823426	820225	822500	823064	823282	823582	823650	823832	822394	703058	782486	820617	788274	786844	812165	822489	697939	818648	811222	779079	818526	570168	801265	775849	813789	772430	813639	809745	19	838	8	13	36	4	1	0	706	809	776	0	0	76	701	34	683	34	676	43	50	17	0	606	696	687	35	0	756	604	675	620	756	36	607	18	795	14	815	826	778	783	0	838	783	606	1	763	23	1	604	815	811	618	21	605	151	591	21	56	5	776	32	732	639	0	69	697	20	604	837	47	787	25	63	797	1	0	786	574	0	0	0	841	12	0	1	1	617	1	18	1	1	5	24	0	614	761	564	801	755	840	18	0	836	35	642	689	496	611	738	0	1	38	2	14	766	284	388	523	831	66	780	26	743	25	213	0	619	3	778	604	10	742	650	23	209	583	786	31	791	34	0	584	0	0	0	41	0	804	631	805	630	0	822	0	478	29	24	9	22	15	15	25	30	669	603	0	406	634	11	760	13	585	692
NC_063214.1	57000001	817202	816647	816881	816686	814280	814761	815954	814896	815519	815656	814817	816130	815063	64455	338889	814906	816768	813492	815793	816709	114503	203188	815860	165963	815621	815251	815737	814937	816078	811025	814347	815751	815708	814891	160699	815569	76937	815353	815655	815843	815220	815315	815132	814881	816031	815323	815840	814316	812187	814465	187117	815200	816626	815799	816465	815432	815597	372134	815399	814654	175650	378973	815877	804820	814135	816417	107212	193347	816847	813731	815868	816506	125787	816114	816031	180055	815885	816794	815209	816510	814277	814781	207214	473755	816164	815853	816787	816613	814948	816672	816564	816852	816672	816593	816996	816486	816691	816690	808096	788797	814676	809823	816574	816291	814617	816258	623291	815340	772943	758415	717375	814095	815799	360655	425270	815674	788614	808245	437638	608821	747873	815795	816595	813712	816898	813436	815661	815105	129813	816825	453412	813994	801920	815761	815405	815195	816578	813430	807012	815212	675340	816436	800189	816249	814875	815610	815903	728145	816554	813010	814407	815965	816152	816462	816256	816894	815220	731004	792099	814531	797120	791999	801881	815556	735607	811641	811128	790798	812998	628796	803444	786029	810564	777838	809756	804450	3	699	0	0	208	0	2	3	425	847	848	0	2	115	537	206	406	205	186	46	88	3	0	459	537	412	196	3	451	454	413	462	689	50	453	25	830	113	691	698	824	831	3	690	826	455	3	449	0	19	460	847	684	679	0	463	203	461	3	56	79	457	1	457	459	0	81	424	0	664	695	90	833	1	75	462	2	113	679	459	0	1	0	691	3	1	2	1	463	2	0	0	0	1	2	3	464	635	428	681	767	693	0	0	690	5	467	410	381	672	457	3	0	49	0	0	650	363	332	562	704	209	825	0	436	0	410	0	677	0	675	488	2	455	464	3	406	412	813	80	454	1	0	649	0	3	3	205	0	832	459	681	468	3	843	2	533	3	110	0	2	0	2	174	232	528	397	108	292	520	1	431	1	441	412
NC_063214.1	58000001	827601	826783	827055	826932	825311	824656	826124	825119	825606	826467	826243	826744	825218	63098	300677	825668	827067	823080	826301	826972	122580	193407	826532	170742	825993	826456	826344	825311	826350	824108	825050	825731	826201	824617	149071	825807	73146	825727	825682	826233	826269	825420	825716	825310	826292	825602	826021	824662	821865	824643	199585	825656	826799	825940	825745	825948	826239	371811	825137	825839	190718	372273	826220	815529	824007	826776	123936	189942	827127	822895	826353	826869	129682	826242	825934	188278	826590	827233	826472	826969	824746	824695	197701	454119	826335	826013	827078	827108	825555	826894	826889	827151	826977	826921	827222	826821	827012	826864	817223	786898	825165	819044	826940	826610	824626	826411	617966	826164	774038	768127	708917	823285	826222	343420	418171	826052	795171	818867	420095	597327	744643	826958	826914	823593	827160	823444	825928	825637	127425	827244	442427	824328	808014	826098	825336	824962	826661	824200	814048	825670	673103	826727	805012	825915	825462	826930	826538	727977	826836	822957	825913	826232	826605	826776	826792	827114	825723	731108	794933	824419	798707	799973	813311	825534	724707	821218	818288	792732	823127	624821	810621	788845	819638	787375	818322	814240	2	519	0	0	479	1	4	2	465	450	447	0	0	93	408	490	449	480	323	28	73	3	1	319	412	454	473	2	313	316	446	321	514	43	316	20	433	438	505	518	434	439	2	516	430	318	2	2	1	75	313	449	509	504	0	320	132	314	2	52	127	2	1	315	320	0	70	467	1	507	516	36	440	4	75	2	4	446	405	314	0	3	2	516	3	2	4	2	318	4	1	0	0	2	5	2	323	458	294	502	408	519	1	1	515	8	324	290	255	339	313	2	3	170	0	3	467	142	267	408	525	475	431	2	309	2	444	0	522	5	494	364	5	316	324	2	446	271	320	312	3	2	0	497	0	3	5	473	1	325	315	507	321	2	447	4	409	3	435	1	3	2	5	382	490	385	415	414	194	378	4	3	4	302	2
NC_063214.1	59000001	832270	831847	831993	831856	828694	829492	831057	829984	830143	831466	831472	831199	829802	54560	265078	830849	831653	828382	830808	831806	87896	163325	831665	145767	830640	831656	831064	829990	831382	827847	829118	830586	830267	828540	123055	830533	58558	830586	830552	831121	831502	829907	830425	830253	831211	830343	830970	829359	827072	828663	164444	830114	831756	830837	831466	830593	830334	326867	829241	831137	150092	341551	830854	815789	828716	831508	92240	160881	832002	827495	830992	831717	101155	831289	831099	158540	832000	832001	831660	831431	828404	829608	161143	436062	831232	830779	831897	831905	830331	831801	831878	832006	831829	831751	831999	831453	831916	831802	823165	791068	829764	825184	831798	831694	829387	831306	604870	831558	774937	757953	699385	828692	831137	303352	385230	831055	794483	820480	403618	589019	743542	831746	831797	827747	831784	828580	830372	830498	107708	831934	422736	828615	809055	830818	830133	830377	831682	829155	821949	830333	668029	831431	807474	830333	829880	832011	831192	722637	831548	827791	830849	831209	831279	831454	831616	831941	830727	732464	793135	829108	801059	802524	819821	830858	722118	826415	819622	797378	826710	601952	813640	788476	820062	787692	822508	815772	1	115	0	6	511	0	0	1	907	904	900	0	0	156	2	529	858	525	899	39	2	3	0	879	2	894	878	1	860	882	883	888	108	52	882	31	881	891	110	114	876	879	1	113	872	891	1	2	1	83	871	903	114	114	1	890	16	877	2	88	31	1	3	867	898	0	2	908	1	112	115	55	882	1	0	1	0	906	0	859	0	0	0	116	2	1	0	1	898	0	2	0	0	2	1	1	895	106	802	112	819	117	2	0	116	1	902	779	720	684	883	1	0	331	0	1	108	338	1	102	115	902	885	3	842	1	871	3	116	0	108	0	1	880	900	6	861	776	861	639	3	3	0	107	0	1	4	900	0	884	890	111	893	1	378	0	105	1	885	3	3	7	2	714	112	1	815	854	555	1	4	2	1	847	1
NC_063214.1	60000001	835434	834867	835001	834996	832508	832566	834210	833138	833665	833857	833946	834494	832930	56148	274455	832449	834418	831696	833853	834897	102275	168242	834353	154398	833900	833043	834057	832932	834440	831815	832433	833555	833961	831340	121663	833642	53595	833629	833799	834109	833717	832932	833664	833062	834277	833630	833895	832694	829194	831592	179099	833300	834800	833838	834236	833972	833142	358128	833149	833682	159110	360184	834112	820099	831744	834704	101723	176490	834975	831148	834416	834906	118493	834341	834243	161426	834602	835060	834136	833777	830244	832936	180314	456361	834345	833972	834936	834981	832827	834674	834874	834997	834859	834875	835171	834620	834961	834766	826160	803006	833365	827918	834948	834483	831152	834441	634992	833962	790871	771741	733158	832362	833594	335742	419708	833910	805385	827299	433153	622403	767503	834649	834768	831639	834033	831242	832569	833368	120628	835012	444488	832063	816774	834038	833444	832987	834681	832320	823717	833397	692974	834717	818077	834423	833562	834230	834198	745182	834628	829651	833334	834237	834372	834850	834514	835060	833893	747617	807421	833020	816173	810311	818460	833772	748139	830635	828236	810724	831576	643078	819420	803561	830272	796098	829055	823984	1	691	2	0	627	0	2	1	559	408	405	0	0	136	0	648	703	643	415	18	0	1	0	411	0	718	554	1	398	402	708	414	677	47	404	7	405	410	373	703	408	410	0	698	411	412	1	1	1	70	407	416	376	367	0	410	121	393	1	30	168	2	1	404	415	0	0	724	1	366	375	19	401	2	2	1	2	418	0	380	0	0	0	373	1	1	2	1	749	2	2	0	2	1	1	1	417	649	379	358	385	701	0	0	371	4	419	367	350	315	402	1	0	120	2	3	638	160	4	332	707	417	412	0	401	0	706	5	375	2	673	1	2	402	419	1	706	366	402	296	1	1	0	355	0	1	1	730	0	414	415	370	417	1	1	2	305	1	406	0	1	1	2	604	670	1	673	390	254	1	2	0	1	390	1
NC_063214.1	61000001	835750	835337	835358	835202	826424	832901	834513	833420	833377	833344	833523	833486	831774	42545	166069	833844	833683	832308	834274	835116	55256	131027	834416	79329	834171	834042	834216	833434	834821	825147	830228	833732	825513	824748	94047	833988	41374	833995	834074	834531	833853	832570	833877	833416	834493	833825	834107	832952	826405	832594	99714	833541	835154	834086	835272	834025	830700	250576	829918	833543	89679	264748	834087	812804	831213	834987	62422	104411	835437	831292	834110	835145	66218	834517	834201	98688	834741	835415	833737	835047	824121	832927	113183	347015	834733	834045	835310	835328	833674	834759	835079	835408	835173	835212	835420	833886	835288	835191	826944	778576	832141	829336	835115	834925	833140	834629	558525	834648	761592	744242	668104	829485	834677	293477	331656	834574	789338	821002	323359	529308	725246	834302	835346	829366	835418	831928	833788	833640	74797	835500	362552	831682	808326	834319	833362	833385	835258	831840	825209	833580	638363	834720	805045	833494	833319	835023	834331	698573	834798	830354	833381	834557	834860	835016	834968	835399	834007	697801	783301	831887	792218	793296	825611	833728	681652	828995	819310	787364	828652	547926	808386	775862	823085	776939	823040	818407	1	8	0	0	752	0	7	7	731	736	721	0	0	69	0	767	544	769	745	32	0	8	0	733	0	558	728	7	688	713	561	690	609	40	729	22	723	738	7	659	718	740	8	660	721	734	8	8	0	22	730	748	8	0	0	716	7	704	8	47	106	0	0	721	746	0	1	573	0	8	7	42	741	8	0	8	8	746	0	655	0	2	0	0	6	0	8	0	636	8	8	0	0	0	2	8	745	604	643	0	685	662	1	0	0	7	746	618	559	523	728	491	3	217	0	5	596	232	0	8	662	747	724	0	711	0	547	0	0	0	629	1	0	730	746	8	546	672	721	495	0	0	0	0	0	7	9	564	0	736	741	7	740	8	8	8	2	8	718	0	6	0	10	419	612	0	496	706	391	0	1	0	0	718	7
NC_063214.1	62000001	811856	811198	811513	811504	804085	809073	810698	809299	809455	810151	810412	807014	808020	42270	200441	810854	810502	809284	810498	811270	54853	134047	811000	85790	810354	811290	810472	809503	810835	801349	806258	810431	717630	804259	104444	810157	43747	810087	810261	810536	810953	807880	809927	809755	810611	809961	810579	809225	803358	809402	109639	809849	811189	810407	810789	810003	798231	267691	806781	811157	107381	247780	810266	788211	807088	811095	67658	110859	811636	807690	810416	811247	69085	810799	810560	130547	811526	811616	811228	811442	786480	808895	126211	328219	810567	809919	811347	811387	809542	811194	811437	811493	811376	811422	811378	806249	811395	811343	804303	746289	807530	805164	811285	811509	809792	810663	514645	811186	721068	708931	628687	805878	810798	275159	316904	810711	760005	795357	313023	471798	692107	811401	811468	802973	811547	808346	810157	809851	76560	811400	329549	807809	775906	810085	809316	810156	811493	807943	804642	809858	601346	810708	770402	808431	809023	811404	810325	659336	810910	806170	810228	810625	810814	811103	811099	811250	810113	648911	743975	807066	755496	763405	803163	810176	638197	805451	791256	750489	803587	497285	778400	739696	794980	754168	795572	791723	16	747	9	25	280	23	696	699	737	739	685	0	0	83	7	284	688	285	732	19	0	740	0	708	19	662	693	722	45	35	664	47	269	44	719	17	370	723	713	290	41	722	707	678	41	717	700	684	17	39	712	757	716	2	20	634	93	713	739	37	44	1	10	687	34	0	0	680	0	710	755	32	104	734	0	727	726	736	1	23	0	22	134	12	720	1	714	2	726	722	748	0	0	19	101	723	733	266	20	0	41	709	22	4	21	354	747	594	522	24	708	22	0	203	0	14	607	7	0	548	291	48	117	23	698	13	681	0	1	3	639	1	28	710	761	751	644	656	723	458	27	25	0	2	0	695	490	688	0	742	726	727	736	717	744	714	2	599	721	24	589	25	730	439	274	23	597	680	325	2	527	22	15	21	657
NC_063214.1	63000001	773680	773071	773418	773279	761640	771242	772676	771396	770745	771559	772196	751553	768303	33646	141027	773304	771185	772148	772324	773094	19530	96789	772759	29731	772464	773472	772518	771321	772791	758347	764580	772549	308508	758606	84555	772254	35665	771978	772063	772463	773040	765090	772102	771392	772462	771863	772593	771133	753245	770858	50899	771916	773085	772101	768501	772120	690005	166367	766976	773225	44628	123226	771918	737087	768189	772735	32771	58623	773373	767723	771451	773186	31753	772325	772612	98099	773593	773576	773394	773363	671152	770618	78370	204232	772331	771206	773232	773272	771360	772915	773300	773452	773266	773211	773393	730740	773283	773164	767855	645409	765647	769136	773100	773508	771353	772491	351557	773436	589933	588866	464591	754113	773029	209924	182381	772625	675341	745516	184300	281969	582222	773491	773275	750837	773348	770208	771910	771502	35971	773249	207557	769075	709363	771913	771269	769179	773513	768385	768995	771277	486089	772309	686407	765439	770295	773506	771669	549488	772798	762434	772722	772387	772097	773031	772878	773215	771669	507401	622095	763200	623850	678593	766313	772068	470169	763050	722066	637492	758304	308090	694828	629675	731023	688047	733017	740116	1	874	1	0	3	0	859	851	849	852	725	0	1	83	2	3	852	2	864	22	0	867	1	843	3	868	847	863	16	13	848	9	3	51	845	21	861	851	863	4	19	849	857	852	20	858	851	775	0	28	846	867	863	1	0	526	85	805	881	25	0	1	1	796	15	0	0	876	0	857	878	23	19	863	0	885	887	870	0	12	0	56	140	1	860	1	875	1	850	711	883	0	1	1	2	866	862	4	14	1	16	880	0	16	1	289	869	552	514	11	809	16	2	161	1	2	742	5	1	567	4	20	17	3	811	1	836	0	1	0	822	4	1	842	871	884	814	798	831	458	1	1	1	3	0	853	496	863	5	857	851	857	861	863	878	850	3	594	818	4	621	3	855	445	4	2	616	789	267	4	598	1	1	14	742
NC_063214.1	64000001	790201	789701	789818	789744	776883	787890	789032	787680	787224	788148	788901	777084	785563	38543	143036	789507	787354	788661	788838	789662	25727	107076	789232	39801	788769	789637	788971	788111	789327	775468	781985	788933	484799	773619	82722	788425	41344	788629	788725	788986	789346	782874	788526	787988	788888	788095	789064	787845	772221	787397	60434	788517	789648	788931	786308	788556	735152	198510	783517	789528	55164	135703	788457	757779	784707	789359	41545	58224	790014	784836	788042	789599	34284	788886	789009	89620	789937	790029	789732	789745	718989	787369	85004	217482	788895	788268	789801	789854	788088	789445	789739	789924	789819	789696	789962	769356	789814	789685	784277	684197	783880	785691	789628	789971	787827	789186	390283	789743	643526	632568	521695	777988	789442	222996	210782	788947	708878	768832	196466	331477	620003	789820	790060	775206	789822	787111	788262	788221	40661	789796	225587	786381	734713	788574	787751	786578	789965	785138	784612	787906	508333	789146	717805	784637	787169	789901	788871	578656	789500	781594	788900	789203	788974	789539	789497	789809	788283	547479	675380	782491	684523	708950	782847	788785	518680	782032	753142	685967	777763	346604	728483	677618	757447	708699	763223	763621	0	685	0	0	2	0	666	661	628	646	566	0	0	49	17	2	635	2	646	6	6	668	0	635	17	639	626	676	570	577	637	188	3	24	623	14	674	641	670	2	598	641	663	652	645	630	665	594	15	19	626	656	672	1	0	434	82	590	685	25	1	0	0	618	636	0	0	651	1	664	684	8	650	671	0	686	688	655	17	429	0	30	94	0	661	0	682	0	643	0	687	0	0	0	2	684	650	1	466	0	595	687	0	612	0	264	647	415	396	349	608	650	4	116	146	2	593	117	4	465	2	658	602	17	593	16	623	0	1	0	634	13	0	635	645	686	605	578	610	302	0	0	0	0	0	655	397	646	17	628	640	669	638	676	687	664	1	498	621	12	514	17	660	327	2	14	480	579	193	12	463	0	0	619	593
NC_063214.1	65000001	753160	752635	752730	752692	745141	750858	751808	750701	750668	751337	751405	748479	749185	36031	146284	751823	751608	750916	751949	752644	41171	99767	751794	57040	751843	752047	751595	750572	752304	743717	745732	751681	639269	744813	77541	751544	32251	751340	751172	751889	752015	748785	750993	750834	751587	750616	751528	750346	738965	750124	78224	751132	752317	751517	752433	751184	739602	218492	748518	751938	77990	168935	751459	724776	747811	752193	56546	68084	753005	744772	751384	752327	47474	751355	751974	96442	752599	752961	752096	752671	732190	750177	81632	236858	751997	751029	752673	752692	751285	752287	752654	752843	752623	752708	752835	746931	752705	752393	746762	657638	747965	747899	752510	752540	750945	752139	387408	752354	619054	609606	503646	741428	752124	231091	218425	752006	676295	729935	213210	334707	604104	752610	752689	736569	752765	749179	751164	751263	49555	752850	243526	748836	701471	751584	750797	750604	752827	749007	746193	750852	499826	751827	692021	747686	750439	752645	751864	562043	752138	745800	751476	751859	751888	752499	752384	752777	751519	535458	646363	746848	652623	680393	745687	751282	513172	744184	716236	654106	741677	358566	691462	646061	725296	682027	728540	728528	129	301	146	131	2	151	174	175	289	633	501	0	0	18	606	2	274	2	176	45	37	297	0	175	627	525	513	176	146	128	517	56	1	73	173	4	313	639	176	1	570	668	172	654	606	176	171	284	578	36	177	681	177	68	145	159	104	293	335	16	102	0	139	162	145	0	47	179	102	179	307	71	464	315	80	180	178	532	473	1	0	36	121	141	310	0	174	1	546	0	313	0	0	157	129	179	529	1	2	0	125	321	151	2	152	223	329	279	353	403	174	462	9	200	2	134	301	1	178	266	1	616	577	609	299	588	306	3	0	8	166	363	184	174	325	332	300	275	297	447	140	160	0	0	0	172	129	664	431	300	312	169	324	178	346	167	0	298	652	501	277	574	301	310	1	542	555	483	358	511	543	141	149	159	160
NC_063214.1	66000001	740836	740459	740369	739953	727180	738054	739062	738402	738243	738721	739343	714890	735312	37745	154579	740224	738205	739344	739224	740243	21435	113205	739452	26810	739581	740455	739246	738438	739933	727144	730635	739200	220797	726536	92893	739141	40869	739098	739241	739618	740268	729822	739154	738553	739333	738488	739674	738764	723663	738146	51244	739208	740211	739428	731693	739627	646966	177436	734054	740278	49126	114515	739179	703332	734484	739887	33882	61655	739060	733131	738626	740319	32981	739340	739562	118470	740738	740720	740555	740465	636865	737937	75969	199841	739338	738576	740460	740286	738862	739893	740028	740548	739995	739861	740556	674827	740358	740385	734819	595489	731090	736237	740121	740577	738145	739885	325886	740438	545787	551042	408084	718474	739740	182832	165645	739245	645374	710292	169307	255048	549909	740689	740388	711539	740373	737090	739056	738279	37567	740483	202360	735713	675201	738940	738297	735032	740056	735129	736068	738031	448919	739600	640255	730986	737958	740746	738881	514409	739844	727603	739888	739850	739532	740094	740122	740316	738649	479967	568616	728680	565073	633871	733585	739026	419879	729602	678443	590736	720459	271741	647834	579874	685465	658814	693317	702987	2	875	1	2	68	1	848	838	456	830	647	0	0	44	801	70	641	70	469	8	50	862	0	466	799	204	818	862	805	856	204	106	564	17	457	1	858	819	854	632	915	823	1	205	995	471	841	784	767	7	464	840	851	0	1	282	97	457	873	19	54	0	2	444	923	0	3	656	1	843	1	24	816	854	3	878	876	842	797	526	0	33	136	2	851	0	859	0	937	0	874	0	0	0	599	869	826	584	608	0	885	631	2	881	1	279	476	276	472	474	423	1008	6	148	912	3	703	172	235	521	632	1031	716	796	446	784	633	0	0	2	789	611	804	458	476	873	613	439	453	428	2	2	0	0	1	842	463	202	707	466	466	1	472	866	868	852	0	552	789	536	601	755	832	109	585	624	149	751	275	589	542	2	1	400	718
NC_063214.1	67000001	776541	776154	776070	775885	762039	774006	775065	773883	773437	773318	774994	750897	771162	35003	138691	776060	773458	774917	775049	775874	20455	105182	775309	26481	775087	776161	774882	774206	775497	761425	767316	775079	230535	759256	77378	774867	35560	774634	774814	775258	775998	766618	774862	774346	775182	774348	775407	774244	760973	773852	52710	774544	775955	775127	768424	774958	678365	166012	768575	776010	48989	116644	774779	738497	770259	775569	38239	55463	775526	769357	773799	776015	33261	774943	775196	108368	776420	776412	776270	776136	663128	773532	72050	201769	775203	774001	776152	776038	774518	775787	775921	776270	775995	775858	776212	717085	775964	776103	770785	636772	767112	772208	775933	776459	774096	775511	346841	776205	590882	590062	451279	756779	775748	193519	180533	775351	684178	749752	175418	276751	583678	776380	776338	748393	776248	773078	774656	774215	35907	776173	203955	771515	711041	774747	773739	771396	776377	771510	771137	773617	476585	775471	680110	767779	773844	776410	774661	544131	775627	764630	775430	775280	774975	775872	775822	776057	774369	509893	617303	766670	615332	671896	769337	774872	467785	766595	720111	632679	758661	297276	693055	629002	731877	691224	738517	737935	0	660	2	2	2	0	631	625	502	714	570	0	0	53	721	3	715	3	512	5	34	649	0	506	729	3	706	645	514	527	3	69	638	0	503	8	646	719	651	730	473	707	2	2	506	504	640	601	701	0	504	726	645	0	0	303	55	484	663	16	52	0	3	486	572	0	0	730	0	642	4	14	703	651	1	663	660	733	723	342	0	28	107	0	629	0	656	0	720	0	660	0	2	1	449	657	726	684	385	0	541	721	0	550	0	214	521	334	414	222	492	506	2	125	563	0	432	83	170	388	733	519	640	724	477	698	692	0	0	6	487	535	714	494	520	660	672	486	496	373	0	1	0	0	0	639	354	7	648	514	514	2	520	647	656	642	0	439	678	490	453	676	640	3	658	579	2	619	182	549	482	0	2	436	547
NC_063214.1	68000001	775008	774473	774557	774137	764970	772427	773246	772441	771607	773528	773262	763495	767975	41149	190890	774343	772646	773431	773551	774254	29994	125468	773692	42459	773569	774501	773717	772407	773917	762902	766082	773587	342211	763357	105299	773127	45586	772923	773518	773638	774192	767302	773151	772618	773845	772842	773450	772528	752059	772144	67131	772775	774387	773445	770714	773201	730839	215309	768224	774023	66602	138855	773279	740059	768850	773837	44867	67245	774843	767541	772615	774561	40569	773419	773590	117717	774773	774767	774606	774575	711510	772096	93939	218424	773667	772433	774553	774357	772867	773852	774073	774607	774112	773943	774745	748958	774396	774464	769531	659986	768247	770629	774324	774820	772378	773900	373933	774561	615844	603439	490087	761415	774213	203649	194650	773694	688766	749782	187125	309001	597621	774608	774480	755358	774628	771706	773157	772872	41712	774547	220048	770101	705949	773218	772441	771880	774668	769831	770170	772520	494026	773989	693516	768263	772323	774801	773403	563340	774073	765446	773728	773612	773512	774240	774167	774433	772748	526597	648467	766759	649196	687439	767052	773094	487357	765691	734339	665373	760747	334170	704690	653090	738017	693112	744979	746691	2	581	6	10	3	9	562	558	401	152	133	0	0	66	497	3	487	3	395	24	43	586	0	386	508	2	133	577	694	703	3	193	123	1	379	12	575	144	576	144	466	143	1	10	476	381	562	517	477	0	386	152	569	2	7	275	102	378	589	24	21	0	6	368	748	1	5	502	3	559	6	8	139	578	7	583	582	145	500	522	0	4	22	8	568	1	575	1	137	0	582	0	0	7	497	189	139	131	549	2	708	151	9	722	6	208	396	244	89	278	365	482	6	31	727	10	439	134	146	409	145	501	141	505	381	488	485	0	2	7	454	380	150	382	401	590	480	362	391	87	9	6	0	2	0	559	346	12	444	393	397	1	396	581	590	566	5	429	138	368	455	475	571	103	133	414	12	123	52	394	103	6	5	337	510
NC_063214.1	69000001	757764	757426	757520	757231	748919	755396	756656	755448	754933	756310	756309	724296	753967	31131	147212	757356	755572	756429	756295	757154	19358	105718	756550	26005	756577	757439	756496	755611	756918	748713	748951	756396	148573	747373	87246	755945	34680	755891	756070	756673	757208	747068	756177	755641	756540	755542	756692	755654	744342	754993	49058	756054	757388	756505	744452	756480	630124	156131	752141	757234	35992	104111	756272	723007	751024	756678	31335	57522	755054	750794	755274	757396	33108	756505	756713	111513	757645	757692	757489	757472	625547	754745	73377	194324	756516	755419	757442	757408	755992	757060	756984	757569	757128	757048	757624	676815	757437	757382	752330	607057	747114	753478	757163	757602	755504	756734	323570	757379	558108	561758	408636	735518	756678	190206	164018	756702	654712	723514	163036	251848	556430	757647	757382	725181	757428	754362	755957	755421	36598	757438	198471	752615	686679	755861	755204	754061	757507	752189	752770	755124	456567	756649	657382	747541	755028	757636	756025	522484	756863	745852	756690	756664	756542	757169	757136	757344	755540	484754	588896	744251	576442	646583	749080	756147	428871	746377	700023	598307	736654	263749	661561	583983	701776	672344	710462	717099	1	437	0	1	37	1	426	421	524	577	470	0	0	60	509	37	538	35	529	11	41	427	0	522	511	38	552	430	513	513	39	66	578	0	511	12	426	571	434	611	298	572	1	39	337	521	427	412	490	0	516	587	427	1	1	291	43	497	437	10	30	1	2	485	555	0	3	544	0	424	2	18	575	432	0	440	438	586	507	319	0	22	86	1	415	1	433	1	580	0	438	0	0	1	292	1	586	572	376	0	519	616	1	530	3	131	530	303	349	139	493	332	4	94	544	2	307	89	119	261	623	349	496	511	494	499	524	5	1	1	361	378	564	514	531	439	515	489	510	279	2	1	0	1	0	433	242	39	441	524	524	0	523	432	436	421	1	287	545	335	320	490	415	241	562	397	28	515	144	358	372	0	2	443	359
NC_063214.1	70000001	803486	802913	803083	802991	788449	800907	802073	800959	800151	800942	801079	783350	796307	34794	129434	802364	800759	801754	802222	802859	25730	96749	802149	36229	802149	802875	802301	801281	802620	789025	793327	802291	333273	784510	76038	801622	39580	801570	801968	802278	802364	794890	801698	801065	802129	801440	802262	800982	772807	800534	54200	801777	802895	802077	795352	802046	715452	158811	795113	802542	44780	120048	801715	764510	797051	802494	35942	61214	803029	797681	801250	802971	37082	802043	802290	87531	803041	803387	802855	803127	700451	800436	77987	208149	801867	801100	803063	803044	801272	802609	802905	803239	802973	802857	803228	759978	803086	802951	796169	699122	796476	798312	802807	803030	800833	802394	396058	802719	650989	636695	516251	789958	802606	206954	198583	802419	724660	778922	183582	330266	632670	802918	803217	788381	803179	800426	801844	801045	39152	803115	220106	798903	735345	801669	801288	799736	803136	799380	797701	801228	504398	802432	725740	798257	800376	803080	801719	590569	802681	795432	801822	802252	802176	802731	802682	803142	801648	560508	687695	796575	693400	718354	795315	801880	512744	794511	767491	694483	791301	344965	742555	682324	769646	717832	774749	775461	14	363	15	13	513	14	337	343	278	19	2	0	0	45	288	512	527	518	269	5	9	362	0	263	286	463	2	345	316	330	465	98	449	18	264	3	354	17	349	528	340	14	150	484	350	262	343	301	262	18	263	11	344	0	11	182	45	256	365	5	64	0	14	249	358	0	1	517	10	337	170	0	151	357	9	354	354	2	269	231	0	3	11	11	358	0	346	0	2	0	364	0	0	11	314	0	2	470	261	0	333	546	8	331	14	144	283	208	35	207	257	348	0	30	339	16	153	64	100	256	529	368	165	271	253	270	511	13	0	2	162	207	16	258	275	363	499	256	277	15	14	15	0	0	0	0	204	534	242	277	279	149	281	350	369	344	2	266	15	234	280	250	357	283	485	259	377	2	36	242	55	12	14	241	315
NC_063214.1	71000001	826008	825532	825673	825715	821466	823371	824809	823719	824066	824583	824522	823213	822970	35408	198263	824655	824790	823164	824839	825335	47334	129977	824966	80012	824291	824923	824688	823797	825160	819783	819913	824618	799586	819640	94690	824139	37247	824502	824416	824764	824592	822575	824187	823801	824967	823983	824505	823385	820228	823375	106088	824017	825507	824676	825496	824464	819598	254866	822300	824669	97860	275349	824497	804135	821417	825274	74055	109480	825831	822170	824572	825524	66516	824980	824967	122243	825515	825688	824896	825526	814436	823222	118383	352689	824991	824569	825648	825692	823902	825477	825583	825835	825576	825542	825780	823579	825533	825418	817470	772553	823165	820933	825556	825740	823813	824974	544508	825118	751136	741074	667758	820415	825028	312668	326388	824839	778010	810966	330644	518699	717903	825186	825749	819943	825753	822613	824376	824190	77864	825722	352798	821875	802567	824469	823990	824738	825791	822735	817825	824074	628617	825148	796956	823762	823672	825417	824707	687483	825340	820568	824528	824924	824811	825391	825332	825651	824343	690510	778430	821637	781929	785313	815093	824899	684526	819441	811130	776681	819547	544902	800855	769833	811696	772014	813160	810085	0	607	1	2	75	0	600	589	796	0	0	0	0	129	181	79	777	77	794	19	51	603	0	777	800	522	0	602	620	617	517	574	74	7	776	10	590	2	594	78	585	0	582	528	596	785	578	571	624	6	782	1	600	0	0	746	105	766	605	44	15	0	0	769	650	0	39	99	0	587	605	0	601	592	38	611	606	0	794	579	0	36	167	0	591	0	604	0	598	0	609	0	1	0	1	1	0	73	570	0	608	527	3	629	0	316	798	661	216	423	764	595	1	0	646	3	470	180	370	465	79	612	588	657	747	747	767	17	0	4	493	698	1	777	801	610	744	706	773	410	4	0	1	0	0	0	455	80	713	782	787	596	791	599	611	595	1	528	0	586	520	639	595	578	74	745	464	0	153	722	513	1	0	737	533
NC_063214.1	72000001	815567	815101	815174	815052	810968	812970	814339	813378	813111	813633	813066	813365	811664	53115	246842	813331	814332	812511	814234	814994	60495	164500	814106	93152	814030	813742	814289	813286	814651	807429	810528	813814	802788	809477	131324	813962	55061	813877	813721	814175	813141	812233	813894	813371	814384	813621	814174	812812	804580	812921	106740	813254	815051	814050	815153	813678	809765	289040	810643	813278	105716	221642	814005	785718	810754	814834	73184	93058	815306	809399	814006	814909	63027	814457	814077	123052	814486	815332	813366	815069	805953	812564	116682	298549	814545	813881	815152	815235	813265	814964	815038	815277	815030	815064	815264	814087	815109	815039	807424	745998	811934	809625	814986	814779	812635	814363	499868	814132	714579	706765	613608	809360	814498	256438	289773	814220	758714	801546	280374	462595	686312	813876	815068	807744	815306	811711	813890	813251	64292	815225	317180	811932	779984	814250	813497	812961	815006	811652	805955	813481	594459	814713	773507	812746	813047	814490	814295	656224	814794	808578	812924	814175	814440	814965	814833	815257	813862	651814	748010	810986	755505	764938	806992	813682	628013	809355	795523	753978	807546	479433	782421	747115	799311	752311	801619	797054	2	818	0	1	1	1	792	580	97	4	3	0	0	15	1	1	93	1	99	5	15	816	1	98	97	797	2	808	848	853	792	817	3	0	97	4	801	4	794	3	784	198	793	803	788	295	785	737	864	0	97	4	804	2	201	94	124	95	813	7	3	1	4	94	881	0	40	3	1	796	811	0	795	795	42	819	817	207	97	805	0	41	177	2	593	205	805	1	806	0	815	0	0	207	6	1	2	3	729	2	820	799	5	846	2	367	97	81	1	517	97	795	2	5	867	160	699	213	56	555	3	812	763	897	92	95	95	0	1	3	765	86	197	99	98	812	94	90	95	478	3	3	0	1	0	1	527	3	89	99	98	792	100	806	614	794	125	655	201	764	661	861	793	69	4	95	657	196	0	91	633	1	4	93	721
NC_063214.1	73000001	822843	822281	822420	822461	812156	820302	821667	820314	820072	820253	820451	818523	819085	44387	166751	821002	821082	820043	821373	822169	49259	122672	821105	66155	821396	821038	821496	820541	821878	811834	816532	821460	780421	812726	89013	821221	46047	821139	821097	821446	820804	818598	821045	820460	821614	820977	821456	820159	810148	820126	90362	820791	822262	821272	822309	821130	810674	220604	817892	820714	85939	212191	821140	793837	817926	822041	62521	82869	822615	818376	820976	822255	51103	821414	821689	109266	821556	822598	821240	822300	802303	819709	98504	279821	821707	821000	822371	822199	820682	821863	822225	822564	822207	822220	822493	819527	822329	822249	814994	752601	818794	817422	822159	822346	819866	821868	488930	821661	715667	706669	618659	813967	821772	271839	277898	821536	759630	803614	263403	446070	686270	821576	822666	814136	822587	819534	821046	820782	58735	822452	290505	818265	785863	821241	820666	820953	822410	818803	814991	820786	587761	821954	779284	819412	819910	821788	821330	655026	822120	817012	820833	821542	821707	822100	822109	822437	820832	650272	749268	818194	759266	765177	813290	821493	629332	815324	800713	753672	814172	478989	787145	746100	804919	753045	805210	798871	1	296	0	0	522	0	292	0	278	271	255	0	0	49	1	529	524	528	275	7	1	292	4	275	5	671	267	295	527	530	669	450	547	46	268	6	290	272	291	603	541	562	547	682	555	560	286	253	560	34	272	272	292	1	291	251	21	263	296	12	69	1	1	261	571	0	21	614	0	287	560	9	427	294	25	298	301	571	5	479	0	9	54	1	0	299	299	1	205	0	300	0	0	298	410	1	274	541	477	1	524	591	274	554	1	132	279	196	0	355	259	562	0	45	558	231	600	127	3	217	607	572	412	574	262	270	523	0	1	59	642	4	556	266	280	298	521	240	267	132	1	1	0	1	0	1	206	533	244	275	271	546	276	297	0	294	174	241	544	497	242	561	292	360	554	3	560	530	0	4	238	2	0	241	263
NC_063214.1	74000001	518536	518220	518260	518138	507995	516052	517477	516754	516522	516745	517824	515858	515349	23582	89930	518250	515986	516576	516760	518073	22503	65767	518101	30959	517466	517755	517585	516788	517797	508655	513714	517670	452408	504697	47693	517246	24978	517062	517499	517634	518022	515227	517140	516563	517508	516890	517629	516715	506671	516495	43971	517237	518102	517260	518040	516974	509687	126568	514108	518094	41693	105327	517521	498891	515330	517924	31609	48361	518464	513891	517089	518239	27974	516825	517815	56723	518452	518435	518259	517673	499589	516499	55437	157476	517692	516979	518302	518195	517165	517239	518072	518416	518030	518098	518383	513733	518153	518131	514238	461663	515733	514942	517660	518448	516869	518047	278136	518312	439001	429289	362564	512450	517977	131354	155856	517943	475461	504326	146763	253235	423418	518339	518383	509976	518388	516451	517456	516588	31741	518343	166200	515860	487719	517135	516827	516883	518410	515588	513910	517157	349690	518027	483635	515921	516931	518408	517690	402015	517290	514355	517782	517758	517794	518159	518014	518203	517406	389604	456175	514992	461574	471824	512928	517631	368068	514042	501219	464606	511613	260917	485588	462832	502275	468477	504902	504536	0	373	0	1	1	0	363	0	199	371	357	0	0	37	0	1	391	1	203	10	30	369	2	199	404	484	361	370	444	462	491	316	312	23	202	6	369	368	367	368	474	490	204	485	488	498	364	327	481	0	201	374	370	0	366	178	45	193	373	8	41	0	0	188	491	0	28	374	0	362	227	5	412	370	18	376	375	502	398	401	0	16	56	0	1	375	371	0	1	0	375	0	0	375	492	0	365	348	385	0	485	421	374	483	0	149	200	144	0	269	190	493	0	70	494	284	419	103	104	249	373	499	377	510	198	200	378	0	0	69	456	308	482	197	205	372	372	177	192	7	0	0	0	0	0	0	238	1	187	195	200	211	201	375	0	363	218	277	476	397	278	488	366	209	338	352	371	457	0	305	293	0	0	165	317
NC_063214.1	75000001	745015	744522	744783	744343	733575	742547	743585	742716	742263	742871	743727	727654	740411	37754	170879	744595	743014	743490	743685	744344	28760	110921	743705	35253	743708	744714	743802	742533	744177	731962	736954	743909	307257	730397	94002	743215	43860	743075	743614	743919	744474	736839	743222	742675	743870	742844	743748	742842	732296	742032	60788	743053	744431	743430	736474	743319	677833	190065	739506	744580	55411	129882	743420	713861	739481	744012	40659	69236	744111	738221	742538	744508	38523	743617	743980	113690	744899	744904	744659	744580	664701	742022	85685	209809	743781	742443	744735	744611	742970	744238	744419	744720	744471	744446	744744	693648	744615	744516	739594	603217	735112	740778	744307	744850	742706	744023	339428	744599	555128	568310	428606	721011	744200	203718	176493	743913	648065	714246	181668	270412	561628	744806	744636	717174	744603	741659	743119	742756	40879	744712	205811	740354	680688	743213	742666	740121	744747	740080	739912	742207	456912	743841	654476	735971	742063	744852	743246	524746	744059	732620	743740	743828	743773	744346	744441	744467	743039	487747	583488	732490	579657	645414	736051	743224	445291	734765	688796	602417	725922	288502	652219	583361	694295	668019	701950	706809	3	391	0	2	2	0	380	0	556	261	243	3	1	62	4	2	421	2	560	17	40	387	11	542	430	536	255	383	624	621	538	148	243	10	547	17	383	256	386	269	499	531	598	542	535	665	378	358	653	0	545	266	380	1	381	390	54	527	387	25	17	4	4	529	677	0	25	271	0	370	627	9	519	380	34	390	393	547	430	450	2	30	70	3	0	392	385	3	1	0	390	0	0	389	520	3	262	251	453	4	638	532	268	643	3	125	563	353	2	266	504	539	2	59	654	276	458	102	113	230	272	546	460	682	534	552	414	0	4	51	500	323	528	548	563	391	404	522	532	8	3	4	3	3	3	4	218	3	504	551	558	611	548	386	0	383	203	265	501	461	272	642	376	202	240	345	355	488	2	331	247	5	3	471	315
NC_063214.1	76000001	739329	735501	738816	738786	727349	736960	737777	736539	736511	737201	737503	715936	730299	33883	128007	735325	736962	738028	737739	738559	22545	91532	737849	28399	737531	738937	738111	736720	738291	726597	730784	737895	223629	726017	81913	737505	39584	737358	737834	737638	738570	729377	737425	736799	738112	737125	738113	736719	720134	736524	52592	737223	738661	737703	726785	737657	649012	154411	732389	738627	41905	118490	734080	702191	733338	738379	35672	63317	738388	732884	736900	738767	33848	737847	738096	91637	739117	739179	738983	738887	641569	732632	78170	205271	734474	736739	738827	738708	734086	738486	738684	738914	738672	738544	739017	685498	735497	738838	733388	606722	727412	734360	738451	739210	736726	734841	353068	738816	562147	564942	433679	718015	738444	188946	185494	738110	649900	710155	185286	274093	561214	739062	738978	714822	738868	735915	737305	737246	40420	735483	209792	735169	678495	737529	736624	734384	738670	734098	734553	736670	462593	734654	646383	726546	732921	735735	733938	524873	738407	728831	738019	738067	737801	738576	738290	738720	737160	501278	588416	728819	587694	643951	731469	737452	449174	730175	688141	607229	721131	290004	658731	590817	688490	653113	699696	702863	2	547	0	7	267	0	526	0	661	611	498	0	0	76	1	270	889	275	663	12	27	539	14	666	625	767	597	539	596	595	761	144	710	39	654	16	533	600	544	806	437	488	721	771	478	646	538	493	635	6	652	619	542	1	533	402	58	637	547	17	62	1	1	618	656	0	17	808	0	531	728	29	634	536	25	550	551	500	620	424	1	26	107	8	1	549	541	1	273	0	550	0	0	547	606	1	616	747	471	1	616	370	631	617	1	190	673	422	3	258	619	488	7	148	642	377	667	140	198	352	804	496	547	662	627	654	867	0	1	137	715	471	481	656	673	548	843	596	637	129	7	1	0	2	0	1	298	276	600	660	662	715	667	544	3	537	289	364	463	500	382	628	522	433	277	518	526	459	2	485	365	0	2	557	457
NC_063214.1	77000001	751908	751445	751500	751492	741723	749431	750616	749482	748961	750196	750582	716160	748054	32083	145299	751410	749981	750416	750769	751206	17770	88156	750696	26950	750685	751643	750685	749638	750975	739435	742907	750689	166156	740960	79717	750242	34331	750173	750450	750636	751366	742100	749995	749345	750787	750117	750800	749551	741996	748923	52652	750003	751397	750562	739898	750458	636982	175161	745616	751462	42959	118123	750181	716832	745850	750760	30852	64549	749541	744866	749537	751354	33354	750398	750817	115337	751849	751798	751661	751619	623119	748784	70613	206109	750422	749572	751524	751436	749543	751291	751411	751613	751440	751174	751642	667931	751365	751370	746965	610078	742452	747478	751386	751836	749424	750594	335342	751716	554871	566098	423050	730479	751201	189088	167649	750889	653346	720615	175859	261971	553437	751811	751600	723137	751667	748111	750030	749756	37186	751445	202527	747073	684311	750175	749467	746607	751759	746500	746787	749599	463263	750612	656456	742702	749102	751785	749773	523451	751003	740976	750944	750685	750356	751271	751167	751501	750029	491972	583550	740779	582791	649246	743178	750135	438338	739439	690311	609903	732642	285843	661319	596843	702505	668909	703825	709937	17	431	14	15	777	2	406	2	419	422	313	0	0	75	17	790	801	802	410	7	0	419	6	399	13	798	328	409	16	9	791	8	778	41	402	10	411	423	406	844	11	14	812	810	11	3	400	389	17	17	406	429	414	2	420	229	65	404	424	18	72	2	14	396	16	0	2	855	7	403	853	16	781	426	0	413	416	2	1	0	0	25	77	13	14	413	410	2	780	0	429	0	2	426	511	2	411	785	6	1	13	19	428	3	17	130	427	272	3	2	382	0	5	77	1	293	656	6	0	277	852	15	712	14	398	423	782	0	2	86	743	1	9	402	425	425	783	392	411	341	17	13	0	1	1	2	236	803	361	420	422	823	423	407	9	399	200	294	16	15	292	5	401	375	2	13	559	3	14	10	290	15	9	355	332
NC_063214.1	78000001	735085	734561	734630	734584	728050	732803	733700	732650	732333	733708	733029	718605	730843	40778	181391	733824	733625	733811	733857	734468	32084	123344	733680	38818	733607	734426	733971	732830	734172	726747	726378	733941	239788	727592	104418	733122	41531	733407	733363	733837	734047	726378	733268	732831	733814	733092	733714	732671	722232	732274	73169	733337	734526	733541	727003	733554	670023	193263	731067	734113	61630	132503	733339	704093	729835	734352	46399	69079	734555	727640	732940	734569	43455	733751	733700	124047	734722	734960	733905	734659	657818	732428	95857	221968	733405	733056	734648	734696	732875	734321	734577	734710	734559	734390	734780	693905	734361	734557	730400	598405	723950	730652	734515	734870	732500	733938	338524	734566	543184	564024	414445	711852	734037	209141	178714	733635	641059	702028	179784	259785	549954	734620	734730	707736	734720	731652	733373	732748	49127	734635	206264	730701	673133	733230	732584	730386	734846	730096	730355	732524	457476	733793	640520	725745	731993	734631	733126	512316	734258	722505	733764	733766	733596	734432	734291	734474	733013	484231	571534	723571	563163	626741	725671	733372	441029	724078	675869	587383	716115	283130	646333	572171	684366	656682	689664	697762	1	826	2	5	834	2	796	1	810	815	686	0	0	95	1	844	848	846	825	21	1	816	20	809	3	851	1	824	5	3	843	15	903	64	811	16	810	814	807	961	3	3	937	852	6	4	811	766	4	32	807	832	806	1	820	528	92	788	832	33	85	1	4	789	3	0	4	977	0	806	971	36	840	815	1	836	833	3	3	4	0	47	178	1	3	828	825	1	849	0	834	0	1	834	619	1	827	899	2	1	7	3	837	2	1	315	828	514	1	10	756	2	11	197	2	599	708	4	2	520	974	5	761	5	774	806	834	1	1	164	804	1	3	806	828	834	785	762	798	439	3	1	0	1	0	1	483	861	739	817	812	945	828	827	1	802	454	542	6	6	618	5	806	411	1	3	576	4	2	7	548	3	1	694	694
NC_063214.1	79000001	781929	781409	781575	781581	766621	779826	780857	779333	778893	779118	780165	758087	776136	31676	118197	780642	778653	780664	780651	781310	19437	91177	780327	29336	780503	781110	780872	779489	780840	762753	770890	780791	269396	762941	74085	780094	31314	780172	780434	780733	780913	772958	780353	779553	780914	780074	780706	779604	757287	779177	54770	780337	781424	780522	773579	780580	694669	168988	774056	780508	50082	116665	780039	742893	775843	781131	38976	60912	780854	775527	779606	781473	35783	780578	780818	104498	781419	781829	781014	781582	667956	778580	71246	201172	780496	779590	781618	781551	779778	781243	781525	781704	781527	781284	781751	729122	781343	781518	775744	654305	774151	776662	781426	781745	779177	780761	361275	781270	607157	602795	469423	765125	781221	197415	180494	780860	688005	753748	179628	283690	594678	781193	781733	760782	781676	778560	780191	779343	35513	781387	204179	776914	714664	780154	779676	778141	781468	776764	776121	779221	482113	780829	696802	774300	779227	781395	780043	561916	781228	771811	780127	780978	780451	781333	781229	781543	779900	525421	636898	771928	638445	680767	774659	780242	481277	772169	735554	656626	765177	311278	702181	634737	739969	692299	746180	749908	1	895	0	0	112	0	867	0	876	884	754	0	0	6	1	109	113	113	899	10	0	879	10	891	4	113	1	892	2	1	111	2	856	36	877	12	876	884	889	999	2	3	959	112	2	2	890	787	2	4	876	905	889	1	889	577	85	825	900	32	69	1	1	850	2	0	0	1005	0	877	989	25	434	881	1	905	905	2	4	1	0	37	134	1	0	896	899	2	438	0	902	0	0	897	301	1	895	928	1	1	2	325	909	2	1	306	905	584	2	4	846	1	0	159	3	620	92	10	4	549	1004	2	388	2	842	884	108	0	1	150	103	4	2	887	900	899	109	826	619	207	1	1	0	1	0	1	502	114	805	894	892	965	899	896	1	869	449	644	2	2	638	2	878	42	0	4	74	2	0	4	621	1	0	768	746
NC_063214.1	80000001	804183	803720	803915	803764	794540	801752	802860	801746	801364	802747	802961	793749	798930	30669	158745	803589	801877	802451	802944	803586	22441	110094	802923	38323	802483	803811	802850	801899	803091	795513	796572	802980	598674	788110	78924	802568	32449	802399	802667	802881	803480	797812	802443	802074	803103	802271	802802	801679	790647	801651	61315	802441	803694	802767	801515	802693	764810	210383	798326	803592	58359	168091	802689	774180	798771	803231	42919	64692	804102	799649	802261	803598	30113	802706	802978	94695	803976	803989	803727	803854	744635	801127	85570	245291	802878	801867	803761	803828	802123	803421	803561	803978	803742	803476	803943	789012	803754	803687	798335	707832	799527	799998	803603	804121	802201	803134	428040	803730	670214	666685	553412	793202	803410	242329	232984	803026	729685	782176	223193	365417	649011	803915	803962	792358	803892	801384	802203	802233	42546	803917	252556	799343	756859	802511	801808	801989	804027	799670	799734	801920	543402	803185	743940	799348	801384	803943	802922	607154	803438	796799	803029	802921	802851	803539	803484	803768	802285	594877	703304	798232	716882	726699	795759	802856	562855	796904	771011	710606	792748	399046	752974	704601	779640	731298	777634	779476	1	638	0	1	310	0	624	0	632	630	582	0	0	39	1	308	311	315	637	8	2	3	8	622	1	313	1	636	2	2	313	6	286	14	619	12	633	628	628	323	2	2	628	321	2	1	620	570	1	13	622	643	632	1	635	469	1	608	642	21	25	1	1	598	1	1	0	325	1	1	637	14	538	623	0	646	645	2	1	0	0	28	115	1	0	643	643	1	545	0	645	0	0	642	490	1	639	292	3	1	1	510	646	2	1	260	642	450	1	5	606	2	4	123	1	506	276	4	1	3	324	2	504	1	602	620	311	0	1	145	302	1	2	619	638	642	304	586	1	312	1	3	0	366	0	1	403	316	583	633	633	623	633	2	0	612	358	478	2	1	491	301	618	191	1	1	252	3	2	1	464	1	0	555	555
NC_063214.1	81000001	823963	823479	823604	823571	819407	821176	822693	821610	821860	822071	821296	822486	821589	61274	261518	821538	823036	820422	822582	823386	82467	165646	822343	117654	822371	822003	822765	821732	822940	813772	820370	822370	814614	817541	129476	822616	62472	822300	822468	822608	821420	821016	822250	821526	822698	822038	822498	821290	816210	821134	142822	822010	823373	822393	823448	822452	820497	333123	820487	821180	141862	295998	822709	804171	819492	823216	98024	135411	823573	819925	822547	823327	89440	822695	822686	151258	822834	823646	821690	823370	816979	820911	140284	368790	822927	822553	823579	823610	821606	823250	823481	823690	823389	823393	823686	822654	823314	823404	816325	771310	820814	818911	823164	823169	820906	822767	559399	821961	753682	740956	672765	819085	822555	321734	350788	822746	780967	810241	338587	526336	724901	822395	823680	818048	823770	820231	822344	821837	91809	823614	362432	820189	797587	822381	821656	821209	823276	820208	814655	822025	636608	823240	794599	821671	821458	822721	822744	694184	823032	818688	820892	822860	822651	823183	823100	823540	822204	693432	777629	820380	785616	786556	813074	822321	688542	817890	809832	779780	817638	549997	799816	771251	811144	771424	812296	807183	293	584	1	1	624	0	567	0	459	441	441	0	10	120	295	643	622	633	444	11	3	297	19	432	1	665	293	540	305	307	663	303	626	57	454	19	537	453	578	650	306	319	508	671	318	320	343	515	310	63	436	443	572	298	539	428	0	425	358	47	129	290	254	455	324	0	27	661	0	0	559	19	627	577	28	551	584	326	1	281	1	30	179	294	0	585	587	284	635	516	589	519	1	587	315	295	461	602	282	279	314	742	447	306	294	359	462	385	0	272	447	389	2	129	386	475	607	127	1	3	651	326	616	324	440	459	631	1	296	131	630	2	318	460	467	549	622	418	390	450	292	268	0	559	0	292	53	647	434	441	435	550	441	296	0	574	439	310	309	289	293	626	569	496	288	1	597	305	0	1	469	277	0	429	331
NC_063214.1	82000001	827434	826768	827288	827084	823002	824531	826310	825099	825372	825904	825188	825294	824218	40809	240112	825711	826275	824153	825915	826804	83682	147546	826337	122212	825865	826040	826111	824891	826628	821074	822253	825891	817075	821357	108670	825776	43180	825631	825980	826383	825480	824245	825780	825192	826211	825333	826159	824854	819701	824674	155406	825515	826827	826126	827041	825755	823896	332052	824366	825343	144794	337463	826078	809865	823493	826694	95071	158770	827148	824239	826174	826716	102765	826072	826344	160933	826407	827144	825808	826854	817391	824581	151924	420446	826340	826037	827080	826952	824894	826633	826895	827162	826885	826856	827180	825765	826869	826913	818625	782040	824394	821917	826544	826642	824465	826519	590644	826079	761990	757068	686316	823239	825975	333751	375069	826228	788166	814219	381950	567350	732827	826177	827087	822583	827150	823750	826112	825113	108374	827015	403348	823711	806131	826108	825273	825257	827077	824109	817412	825612	650569	826701	802580	825620	825316	826173	826394	709101	826766	822680	825211	826372	826310	826751	826664	827119	825783	716134	787118	823966	797373	793312	814368	825770	704719	821994	814475	786557	822489	578617	804552	783960	816309	783539	817800	812850	771	333	1	2	713	0	322	1	676	571	552	0	19	105	766	726	702	720	571	51	20	768	51	554	139	693	743	702	529	532	684	520	718	39	671	20	687	654	331	739	475	484	810	691	482	554	757	675	546	70	556	572	327	777	704	548	0	550	764	45	114	758	704	662	555	8	47	750	45	0	760	68	608	333	36	710	334	495	136	516	0	80	304	758	0	336	331	747	610	331	336	331	1	336	475	768	661	688	484	742	516	791	575	530	763	217	686	576	0	440	664	645	12	203	664	599	632	241	67	0	742	579	604	559	646	670	716	5	775	226	668	113	482	659	676	708	697	593	660	453	752	713	0	318	0	764	5	721	639	561	566	746	572	770	0	330	265	673	484	514	689	694	328	548	719	125	637	469	3	121	604	710	0	632	691
NC_063214.1	83000001	817369	816700	816898	816578	805104	814103	815712	814752	814791	815506	815077	814955	813701	60876	263960	814987	816111	813715	815534	816482	98366	160424	816155	132668	815201	815466	815748	814744	815949	800537	810979	815672	793637	805945	141816	815321	78492	815221	815495	815643	815015	813821	814959	814857	815934	814765	815497	814401	799138	814289	160314	814635	816565	815270	816682	815518	811640	317249	814077	814617	154134	289575	815661	795071	812607	816451	108920	152569	817006	813451	815573	816664	101909	816023	815934	169037	816128	816928	815298	816536	806424	814156	158366	376451	815836	815464	816682	816580	814870	816135	816600	816858	816622	816511	816958	814716	816621	816624	809848	769799	814188	810360	816663	816872	814587	816158	564112	816148	748250	735844	672085	812924	816420	322454	374244	815956	772561	804556	350014	535191	718321	816208	817023	813371	817043	814095	815535	815263	114867	817039	382538	813633	789778	815674	814929	815243	816843	813321	809813	814850	632404	816410	789229	815505	815048	816030	815939	693455	816577	812690	814569	815863	816140	816087	816443	816820	815203	693038	775426	813771	782531	779636	805082	815688	685221	811307	805807	777083	812855	564537	796752	772142	807672	761288	808920	802974	645	629	1	0	636	0	616	0	750	62	629	0	36	127	609	655	665	636	692	57	52	608	40	684	526	643	585	648	466	486	646	434	571	71	738	57	643	624	623	609	1	2	628	651	1	519	593	601	506	58	667	656	627	608	638	661	0	673	609	92	2	601	521	713	524	56	0	612	675	0	608	45	73	620	0	659	631	1	523	453	0	68	199	601	2	634	628	589	312	630	627	633	1	634	440	607	624	546	437	580	484	642	660	491	603	341	753	612	0	454	734	619	175	219	729	547	592	238	347	1	612	632	593	522	708	743	665	61	607	214	609	451	1	735	750	655	665	651	718	203	589	556	0	590	0	585	3	656	699	685	685	604	692	609	2	617	460	520	1	477	517	659	610	512	577	501	557	1	0	480	568	579	0	702	542
NC_063214.1	84000001	800716	800082	800311	800212	792583	798180	799422	798525	798261	798721	798547	794690	797228	43301	176016	799222	799372	798576	799221	800061	43082	127883	799424	67720	799079	799545	799642	798299	799786	789845	793583	799635	696436	792281	99070	798842	45653	798965	799144	799458	799425	795799	798969	798386	799621	798883	799387	798162	790921	797613	83244	798562	800247	799297	798798	799110	778669	248697	794975	799101	81201	208338	799167	775299	796207	799789	54753	82648	800584	796727	798852	800176	48968	799463	799439	107046	800110	800394	799780	800287	767932	797514	102652	288113	799374	799121	800363	800374	798693	799891	800263	800397	800268	800251	800431	794493	800278	800281	792912	725393	797234	795484	799944	800154	797746	799682	477298	799466	700581	687211	601097	793250	799722	247227	282634	799212	740810	782838	270118	434743	669053	799859	800321	792378	800420	796944	798985	798647	59067	800386	296141	796612	764758	798934	798335	798421	799985	796958	793033	798326	574310	799831	758042	797093	798313	799888	799080	632634	799904	794653	798876	799419	799384	799889	799910	800287	798802	634247	729628	796282	740839	742684	792159	798773	612704	792242	781134	730730	792797	460062	764807	730247	782944	739198	783789	781889	364	366	2	4	651	1	363	0	629	6	612	1	17	70	616	657	549	656	566	18	37	618	13	551	628	664	607	671	556	581	664	355	567	29	623	14	655	359	354	616	4	4	552	673	3	614	605	610	594	35	545	676	361	623	663	478	3	541	616	25	4	600	541	600	616	30	0	622	564	0	368	27	1	356	0	678	364	1	616	501	178	43	153	611	120	365	363	602	612	364	367	362	0	365	154	617	361	568	497	571	567	568	678	596	613	133	642	501	0	204	613	399	111	152	621	520	597	158	274	7	619	367	340	625	599	632	546	22	616	164	638	525	4	612	636	673	550	587	604	371	611	533	0	347	0	603	3	669	597	555	564	358	555	617	2	358	203	504	3	535	517	551	353	358	584	529	2	1	2	507	517	562	3	572	560
NC_063214.1	85000001	775626	775252	775300	775247	765647	773290	774540	773124	772985	774417	774376	738774	771573	21120	123439	775287	773126	774112	774335	774906	15490	83316	774563	24866	774149	775435	774527	773628	774524	765744	766228	774315	263448	764202	66154	773772	27587	773979	774114	774480	775123	766183	774101	773318	774422	773672	774460	773281	762135	772733	54041	773754	775096	774100	763191	774224	654804	156787	769920	775263	37396	117977	774151	738426	769788	774821	27362	53789	773142	770477	773305	775180	31745	774241	774458	96288	775525	775509	775446	775265	643485	772700	66525	201755	774390	773479	775268	775260	773734	774835	775159	775360	775276	774986	775420	703970	775182	775201	769249	646353	768338	771342	774912	775448	773276	774693	365695	775392	603210	611871	468013	758330	774985	179557	177779	774494	691123	747241	179428	295607	595859	775533	775386	752356	775251	772271	773713	773413	38196	775318	209993	771009	715979	774111	772925	771963	775363	771374	771031	772974	488638	774718	693721	768106	772907	775509	773891	562102	775024	763912	774672	774445	774340	774892	774937	775271	773858	525816	635707	766772	634615	679057	769765	774071	483318	766313	732213	651071	760229	313391	704943	644295	735361	698835	739591	741961	380	379	0	0	374	1	370	0	855	0	289	0	1	65	385	378	850	378	876	14	9	382	0	857	870	5	369	5	792	794	5	157	342	4	837	11	5	0	375	382	331	372	844	5	375	869	373	4	853	7	861	385	379	378	5	500	1	825	386	12	1	377	312	816	870	17	16	385	852	0	376	13	373	373	28	5	384	385	864	488	365	0	1	379	858	379	380	371	858	377	383	378	0	382	256	381	3	353	487	362	670	869	387	675	374	123	707	548	0	6	801	377	110	66	467	7	5	70	108	2	385	3	335	878	803	851	859	30	382	71	4	679	367	830	868	5	832	801	460	429	368	309	0	363	0	374	1	384	777	699	875	375	869	379	0	367	202	263	362	650	268	840	369	415	346	756	256	328	2	685	4	330	0	738	330
NC_063214.1	86000001	793513	793118	793080	793154	777543	790888	792241	791147	790391	791219	791985	766915	788393	30933	131877	793036	790850	791954	792186	792897	24237	95890	792234	33349	791915	793183	792253	791162	792531	776883	783833	792226	367425	777048	74281	791799	31222	791700	791783	792202	792946	784302	791574	791303	792286	791473	792146	791010	774932	790740	57377	791728	793008	792091	784540	791886	702956	179730	785848	792948	51663	139217	791685	759752	787333	792451	36475	64223	792439	788394	791216	792931	33286	791909	792420	95304	793393	793327	793107	793088	690590	790139	66809	218064	792217	791225	793120	793069	791365	792763	793021	793177	792987	792825	793272	745603	793030	792920	786694	677257	787139	787464	792902	793121	790536	792565	405477	792935	647425	639965	509693	778555	792560	183611	213667	792240	716178	771348	209651	339142	623797	793350	793083	777704	793296	789468	791693	791214	40252	793081	240712	788553	738233	791891	790921	789843	792950	789258	787231	791143	512803	792749	721390	787183	790543	793422	791968	591414	792697	782537	792486	792465	792397	792770	792688	793169	791719	573361	670462	786427	678006	712078	785972	791714	522117	785998	758165	688044	780986	363639	732888	678520	761951	713568	763856	763854	467	471	1	4	416	0	451	1	417	0	403	0	5	24	469	411	470	413	389	10	11	461	0	379	466	398	454	1	325	363	403	115	44	1	420	4	1	0	462	65	421	454	197	397	450	385	448	0	374	12	376	465	465	467	2	269	40	358	466	13	38	455	389	392	388	6	16	65	468	2	471	12	456	457	24	1	465	463	464	257	446	0	1	456	374	473	466	450	392	466	469	470	1	473	371	463	364	61	350	438	443	457	465	438	461	198	362	293	0	186	410	461	76	100	1	4	334	1	126	0	65	362	432	391	401	418	469	15	464	89	385	377	452	418	430	2	462	398	1	202	448	381	0	435	0	461	5	422	391	466	385	462	385	468	0	454	270	344	450	308	369	453	448	268	447	414	352	422	0	401	2	408	1	371	409
NC_063214.1	87000001	793047	792560	792720	792643	789592	790657	791768	790775	790899	791760	789117	787854	788426	50712	242325	791369	792309	790743	791718	792182	58482	155804	791833	79077	791493	791480	791723	790921	791849	789125	786681	791589	696987	788753	117374	791117	52976	791348	791128	791720	791326	788310	791427	790655	791911	790816	791825	790421	786398	790345	111440	790862	792384	791406	791590	791371	776086	281138	790148	791080	109357	247134	791382	772075	788507	792243	72013	109809	792916	789279	791424	792496	61871	791626	791895	133059	792348	792758	791469	792298	766782	790194	124448	317726	791715	791296	792638	792614	790770	792361	792465	792777	792492	792393	792858	784774	792502	792494	785331	717440	788201	787624	792433	792711	790765	792049	489590	791805	691495	691506	600379	783492	792210	257906	285434	792057	736380	772850	282399	445107	671451	792111	792867	783772	792729	789567	791517	791030	69459	792743	311514	788282	763698	791595	790594	790238	792788	788513	786016	791112	580164	790733	754098	787951	790476	790816	791676	636623	792216	785693	791172	791684	791920	792165	792271	792578	791437	642487	721301	788130	732816	736284	784572	790946	617792	785065	770384	727457	783416	469948	757382	716026	774092	736266	770226	771422	277	282	1	1	716	0	272	1	686	0	582	0	16	126	523	732	686	725	634	35	70	524	29	623	211	245	501	588	633	612	247	446	259	13	675	27	583	2	279	270	671	682	570	245	677	661	508	562	640	50	609	615	277	526	585	552	147	605	521	47	55	514	464	652	667	33	49	274	686	721	282	34	676	275	74	599	701	699	207	566	511	43	141	519	656	279	278	509	692	282	280	278	1	282	276	523	730	254	245	494	257	250	612	263	519	168	735	522	5	448	668	507	117	144	0	497	222	3	307	6	274	738	272	667	643	674	669	29	527	179	238	177	677	673	691	592	680	603	0	426	349	459	0	656	0	503	0	729	633	514	627	270	623	521	0	275	472	420	669	571	410	683	683	429	488	628	582	625	0	606	454	467	0	622	459
NC_063214.1	88000001	818579	818211	818225	818223	810650	815885	817388	816382	816424	816806	816876	816164	815594	45561	210280	817505	817140	815544	817121	817987	54755	137996	817890	85887	816751	817304	817359	816091	817569	807747	813355	817176	807016	808381	108970	816983	48335	816888	816669	817223	817361	815412	816683	816178	817446	816615	817466	815988	811972	815613	109819	816470	817985	817190	818052	817204	812392	258383	814610	817059	100058	252906	817086	798806	814232	817778	69579	102663	818432	815656	817200	818092	68010	817561	817546	121112	818014	818228	817406	817837	807035	815938	115571	337572	817403	817036	818201	818188	816510	817781	818152	818314	818167	818070	818343	816679	818058	818054	811141	768484	815632	812803	817901	818124	816054	817716	536770	817925	744610	732685	659094	813195	817601	311732	329331	817375	776432	804466	317909	510472	708735	817971	818322	813499	818329	814470	816986	816327	71879	818279	338880	814429	794529	816939	816531	817244	818229	814879	810900	816147	623958	817595	791627	816606	815736	818109	817334	683416	817617	813271	816829	817364	817595	817965	817893	818065	816880	680974	771584	814394	783159	778390	810202	817299	676851	811346	804849	772499	812656	538274	794093	766018	805750	764086	805305	802822	167	167	0	0	709	162	165	0	592	0	711	0	14	94	715	726	716	724	729	15	45	713	31	714	41	863	694	863	394	399	848	386	651	46	584	18	860	0	164	713	451	464	833	871	464	434	692	830	414	36	707	737	164	713	861	689	99	691	713	33	0	702	665	567	433	22	26	719	709	607	167	21	467	162	45	882	476	474	41	386	691	41	219	703	433	168	164	693	481	168	167	168	0	167	2	707	633	647	149	685	159	859	742	158	711	98	631	499	0	429	580	698	159	220	0	752	778	4	382	0	719	634	164	439	570	591	710	22	714	223	817	37	466	583	602	880	693	527	0	326	2	624	0	453	0	690	1	734	561	703	721	163	726	712	0	161	305	616	459	396	604	704	462	538	669	691	407	449	0	652	745	651	1	553	623
NC_063214.1	89000001	820662	819767	820082	819741	814360	817994	819272	818368	818314	818113	817858	819100	817000	55498	270034	818029	819530	817161	819347	820167	87763	169549	818839	114491	819319	818219	819232	818543	819746	814302	816264	819159	813598	813176	136287	818961	60268	818613	818310	819485	818701	817601	818776	818605	819403	818329	819040	818385	813487	817521	135610	818660	819823	819119	819850	818911	816582	325240	816236	817813	127879	285446	819408	800748	816721	819725	88602	121126	820415	816514	819313	819895	81094	819329	819067	132792	819645	820211	818270	820111	812667	817849	144785	368403	819466	818755	820249	820251	818769	820022	820082	820235	820185	820085	820103	818694	820198	820119	812217	768113	817606	813329	819561	819841	818268	819471	553192	818960	746699	737486	657706	816119	819506	267733	334644	819535	774262	807058	339477	521059	713993	819347	820177	815345	820051	817146	819128	818589	84566	820349	363514	817109	795304	819157	818494	818270	819986	817529	808817	818121	629150	819771	791315	818566	818092	819490	819546	689730	819727	815055	817472	819177	819728	819835	819895	820050	819001	696061	772371	816521	783219	781124	807716	818495	687093	813723	806402	771947	814443	547308	796408	769676	809746	769229	809765	803518	610	623	58	60	537	611	554	0	613	47	553	0	0	113	66	544	575	536	567	45	62	69	35	558	356	545	3	557	68	62	551	56	1	18	548	27	599	119	559	1	351	342	614	611	353	1	1	593	53	54	552	605	560	40	603	535	154	595	62	50	16	2	532	535	57	39	35	1	597	539	617	34	300	617	34	567	231	304	300	1	2	55	154	71	52	563	564	2	612	558	614	557	0	620	63	2	558	1	467	3	562	685	614	516	67	317	612	499	2	398	541	2	91	156	1	515	553	5	282	61	1	617	596	60	585	610	601	39	3	181	524	281	365	556	615	626	583	536	68	463	67	50	487	282	0	2	6	607	513	65	605	545	616	2	59	556	224	41	351	47	45	601	276	395	2	582	293	284	17	558	489	60	43	521	3
NC_063214.1	90000001	823862	823498	823533	823491	816120	821330	822663	821237	821409	822623	822700	820264	819764	33832	185985	823209	822354	821529	822609	823418	43617	104669	822997	68020	822312	823362	822720	821556	822981	816716	817172	822538	801020	815191	73277	822038	30745	822226	822467	822486	822955	820183	822261	821396	822762	821996	822557	821334	813477	820951	95432	821820	823399	822508	823528	822411	814680	237894	819301	823042	96714	242754	822259	800975	819455	823048	62788	107676	823741	820729	822375	823368	63213	822901	822765	122796	823454	823629	823236	823413	802055	821143	96336	333748	822830	822391	823545	823436	821669	823204	823466	823658	823460	823481	823687	821378	823453	823367	816686	767573	820308	818362	823073	823763	821816	822889	526809	823348	739061	730015	657262	818355	823046	303118	317969	822935	774553	808739	314203	500839	712415	823378	823663	817971	823524	820666	822329	821739	71093	823489	335303	819973	792878	822185	821738	822926	823571	819754	817684	821463	622996	823139	792320	821639	821219	823548	822617	678362	823141	818889	822485	822683	822838	823386	823056	823500	822043	676968	770307	819384	778851	781129	814626	822622	675437	815407	807354	770097	817335	524030	793351	764788	810523	764319	810064	806698	324	327	4	8	316	327	313	2	327	5	314	0	0	66	2	323	317	321	324	16	10	2	14	324	7	321	1	324	9	8	316	9	0	1	319	4	323	6	319	0	2	6	531	325	8	2	1	314	3	23	323	328	315	1	327	312	61	321	5	26	5	1	291	315	3	10	5	0	321	320	327	20	3	322	1	329	2	3	2	3	1	32	107	2	7	328	325	2	518	324	327	325	2	327	7	1	322	0	291	1	302	530	329	311	6	204	330	290	1	237	316	1	87	120	0	293	303	3	183	8	0	326	317	6	314	319	317	27	1	135	312	2	3	314	330	334	317	288	0	340	9	5	326	3	0	1	3	324	307	8	327	314	327	1	4	317	5	6	8	8	6	310	6	258	1	314	9	2	3	296	297	6	6	300	1
NC_063214.1	91000001	838008	837441	837615	837441	835526	835663	836895	835832	835709	836279	835640	836941	834877	60408	285750	835274	837301	834720	836755	837537	93771	178398	836356	123463	836626	836171	836850	835945	837062	832583	834440	836334	834469	834216	143695	836418	69354	836458	836270	836861	836164	835716	836461	835875	837077	836370	836601	835549	826177	835348	156097	836186	837460	836677	837502	836595	835057	351390	835782	835256	151936	304499	836674	820456	833950	837278	101977	141741	837774	834111	836564	837370	97578	836715	836845	169491	836742	837639	835653	837353	832613	834956	160357	391485	836914	836282	837652	837516	835854	837345	837230	837516	837564	837312	837774	837148	837583	837497	829307	786704	835421	830460	837343	836886	834925	837202	575485	836432	767207	754259	682796	833586	836473	292056	351591	836291	794307	826018	352125	542285	737569	836589	837688	833385	837751	833569	836455	835928	94985	837677	375966	834353	811966	836503	835707	835330	837277	834746	825927	836151	650421	837258	809558	836261	835879	836634	837002	715191	837343	832900	835335	837002	837018	837426	837208	837600	836215	711277	794562	834942	803613	800080	828120	836139	699808	831515	824872	797893	831854	560345	816281	788872	826677	786896	827446	823420	388	393	0	0	397	386	390	0	410	0	374	0	1	72	2	366	401	408	413	23	48	2	21	409	84	388	2	390	38	38	385	36	0	1	403	18	385	83	390	0	57	59	592	383	59	38	2	362	37	34	393	374	386	2	387	399	86	405	2	37	2	2	307	396	41	26	7	0	404	366	390	27	59	386	10	398	40	60	82	37	1	40	120	2	38	394	392	2	469	389	395	387	0	394	37	2	415	0	318	2	359	524	373	356	2	216	368	347	0	257	398	2	79	108	0	317	354	0	179	5	0	368	381	40	381	404	396	23	2	111	365	82	58	405	411	396	404	350	0	311	2	2	411	58	0	2	4	367	391	2	409	382	414	2	0	379	45	2	58	39	2	410	40	293	2	394	56	57	0	392	330	1	0	392	2
NC_063214.1	92000001	828810	828131	828196	827897	825285	826023	827228	825998	826729	826285	825691	827807	827390	59554	316571	825653	828004	825328	827341	828309	107066	187617	826831	157874	826941	825884	827417	826465	827613	821954	825642	827267	826611	826269	141079	826974	67383	826911	826986	827262	826194	826632	826555	826312	827491	826605	827133	825763	825505	825670	189353	826556	828056	826837	828310	826984	827214	378514	826916	825650	182967	409369	827408	818363	826169	828131	114314	213487	828529	826707	827479	828154	138146	827494	827510	193819	826884	828300	825709	828055	825026	826409	202832	495696	827349	827314	828238	828082	826391	827205	827957	828168	828066	827557	828455	827879	828270	828072	820094	797543	826855	822857	828014	828255	825817	827655	648206	826654	784180	786757	729712	826331	827642	376831	444127	827559	799932	820206	455814	630094	756477	826631	828301	826308	828538	825282	827062	826944	141151	828505	473208	825189	818018	827116	826570	826461	828349	825516	818714	827025	693557	828129	814607	827657	826440	826692	827720	741850	828095	825419	825396	827504	827701	828185	828070	828174	827147	754608	801398	825951	810525	808111	814401	827086	755032	823813	822696	804512	824851	651812	815653	800555	822580	798200	822782	818272	481	482	1	0	630	475	477	0	633	0	660	0	7	125	299	660	610	630	643	45	77	301	62	636	666	654	289	658	679	663	654	682	298	39	610	26	647	646	482	301	609	606	638	655	599	690	295	643	667	95	621	665	478	301	657	641	172	628	300	70	2	295	524	613	691	43	88	305	637	567	479	57	604	472	88	666	693	617	658	664	290	83	291	647	675	484	483	295	2	479	482	481	0	483	683	294	629	276	449	294	454	616	666	554	301	344	571	561	1	453	621	294	192	275	0	611	610	1	440	3	304	580	476	694	586	622	626	75	302	328	625	615	601	630	633	662	623	548	0	3	3	282	648	581	0	299	1	656	595	307	636	472	636	299	3	468	508	281	600	665	282	626	675	538	275	627	571	583	4	611	607	295	1	605	276
NC_063214.1	93000001	820354	819827	819955	819882	812776	818113	819071	817992	817708	818948	818963	813725	816822	41330	208468	819783	818699	818227	819009	819777	41242	134265	819181	57788	818713	819784	819121	818048	819309	812908	813543	819182	737661	812414	102338	818689	47321	818566	818769	818999	819433	815198	818610	817852	819272	818239	819180	817733	810406	817259	81750	818138	819695	818787	818491	818823	799886	229726	815491	819503	79263	202804	818674	793091	815402	819606	59924	92317	820215	816773	818553	819873	48536	819002	819348	107220	819986	820144	819630	819929	780467	817605	102671	285497	818970	818570	819929	819697	817862	819478	819585	819924	819684	819756	820038	812973	819911	819739	812281	749114	816517	815116	819815	820052	817937	819198	489449	819880	722814	711157	620236	813673	819505	262234	280395	819389	759737	801377	268928	456431	686343	819877	820097	812339	820039	816739	818616	818110	57356	820042	296269	815829	783425	818811	817841	818407	820091	816806	812922	817859	590188	819254	778305	816987	817877	820043	818969	664898	819609	814230	818832	819112	819320	819649	819580	819889	818570	650163	750506	815041	764605	767019	812067	818804	637480	812972	801290	757017	811452	482878	784301	750487	802693	751957	804298	799868	510	510	0	0	333	500	502	0	326	0	324	0	6	54	228	354	329	332	327	12	9	228	8	319	364	449	216	448	527	506	446	389	217	27	321	4	439	358	508	241	461	477	347	450	471	547	227	409	533	24	317	354	504	230	446	289	24	312	231	12	2	224	179	315	548	15	27	242	326	217	511	11	473	509	30	452	556	486	362	427	222	31	96	348	543	513	509	223	4	515	510	509	0	513	506	229	326	220	419	221	483	484	353	219	228	230	224	242	0	125	326	227	67	93	0	357	406	0	156	1	242	223	492	553	310	324	325	15	230	100	425	290	470	327	334	447	314	312	1	5	12	198	327	468	0	227	2	365	311	229	322	500	323	227	0	500	309	188	471	500	191	320	535	231	206	313	411	464	2	299	355	209	0	301	201
NC_063214.1	94000001	832210	831509	831522	831564	825900	828755	830536	829470	829890	830824	830432	830192	828590	55510	223207	830587	830902	828905	830589	831398	76792	154345	831087	106916	830360	830844	830617	829608	830993	821407	827409	830507	820685	825187	115339	829945	57981	830235	830411	830749	830865	828711	830258	829476	830918	830044	830521	829217	821745	829088	139503	829944	831509	830305	831412	830389	827993	303991	828162	830235	123776	306096	830730	811407	827659	831406	87276	139521	831738	827946	830615	831540	97363	831079	830819	131146	831529	831825	830931	831575	824318	829241	143534	395564	830922	830429	831675	831619	829636	831317	831421	831684	831451	831423	831853	830518	831568	831377	824704	779631	829274	827364	831628	831774	829591	831011	575158	831162	761124	751430	683365	827718	831163	313052	365483	830944	790210	817739	368923	544760	727273	831168	831696	826443	831855	828124	830370	829990	100086	831867	393751	828049	807894	830471	829700	829998	831760	828937	822160	830267	643540	831268	805339	830089	829571	831438	830924	703527	831272	827593	830044	830824	830912	831298	831299	831712	829933	711001	785788	828401	797281	795247	821455	830605	691943	826693	818782	788962	827018	570928	810510	782396	822042	781500	821761	817724	305	305	0	376	379	298	300	0	574	0	555	0	6	62	440	317	385	384	683	40	51	437	57	671	185	540	425	744	544	637	539	605	473	32	572	29	740	151	294	505	546	570	88	547	560	572	423	696	547	31	656	564	684	447	730	654	117	660	440	59	111	436	403	559	659	32	71	514	382	435	303	44	574	304	72	750	584	577	181	515	426	73	256	557	647	305	305	434	571	551	308	303	390	305	571	441	586	467	254	428	281	737	567	416	436	163	607	482	0	310	561	431	107	187	0	632	498	1	349	2	512	441	288	581	546	567	378	47	443	259	497	165	560	382	584	747	377	516	0	412	592	408	681	555	0	433	1	322	546	434	671	294	675	444	395	296	416	385	556	521	390	380	559	290	416	373	485	541	0	359	628	407	0	539	410
NC_063214.1	95000001	820825	820200	820261	820086	817321	818088	819516	818210	819062	819132	818821	819220	818813	52795	286027	818899	819979	817305	819302	820243	79561	168204	819292	119168	819003	819228	819590	817703	819821	816517	816509	819407	817081	816215	129265	819026	58516	819032	819227	819625	818978	817810	819051	818424	819697	818790	819290	818210	816722	818211	151063	818700	820209	819174	820343	819370	817546	320439	818568	818798	149429	327048	819398	802798	816736	820059	96340	151410	820581	817267	819522	820292	95562	819691	819690	171145	819652	820461	819272	820157	813581	818252	147355	414885	819775	819202	820349	820336	818205	820139	820071	820493	819997	820362	820480	819596	820309	820091	812303	778538	818069	815568	820344	820064	818440	819704	577465	819678	759334	747289	684262	816998	819840	331237	365778	819652	783827	809353	378638	546101	728298	819982	820502	816453	820555	817612	819147	818835	99917	820477	385330	817480	801967	819238	818514	818753	820304	817308	812141	818821	653476	819912	798210	819216	818378	819712	819576	706196	820034	816453	818954	819520	819643	820060	820045	820431	819017	711545	784278	817866	792694	787289	811224	819398	705385	815353	808913	783221	815857	587920	802427	775879	810918	779382	811485	805322	2	3	1	567	661	279	1	1	671	0	705	0	20	135	574	112	646	660	616	33	66	576	36	602	641	502	554	567	637	593	501	578	485	47	667	27	572	110	1	508	595	607	579	509	603	664	547	557	651	11	600	718	569	576	566	592	131	603	572	57	153	562	525	659	608	33	61	510	664	599	2	46	608	1	76	579	508	616	639	632	549	48	225	707	603	2	1	562	421	504	2	1	566	3	496	573	506	460	1	550	2	456	719	581	567	3	574	549	0	438	659	559	193	227	0	504	458	3	419	1	508	615	1	677	631	668	649	42	573	244	473	597	603	664	677	573	637	582	0	288	737	531	614	581	0	566	1	112	650	563	611	2	615	571	573	1	456	507	601	614	504	658	489	528	542	652	553	579	0	635	514	549	1	623	512
NC_063214.1	96000001	825730	825140	825256	825328	823440	822803	824295	823297	823878	823868	823796	824759	823518	61204	302530	823379	825123	821969	823999	824882	107319	188750	824465	148343	823891	822799	824391	823233	824673	822246	822692	823817	823334	822813	153033	824121	70646	823871	823918	824174	823399	822974	823991	822775	824489	823705	823936	822932	820476	822406	166146	823215	824846	824202	825080	823821	822767	367354	823060	823069	168577	338037	824185	810777	821569	824703	108889	164067	825313	822214	824289	824945	108612	824439	824484	169302	824797	825341	823986	824189	821861	822899	180278	432045	824463	823829	825392	825296	823007	824212	824998	825378	825160	825061	825489	824889	825175	825117	815140	783551	823424	818900	825012	824918	822729	824611	602145	824051	767382	752028	691785	821785	824053	303953	385915	824330	790524	814803	392740	575440	737710	824464	825059	821688	825430	821402	824046	823564	107172	825346	415313	821444	803466	824306	823131	822837	824527	821671	811848	823400	659125	824441	801847	824195	822883	824483	824424	716225	825032	820960	822847	824191	824403	824801	824943	825363	823872	722904	787141	822610	796025	796314	813508	823789	720808	819652	816457	791414	820159	594662	805169	783854	815965	780081	816115	810879	1	1	1	533	636	534	0	1	653	0	571	0	18	131	538	482	625	643	426	40	34	542	62	417	660	358	530	539	641	418	347	416	350	35	647	41	537	469	0	358	270	275	528	356	269	642	518	519	638	58	422	578	529	537	529	414	69	412	536	80	138	529	248	625	424	61	34	363	638	272	1	57	272	0	29	544	366	276	660	634	524	72	190	570	420	1	0	521	613	360	1	0	541	1	362	541	363	324	1	519	2	627	583	264	535	1	539	554	0	207	631	527	141	174	0	468	328	2	343	3	365	278	1	657	608	640	627	62	541	229	344	580	277	645	652	544	623	549	1	446	563	501	429	258	0	524	0	480	628	532	418	1	423	534	541	0	217	471	273	611	477	637	335	533	509	622	253	260	1	605	475	520	0	612	490
NC_063214.1	97000001	823795	823147	823294	823282	818811	820907	822230	821184	821340	821970	821434	821138	819478	54864	275530	822256	822474	820770	822262	823186	78156	168814	822285	113461	821845	822275	822337	820766	822737	814858	817165	822181	813290	815709	138828	821940	66148	821696	821996	822225	821635	820835	821709	821057	822564	821583	822097	820688	811819	820984	130441	821602	823121	822083	823440	822118	819757	308527	819537	821922	125796	267680	821862	801234	819019	822813	92474	133068	823509	819327	822184	822910	87907	822379	822433	147413	822612	823365	821971	823243	812200	820874	144528	346574	822518	822069	823209	823160	821524	823022	822923	823405	823176	823121	823417	821843	823223	823210	815124	765577	820620	816481	823223	823278	821581	822581	549364	822356	747739	732455	651100	818912	822823	280878	324267	822340	777062	808348	320022	507816	707097	822360	823441	818461	823573	820361	821984	821662	88563	823396	356807	819702	798829	822182	820980	822096	823227	820725	815288	821548	622923	822881	793093	821341	821005	822997	822466	688868	822868	819380	821406	822641	822466	822972	822877	823333	822027	686149	774554	819424	782485	778069	815594	822000	670090	817445	809471	775719	817006	541904	798413	768300	810835	767685	812055	807029	4	2	1	418	595	438	4	1	179	0	477	0	13	146	439	90	603	603	348	29	77	438	31	337	610	624	429	431	164	330	620	334	614	75	179	7	429	91	4	637	631	626	522	623	623	169	423	413	170	8	335	488	440	443	428	335	139	340	440	16	83	432	567	174	128	41	61	646	600	635	3	24	630	4	68	442	639	642	603	161	429	41	143	486	341	3	4	425	476	632	1	4	438	3	630	440	641	577	3	430	5	561	488	614	440	0	441	146	1	459	178	428	105	148	0	377	569	57	237	5	642	652	4	181	179	179	591	12	442	157	601	536	629	603	180	447	590	160	0	337	469	390	346	614	0	426	3	93	164	434	345	3	348	442	436	4	453	385	630	160	392	598	617	425	421	580	563	611	0	546	359	418	0	169	394
NC_063214.1	98000001	815737	815237	815310	815189	809531	812981	814312	813152	813810	813200	812727	813346	812365	59795	286509	812996	814475	812504	814310	815000	102965	184620	814086	136325	814194	813750	814397	813472	814646	804852	810355	814178	800523	807878	153017	813804	66412	813725	813819	814546	813193	812273	814109	813363	814481	813517	814306	813122	807877	812709	157702	813416	814966	814408	815064	813705	809134	356754	812513	812830	174352	316129	814201	799240	812017	814749	112145	156790	815433	811748	814138	815067	103247	814524	814543	187757	814198	815402	813532	814945	805340	813018	161284	385719	814342	814083	815333	815364	813667	814914	815110	815339	815229	815082	815371	813368	815204	815258	808198	765257	812551	809618	814919	814589	813192	814525	556296	813767	747811	741064	666537	811430	814212	297671	351591	814409	774173	802298	363581	525999	716085	814172	815072	810355	815313	811529	814043	813626	100954	815435	373850	811884	794483	814142	813443	812846	814561	812327	805430	813339	633523	814681	788150	813649	813455	814308	814469	694281	814551	810843	813057	814259	814559	814865	814918	815130	813724	699160	773803	811621	784415	778068	802775	813615	688534	809410	802541	775350	810733	564668	793637	768603	805996	768782	806040	798427	1	1	1	325	403	345	2	1	431	0	579	0	11	76	355	3	408	410	302	20	50	355	20	298	421	420	346	353	401	285	417	265	400	39	428	31	350	2	2	423	417	414	512	423	414	432	344	337	420	2	296	599	350	354	345	280	115	293	355	61	108	347	387	419	0	36	52	430	409	418	1	48	421	2	71	357	428	429	417	394	332	31	107	584	295	1	2	346	440	427	1	2	350	1	421	353	426	390	1	338	3	479	596	409	347	5	354	381	2	299	428	343	102	174	0	308	379	105	302	2	427	431	1	433	408	428	400	47	354	196	402	378	411	410	434	353	401	398	0	300	575	321	295	409	0	338	1	3	413	349	298	1	299	348	354	2	304	314	409	399	315	400	421	298	335	399	373	397	0	380	306	336	0	417	306
NC_063214.1	99000001	791791	791252	791384	791317	784082	789080	790708	789317	789208	789955	788810	785708	787142	46047	212617	790315	789910	789471	790466	791181	41007	139863	789973	63882	790122	790555	790395	789570	790993	784360	784476	790499	655384	783567	112311	790163	44944	789880	789762	790685	790400	785765	790040	789274	790794	789959	790602	789268	779760	789107	84630	789937	791070	790419	790867	790192	768032	259614	786906	790055	77576	181869	790340	762365	786142	790560	61958	80858	791678	786511	789722	791240	51796	790631	790543	122119	790957	791602	790640	791225	760989	788738	107845	258113	790248	789561	791462	791399	789825	790552	791283	791403	791338	791296	791442	784181	791372	791309	784244	700381	787263	786178	791148	791399	789495	790501	428882	790655	666225	661297	547870	781604	791174	217535	234658	790527	724572	772127	228748	380207	640227	790852	791406	779196	791455	788549	789811	789105	48844	791479	256220	787334	749414	790153	789278	789847	791490	787295	785571	789162	539368	790388	736823	787308	789275	790889	790405	609317	790690	785097	789530	790636	790708	790919	791087	791357	789926	586307	699301	785657	704417	720698	782690	789951	567295	782164	763170	706801	780430	404505	743851	698487	766966	722025	768140	767142	0	0	0	638	802	660	0	0	236	10	514	0	21	145	675	3	804	802	665	19	55	669	25	649	825	803	658	667	230	632	811	394	775	65	228	9	656	1	0	815	768	803	533	814	798	237	651	628	231	0	653	552	660	676	664	562	131	637	670	17	62	660	679	228	0	38	47	826	777	792	2	16	803	0	79	676	822	821	816	195	649	41	138	546	652	0	0	655	2	812	0	0	668	0	756	668	811	745	0	638	0	816	556	786	668	2	670	184	1	481	227	658	131	101	0	555	714	153	181	1	822	815	0	239	228	231	794	18	665	109	770	659	800	806	236	671	773	223	1	4	534	574	656	763	0	652	7	3	220	665	661	0	48	671	674	0	503	529	781	197	542	793	773	479	621	738	658	759	2	664	530	589	0	218	591
NC_063214.1	100000001	749094	748566	748530	748621	738664	746725	747977	746723	746125	747032	747493	729188	745869	28449	112689	748575	746417	747473	747680	748392	20279	87806	747696	26784	747650	748717	747939	746802	748199	735101	739986	747948	250598	736005	59913	747541	25299	747058	747376	747857	748581	740289	747271	746795	747977	747085	748187	747119	737967	746214	55837	747407	748601	747819	740147	747264	651467	158450	744303	748613	39143	129770	747520	717623	743235	748005	33255	62243	748646	743197	746724	748472	35325	747688	747867	86794	749015	748993	748871	748578	641846	746429	70908	204562	747595	746615	748783	748676	747199	748137	748647	748812	748637	748648	748715	697867	748614	748686	743727	607899	738024	744457	748365	748898	746657	748040	344525	748733	564248	575805	427823	726680	748450	200093	172096	747972	649452	718233	184153	271464	559964	748929	748707	722248	748785	745593	747346	746741	41603	748763	213477	744456	691240	747140	746417	745156	748794	743759	744170	746752	457200	748093	658693	740337	746627	749020	747280	517879	748019	736566	747938	748017	747911	748519	748342	748536	747151	505272	591994	736828	586322	649177	741336	747278	451792	738701	694119	605918	729282	290976	664116	588553	701520	666390	705928	710883	4	4	2	504	758	565	2	1	658	4	715	0	5	40	578	6	778	781	670	10	27	567	5	665	793	574	551	569	584	628	565	101	507	21	656	3	563	6	2	580	512	562	828	572	567	662	556	526	650	0	654	866	562	576	557	425	52	638	571	13	53	564	490	637	2	14	32	581	762	566	4	25	561	4	27	577	576	579	788	399	550	20	98	845	655	3	2	560	4	571	2	2	568	4	434	573	579	528	4	541	6	569	873	558	566	3	576	424	0	277	619	567	119	152	0	432	486	123	259	4	582	576	4	671	626	658	750	26	573	190	535	591	568	761	677	578	748	594	1	8	840	442	660	540	0	560	7	8	601	567	654	3	1	572	573	1	294	422	531	478	417	750	551	380	519	644	407	514	2	589	386	481	2	560	501
NC_063214.1	101000001	775261	774796	774973	774924	769143	772863	774222	773054	772880	774398	773490	764846	771527	47121	223992	774397	773851	773940	773932	774712	39928	142516	774075	54149	773817	774638	774116	773065	774377	767165	767294	774049	415292	767209	121359	773720	55123	773711	773693	774224	774339	767768	773733	773016	773966	773415	774053	773108	765115	772743	82330	773430	774818	773881	770833	773657	725703	252465	771075	774236	76243	155775	773655	744234	769774	774293	58680	74200	775115	770053	773078	774600	45914	773868	774279	149819	774843	775144	774427	774876	715981	772696	99412	228569	773907	773354	774909	774811	773075	774542	774680	774988	774660	774836	775058	751599	774785	774831	768974	658292	769170	771277	774813	774893	772979	774340	377263	774755	616327	608420	482633	759685	774455	209483	199573	774254	688718	750301	194083	311530	599875	774929	775036	760139	774963	771682	773770	773150	41188	774921	226534	771014	725264	773656	773135	772445	775000	770445	769827	773043	500515	774370	702266	768234	772625	774925	773791	563193	774570	765922	773677	774166	774038	774508	774566	774881	773532	536800	644925	767020	656068	683983	767664	773868	502632	766169	732651	659800	759990	330219	706799	646187	739395	700677	743487	742191	74	74	0	577	407	593	74	0	77	9	573	0	25	90	598	3	410	412	595	20	15	594	16	591	419	402	585	595	8	543	411	193	310	32	75	11	585	1	72	336	381	401	618	408	397	2	577	548	5	0	586	648	591	598	591	436	67	569	605	9	70	580	266	72	0	19	21	344	406	324	71	22	410	74	50	603	414	415	416	4	577	36	108	637	580	73	73	574	1	411	0	72	599	74	330	595	339	383	53	568	72	408	647	312	592	40	602	54	0	168	77	586	60	120	0	449	341	111	190	5	345	338	64	4	75	74	403	8	595	138	379	323	397	405	79	599	395	68	0	8	638	473	575	392	0	581	4	3	68	586	597	69	0	597	597	72	213	416	376	4	434	391	407	195	548	340	302	355	2	315	399	497	0	72	499
NC_063214.1	102000001	815009	814545	814586	814599	810309	812437	813797	812540	812910	813387	812846	809837	812037	44737	249353	812966	813765	812600	813640	814330	69354	147602	813837	101091	813328	813830	813762	812763	814033	809587	810174	813243	734377	809475	112763	813213	52284	813116	813369	813693	813234	810262	813200	812602	813719	813029	813587	812013	809371	812009	127689	813079	814390	813644	813057	813450	800001	301687	811708	813331	127232	265230	813548	793917	810855	814072	89576	114105	814735	811805	813343	814420	71895	813779	813597	149806	814224	814725	813385	814570	789633	812152	122127	330905	813881	813432	814550	814440	812870	814195	814425	814694	814347	814370	814700	808667	814468	814445	805588	741048	811258	809757	814518	814242	812703	813863	503722	813846	720853	711837	612540	808145	813943	231875	287903	813891	761656	798766	297111	462896	684434	814328	814635	808260	814683	811753	813292	813182	78865	814702	325103	810762	788958	813581	812799	813346	814561	811515	806571	812798	591121	814288	777477	811678	812523	814002	813702	659065	814325	808601	813137	813760	814037	814339	814079	814640	813224	661153	748665	810463	758367	765595	804195	813214	643778	808902	797586	754373	806995	492876	785360	749898	800202	765254	798624	793829	2	2	0	355	2	368	2	2	2	0	368	0	10	0	374	3	3	3	373	15	0	374	31	367	2	2	356	369	1	360	2	314	3	0	3	0	371	2	1	4	1	3	359	2	1	3	357	361	1	0	368	376	362	373	369	342	1	361	374	0	68	369	3	3	0	0	0	4	3	3	2	17	1	2	0	374	1	1	2	0	359	27	115	369	363	2	2	366	1	2	0	2	370	2	0	372	3	2	1	361	2	0	375	2	368	2	377	2	0	1	3	360	1	111	0	317	1	116	184	1	4	3	2	1	2	3	3	0	370	120	2	2	3	3	3	371	3	5	0	7	371	333	369	2	0	364	3	3	3	371	371	2	0	373	375	133	3	310	1	1	317	2	1	1	364	1	1	3	0	3	303	341	0	3	331
NC_063214.1	103000001	828786	828357	828493	828202	824781	826134	827456	826478	826973	827291	826736	825993	826885	43728	239206	826832	827777	826502	827490	828361	65122	137361	827057	102937	827378	827485	827618	826819	827730	819629	822347	827559	813610	824494	110733	827178	49171	827030	827446	827517	827246	825686	827074	826634	827621	826776	827536	826177	824305	826039	140998	826858	828239	827290	828119	827315	822024	307596	826399	826828	137323	304059	827257	813672	824515	828127	93474	132854	828648	825830	827330	828271	87780	827696	827518	167456	827875	828445	826984	828379	814170	825995	132796	386916	827618	827392	828340	828339	826604	827981	828145	828363	828248	828193	828546	826219	828328	828330	819057	777735	825864	822478	828220	828337	826516	827577	562349	827858	754126	755098	665865	823096	827889	272903	340691	827451	785757	814298	350072	531892	725507	827945	828515	824250	828520	825051	827322	826968	91029	828467	372015	825339	808656	827248	826554	827529	828377	825563	820339	826729	641367	828038	801582	826557	826357	827950	827365	704461	827997	824311	826400	827731	827626	828154	828065	828383	827024	714479	782096	825431	791985	792506	816363	827279	690955	823728	817436	785388	822862	561974	806435	780621	819456	788648	818016	810664	424	432	1	631	1	571	417	423	2	0	562	0	8	0	579	0	1	1	576	27	0	573	31	565	1	431	555	655	401	536	425	501	1	0	2	0	642	1	426	1	413	2	562	428	418	2	562	627	420	0	568	578	570	580	654	541	3	561	574	0	101	563	1	2	0	0	39	1	1	1	426	36	430	424	50	665	429	427	1	397	556	54	211	565	556	430	431	563	0	427	1	424	660	433	422	577	2	396	389	554	391	431	579	1	572	263	572	3	1	2	1	562	3	178	0	577	391	204	301	1	1	1	423	431	2	2	1	3	576	199	407	1	1	1	3	667	2	3	0	1	566	543	576	1	0	562	3	0	2	567	568	422	1	572	578	568	3	501	420	409	509	1	424	1	537	1	390	1	1	1	573	549	0	2	533
NC_063214.1	104000001	810240	809823	809811	809741	806914	807780	809100	808095	808178	809370	808808	808277	807735	45034	256491	808929	809387	807359	808833	809734	61667	162003	809192	97952	808857	809491	809137	807876	809246	805969	805375	808688	802219	806778	122923	808670	47711	808636	808675	809048	809090	807268	808347	808088	809131	808448	808911	807413	805406	807300	129512	808301	809759	808751	809855	808769	805584	302306	807227	808989	124129	288038	808701	795213	806728	809181	77813	125976	810081	806775	808959	809699	75331	808974	809171	137630	809833	809959	809679	809791	800785	807349	135711	380234	809085	808709	809900	809826	808341	809571	809708	809925	809855	809774	810017	808445	809889	809765	801860	763739	806866	804720	809476	809608	807760	809371	547341	809383	741104	736653	666235	805352	808896	302204	339473	808811	769495	794933	344421	526946	713279	809660	810017	805924	809926	806366	808480	807914	88809	809947	364993	805778	786884	808498	808170	808137	809532	806651	800442	808176	628660	809078	785160	808564	807723	809550	808987	691377	809542	805971	808612	808940	809245	809271	809524	809702	808429	700783	767532	806612	775459	776672	798084	808314	684380	804622	798739	771203	803951	557006	788572	760375	798158	765770	799754	794507	700	696	0	490	1	596	687	690	630	1	417	1	29	0	602	0	1	1	427	26	58	603	37	418	1	98	579	511	88	396	94	397	602	49	620	18	511	0	695	625	95	615	411	96	98	613	581	483	94	0	415	427	594	600	508	403	144	417	600	65	80	586	577	608	1	0	11	633	1	614	699	30	97	692	5	520	96	98	1	90	573	41	150	422	419	704	696	581	2	97	0	701	511	699	91	599	626	90	585	572	633	98	426	602	596	394	600	514	3	449	611	581	1	128	0	441	81	198	209	3	629	631	681	99	593	611	2	54	602	121	93	1	616	1	629	518	1	545	0	3	411	544	420	589	1	585	2	0	587	589	415	685	1	598	598	587	441	515	93	92	523	2	97	1	542	1	83	585	3	1	446	557	2	585	537
NC_063214.1	105000001	825891	825418	825623	825544	821426	823080	824717	823562	823817	824871	824607	824390	823025	40131	237745	824909	824784	822570	824450	825463	75663	151172	824912	109796	824390	824760	824736	823900	824987	821578	821708	824317	821698	820863	103763	824242	42158	824446	823722	824599	824781	823195	824029	823749	824958	824230	824422	823229	820880	823228	140764	823404	825380	824514	825512	824456	822450	318032	823081	824521	132719	325070	824582	808725	821675	825176	84103	133836	825639	822678	824572	825340	87624	824884	824765	139513	825355	825591	824902	825054	819613	823231	136131	413000	824653	824463	825597	825519	823991	825024	825343	825558	825373	825321	825641	824726	825407	825402	817824	781645	823391	819702	825379	825546	823297	824939	585869	825084	765752	759803	686977	821550	824528	305065	363605	824910	788612	811837	377460	565832	731199	825191	825426	821402	825701	822439	824420	823441	95804	825597	386219	821841	808578	824449	823293	824360	825432	822318	817168	823818	651285	824792	804894	824250	823107	825164	824592	712326	825041	821047	824298	824810	825021	825226	825185	825539	824360	721429	786505	822847	798303	794594	813923	824146	714925	820019	815088	792321	819737	583000	806006	780732	817651	784745	817383	811057	741	742	1	308	2	713	721	721	944	1	822	0	17	5	721	3	3	2	831	36	69	724	43	811	4	503	704	308	494	790	500	796	909	48	926	21	304	3	728	943	503	924	806	510	509	923	684	300	500	1	809	831	711	723	309	798	179	808	720	74	150	703	817	903	1	1	48	949	3	935	747	38	509	732	48	313	519	523	3	488	688	21	99	817	815	745	745	694	2	515	1	738	308	744	516	717	941	462	661	694	680	512	834	901	709	425	722	797	1	678	910	706	4	262	299	277	454	273	455	8	949	949	729	521	892	919	2	75	718	280	492	1	922	2	948	309	3	831	297	5	796	660	828	898	0	701	4	3	882	730	815	729	1	710	722	702	711	635	511	484	640	2	503	1	680	3	453	867	1	2	280	684	1	880	648
NC_063214.1	106000001	823300	822604	822920	822718	820433	820556	821946	820857	821696	821815	821149	822374	821644	54610	300206	821462	822564	819431	821746	822807	113017	179585	821658	160017	821842	821340	822230	821055	822312	819746	820284	821675	820508	820700	142449	821695	59213	821097	821421	821996	821831	820554	821305	821061	821965	821456	821856	820749	819679	820093	201840	821365	822604	821640	822698	821513	821575	382257	821156	821042	191430	392632	822009	811942	820056	822289	124651	199581	823053	820441	821924	822569	131365	822037	822089	197197	822050	822991	821399	822761	819613	821110	198174	486992	821822	821637	822977	822730	821140	822613	822749	822874	822874	822570	822875	822181	822910	822623	814906	792376	821152	816818	822663	822023	820363	821998	629612	821221	777098	770107	715928	820753	821729	332510	423587	821726	794581	812857	440969	613584	746679	822117	822330	820295	822716	819163	821664	821014	135833	822931	448830	819918	808862	821759	821162	821017	822015	820003	814008	821062	678182	822286	805283	822176	821005	822188	822085	730560	822173	818634	820496	821915	822110	822370	822353	822753	821670	743868	795908	820461	803673	801431	805893	820861	739957	818177	814664	798732	819366	638956	810452	790342	817852	789544	816205	811128	872	877	59	72	3	879	794	794	1015	69	747	0	18	2	884	4	40	2	750	58	90	894	88	731	73	741	789	2	783	798	721	823	911	103	932	28	64	908	811	944	795	988	725	780	784	926	793	75	785	0	735	817	810	839	55	743	285	811	879	143	239	810	929	904	72	0	105	951	61	934	887	67	733	858	104	2	789	751	840	730	801	0	1	786	786	820	819	791	4	742	66	820	2	893	862	816	88	694	750	785	823	800	819	914	865	618	845	906	0	801	930	813	6	316	927	58	757	329	491	73	946	1012	866	818	959	974	63	133	826	333	692	5	993	3	1001	61	67	902	963	69	787	838	753	915	0	807	3	58	902	814	800	805	58	808	673	812	781	818	796	783	830	65	809	3	781	80	756	900	68	78	62	850	66	899	748
NC_063214.1	107000001	813996	813583	813609	813280	809167	811627	812755	811747	812222	812252	811623	812159	811340	51843	274941	811905	813088	811198	812654	813539	104488	178683	812461	143536	812460	812210	812717	811622	812924	808285	808621	812465	806041	809097	144187	812406	61425	812011	812319	812678	812108	810823	812241	811612	812630	812028	812597	811611	808242	811352	173667	811774	813427	812418	813623	812295	810401	336576	810947	811404	172336	313437	812714	795622	810267	812871	118625	166563	813769	810635	812484	813484	114658	812851	812744	191047	812726	813732	812132	813575	806243	811320	172473	398684	812563	812500	813590	813515	811929	813406	813549	813281	813550	813202	813689	812237	813540	813473	804106	759815	810605	806951	813371	813275	811132	813012	563459	812765	741566	735304	654612	808864	812719	301456	353795	812624	766454	799628	356043	528910	708907	812840	813572	808345	813772	810232	812566	812060	112363	813605	388717	809852	791274	812654	811784	811800	813117	810647	802709	811703	627445	813236	783281	811499	811823	813030	812767	687789	813161	809197	811288	812926	812958	813113	813208	813584	812297	689768	763361	809986	774674	774936	803348	812215	677243	808316	799477	767469	807727	543207	789956	761832	804077	765468	802231	796872	794	790	0	0	1	784	776	775	267	0	722	0	28	0	791	2	1	1	731	49	29	788	84	718	1	721	766	0	707	713	718	690	258	28	263	10	0	327	775	267	708	258	710	731	713	261	770	0	714	0	721	736	778	792	0	703	86	719	795	46	159	777	243	248	0	0	92	269	1	261	792	56	727	788	122	0	482	733	267	688	769	1	0	722	714	799	790	760	2	731	0	788	0	796	844	791	254	683	682	765	726	728	736	252	786	458	723	228	1	215	260	765	0	218	258	0	655	245	413	3	271	269	771	734	249	263	1	34	796	279	681	0	259	0	267	0	1	220	258	4	717	707	727	248	0	773	3	2	252	713	721	774	0	786	1	776	209	688	710	668	693	1	815	0	746	1	638	248	1	2	0	734	0	253	708
NC_063214.1	108000001	818430	818022	818147	817896	813971	815646	817223	816047	816323	816978	815872	816323	815719	51947	273911	816503	817444	815577	817019	817910	75751	170378	817173	111274	816867	816493	817308	816412	817506	813049	813897	817163	810418	813833	135945	816868	58109	816694	816770	817241	816119	815302	816842	815911	817413	816740	816950	815952	812758	816052	146234	816216	817999	816972	818110	816656	813473	322456	815471	816122	131425	294071	817125	801072	814144	817762	89767	128138	818276	814240	817131	817946	81880	817254	817346	153723	817172	818213	816018	818040	809376	815571	145721	364041	817100	816953	818117	818134	816203	817822	817941	818114	817996	817828	818226	816623	817984	817983	809825	760330	815117	810588	817805	817836	815824	817451	538781	817099	734469	730332	639037	813020	817166	253438	320729	817225	772186	802690	325642	502329	706287	817215	818117	812949	818227	814653	816885	816567	87769	818185	355510	814528	791477	817268	816090	815595	817748	815056	807118	816392	618232	817596	787339	815387	816398	817313	817125	678449	817670	812703	815422	817359	817342	817795	817795	818125	816712	687739	765066	814558	775295	778936	808996	816826	660717	812906	802704	768613	811673	522705	790994	763454	805476	765754	803726	800295	730	734	0	0	7	725	714	719	609	0	618	0	28	2	735	3	6	5	632	49	92	730	56	621	5	624	711	0	602	593	619	586	583	70	602	23	0	646	722	602	610	603	612	621	621	601	717	0	623	0	617	628	729	738	0	596	167	615	729	67	123	723	538	582	0	0	60	612	6	595	733	39	618	727	76	0	289	627	607	574	705	2	2	627	621	737	733	723	3	625	0	732	0	738	706	734	289	577	630	702	663	621	627	567	728	417	629	505	0	430	598	722	3	187	590	2	566	222	333	3	608	614	713	630	574	595	6	54	735	229	604	5	598	6	608	0	5	529	595	6	622	671	625	575	0	719	1	3	567	611	623	720	0	728	0	611	515	630	617	576	659	7	706	7	695	6	543	571	0	6	0	681	0	571	648
NC_063214.1	109000001	809952	809317	809460	809431	806083	807641	808499	807512	808251	808127	807695	808681	807986	58373	312325	807750	809217	806591	808530	809306	109973	190265	808071	163633	808307	808155	808981	807961	808950	796379	806028	808126	807643	806348	146931	808258	71686	808381	808333	808625	807678	807636	808428	807834	808924	808216	808606	807319	806050	806873	191389	808005	809310	808382	809213	808407	807516	365437	808233	807386	185575	367625	808577	797273	806857	809253	116068	175957	809658	807551	808693	809343	113669	808818	808593	193831	808454	809525	807880	809455	805597	807358	176688	428790	808852	808434	809597	809421	807855	809190	809290	809698	809343	809169	809686	808935	809436	809439	800193	774001	807634	803096	809390	808676	807470	809008	600358	808195	759487	753888	687948	807029	808672	303067	374618	808686	777704	800349	396171	578162	728507	808147	809373	807319	809623	805983	808387	808298	120026	809590	417819	806208	796210	808631	807687	807122	809452	807062	797777	807934	656660	809050	791866	808855	807452	808718	808769	707667	809170	805699	806867	808824	808936	809358	809137	809611	808340	723268	780118	807292	789161	783562	796960	808413	716520	804945	801600	782051	805059	606532	793442	774975	803332	773907	803165	796092	397	398	0	0	2	398	389	392	391	0	202	0	8	0	404	1	2	2	208	5	52	400	30	204	2	202	392	0	203	196	200	196	363	41	388	23	0	379	392	388	198	385	201	204	193	387	385	0	198	0	200	204	391	399	0	203	103	202	399	53	39	387	347	382	0	0	13	394	2	383	399	8	202	395	8	0	3	206	389	194	391	0	0	205	205	401	398	391	1	202	0	398	0	401	394	399	3	185	367	384	380	204	206	376	398	272	206	352	0	315	392	396	9	81	379	0	178	88	122	0	394	396	399	208	365	381	2	33	401	100	193	2	384	2	394	2	2	346	377	5	199	378	208	380	0	391	4	0	377	201	202	397	0	392	0	200	161	365	202	197	369	2	395	2	384	2	187	376	1	2	0	380	0	372	358
NC_063214.1	110000001	778586	778133	778200	778075	771763	776166	777158	776310	776681	777168	776481	773937	776045	53684	225638	776829	777566	776232	777280	778028	63230	142666	777063	89319	777036	776940	777618	776635	777716	766061	772634	777249	692861	770532	111056	777073	49603	776986	776595	777507	776669	774506	776734	776287	777420	776829	777072	775902	772699	775764	106696	776873	777857	777044	777018	777176	759081	282202	775362	776584	107113	236165	777126	758375	773644	777729	75396	93523	778364	774672	777171	777989	63498	777348	777372	146225	777396	778013	776790	778077	757215	776036	120162	303294	777278	776849	778237	778175	776412	777937	778049	778238	778091	778073	778334	769811	778034	777836	772551	706176	774832	773709	777953	778141	776000	777475	475352	777245	675190	675038	580686	769615	777872	264685	277809	777469	720489	758823	270603	428178	643863	777219	778317	770276	778303	774800	776934	776777	64274	778308	294761	774540	747829	776852	776348	776388	778195	774731	772069	776075	560066	777739	737032	775262	775677	777647	777246	620331	777641	771914	776047	777413	777412	777861	777793	778028	776837	622117	703454	773487	717034	726223	769489	776551	598121	770866	755405	712428	768592	463811	742483	699570	760208	720372	763900	756781	748	748	0	1	3	744	733	738	715	1	662	0	19	0	752	4	3	3	692	35	37	750	39	673	6	679	722	1	629	626	674	504	668	34	706	12	1	713	741	720	653	702	665	678	664	714	22	1	667	0	678	687	735	751	0	620	107	669	742	31	86	734	614	691	0	1	54	726	3	707	740	33	676	737	78	0	402	688	722	597	728	0	0	685	675	751	744	729	2	688	0	741	0	750	700	741	394	637	577	700	691	686	694	680	734	333	685	521	0	416	685	733	4	176	651	7	595	187	302	10	725	723	716	689	677	710	4	31	745	216	636	5	709	3	732	3	6	664	648	15	669	624	676	683	0	739	5	3	672	669	688	730	0	750	0	668	445	586	658	595	596	12	729	1	678	3	564	662	8	2	7	649	2	649	637
NC_063214.1	111000001	768455	768093	768094	768218	761160	766285	767178	766266	765819	766770	766858	745162	764516	36708	162172	767851	766804	767008	767032	767950	26034	114385	767388	32390	767061	768269	767384	766223	767670	760044	760622	767426	300727	758551	95778	766713	40069	766670	766810	767220	767866	758951	767055	766381	767307	766391	767336	766096	759606	765978	65791	766625	768017	767100	757267	767044	674073	178684	763531	768027	55472	138783	766870	740361	763425	767704	38166	72388	765859	764038	766050	767954	39416	767081	767312	123598	768346	768198	768174	768153	662364	765610	89074	227344	766917	766447	768069	768082	766694	767682	768039	768214	768017	768016	768181	716955	768014	767875	762329	641755	759936	763398	767802	768293	766100	767427	387809	768169	603992	606205	466173	749860	767853	219525	200241	767463	679692	741406	196563	311292	596679	768250	768071	746364	768212	765242	766769	766256	47601	768063	227191	763701	716102	766773	766167	764711	768227	763700	762545	765827	494898	767438	690323	761617	765618	768316	766801	561452	767744	758651	767515	767331	766993	767792	767686	767767	766605	541778	624178	759606	626026	680526	761834	766756	496595	757441	723773	646543	750052	329786	696888	628139	724935	692686	730229	735426	757	758	1	1	3	754	740	739	748	0	3	0	16	4	757	2	3	3	3	1	55	749	18	3	3	2	742	0	2	3	2	9	694	44	744	20	0	543	758	758	3	746	2	2	1	755	0	0	3	0	3	3	749	758	1	3	85	3	763	29	0	740	610	721	0	2	0	762	3	730	755	0	2	749	0	0	793	2	760	2	732	0	0	2	3	763	762	740	2	2	1	754	0	765	380	758	594	2	547	707	38	2	3	737	755	297	2	505	0	390	712	752	9	5	2	7	1	0	1	1	765	762	701	3	724	750	3	47	758	169	2	4	743	3	767	1	3	686	3	9	6	614	3	720	0	737	1	2	686	2	3	733	0	762	0	2	3	540	3	3	575	3	530	3	696	3	3	677	4	2	0	633	0	644	651
NC_063214.1	112000001	794134	793774	793924	793834	786074	791934	793045	791859	792075	792233	792569	785005	791383	42387	194240	793084	792185	792682	792908	793770	55339	136770	792980	77739	792888	793447	793103	792150	793367	782940	788158	792749	570126	783063	98372	792478	42299	792669	792413	793058	793244	788467	792746	792215	793295	792402	793085	791695	784652	791693	110417	792321	793738	792922	791182	792713	755174	257507	789608	793181	100671	228517	792813	774163	790480	793510	68421	106295	793909	790862	792390	793645	69774	793190	793063	133770	793660	793789	793401	793792	746973	791326	121426	310862	792895	792338	793836	793820	792517	793593	793831	793987	793680	793732	793886	773310	793774	793494	787157	715756	789352	789398	793670	793922	792030	793208	469341	793720	685270	678575	576251	783858	793259	248832	281238	793148	736903	773322	275459	430097	661804	793557	793805	784821	793889	790943	792430	792214	74765	793847	301946	789952	758384	792886	791730	792134	793817	790255	787369	792172	562732	793139	749908	789809	791643	793685	792859	628863	793423	787797	792978	793200	792993	793587	793509	793609	792408	625361	708015	788608	721203	733938	785978	792433	602603	786572	770315	716524	783515	452107	754182	705417	772541	731937	774028	770128	165	167	0	1	4	165	161	163	167	0	3	0	2	0	165	2	4	4	5	0	10	165	4	5	4	3	162	1	4	5	3	12	163	4	164	2	1	681	164	165	3	162	3	3	2	164	1	1	5	1	4	3	165	167	1	4	19	2	166	6	1	163	135	156	0	0	1	167	4	156	166	0	3	167	1	1	772	2	165	3	162	0	0	4	5	164	164	162	2	2	0	164	1	167	588	166	697	3	132	158	5	3	3	161	167	70	7	125	1	98	157	167	4	8	3	1	1	1	4	1	167	170	158	5	158	168	4	12	168	54	2	4	163	4	169	4	4	156	3	3	4	147	5	161	0	166	3	2	156	2	5	163	0	163	1	3	3	125	2	5	137	4	682	4	161	6	2	152	3	4	0	148	1	149	141
NC_063214.1	113000001	778656	778135	778248	778209	771502	776216	777391	776267	776068	777702	777050	754418	774984	37488	199315	777928	776885	777098	777329	778036	46302	127014	777478	65688	777157	778210	777471	776305	777583	770707	771835	777162	500082	769893	97764	776758	38654	776754	776721	777311	777960	771253	776803	776289	777479	776633	777214	776330	767300	775711	88886	776430	777870	777072	771691	777156	725006	233763	773223	777978	84593	196069	777129	752096	773314	777652	61835	95670	776059	774682	776460	778132	56550	777194	777510	138305	778468	778292	778009	778159	705272	775841	103339	271447	777096	776431	778097	778155	776294	777751	778037	778425	778154	777985	778400	732192	778059	777854	772531	685203	772908	773580	778111	778422	776272	777515	440409	778369	659009	653552	543597	766882	777872	248343	253570	777429	711614	757385	241775	381735	633605	778307	778431	765725	778408	775575	776772	776481	60021	778285	274598	774365	734048	776974	775863	775849	778428	774177	773054	776148	534813	777870	723063	772799	776025	778359	777112	593041	777594	770982	777406	777469	777323	778020	777845	778269	776756	596565	681237	772338	686398	708753	770797	777071	553431	770596	747955	693629	767461	407390	725493	681912	751965	711022	754323	754847	4	4	0	2	4	6	4	4	6	0	403	0	1	1	6	417	5	5	6	0	3	6	1	6	422	5	6	2	3	5	5	2	5	2	6	1	2	620	4	4	385	417	5	5	0	6	2	2	6	38	6	420	6	6	2	4	111	5	6	1	5	6	376	6	0	1	42	5	5	407	6	33	415	4	53	2	734	421	420	3	6	2	0	416	6	4	4	5	416	3	0	4	2	3	588	6	731	5	7	6	2	5	422	393	6	6	5	6	0	280	6	6	8	118	2	2	6	2	1	0	5	421	5	6	5	6	5	0	6	121	3	363	409	5	6	0	5	5	2	273	6	9	6	399	0	6	3	418	6	0	6	6	0	6	0	5	298	5	402	4	4	5	621	4	6	5	366	383	1	3	1	5	2	6	6
NC_063214.1	114000001	806495	806061	806082	806098	801781	804130	805236	804029	804652	804886	803950	794915	803868	47933	237333	804842	805534	804769	805015	805958	53842	162211	804791	79556	805000	805092	805302	804400	805654	802221	799874	805203	668642	802170	128807	804905	51803	804834	804902	805270	804904	800712	804707	804237	805231	804765	805209	803965	800631	804079	108447	804608	805898	805093	802768	804890	784514	269561	803301	804471	104204	240839	804793	785593	801716	805524	73570	118434	806064	803589	804840	805933	73389	805241	805437	143020	805547	806253	804724	806033	758358	803563	129971	335942	804875	804606	806112	806089	804618	805820	805869	806210	806108	805915	806301	790956	806022	805940	798636	743737	803036	801013	805925	806009	803995	805329	516731	805033	712480	704990	623857	798128	805332	274290	317387	805285	752644	789069	311610	476245	687032	805265	806284	798296	806210	802677	805006	804497	75872	806152	336567	802227	771570	804778	804170	804445	806164	802463	799091	804116	595081	805554	769404	803234	804360	805481	805175	656202	805790	801329	804205	805368	805326	805787	805859	805976	804584	658767	744414	802119	751051	755167	795868	804845	637650	799443	785779	745969	797539	503231	772550	739551	788945	749933	791096	784774	764	750	36	35	5	748	284	703	771	140	639	0	28	0	758	712	32	4	4	0	90	766	35	4	743	1	4	0	50	56	1	43	702	78	716	34	15	714	721	724	701	691	1	43	18	720	0	48	454	50	4	738	712	732	40	4	172	23	756	62	15	709	616	693	30	0	67	732	24	668	760	43	701	751	78	0	747	676	677	3	708	0	0	732	38	730	728	711	708	1	44	723	0	763	597	722	603	1	640	694	38	29	748	645	753	466	17	653	0	487	705	704	1	225	0	24	690	0	1	39	729	710	741	38	726	744	24	52	725	232	1	604	687	4	765	42	31	675	37	479	22	698	4	656	0	706	6	736	674	45	37	709	34	723	41	1	497	674	716	25	671	46	728	5	679	34	609	629	28	39	35	718	27	686	660
NC_063214.1	115000001	828031	827213	827432	827427	812849	825069	826550	825247	826380	826053	825261	824939	826569	80858	370710	823509	826696	823670	826496	827339	238767	205269	826784	295670	825917	825204	826409	825628	826643	810709	813552	825835	827280	810970	167708	826192	85361	826079	826160	826417	824215	825902	826052	825594	826666	826052	826250	824985	808426	825198	339471	825640	827030	826212	825672	826129	826370	460895	826151	823315	308333	518205	826676	815859	825518	827282	202402	353098	827458	825964	826708	827214	265982	826767	826810	284626	826343	827476	824346	827077	806796	825358	313240	593872	825978	826735	827374	827412	825352	827250	827127	827473	827174	827164	827633	826759	827359	827272	816233	809906	826525	818676	827482	826400	823442	826663	714019	825027	800553	783263	773843	826144	825219	400427	568648	825889	808006	821446	569015	706462	786330	826741	826674	825685	827747	823517	826339	826207	272802	827567	579334	824811	815540	826563	825984	823103	826688	825695	807831	826229	734183	827282	817502	827441	825898	826849	826958	768808	827166	824140	823755	826681	826463	827275	827120	827489	826294	765627	814322	826171	820058	813636	797442	825981	784501	823689	823759	810759	825477	716160	821010	811373	824656	785750	823659	815409	355	354	4	0	290	349	0	352	462	356	722	0	8	86	612	521	278	294	452	114	82	355	85	446	510	483	437	0	446	445	478	456	415	56	388	19	0	277	607	420	704	466	565	481	0	379	0	0	379	146	439	557	612	607	205	456	275	446	353	88	199	353	615	383	0	101	209	391	294	638	616	161	717	352	158	429	571	647	542	0	340	0	0	714	445	356	354	351	427	481	4	353	3	358	745	357	740	444	585	598	0	0	725	610	601	296	505	371	0	565	390	344	78	396	0	2	339	0	413	220	391	642	609	453	366	385	289	104	614	400	467	491	637	287	383	0	286	327	0	356	479	346	456	615	0	340	0	518	378	0	244	604	210	353	263	479	648	350	717	286	338	286	710	262	338	294	629	629	0	285	0	346	0	381	326
NC_063214.1	116000001	797609	797158	797227	797188	792771	795166	796370	794888	795819	796631	796510	796298	795300	51427	287112	796431	796817	794319	796265	797149	91996	163026	796658	139176	796022	796782	796562	795226	796724	790501	793636	796171	795721	792147	130527	795890	54560	795630	796061	796279	796556	795359	795994	795289	796456	795547	796148	794883	792812	794902	178939	795651	796968	796017	797150	795952	795880	317831	795262	796376	167921	367754	796177	786831	794659	796916	107476	192114	797370	795622	796610	797009	123117	796559	796591	173903	797159	797267	796627	797068	790698	795038	184269	451944	796378	796322	797127	797219	795245	797000	797115	797205	797157	797095	797369	796523	797142	797116	790076	767098	795512	791711	797069	797107	795174	796622	618338	796942	754124	751272	700928	794810	796423	353661	428985	796392	767481	787534	423368	601960	729484	797116	797108	795007	797443	794131	796184	795751	131951	797355	447816	794352	784600	796281	795602	795723	796735	794954	788122	795828	663396	796765	781407	796644	795264	797070	796480	712611	796932	794211	795703	796613	796718	797076	796903	797313	795942	730905	771718	794625	782299	776326	781526	796104	722630	793295	790735	773478	794078	623503	786058	767458	792004	764663	791870	786347	2	238	234	2	248	235	0	235	262	239	340	0	12	65	421	219	251	254	236	21	42	239	25	234	295	410	228	1	4	236	411	121	254	2	3	1	2	184	257	259	334	229	542	417	1	3	1	1	4	30	3	1	406	417	235	231	85	237	236	1	123	225	283	3	0	23	62	3	257	287	259	44	288	231	38	236	110	292	220	1	229	0	0	346	230	238	0	227	477	416	237	233	231	238	109	234	342	381	397	405	0	1	420	326	410	3	224	3	0	235	3	228	87	122	1	3	218	1	154	225	3	417	261	236	4	4	254	0	417	128	396	280	286	257	3	1	251	4	1	350	410	1	237	276	0	228	1	220	3	1	4	259	237	231	262	414	295	222	340	254	222	248	336	219	223	256	275	330	0	249	2	227	1	226	222
NC_063214.1	117000001	816961	816182	816549	816452	814870	814361	815855	814051	815255	815201	815127	816143	815134	56651	280849	814770	816238	813049	815471	816455	115597	178767	815369	166211	815461	814937	815671	814421	816003	814025	814866	815187	816229	814248	132028	815218	57590	815427	815001	815389	814332	815253	815232	814670	815695	814972	815158	814205	812663	813995	199842	814771	816269	815382	815782	815272	815581	361896	815109	814317	174366	395678	815574	806847	813781	816306	119127	192969	816393	814456	815599	816022	130526	815951	815613	171845	815626	816427	814809	816190	813952	814262	196719	485165	815734	815615	816415	816355	814926	816419	816398	816607	816443	816364	816648	816360	816509	816378	808337	786939	814790	808696	816402	816478	814387	815852	647696	815587	774835	769473	715756	813531	815818	325326	448972	815720	788977	808822	444096	629158	751608	815168	816461	814048	816742	813661	815426	814947	150817	816560	469187	814073	803537	815578	814717	814621	816459	813923	804772	815304	683864	816342	799599	815961	814680	815989	815936	728293	816174	813155	814402	815542	815817	816167	816093	816482	815309	748167	794231	814475	799151	794429	797283	815727	738515	812875	810181	795804	812844	642624	806575	789961	811480	783620	809933	804532	2	531	531	2	459	520	0	526	471	525	320	6	11	99	567	489	457	464	370	23	59	524	44	364	83	566	360	2	343	365	550	1	545	25	338	12	2	79	411	416	314	524	319	562	0	338	2	2	336	53	343	0	562	564	519	369	96	366	527	24	151	521	401	380	0	24	40	347	466	415	410	20	421	524	40	371	347	427	484	2	520	4	5	320	367	531	1	518	116	571	533	530	527	533	342	532	369	520	515	493	1	6	577	292	564	320	489	252	4	330	262	515	113	4	2	1	493	4	326	352	56	571	408	372	238	341	464	111	573	189	545	428	420	462	343	0	450	290	0	2	566	5	371	410	426	515	1	487	330	0	343	407	528	527	418	556	286	488	313	456	493	451	311	402	511	466	397	313	253	442	20	519	1	512	497
NC_063214.1	118000001	810851	809903	810290	810162	807217	807689	809336	807643	808954	809290	809009	810120	809547	59976	345952	808583	810197	806501	809118	810219	221911	202975	809360	290081	809076	808853	809454	808637	809640	803249	809074	808537	810353	808928	163630	808634	72382	808921	809099	809274	808552	808777	808805	808146	809577	809033	808779	807711	807309	807804	335493	808435	809979	808876	808998	808671	809799	463563	809595	808433	304027	527728	809525	803297	808477	810043	191441	351337	810106	808975	809706	810065	271311	809865	809743	274975	809725	810180	808805	809858	808932	808437	332535	611083	809114	809380	810174	809957	808310	809950	809984	810255	810017	810175	810438	809852	810060	810010	799803	798461	808835	803534	810214	810003	808099	809504	713101	809449	789759	773818	767348	809871	809495	420867	576997	809775	792450	805864	568754	713666	774885	809701	810463	809118	810559	806942	809247	808629	274300	810560	594499	808414	800809	809504	808475	808451	810427	807864	796535	809099	728983	810048	800338	810387	808785	809886	809762	757935	809923	807999	808349	809267	809799	810088	809883	810362	809265	763157	802491	808872	805432	799294	779950	809458	775338	806855	808372	797782	809049	716716	805684	799736	807954	782986	807403	801638	0	852	849	0	715	805	1	45	518	2	686	850	1	176	635	518	688	721	688	114	107	0	176	670	1	627	666	799	816	730	400	0	630	114	815	37	147	665	694	700	709	826	807	635	0	819	145	0	738	153	813	0	611	693	829	685	329	816	852	178	275	842	800	507	0	116	221	764	509	823	706	154	786	841	186	691	766	832	502	0	827	217	516	677	734	853	1	826	392	631	853	696	839	853	766	846	502	512	605	502	0	849	710	640	626	684	514	650	2	754	671	827	173	40	140	0	809	4	541	739	665	633	698	686	648	821	498	203	709	483	791	701	824	508	822	0	493	410	1	59	626	1	688	792	856	3	1	612	800	0	817	691	847	790	707	616	633	2	818	506	2	491	807	493	667	732	806	799	651	712	655	841	2	821	778
NC_063214.1	119000001	776526	775767	775786	775935	775006	773367	775030	773711	774784	775528	775393	775399	775582	57047	365710	775273	775716	772600	774755	775969	149870	181376	775694	213474	774691	775703	775231	774074	775439	774292	773694	774718	775496	774756	150360	774532	60326	774543	774867	774926	775297	774104	774445	773736	775344	774485	774876	773661	774676	773463	242017	774274	775718	774629	775683	774799	775002	419558	775382	775177	250587	426591	775210	770067	773915	775708	150322	238587	776026	774663	775423	775963	158120	775249	775384	273688	776047	775887	775221	775787	772222	774059	224711	503296	774945	774946	775988	775849	774117	775741	775971	776117	775735	775803	776117	775197	775895	775559	769301	751975	774275	771508	776077	775896	774029	775430	644064	775639	745371	737941	704212	774407	775321	374813	484366	775391	751996	768477	449664	634705	721967	775702	776201	774178	776285	773309	774798	774902	167024	776033	489967	773648	765239	775096	774146	775061	776166	773288	767538	774805	660524	775747	763220	775548	774619	775976	775358	703006	775820	773425	774769	775035	775439	775835	775461	776062	774806	726726	756549	774310	764849	757205	759218	775190	714933	771867	771639	760380	773130	640067	767537	755501	772312	750525	771188	765644	0	404	413	1	754	695	141	147	695	0	699	290	7	199	695	695	749	766	522	55	54	283	57	501	571	694	508	529	756	747	742	3	694	78	759	23	480	756	806	815	768	409	741	691	1	760	469	2	758	71	742	1	690	471	408	513	246	764	417	87	225	404	699	670	1	66	111	782	684	743	757	62	813	412	148	522	870	864	376	1	405	64	211	674	758	416	0	405	117	692	417	143	415	416	858	413	762	746	480	680	2	412	711	501	446	289	372	469	0	673	516	522	195	234	477	3	385	3	536	652	768	771	807	704	482	753	678	110	704	379	398	734	522	681	768	3	671	667	1	415	675	51	525	724	418	279	174	703	737	0	761	808	414	0	821	694	613	254	529	670	262	684	518	597	662	552	707	507	541	539	483	513	3	395	484
NC_063214.1	120000001	748699	748064	748208	748084	746839	745850	747172	746008	747525	747466	747420	747767	748018	54166	420087	746938	748053	744569	747194	747797	276726	201834	747794	345317	746454	747298	747066	746177	747431	745490	746703	746670	748187	746866	161672	746645	68201	746537	746767	747237	746992	746749	746553	745648	747513	746276	746921	745848	746158	746071	355099	746349	747767	746366	747346	746990	747502	523564	747900	746993	417743	503681	747357	742576	746298	748046	248919	349394	748180	747142	747488	748100	245648	747604	747611	425409	747545	748152	747116	747903	746553	746239	295248	565505	747122	747206	748134	748143	746593	747772	747870	748319	747934	747924	748198	747862	747977	747767	740544	728490	746990	741797	748233	747894	744868	747761	664693	747387	729357	721445	696842	746661	746524	394900	538700	746699	728630	741675	499959	659702	704710	747832	747882	747220	748329	744137	747238	746860	236047	748346	542179	745791	740615	747270	746649	745685	747643	746008	735005	746927	657735	747948	738931	747945	746858	747999	747807	691853	747860	745200	746058	747162	747627	747995	747890	748305	746891	713772	735558	746709	741623	737278	725777	746615	706169	744000	745758	736749	746121	660617	742849	734056	745685	729345	745217	738050	0	400	673	281	613	408	656	667	96	0	732	0	21	198	703	89	606	628	328	174	47	535	182	328	808	411	321	412	659	667	776	285	413	76	655	26	365	182	654	664	788	641	645	414	0	651	734	0	615	259	649	99	374	0	586	331	257	666	655	140	145	650	523	92	281	94	215	630	93	525	531	112	661	434	175	331	607	605	821	0	524	165	406	528	653	675	0	645	522	411	676	539	653	677	607	660	181	607	304	506	0	660	824	316	656	487	737	306	0	725	326	405	26	255	367	68	627	301	425	483	676	658	659	731	314	657	91	161	828	338	633	624	414	93	661	528	93	689	509	368	406	636	324	512	546	529	714	724	649	518	658	651	656	99	659	408	666	513	402	90	520	186	401	286	396	218	519	396	507	216	313	404	0	635	374
NC_063214.1	121000001	673649	671704	672585	672923	669739	670159	671865	669800	672134	671768	671185	672437	672017	73824	398061	671063	672822	668089	671252	672791	388692	232910	672659	433924	671703	672208	671397	670713	672018	669845	668107	670342	660296	671664	193893	671174	89382	671318	671021	671585	671081	671681	671016	668975	671939	671110	671531	669936	664195	669921	435585	671175	672429	670735	668952	669695	672111	510823	672633	670864	470185	518392	672143	664692	671510	672756	309629	420472	672231	672082	672602	672757	339605	672145	671795	443682	672481	672873	671386	672509	669910	671332	375607	560566	671358	670705	672632	671794	670634	672590	672479	673072	672551	672887	673079	672765	672621	672258	661852	662746	671679	663824	672646	671622	668070	671322	620685	671624	658275	648055	650383	671569	670160	416226	566865	670527	660935	666515	530340	624996	649730	672375	672495	672378	673034	667963	671727	671425	332253	672906	561056	670190	663322	671897	671414	668938	669853	671057	654586	671625	618965	671674	667146	672815	671235	672635	672441	632867	672626	669262	669446	671481	671889	671442	672554	673110	671949	635720	667229	671441	669500	666172	645163	670391	655713	669582	672078	666012	670244	622541	670316	666172	670921	649891	670694	663023	0	266	663	348	338	582	483	536	369	0	411	1	49	140	349	369	326	250	451	237	163	220	38	678	586	577	667	579	544	494	629	611	652	126	681	48	590	399	484	490	410	378	163	586	383	651	511	636	616	240	405	458	420	9	33	453	128	388	289	168	343	597	212	247	586	200	233	638	391	219	665	249	547	373	318	551	419	423	398	655	649	192	298	648	390	431	1	413	446	374	667	423	575	663	254	612	249	443	638	480	362	425	391	664	334	230	368	297	0	488	476	395	152	228	506	415	578	129	529	196	493	413	473	395	388	488	247	255	392	127	588	339	407	248	623	202	247	492	590	444	374	485	496	106	669	215	483	396	475	203	645	487	330	113	413	578	120	533	483	175	541	612	393	375	574	630	639	394	433	633	379	370	427	162	543
NC_063214.1	122000001	648319	646411	647349	647343	616663	644525	646056	644465	646526	645197	644667	598176	646610	116833	437960	642399	647296	641722	645622	646822	447944	332077	645881	469278	645588	643572	645669	644924	646648	622030	561967	644279	432132	614800	320565	645652	171546	645708	645168	645874	643337	645377	645212	644649	645957	645102	645761	644493	556794	644260	446566	644507	646673	644626	634457	645388	476637	492618	646662	642307	461672	491338	646804	617569	645981	647164	377610	442125	647045	646445	647176	647500	407956	646684	646516	452514	645580	647590	643177	646875	530946	645413	417344	468755	644602	645969	646873	646558	644571	647377	646692	647453	647048	647264	647472	642712	647033	646168	633233	635806	646256	631177	646986	642762	639203	646395	578996	643939	627426	583293	624591	645806	642221	430877	560513	643276	630629	640423	514737	585797	629497	645298	645276	646418	647725	640671	646438	646051	428116	647254	535739	645073	629258	646156	645716	630785	643714	645603	607197	645495	589845	646986	641373	647829	645503	645794	646644	607667	646716	641613	642364	646007	646737	646943	646614	647351	646722	575462	643238	645922	644392	638982	615885	644365	630787	643963	646757	634205	644779	589799	643857	640965	645872	568212	644387	630404	2	446	568	349	309	428	347	422	431	5	538	1	61	170	3	429	328	397	3	249	199	1	0	550	434	414	537	424	5	308	588	293	570	195	413	77	264	134	358	356	359	552	3	417	487	548	423	382	496	240	113	117	2	5	426	52	3	569	360	332	288	549	2	226	436	254	229	510	430	1	635	310	317	3	350	564	587	588	358	454	540	251	226	554	6	456	2	484	415	176	567	179	567	568	142	556	439	312	584	2	429	504	11	390	2	209	431	229	107	408	566	278	175	7	397	496	528	4	508	3	360	5	360	575	520	357	231	315	5	1	546	329	361	231	519	8	230	306	487	512	357	366	362	1	569	3	405	572	344	6	545	356	1	1	5	415	1	554	354	4	558	593	346	554	418	564	231	349	309	555	351	1	481	1	364
NC_063214.1	123000001	112786	112236	111897	112468	107700	111248	112012	112180	112144	111727	111182	103388	112228	19118	70452	110489	112228	109256	109386	112398	53747	54688	111948	62412	111708	111246	111516	111476	111797	109516	96665	110492	85822	104297	50954	111981	32101	109396	112041	111360	111311	112141	111904	111443	111900	111986	112039	111187	91318	111854	58533	111798	112466	110906	106808	109972	69039	72399	112364	110858	55465	69841	112123	105003	111702	112029	45904	58321	112584	112053	111930	112231	52803	111934	111523	57156	111834	112609	111325	112057	88161	112091	57269	68111	112066	112359	112588	112411	111539	111771	110779	112576	110670	112468	112652	112021	112313	112402	107632	108842	112031	105870	112239	110642	109379	112372	98133	110939	108857	97924	108091	110766	108616	71199	89042	108815	110050	107637	82008	98986	107136	111841	111541	112416	112199	108822	112250	110984	64352	112371	86113	110811	109019	112416	111778	105979	110678	111196	98857	111450	102004	110918	111540	112590	110373	112104	111477	105763	112111	110287	111587	112172	112126	112618	111991	112247	111615	98750	111459	112284	111413	110525	108262	111031	109629	111161	111677	109406	111311	99287	111124	111118	111491	95540	110922	105023	7	69	69	65	6	5	69	5	6	5	60	8	6	1	7	8	6	0	6	2	22	0	3	65	6	6	66	5	3	54	4	5	4	16	5	10	4	3	7	63	66	69	7	6	63	64	67	1	65	3	8	8	6	2	62	6	6	69	64	2	5	65	4	5	2	0	3	66	5	5	3	0	5	3	25	67	66	59	68	50	64	24	35	64	6	67	5	67	7	6	66	5	67	69	6	69	64	55	8	4	54	66	2	60	4	0	7	1	54	6	4	8	3	1	6	66	63	1	5	6	64	8	67	5	4	65	3	2	2	1	63	4	65	4	4	2	2	2	64	54	65	65	67	4	66	6	6	4	66	6	68	63	5	4	7	5	4	65	66	6	63	2	64	5	5	66	7	63	48	64	63	2	53	4	8
