chrom	window_start	sites_total	calls_AL101	calls_AL102	calls_AL103	calls_AL114	calls_AL119	calls_AL120	calls_AL121	calls_AL124	calls_AL125	calls_AL127	calls_AL129	calls_AL133	calls_AL134	calls_AL137	calls_AL138	calls_AL141	calls_AL142	calls_AL143	calls_AL146	calls_AL149	calls_AL153	calls_AL155	calls_AL156	calls_AL159	calls_AL160	calls_AL162	calls_AL166	calls_AL170	calls_AL173	calls_AL174	calls_AL175	calls_AL176	calls_AL177	calls_AL178	calls_AL180	calls_AL181	calls_AL182	calls_AL184	calls_AL185	calls_AL187	calls_AL189	calls_AL193	calls_AL196	calls_AL197	calls_AL199	calls_AL200	calls_AL201	calls_AL204	calls_AL207	calls_AL208	calls_AL209	calls_AL210	calls_AL213	calls_AL215	calls_AL216	calls_AL220	calls_AL223	calls_AL231	calls_AL238	calls_AL241	calls_AL242	calls_AL243	calls_AL244	calls_AL246	calls_AL254	calls_AL255	calls_AL256	calls_AL263	calls_AL266	calls_AL269	calls_AL272	calls_AL273	calls_AL274	calls_AL276	calls_AL278	calls_AL279	calls_AL283	calls_AL284	calls_AL288	calls_AL292	calls_AL300	calls_AL303	calls_AL304	calls_AL307	calls_AL309	calls_AL313	calls_AL32	calls_AL35	calls_AL75	calls_AL82	calls_AL86	calls_AL88	calls_AL91	calls_AL92	calls_AL95	calls_AL97	calls_AL99	calls_K1423	calls_K1461	calls_K1542	calls_K1544	calls_K1567	calls_K1579	calls_K1580	calls_K1583	calls_K1603	calls_K1606	calls_K1608	calls_K16100	calls_K1614	calls_K1617	calls_K1618	calls_K1623	calls_K1627	calls_K1632	calls_K1640	calls_K1650	calls_K1660	calls_K1663	calls_K1665	calls_K1669	calls_K1672	calls_K1680	calls_K1684	calls_K1693	calls_K1696	calls_K17007	calls_K17008	calls_K17010	calls_K17013	calls_K17014	calls_K17025	calls_K17028	calls_K17030	calls_K17032	calls_K17033	calls_K17034	calls_K17035	calls_K17037	calls_K17040	calls_K17042	calls_K17044	calls_K17045	calls_K17048	calls_K17052	calls_K17053	calls_K17056	calls_K17062	calls_K17064	calls_K17073	calls_K17077	calls_K17078	calls_K17081	calls_K17083	calls_K17087	calls_K17091	calls_K17094	calls_K17098	calls_K17099	calls_K17101	calls_K17102	calls_K17103	calls_K17104	calls_K17106	calls_K18010	calls_K18017	calls_K18019	calls_K18022	calls_K18034	calls_K18078	calls_K18083	calls_K18084	calls_K18091	calls_K19018	calls_K19019	hets_AL101	hets_AL102	hets_AL103	hets_AL114	hets_AL119	hets_AL120	hets_AL121	hets_AL124	hets_AL125	hets_AL127	hets_AL129	hets_AL133	hets_AL134	hets_AL137	hets_AL138	hets_AL141	hets_AL142	hets_AL143	hets_AL146	hets_AL149	hets_AL153	hets_AL155	hets_AL156	hets_AL159	hets_AL160	hets_AL162	hets_AL166	hets_AL170	hets_AL173	hets_AL174	hets_AL175	hets_AL176	hets_AL177	hets_AL178	hets_AL180	hets_AL181	hets_AL182	hets_AL184	hets_AL185	hets_AL187	hets_AL189	hets_AL193	hets_AL196	hets_AL197	hets_AL199	hets_AL200	hets_AL201	hets_AL204	hets_AL207	hets_AL208	hets_AL209	hets_AL210	hets_AL213	hets_AL215	hets_AL216	hets_AL220	hets_AL223	hets_AL231	hets_AL238	hets_AL241	hets_AL242	hets_AL243	hets_AL244	hets_AL246	hets_AL254	hets_AL255	hets_AL256	hets_AL263	hets_AL266	hets_AL269	hets_AL272	hets_AL273	hets_AL274	hets_AL276	hets_AL278	hets_AL279	hets_AL283	hets_AL284	hets_AL288	hets_AL292	hets_AL300	hets_AL303	hets_AL304	hets_AL307	hets_AL309	hets_AL313	hets_AL32	hets_AL35	hets_AL75	hets_AL82	hets_AL86	hets_AL88	hets_AL91	hets_AL92	hets_AL95	hets_AL97	hets_AL99	hets_K1423	hets_K1461	hets_K1542	hets_K1544	hets_K1567	hets_K1579	hets_K1580	hets_K1583	hets_K1603	hets_K1606	hets_K1608	hets_K16100	hets_K1614	hets_K1617	hets_K1618	hets_K1623	hets_K1627	hets_K1632	hets_K1640	hets_K1650	hets_K1660	hets_K1663	hets_K1665	hets_K1669	hets_K1672	hets_K1680	hets_K1684	hets_K1693	hets_K1696	hets_K17007	hets_K17008	hets_K17010	hets_K17013	hets_K17014	hets_K17025	hets_K17028	hets_K17030	hets_K17032	hets_K17033	hets_K17034	hets_K17035	hets_K17037	hets_K17040	hets_K17042	hets_K17044	hets_K17045	hets_K17048	hets_K17052	hets_K17053	hets_K17056	hets_K17062	hets_K17064	hets_K17073	hets_K17077	hets_K17078	hets_K17081	hets_K17083	hets_K17087	hets_K17091	hets_K17094	hets_K17098	hets_K17099	hets_K17101	hets_K17102	hets_K17103	hets_K17104	hets_K17106	hets_K18010	hets_K18017	hets_K18019	hets_K18022	hets_K18034	hets_K18078	hets_K18083	hets_K18084	hets_K18091	hets_K19018	hets_K19019
NC_063255.1	1	596520	595069	595661	595606	566725	591118	594701	593065	594830	591325	592760	593565	595308	109136	382786	591853	595541	590111	594452	595193	328776	306491	594165	371154	594016	592022	594595	593157	594862	564855	586563	593584	567503	579188	282792	594041	150168	593961	593905	592068	590311	594342	594024	593064	594367	593940	594159	592599	570391	590883	361237	593417	595010	592550	590452	593790	571092	454757	595052	590862	361229	436148	594954	585748	593966	593488	280697	347879	595408	594542	595163	595658	309242	592732	595118	338382	593538	595624	592103	594844	582594	593956	351843	453838	593924	594372	595278	595337	593512	594923	593295	595463	595045	595535	595860	595381	595295	595362	585984	585962	593998	587837	595614	595052	592367	594831	519259	593611	573092	548413	560720	594484	594159	364625	460050	594486	575633	590058	440456	520740	570516	593552	595401	594486	595876	592111	591904	594103	295026	596038	455243	593974	580910	594842	594035	588069	594983	594505	581198	594661	525173	595747	587171	595358	594335	594049	595008	544576	595579	591880	591090	594641	595132	595423	594598	595700	595295	546510	588981	594217	590418	586975	557418	594593	572301	593121	590813	584619	593203	525983	588595	585310	593313	550137	589596	584957	430	3	420	342	414	221	403	1	454	426	0	324	49	198	300	393	372	294	566	112	221	3	217	297	564	197	544	327	288	557	192	430	408	176	397	59	319	293	444	342	382	189	0	409	3	371	471	426	340	230	266	512	547	4	3	0	386	306	3	195	229	424	556	295	454	136	4	391	410	552	328	128	178	3	159	432	307	296	476	448	316	0	0	422	178	501	324	0	430	444	423	563	325	419	405	321	400	316	538	421	519	417	3	0	322	11	415	288	159	510	0	26	203	293	371	4	6	277	323	520	197	564	435	447	290	203	423	179	0	1	413	425	303	301	385	560	402	362	380	171	70	4	0	529	324	563	396	3	413	369	1	317	311	482	570	194	330	310	3	441	320	504	298	538	193	145	319	1	171	137	400	429	307	4	511
NC_063255.1	1000001	761675	751992	755889	755922	755237	757816	744137	758026	759626	755546	757405	756295	760902	78369	432318	753453	760898	709513	759519	760971	260269	255655	758334	446114	759567	756305	759672	758869	759772	749603	753837	759028	759309	757555	136856	759507	110558	740436	734094	759854	758306	741970	735379	758317	747546	733828	759436	758057	754798	725278	460947	759131	753633	758986	705496	734072	760014	433419	753851	750017	483835	350776	760051	732817	759427	753101	316885	299910	760908	742764	760411	754258	233022	760363	746509	304224	760774	760966	759581	760473	743783	759179	400309	596556	738358	743789	760866	761023	758999	760640	760433	757688	760530	760861	758549	757503	760902	760699	750062	744076	758932	689571	754494	755504	757733	748770	641808	755388	717179	718034	667520	759054	759196	462277	438588	759608	721044	720676	565443	663721	683588	760610	756386	750468	758592	712058	743520	737840	344633	761296	577228	758174	749963	737194	759591	740534	754856	735390	633134	737572	655393	752549	735008	760684	759594	760994	759898	703055	752202	756890	745191	743587	760732	753257	760406	757218	760114	704886	722329	734654	741758	722002	751885	742897	727396	757154	746066	731389	758074	627314	736805	716194	736753	715435	756961	748333	252	269	267	235	486	266	350	333	267	311	273	0	2	193	275	522	228	396	200	16	89	251	8	332	279	288	204	329	201	211	279	236	292	53	7	4	254	231	199	290	206	252	331	232	266	274	575	209	193	258	263	246	330	200	274	275	115	268	228	1	50	310	185	179	235	69	4	284	201	199	281	2	199	206	25	8	386	383	201	179	0	137	189	260	253	281	0	261	246	566	271	555	272	256	237	272	374	254	330	347	205	224	320	260	244	10	271	84	257	128	280	561	169	73	7	99	230	9	276	143	282	277	216	273	254	227	230	164	274	192	301	490	261	288	357	293	277	197	216	84	249	125	273	190	0	578	511	231	271	227	276	268	231	200	254	279	179	95	180	136	71	185	205	300	274	126	108	271	54	146	138	110	120	479	461
NC_063255.1	2000001	798117	789264	793829	792966	780908	795835	782595	796079	796586	791664	791913	797481	797142	60553	332238	791934	797551	755905	796972	797765	59661	211596	792483	167976	796708	794477	796673	796170	797336	776496	770259	796621	776796	795636	86481	796791	64563	778129	775358	796936	796806	768413	773333	796111	784664	771397	797004	795795	770596	760695	196873	796342	792224	796718	784484	777506	796674	227991	777161	790799	185078	155043	797061	679590	794399	788494	120792	90291	797877	762926	797134	790370	57658	797341	779969	93450	797363	797864	796946	797715	795050	795866	203793	424362	781904	779092	797746	797756	796193	797696	797683	795513	797761	797789	795926	787698	797732	797687	789865	759856	796169	725799	790554	795360	795456	784197	443279	793180	660510	731745	560435	795187	796291	317319	226525	796744	674746	725108	388854	553012	602714	797229	794573	764363	794870	747436	777686	773064	118673	797917	404873	795059	780887	776286	796374	790165	793466	758241	698782	768461	519226	785804	710641	796763	796109	797530	797062	693076	789659	793977	783158	782917	797146	789870	797524	793023	796490	696064	687105	765862	721923	682000	777487	774894	692693	792858	744840	686193	793857	417172	715745	673807	735840	635772	790636	783261	38	46	36	68	449	52	20	668	44	43	432	2	2	110	38	470	33	25	516	7	78	50	0	522	35	573	517	665	46	50	566	53	566	18	2	0	37	52	512	571	59	53	661	50	49	429	659	51	50	75	426	45	520	16	55	418	26	53	50	1	13	647	50	2	45	34	24	434	28	508	65	12	515	61	27	129	579	582	517	506	2	85	188	41	31	436	2	421	478	692	30	687	431	30	51	433	613	517	475	671	61	65	66	410	52	47	69	55	356	56	566	11	182	50	2	53	47	2	408	71	437	60	20	66	60	34	59	75	434	187	627	396	49	563	69	64	52	73	46	59	74	46	432	493	2	9	7	55	411	61	55	416	49	511	38	296	404	49	49	49	38	61	60	454	293	38	35	407	24	33	56	47	43	503	468
NC_063255.1	3000001	719323	712712	715382	714815	694190	717527	704483	717543	717440	713947	708163	716757	717220	58877	260176	713352	718820	693706	718271	718909	34687	183476	711067	102262	718291	716302	718506	717480	718672	685755	665153	718205	504633	715310	88184	718009	69213	698385	701878	718400	717766	671965	697428	717378	706845	697212	718302	717473	656214	688437	113367	717900	714515	718294	716447	700180	712000	171452	687671	712210	118379	75423	718015	545449	715048	709058	85993	44354	719241	664920	717911	711898	31181	718298	701617	75333	718642	719179	718052	719026	707025	717175	135685	236424	704275	696075	719085	718976	717505	718611	718676	716685	719003	719087	716794	673400	719029	718799	711218	645358	715706	662233	711923	716767	716642	704929	253127	714733	483195	597169	361116	713245	718041	195654	113200	718030	511972	612915	200561	340297	436304	718653	716378	645491	716632	670242	698212	692678	55768	719095	235843	716006	679360	697929	717276	713720	715630	678968	642497	688480	339010	704941	546352	716479	717269	718569	718294	557165	710017	713151	704920	705549	718301	711839	718793	714508	717935	540681	518953	677027	555241	520417	688206	698505	508500	713423	609896	524931	711766	215587	562419	502236	598299	499983	703045	700150	204	191	157	218	199	197	0	24	215	200	1	0	0	42	200	200	127	288	177	30	31	230	0	174	179	212	173	25	196	224	204	166	208	16	0	0	178	163	179	215	152	162	580	138	167	1	23	185	158	2	1	181	175	92	189	1	37	219	194	12	29	209	158	0	160	0	21	1	164	174	208	9	176	163	11	1	26	26	177	169	0	19	1	179	167	1	0	1	600	25	187	24	1	188	231	1	605	202	145	584	202	188	199	1	164	84	186	159	1	82	206	0	35	50	1	123	177	0	88	119	1	173	127	169	204	176	168	10	1	3	198	1	147	211	172	192	200	154	187	121	187	137	1	172	0	0	5	191	1	181	198	1	182	174	162	0	119	179	176	178	181	179	173	132	0	176	141	3	66	157	179	157	116	164	167
NC_063255.1	4000001	729060	720774	723853	723459	711839	727136	713267	727043	727653	724395	719114	727890	728010	53995	305655	722534	728659	697962	727954	728732	44717	180646	721524	133445	727899	725491	728238	727383	728391	704616	693581	727820	644091	726928	80475	727841	64426	708365	707333	728142	728166	694065	705180	727169	714546	705272	728041	726810	694548	696236	148361	727411	722869	727788	721822	708866	726125	201951	706623	721200	167204	116133	727959	600735	725563	718782	94615	60694	728924	690231	727951	720963	36255	728184	711755	82701	728732	728855	728319	728681	724590	726861	153553	337416	712198	707880	728801	728815	727444	728616	728724	725209	728748	728700	725561	707563	728700	728682	721780	682803	726573	671466	721289	726522	726930	714024	353057	723950	564098	652190	465520	724941	727902	280211	170474	728003	581147	640075	303870	449526	509285	728597	725388	685159	725558	681706	706628	702233	79524	728864	315219	725388	706952	707471	727116	724138	724351	684985	647955	697025	430907	716992	623181	727272	726778	728709	727954	608876	717946	724876	714760	713906	728210	718855	728491	723236	727592	612006	591556	693074	631296	594157	702958	709032	597731	722583	661485	596096	724041	329646	624215	571720	646561	553509	719461	715110	454	474	470	439	1	424	1	530	514	529	3	2	0	1	425	1	373	480	543	13	71	533	0	534	469	536	528	535	427	530	537	495	523	16	0	0	413	385	542	544	417	430	420	462	435	3	528	496	437	49	3	461	530	275	454	2	90	455	429	81	63	524	420	3	480	0	3	0	398	530	473	5	536	470	9	3	546	542	541	517	0	0	0	471	449	0	0	3	532	538	439	545	3	462	483	3	434	501	473	413	414	485	454	504	478	146	452	315	0	254	522	0	126	74	0	312	399	4	257	257	0	475	389	461	414	449	513	48	3	5	504	2	472	532	499	502	386	420	463	226	427	387	2	522	3	0	8	459	0	433	452	1	430	531	475	1	400	335	455	369	328	420	419	383	1	363	311	513	190	343	359	347	382	505	472
NC_063255.1	5000001	729832	723513	725200	724675	691209	727650	715348	727896	728048	722237	715010	721440	728186	53615	265738	724572	728740	706719	728774	729501	32913	178016	720070	92031	728355	726842	728944	728032	729096	685258	666576	728801	387330	724300	79037	728272	64147	711686	710450	728896	728565	661273	707546	727889	715662	706421	728814	727720	680806	696536	106524	728287	724073	728623	726176	709585	709927	154989	696085	723544	107392	76988	728794	567739	725078	718468	74031	51681	729008	693207	728306	723308	31726	728869	713981	77560	729391	729653	728677	729512	692606	727299	134234	267569	712958	705186	729502	729566	728250	729193	729515	727022	729432	729520	727428	616683	729478	729452	721099	659844	726843	670015	722556	727852	727206	717459	282670	725599	504135	616951	388200	723820	728520	221359	127442	728349	537968	627467	239426	368172	453915	729076	726766	663174	726795	681183	709788	703661	60631	729532	264104	726039	695522	706554	727968	726068	726475	684527	647878	693117	367622	716185	575411	726777	728079	729457	728810	572814	720433	723833	716271	715950	728795	721928	729164	724809	728181	560167	535660	684928	581499	549108	696847	708026	544821	722732	632316	543325	722798	255549	580668	525946	608812	509766	714150	709755	31	24	38	40	466	27	0	528	42	48	261	286	6	86	38	477	19	321	351	1	18	45	0	343	15	349	337	536	30	53	137	64	135	0	1	1	33	21	135	356	37	39	181	45	45	288	522	31	38	15	289	46	349	7	36	237	5	61	33	19	1	348	29	276	47	17	0	1	26	136	34	0	321	37	15	296	397	395	137	124	1	1	0	34	19	0	0	274	352	538	31	534	294	27	50	295	406	319	114	171	35	48	45	135	23	31	41	35	1	43	342	1	30	21	1	25	49	0	75	23	2	43	22	38	55	25	26	11	295	87	336	0	55	352	46	45	47	35	37	26	45	24	292	137	296	1	197	46	1	33	26	0	40	140	39	1	101	24	24	40	37	34	51	252	1	32	39	358	25	26	38	35	37	131	123
NC_063255.1	6000001	762187	755151	757730	756905	744434	760217	747656	760307	760875	756504	752288	761319	761098	56617	313183	755325	761708	731049	760975	761933	42425	193976	754531	134721	761092	758204	761311	760504	761473	736260	719647	760946	676499	759474	84360	760609	71171	740927	740604	761285	760702	723010	740261	760482	749666	738761	761138	760178	730625	727293	155182	760642	756710	761042	756580	743704	758643	203368	739895	754200	157515	120444	761265	631726	759136	750935	102825	63537	762085	728563	761238	754265	41063	761364	744137	85341	761001	761955	760431	761863	756389	759977	161107	366282	745402	743533	761975	761994	760654	761723	761839	759092	761754	761839	759849	742297	761941	761859	753302	715096	760079	693698	755450	759783	759806	748677	377846	756924	600013	683973	498852	758550	761193	245999	175709	761081	621358	682670	329061	488598	545549	760966	759180	721889	759210	713671	741229	733311	83910	761983	341816	758945	742231	738771	760332	756516	758376	723329	665096	732558	462606	749231	661056	761093	760144	761140	761146	643075	752064	757969	746733	746437	761464	753827	761698	757348	760862	644433	635917	726165	670672	632010	742597	740649	643042	756673	700249	629600	756945	359030	665311	618083	693189	590040	752790	746898	277	251	294	267	545	238	0	462	280	329	2	3	1	159	256	556	219	50	520	0	53	300	0	514	297	515	504	469	257	278	504	266	503	11	0	0	243	245	509	522	270	267	548	286	279	3	454	223	231	75	3	292	513	183	258	3	32	275	244	67	6	17	231	3	269	0	1	0	196	511	246	0	0	284	7	470	467	467	515	485	0	1	0	262	281	0	0	3	522	460	257	464	3	270	282	3	564	468	463	544	231	267	281	488	282	40	278	111	0	83	509	0	109	27	0	141	196	1	299	88	0	280	220	253	238	249	267	56	3	5	494	0	266	512	305	270	211	257	242	48	245	169	3	490	3	0	3	264	0	268	277	481	281	515	254	0	396	142	173	162	135	262	265	414	0	203	144	445	44	166	146	179	138	169	458
NC_063255.1	7000001	786779	778044	782590	781346	761326	784528	769834	784544	785107	780199	778512	785894	784786	64056	292744	780303	786273	747234	785766	786446	42057	195329	780416	124058	785408	782639	785827	784741	786085	750781	749712	785270	726676	783405	94859	785277	76168	765055	761924	785728	784958	751311	763151	784873	771834	758505	785441	784517	719073	750971	131568	784846	781275	785417	778669	766079	783855	187660	752108	778028	134613	104063	785498	612893	782257	775661	87882	49015	786575	731214	785463	777958	38116	785526	768121	76129	785779	786560	785322	786332	782211	784272	145202	308325	772766	763163	786490	786452	784850	786404	786454	784030	786436	786458	784389	773576	786526	786393	778850	732009	784199	724843	778901	784633	784311	770834	335101	781846	591292	687952	472374	782939	785645	247382	153843	785732	608431	697130	278984	458498	528900	785771	783469	734713	784078	735267	765269	759052	63926	786576	302808	783230	755945	764645	784685	782149	783420	744683	691828	753082	428988	773581	651106	785001	784867	785961	785544	642987	776879	781799	770603	771792	785977	777431	786163	782046	785007	639204	634001	750254	673266	628770	760048	764986	627174	780952	704858	633244	781403	318285	663922	613974	694781	567316	775338	770212	158	204	174	174	0	175	0	124	174	224	277	285	14	0	195	0	164	0	411	48	18	208	0	403	185	408	395	126	201	173	125	207	123	87	0	0	153	152	127	409	154	189	243	173	171	284	124	226	180	9	275	171	124	128	164	275	174	204	165	31	69	0	160	270	192	14	54	0	183	127	182	34	0	176	44	128	409	412	127	121	0	0	0	158	143	0	0	285	278	128	179	128	283	194	197	283	347	375	114	250	192	180	200	124	208	99	203	106	0	108	405	0	17	81	0	111	177	0	56	157	0	194	140	175	186	159	166	7	283	79	381	1	185	314	204	194	159	170	196	93	208	127	280	124	287	0	198	176	0	153	185	395	200	127	173	0	79	153	196	139	139	156	190	278	0	146	113	386	84	134	116	158	148	270	112
NC_063255.1	8000001	739788	732844	736308	735467	698118	737782	724121	737700	737921	729560	726944	732344	736779	46586	228980	734612	738887	716331	738700	739392	30184	143126	730660	76112	738690	737315	738804	737702	738987	689995	675175	738593	359036	734597	61902	738417	53157	719081	720764	738811	738790	676293	716459	737764	727362	717334	738792	737634	673627	706941	104987	738134	734601	738576	737285	721961	713433	128972	699836	733580	100315	79330	738381	575317	735828	728993	67127	44891	739432	705862	738174	733491	30467	738777	723218	77326	739442	739651	739176	739535	705100	737197	112487	267182	723267	718515	739503	739563	737988	739257	739447	737125	739428	739419	737801	613360	739402	739335	732617	679949	736234	681527	733135	738167	737631	725938	295784	735995	526656	639381	404710	734258	738790	222457	132310	738694	551566	637967	244693	394540	474660	739342	736812	674258	736760	691715	718523	712162	59391	739568	276984	735779	707703	716337	737968	736748	736556	697225	668077	708895	380863	726794	590206	737303	737374	739412	738576	591313	730204	734293	727529	726768	738711	731681	739229	734786	738232	589726	554466	700248	599278	560945	710092	718991	560927	733836	646536	560281	731657	273709	606550	541529	626957	520508	723798	721385	169	185	126	201	2	156	1	3	182	176	439	475	16	0	173	1	48	1	479	10	1	188	0	471	175	479	469	3	186	184	3	157	3	36	0	0	179	111	3	476	127	176	586	169	145	470	3	136	196	0	476	143	3	59	144	381	35	145	140	41	30	0	99	464	165	22	3	0	174	3	177	5	0	164	16	3	483	480	3	1	0	1	1	163	174	0	0	471	592	4	143	4	475	131	193	479	393	434	4	573	116	170	167	4	148	127	193	199	0	178	466	1	4	76	0	172	190	0	0	192	0	160	156	171	130	144	149	0	473	141	454	0	174	473	195	176	148	150	162	193	159	172	477	3	483	1	330	141	0	181	163	468	165	3	175	0	2	181	159	181	168	193	176	320	0	184	152	442	156	162	164	163	159	435	4
NC_063255.1	9000001	750132	743699	746276	745244	716794	747833	735336	748157	748546	743983	737768	746765	748080	56513	252250	743769	749435	724922	748912	749678	41637	170552	741483	100077	748980	746174	749225	748123	749461	709052	692677	748956	454166	744416	82686	748826	62260	728809	728568	749025	748862	694658	727295	748143	736751	726087	748941	747909	689798	716674	114769	748321	744709	748840	746852	731545	738028	165875	718216	742172	117205	85216	748879	589945	745693	739285	76963	53640	750067	712996	748781	743610	37604	749058	734761	79470	749216	749987	748910	749800	734900	747767	129316	278910	732545	726267	749879	749872	748364	749584	749751	747739	749838	749811	747993	686863	749705	749654	743530	686879	746933	690567	742802	748321	747709	737057	295852	745460	532295	639429	419943	744705	748980	243675	140875	748848	559516	640783	246817	399990	487294	749107	746918	690200	746911	700554	730705	723549	66290	749912	269382	746098	716287	727353	748007	745782	747185	699242	678293	714871	386727	737371	600146	747723	748022	749363	748935	598946	739821	745109	734153	737121	748981	741521	749516	745689	748290	587214	566846	708294	616984	564072	718110	729438	572692	742412	657560	564577	743043	269446	606634	558630	640711	522547	734085	731523	23	23	9	16	2	24	0	0	15	28	454	459	22	0	22	2	16	259	472	3	0	33	0	464	35	471	461	0	28	30	3	71	3	2	0	0	31	22	2	467	19	23	468	21	14	464	0	26	19	0	461	29	1	9	35	421	11	47	20	47	15	0	13	452	25	27	7	1	16	2	30	8	0	28	5	2	474	471	2	2	0	0	1	19	12	1	0	454	473	0	16	0	467	20	32	469	348	421	5	450	36	34	34	3	24	29	31	44	3	39	458	0	0	33	0	30	40	0	1	35	1	25	25	32	30	33	26	0	467	104	441	1	25	458	49	36	32	36	33	32	54	37	465	2	471	0	319	24	1	27	17	468	27	2	24	0	2	34	28	35	31	44	33	309	0	23	20	435	15	40	31	34	25	430	4
NC_063255.1	10000001	743310	736674	739427	738082	717338	741315	725130	741228	741770	737324	732940	741681	741350	58974	249827	737094	742772	712081	742099	742864	43771	176817	736583	117749	742114	739203	742393	741524	742608	710554	696863	742149	609829	739939	80324	741911	68125	722577	722519	742260	742227	700854	722255	741423	730614	720183	742195	740788	691921	710691	131013	741597	737977	741990	737069	724063	737401	178237	715296	735730	139794	100947	742084	597958	739526	733614	89111	56016	743184	701496	742205	735406	38986	742141	726458	83056	742612	743113	741958	742965	735419	740552	132822	304039	726343	722913	742999	743045	741593	742777	742976	740504	743028	742937	741161	715630	742977	742856	733841	688949	740332	680479	736455	740190	740064	728089	320244	737747	549253	650564	433596	737831	741818	217147	143934	741843	580650	652076	271099	423696	501506	742482	740077	693316	740447	698050	723928	717516	74092	743068	292601	739652	716504	721769	741370	738259	739503	704726	653634	712147	408031	729434	612676	741357	741014	742729	742245	605515	732611	737474	727650	729767	742235	734555	742782	738744	741931	601609	583203	710121	625662	580014	715003	722705	585501	737607	656607	587602	738342	301543	615715	572609	654200	542851	731439	725445	82	91	91	98	0	70	0	131	103	118	332	324	15	0	81	0	54	186	277	0	18	102	0	271	81	269	263	131	78	110	129	125	127	3	0	0	79	97	133	278	96	78	288	82	83	324	129	105	94	14	328	69	132	23	86	313	33	92	62	29	12	1	93	312	93	29	3	0	73	131	85	0	1	94	7	133	277	279	134	128	0	0	0	96	88	0	0	321	178	132	83	134	327	92	122	331	349	248	116	282	85	103	81	130	97	17	82	40	0	46	266	0	26	16	0	46	80	46	72	55	0	111	55	101	75	86	96	19	329	107	265	0	107	330	107	90	108	83	76	36	105	53	330	127	335	0	233	75	0	88	112	268	89	130	99	1	102	59	90	50	47	78	92	198	1	59	43	265	41	35	88	61	63	310	124
NC_063255.1	11000001	796528	789929	792359	791394	764978	794255	779963	794272	794827	791168	787446	795157	794926	53363	281860	791493	795984	766055	795552	796169	42505	174579	788104	123083	795157	793629	795511	794594	795819	764362	744652	795468	682490	793480	71831	794941	65890	775368	774903	795503	795329	752663	770829	794624	781893	772081	795427	794037	738101	762360	132960	794751	790769	795060	791324	775964	791506	177603	764849	788833	137917	105650	795200	632569	792331	786024	92648	54320	796372	760798	795214	788074	34751	795477	779394	83282	795940	796323	795459	796183	788809	793929	138853	339188	779653	775289	796273	796152	794729	795988	796189	793157	796275	796170	794389	771179	796144	796182	788061	747596	794164	733342	789700	794512	794255	782602	366063	792158	618207	705512	499887	793158	795451	268991	179340	795442	634228	702047	318143	493412	554155	795895	792784	751659	793601	743469	774342	768014	70258	796276	336552	792718	766347	773136	794726	792265	793687	752830	695642	761608	458193	782636	671798	794582	794339	795875	795623	663433	786686	792278	780078	782326	795544	788134	795937	791459	794834	662089	649983	761757	695999	649252	771092	773548	658437	790051	720922	651922	790965	347927	677722	635405	708963	576549	784631	779576	243	262	242	303	2	253	0	348	298	327	416	412	11	0	286	4	184	13	351	15	52	307	0	343	264	338	333	348	305	272	344	224	351	2	0	0	270	240	354	350	277	221	473	271	242	408	345	291	226	57	413	274	352	119	230	404	55	234	262	45	27	0	255	400	242	35	32	0	247	341	261	7	0	233	15	355	350	350	354	325	0	0	3	277	262	0	0	414	251	356	283	353	418	252	270	421	281	307	324	470	299	289	297	330	247	44	272	200	0	152	339	0	91	51	2	163	261	131	196	185	0	278	236	297	257	282	284	34	418	131	328	0	269	410	300	278	203	248	287	116	299	219	417	335	421	0	296	282	0	274	254	337	255	351	284	0	264	172	229	195	188	235	235	260	0	181	164	325	75	202	204	255	178	380	311
NC_063255.1	12000001	791508	784398	787430	785824	747338	789308	775201	789232	789332	783072	783349	790393	788285	39563	232134	785302	790471	752554	790439	791074	35781	140799	783776	99967	790293	787431	790525	789543	790774	738541	747686	790020	717247	785461	47003	789884	45343	770326	768481	790415	789849	755366	769447	789368	777636	766233	790352	789062	703537	756096	120975	789826	786316	790098	782188	771176	787125	150521	745468	783449	120448	102247	790307	612994	787268	781414	78538	50884	791339	733951	790169	784297	34545	790336	773869	65509	790777	791313	790066	791099	784238	788837	119281	315281	778230	766706	791263	791131	789537	791035	791084	788673	791073	791128	789102	778867	791135	791030	783647	732492	788450	724389	784810	788889	788695	777108	350113	786631	587603	686058	483994	786986	790115	238422	168425	790544	612141	701026	295539	463367	541240	790485	788037	729393	788594	741847	770566	765729	73156	791242	317378	787819	759797	767234	789425	786738	787616	750874	694423	760325	439415	777979	650298	789563	789299	790790	790412	654427	781887	786437	775068	776268	790527	783053	790895	787005	789863	638203	626068	754413	666871	629010	766184	767260	622343	785753	705206	633961	785804	323576	661167	608795	691630	573390	779577	772306	24	42	24	46	2	45	0	317	39	44	312	299	6	0	33	2	23	1	328	4	28	39	0	321	30	321	319	335	38	49	328	45	307	6	0	0	20	24	334	326	19	32	282	33	33	308	327	42	41	32	305	32	336	5	26	293	15	32	23	36	10	0	25	290	37	13	5	0	30	328	41	8	0	31	12	341	327	327	336	320	0	0	1	34	31	0	0	302	503	335	35	338	315	21	44	314	259	298	276	283	36	42	51	320	33	27	40	28	1	42	311	2	38	20	1	32	66	79	126	40	0	38	36	40	39	9	47	14	313	66	307	0	37	309	44	45	35	57	28	37	38	31	310	317	316	1	229	27	0	37	36	324	21	333	21	0	205	54	38	33	31	55	33	215	2	28	25	300	21	35	23	37	33	299	286
NC_063255.1	13000001	785617	778882	781480	780024	767144	783400	767992	783722	784259	780458	775444	784083	784489	50431	300196	779355	785231	752717	784491	785338	46638	173726	778283	137196	784400	781504	784694	783774	784881	760734	739754	784481	693826	783482	71672	784216	62407	763395	762941	784428	784169	746211	761459	783705	771215	759137	784653	783267	743686	748541	161518	783842	779953	784402	781945	765696	781465	182513	761852	777875	159070	127961	784427	646671	782310	774956	109145	81957	785486	753762	784258	778157	52459	784802	768759	95885	784854	785471	784193	785284	775766	783321	165567	379951	769727	763607	785295	785359	783747	784944	785221	782665	785312	785339	783569	758000	785317	785275	776436	740526	783689	719205	778625	783405	783327	771113	402703	779970	621702	709911	515166	781479	784495	284855	201234	784479	638542	697824	347638	503986	567319	784520	782531	741950	782798	740100	764970	756139	105542	785429	366714	782819	763050	764601	783867	780599	782243	745809	696226	753230	477175	772837	670237	783724	783700	784845	784713	662197	775973	780852	768903	771452	784610	777000	785022	781143	784055	662329	652521	752835	684745	649309	765038	761719	647593	779749	719576	650589	780614	376293	679602	636226	701284	615139	775771	771138	0	0	0	6	2	7	0	389	0	0	256	256	6	1	0	2	3	0	317	1	39	0	0	309	1	313	305	394	6	2	387	17	392	0	0	6	1	1	390	313	1	9	411	1	1	254	384	0	5	39	249	10	388	0	0	246	0	2	0	44	0	0	0	244	9	22	0	0	2	394	9	9	0	9	0	397	312	314	394	356	0	0	1	0	0	0	0	253	469	392	0	394	256	1	0	257	223	278	334	414	3	4	4	384	0	10	9	11	0	21	308	0	95	11	0	12	16	142	210	5	0	12	1	9	3	1	3	46	256	97	298	0	13	254	9	14	2	12	3	19	8	2	258	383	258	0	200	0	0	0	0	311	4	397	1	0	284	4	8	0	16	1	13	234	1	1	5	295	5	3	7	0	1	241	348
NC_063255.1	14000001	802456	793323	797088	796901	786638	800071	785406	800196	800972	797313	796062	800727	800856	58800	367550	794599	801964	748326	801072	802051	107436	225261	795866	216680	800825	797237	801372	800359	801521	781341	777482	801011	793399	798743	109245	800969	82990	779626	781168	801360	800574	778535	781573	800718	789477	776254	801243	800002	781068	766370	252242	800607	795008	800939	781734	780016	797929	270158	783989	792645	229042	214235	801309	727723	799851	792807	156323	152761	802147	776750	801479	794190	117016	801464	785181	139998	801618	802228	800472	801908	788115	800315	245312	505895	786561	783188	802107	802030	800750	802095	802098	798837	802003	802057	799369	794966	802045	802048	793283	776071	800843	725476	795051	797908	799535	788491	552395	796359	711656	748529	642631	800337	800778	395231	323794	801196	725566	747647	476702	633054	665205	801253	798313	779182	799162	753300	782301	773324	193350	802137	499198	799328	790803	781493	800600	787659	797220	769505	686129	772939	597641	792063	742827	801691	800521	801821	801567	726386	791927	798858	786236	786824	801746	793122	801803	797505	801258	727565	730338	778479	758884	731531	789426	782842	734333	798533	770599	732783	799019	535421	751720	717555	761820	695930	797522	788593	516	577	500	557	0	479	0	334	567	585	15	16	1	0	527	0	431	315	336	12	55	569	3	332	561	327	322	331	545	529	317	619	333	19	0	0	533	510	329	335	515	444	303	472	491	14	329	532	501	47	15	527	329	399	539	15	150	565	563	57	66	0	486	16	471	2	2	0	376	332	499	1	0	523	30	338	335	336	335	329	0	0	2	507	524	0	0	17	34	337	551	337	16	528	525	15	313	305	309	307	491	557	582	316	492	145	560	278	0	209	328	0	94	66	1	326	392	149	220	307	0	541	404	544	487	453	508	40	16	15	316	0	522	16	549	535	447	377	481	163	448	397	16	318	16	0	15	500	0	463	463	332	509	338	506	0	266	345	439	292	310	437	419	273	0	340	326	319	150	289	283	320	345	15	295
NC_063255.1	15000001	800909	791683	795875	795253	782313	797975	784433	798646	799291	793643	795710	774036	799332	67767	367148	792583	800005	738737	799450	800447	288289	242689	796461	383630	799093	795284	799543	798573	799660	775185	787143	798987	797553	780957	136408	799064	104330	778951	780041	799460	798887	780830	776991	798657	785778	774418	799150	798468	782615	765807	391836	798747	793409	799245	747653	777937	721681	392300	783728	790369	371704	397299	799684	758647	798842	793179	280264	394623	800350	785028	799307	794277	337760	799800	788413	280702	799633	800413	799156	800265	688642	798844	404934	538860	781326	785830	800391	800312	798804	800517	800340	797351	800408	800230	797556	796565	800412	800165	787263	791416	799818	697443	792876	786428	795924	788683	706591	792499	772192	732480	741496	800092	797351	564309	513161	798834	774687	770118	601290	702923	751084	799801	793221	788432	797736	740936	783424	780504	421983	800552	621157	798095	787288	782653	799316	753095	790753	769569	628013	779309	726250	792688	783512	800457	799139	799921	800122	754050	791957	797003	785469	784209	800137	791361	800102	796771	799426	721888	776570	782015	789619	777640	792108	779156	775701	796689	790902	778490	799107	691176	784242	770599	780684	750323	798264	786820	276	316	288	271	0	270	0	345	314	340	366	373	15	0	303	0	231	222	338	19	86	311	0	330	309	329	328	343	272	327	336	346	346	17	0	0	261	312	347	334	273	321	345	321	311	367	344	277	304	149	360	258	348	210	322	348	93	312	283	124	92	1	226	371	313	93	74	0	261	350	280	52	0	277	27	351	335	334	346	299	0	0	1	292	335	0	0	363	7	347	278	350	376	309	334	373	339	298	329	354	282	343	353	327	290	213	294	286	0	290	333	0	195	135	1	310	309	258	304	302	0	301	293	308	319	307	295	181	374	300	324	0	308	371	317	317	268	254	280	264	349	302	377	337	376	0	357	296	0	263	290	331	311	345	313	1	297	270	293	346	259	320	320	327	1	323	291	323	182	304	277	244	204	376	306
NC_063255.1	16000001	717220	706805	710281	709872	697820	714473	698577	715109	715930	709678	711952	715286	715678	42417	247142	709616	716660	656362	715931	716872	138369	151688	712113	248250	715856	710761	715967	715055	716192	686724	704286	715450	712701	713165	72495	715505	56700	695133	695913	715976	716214	696986	692828	715050	701777	691869	715781	714871	694843	685475	304577	715162	709077	715318	684774	694558	710420	236591	698713	706238	253276	273933	716295	672355	715177	707741	176087	234459	716871	696460	716369	709274	180134	716353	703669	134996	716622	716918	716404	716702	693388	715238	306567	530088	699294	699984	716869	716810	715371	716859	716637	710634	716739	716737	711826	710796	716709	716704	708410	706377	716140	645351	709166	708037	713668	701992	589718	709379	676025	681983	636415	716414	714749	458880	399972	715661	680952	683772	528743	627279	651715	716441	709875	701978	712431	668504	698704	695144	280809	716862	539351	714829	709636	698025	715711	696342	709185	688676	597961	693824	616884	708139	694545	716725	715403	716620	716567	673904	707266	714187	701515	700113	716579	707035	716551	711855	715768	668160	685452	698978	700592	685045	707752	698996	688600	713894	703620	687666	715599	576945	695291	677367	694391	649569	714768	707462	1182	1247	1221	1466	1	1215	0	231	1317	1430	320	315	5	0	1312	1	1060	113	270	48	36	1401	0	257	1248	261	260	232	1359	1429	223	1586	224	43	0	0	1281	1299	231	268	1192	1172	228	1218	1221	317	225	1367	1205	68	316	1228	230	880	1206	321	245	1423	1214	70	206	203	1086	318	1399	51	39	0	1111	233	1288	10	0	1188	50	235	266	268	232	217	0	0	0	1331	1285	0	0	313	36	232	1249	230	321	1359	1432	320	245	237	221	234	1356	1192	1279	219	1334	610	1366	968	0	1039	266	0	102	362	0	1008	1038	160	193	947	0	1335	1100	1322	1183	1265	1173	76	323	193	257	0	1206	312	1374	1346	1087	1095	1248	750	1379	1064	323	223	322	0	285	1202	0	1371	1316	263	1289	234	1243	0	214	1031	1002	1162	1063	1243	1247	252	0	1140	959	257	671	1086	1058	1051	975	311	217
NC_063255.1	17000001	815465	805818	809867	809241	747563	813014	798256	813345	813527	798378	810334	814854	811646	35770	185688	809855	814265	765559	814016	815005	43466	114881	809879	130251	813891	811918	814208	813206	814590	749567	790599	813961	802661	808170	34125	813858	34615	791334	791692	814113	815060	789330	789838	812955	799590	787582	814176	812856	751205	775903	169683	813275	808274	813874	786003	793123	814471	146372	771974	807282	142508	169248	814256	713719	812602	805063	88553	109540	815178	787742	814412	806924	62628	814582	798449	56611	815300	815199	815263	814965	812582	813160	187931	507470	798566	796476	815112	815094	813471	815097	815045	811468	815008	814957	812160	806899	814979	814843	807663	796862	813807	748237	808166	812311	813120	800323	560601	810572	734922	774668	668643	813925	814241	422809	335478	814319	737297	762587	484579	659813	683453	815288	811549	792981	812232	765632	792728	789469	152922	815080	504721	812155	804624	791009	813353	808339	811485	776340	712494	783993	617827	805113	762571	814817	813753	815362	814370	745425	804223	812275	800687	796700	814584	806130	814734	809893	814131	751152	753677	790547	783338	744812	802557	793648	760602	811237	786781	754944	812557	548293	766259	737280	777015	671043	811470	804878	427	433	389	374	4	417	0	1	447	470	104	102	8	2	449	4	344	259	109	16	0	481	0	106	437	107	107	1	371	431	3	515	3	17	0	0	411	372	3	108	452	403	153	379	359	106	1	415	431	0	101	376	3	286	387	106	77	425	428	20	64	107	318	104	454	13	34	0	362	3	450	20	0	421	3	3	107	106	3	3	0	3	0	364	381	0	0	104	160	1	372	1	105	356	440	106	94	97	3	158	406	398	470	3	418	221	440	264	0	274	106	0	5	108	0	237	371	1	2	274	0	412	339	417	363	408	358	0	104	66	103	0	424	104	410	397	346	339	412	246	367	360	104	3	106	0	88	441	0	436	366	104	377	3	425	0	4	289	335	339	260	375	323	96	1	341	324	104	235	364	326	356	329	104	2
NC_063255.1	18000001	745371	737688	740718	739953	688742	743025	729199	743064	743135	728475	736669	742421	742367	43502	186875	741212	744283	715431	744107	744802	18877	124127	738761	70163	743905	743207	744126	743066	744407	681405	693872	744074	557736	738888	45329	743759	43130	721829	726657	744042	744748	703725	721556	742834	729592	717526	743961	742673	678854	709906	89366	743467	739314	743624	742380	724669	735988	117526	705434	738811	77818	78953	744050	597508	741233	735326	57220	38953	745247	710305	744011	738983	21894	744227	727684	47756	745274	745066	745085	744903	730079	742982	113288	297973	729063	722508	744974	744916	743280	744719	744845	742345	744841	744787	742953	702909	744852	744757	740736	699234	742873	699616	738171	744746	743731	731136	339575	742291	581230	662077	488936	740994	744769	287703	183277	744510	585984	666428	274966	455245	521239	745239	743118	696491	742471	703055	725318	719718	61071	745064	313499	741795	715786	720265	743206	744191	743476	698745	687578	712908	429320	734924	624245	743276	743329	745274	744056	621530	735522	741225	731792	729398	744277	736037	744609	740200	743853	618914	607059	708765	645304	590673	721615	726461	605562	739269	673313	597886	740525	320093	633520	597276	654617	520419	735091	732090	17	11	21	21	5	18	0	0	11	18	75	73	7	0	16	5	16	129	81	0	0	25	0	79	19	81	78	0	22	24	4	21	5	13	0	0	14	15	5	81	17	21	137	11	8	78	0	21	17	1	76	18	5	6	15	70	4	21	12	5	0	80	20	76	21	3	0	0	8	5	19	0	0	18	0	5	78	78	5	5	0	0	0	18	14	0	0	70	138	0	19	0	77	20	19	76	130	76	6	135	18	14	9	1	19	8	19	9	0	8	83	0	9	3	0	5	18	0	3	7	0	18	14	23	13	18	17	4	76	24	73	1	16	77	20	24	13	25	20	7	21	9	77	5	78	0	60	11	0	16	19	81	18	5	7	0	8	13	19	20	20	19	16	60	0	19	18	70	4	18	13	19	19	72	5
NC_063255.1	19000001	716391	709810	711792	710764	656530	714385	700190	713922	713907	686670	705276	711391	713739	43313	184069	711256	715135	695822	715136	715786	14122	130060	707532	55780	714936	714239	715214	714103	715424	652554	652694	715221	392418	707477	42239	714680	46636	693917	696320	715084	715777	664828	692116	713875	701883	689332	715013	714020	635985	680548	84415	714493	710855	714573	714601	694598	696072	100000	675416	710820	83620	58351	715009	553230	712304	705517	59818	29019	716307	683285	714806	709234	15789	715097	700059	55912	716220	716212	716048	715954	689259	713821	102130	250545	700632	691989	715945	715869	714394	715660	715907	713334	715882	715835	713815	644602	715895	715911	711579	662978	713089	674324	708441	715562	714613	702858	282320	713323	522592	621265	423742	710970	715869	242904	140348	715478	534048	623257	217152	385794	471411	716218	714185	657642	713369	675445	695878	690926	48728	716120	255259	713072	677677	693849	714030	715495	714894	667462	659651	683861	357454	703906	573005	714069	714220	716248	714982	568913	705910	711313	702967	700364	715168	707934	715594	710712	714788	575089	552007	676913	595149	537266	688268	696431	541436	710132	632879	547684	710671	241874	588152	543384	615250	472779	704262	700869	0	0	0	0	4	0	1	3	0	0	55	58	0	1	1	4	0	7	60	1	1	1	0	60	0	58	59	2	0	0	4	0	3	0	1	0	0	0	4	58	6	0	40	0	0	56	2	0	0	0	55	0	4	0	0	47	0	0	0	3	0	57	0	57	0	3	0	0	0	4	0	0	0	0	0	4	58	58	4	3	0	0	0	0	1	1	1	59	43	2	0	2	57	1	5	55	47	53	3	41	2	0	0	0	0	2	1	2	0	3	57	0	1	0	0	2	6	4	2	7	1	0	0	0	0	0	3	0	58	13	53	0	0	58	1	0	1	1	1	11	5	1	58	5	58	0	33	0	1	0	1	59	0	4	0	0	3	0	4	1	6	0	1	39	0	0	0	57	0	0	0	0	0	53	4
NC_063255.1	20000001	752240	745695	748099	746591	711700	749658	737306	749995	750277	744220	742900	750438	749846	51330	271024	747437	751412	720540	750994	751829	31717	168767	745723	107106	750788	749546	751055	749989	751377	704883	708841	750855	646389	747444	61424	750405	51115	731610	732623	751058	751559	715026	728114	749919	737750	723156	750935	749521	700294	716624	132495	750256	746356	750647	747384	731107	746203	165340	722770	745982	128711	101914	751012	624318	748281	743111	83095	51779	752044	720232	750911	745683	31534	751036	734592	67042	751940	752016	751715	751722	742684	749629	147431	339406	736530	727738	751848	751798	750160	751667	751699	749061	751726	751679	749874	725575	751839	751749	745995	704032	749229	699084	745245	750980	749871	738165	370425	748319	592178	675932	490184	748193	751666	273543	195291	751166	605659	672573	305477	481196	537627	751970	750025	707419	749306	707783	730857	725222	75163	751959	331827	748768	729481	730313	750195	749458	749894	708025	678354	718996	445572	740346	639908	750352	749903	752034	751209	632163	742690	747646	738410	736651	751232	743830	751594	746920	750699	636096	619551	717641	658362	604487	729247	731174	620826	746625	683289	619223	746782	342998	649098	604899	670031	561214	741841	737540	3	0	1	0	1	0	0	1	1	1	65	62	4	0	0	1	1	3	65	0	1	0	0	62	0	66	63	1	1	0	3	2	3	0	0	2	1	1	2	67	3	1	55	0	1	65	1	0	2	0	65	0	2	0	0	61	1	0	0	7	0	64	7	65	1	5	0	0	1	3	0	1	0	1	1	2	64	65	2	2	0	0	2	0	0	0	0	64	57	1	0	1	66	0	0	64	38	56	1	55	4	2	3	0	1	9	0	10	0	4	67	0	1	4	0	6	8	3	1	11	0	5	3	2	4	1	2	3	66	21	64	0	1	63	5	0	1	3	3	2	8	3	65	2	66	0	55	1	0	0	0	61	2	2	0	0	2	3	1	0	3	7	1	48	0	0	4	62	0	2	4	1	1	63	2
NC_063255.1	21000001	773080	764935	768460	767333	731605	770735	755734	770473	770935	760337	766063	771128	771168	43063	223572	768392	772265	739001	771735	772532	23779	126265	766883	100059	771575	770705	771657	770679	771975	716264	724084	771821	705100	768375	36380	771233	39357	751125	753736	771604	772508	742294	747510	770651	758079	746276	771642	770087	731998	736954	142477	771051	767276	771499	769713	750570	769123	130690	746438	766928	132309	116553	771781	661544	769509	763494	79351	63985	772870	749618	771861	765996	36075	772099	757532	64136	773012	772832	772810	772605	764665	770575	135850	393162	756305	754365	772600	772651	770946	772495	772587	770074	772579	772595	770549	751207	772563	772560	767504	737766	771017	722139	767173	771938	771293	758829	442527	769616	645420	720247	568582	769800	772339	346405	237323	772328	651222	706947	367249	558366	595838	772954	771018	738929	770437	731699	753270	748530	98685	772790	396756	769852	755798	751093	770884	771454	770964	735451	700909	743636	512163	761938	685048	771863	771214	772992	772033	675261	763910	769811	758432	758208	772146	764738	772385	768294	771520	689611	668460	746066	706895	660042	753598	753349	675026	769271	727927	669804	769365	410767	697087	659351	712636	604112	767255	761646	6	17	7	11	1	4	0	2	23	22	60	62	1	1	6	1	9	2	62	2	0	10	0	59	18	62	59	2	2	5	3	50	2	4	0	0	14	8	3	62	9	15	107	13	15	62	2	23	8	0	61	10	3	0	0	62	2	7	1	8	8	61	9	62	13	5	10	0	11	3	8	1	0	13	2	3	59	61	3	3	0	0	0	4	23	0	0	66	107	2	17	2	62	9	27	63	86	51	3	106	29	16	17	0	14	35	10	21	0	42	60	0	5	28	0	25	54	2	2	45	0	40	6	30	33	24	9	0	63	21	58	0	12	62	37	28	22	27	40	29	12	26	63	3	63	0	51	25	0	22	14	61	29	2	1	0	3	26	12	26	29	22	35	42	0	19	29	58	23	13	18	5	8	57	4
NC_063255.1	22000001	762850	752970	756162	755841	742957	760231	745286	760486	761477	754766	755536	762416	761850	52774	322538	755076	762384	709268	761680	762431	96388	171563	757335	243319	761031	757344	761411	760747	761825	729829	743693	761094	754736	758855	73924	761115	58714	740587	740466	761388	761344	740422	737461	760584	747522	735657	761254	759922	745331	727669	275042	760984	755125	761049	743880	740400	762170	253606	747999	753861	264861	229497	761523	713074	760681	752717	160256	148210	762479	742336	761887	754046	98647	762113	747592	126155	762144	762506	761681	762336	760413	760680	240071	538950	746261	744708	762469	762465	760575	762332	762300	757990	762457	762462	758735	755182	762474	762263	754810	747112	761228	697193	754549	758585	759896	747462	575893	757217	701828	734807	646267	761367	761054	425002	347954	761755	703328	716585	499620	649839	657182	762255	758247	745902	758844	712505	743517	740080	193236	762633	519785	760163	755950	742876	760848	752340	757475	727128	662992	735267	606700	751857	725988	762314	760824	762320	761783	705572	753261	758940	747862	747604	762033	752204	762037	757041	761317	720159	712374	740820	736454	712726	749664	742986	726400	758861	741312	718263	759969	553078	729569	706405	730624	675486	759123	752436	1037	1026	1004	1063	3	994	0	15	1068	1172	22	22	3	0	1057	3	830	19	37	24	2	1159	2	36	1159	34	34	16	1012	1015	14	1270	14	38	0	0	942	853	14	35	934	924	332	1066	973	21	16	979	980	3	21	1054	15	716	978	22	327	960	1076	11	195	35	783	18	1019	2	20	0	831	15	1043	26	0	1025	84	15	38	38	15	15	0	1	0	1010	887	0	0	24	341	16	970	16	22	995	1060	22	343	32	15	337	887	1003	1181	0	1022	394	1048	633	0	588	36	0	5	213	0	665	835	13	15	598	0	1085	810	1074	987	1016	1020	6	22	14	35	0	938	22	1146	1143	887	961	920	421	991	647	22	14	22	0	24	989	0	1036	920	36	1058	15	1031	0	15	629	969	773	677	809	1006	35	0	757	733	37	402	723	732	791	621	22	10
NC_063255.1	23000001	773556	766453	768478	768223	752799	771240	756058	771204	771885	765571	766493	772730	771776	49661	275201	765539	772956	720877	772051	773202	80435	165736	767050	189078	772085	768235	772408	771399	772596	743570	743501	772075	759414	770617	70815	771940	56632	752670	750842	772273	770971	746506	749090	771188	759306	748488	772284	771124	735112	738793	217809	771656	767437	771926	757320	752376	772084	221634	746242	763575	205174	171159	772425	662873	770569	762989	127189	118034	773228	732591	772443	766157	90535	772512	755423	105719	772491	773253	771389	772993	770049	771080	210686	420443	758957	752395	773180	773174	771434	773134	773141	770112	773168	773081	770846	765261	773191	772990	764820	734320	770894	708628	766504	770337	770691	759271	456621	767463	634273	699434	545287	769619	772243	327199	254990	772277	653253	702220	392929	537717	587924	772236	769527	734566	770336	722564	753556	749038	156596	773257	417971	770254	753430	751084	771481	764620	769459	737282	665764	741142	512133	761197	678875	771991	771642	772398	772565	666151	763488	769584	757955	758591	772537	764791	772807	768583	772187	667626	661941	742591	691066	655371	752642	753438	662399	767789	714976	658745	769043	431478	684106	643702	706996	609707	764696	759732	817	807	817	921	3	785	0	405	847	970	3	3	1	0	828	3	684	406	418	6	50	963	0	408	832	410	397	416	900	934	413	1017	406	35	0	0	749	638	419	417	723	773	399	762	690	3	409	782	731	70	3	769	413	518	859	3	242	767	815	69	64	410	529	3	767	0	13	0	612	413	837	2	0	713	26	419	413	413	411	401	0	0	0	813	790	0	0	4	227	415	834	414	3	840	954	3	408	373	379	389	771	756	857	0	764	132	852	380	0	321	408	0	113	44	0	448	540	197	269	406	0	837	604	786	771	770	733	64	3	7	397	0	805	3	825	835	742	640	775	215	754	474	3	395	3	0	10	791	0	796	749	407	747	418	727	0	341	575	707	594	395	752	680	332	0	493	475	396	162	500	507	491	541	3	378
NC_063255.1	24000001	738355	728828	733668	732851	713252	736401	722791	736414	736465	731752	731278	737685	737167	62758	275455	731493	737842	692488	737262	738019	60267	183616	731502	143989	737251	734112	737304	736584	737524	701039	705318	736786	718311	735018	90600	736867	72394	716590	716224	737398	736685	708820	715885	736408	723865	714079	737301	736134	696941	704024	161017	736551	732617	737253	727862	720154	736749	203584	712795	729419	160227	125785	737120	604910	734747	729103	107094	72245	738120	685477	737151	730638	50595	737341	719565	93988	737335	738101	736562	737924	735166	736045	152775	331990	725057	714761	738081	738047	736701	737735	737972	735607	737971	738017	735670	729174	738034	737862	728639	686192	735655	674371	730556	735749	735588	724010	349503	733345	566869	648480	458582	734152	737018	244655	171407	736643	584296	651615	294030	452655	515055	737116	734554	690549	735277	690208	717961	711552	91519	738162	316113	734857	713586	714045	736458	731571	733511	700528	638401	704427	431003	724739	618395	736394	736149	737812	737474	613374	728914	733080	721651	723131	737251	729720	737811	733474	736974	610250	590919	705138	628216	591329	713621	715728	600779	732614	660205	601429	732713	330126	621684	574555	652330	561718	729471	721660	172	183	170	220	267	211	0	212	209	204	164	163	8	76	172	280	144	380	116	11	42	200	0	114	182	115	110	217	203	191	273	219	272	16	0	0	177	137	276	115	190	196	389	161	158	161	212	201	170	39	165	168	275	130	147	168	85	213	208	25	27	112	189	157	195	9	11	0	166	272	182	2	0	172	9	280	382	382	279	268	0	0	2	168	188	0	0	163	421	216	140	213	167	170	188	163	390	105	241	384	199	209	198	1	143	48	190	125	0	116	112	0	68	44	1	122	177	67	145	89	0	226	128	212	204	135	205	44	164	66	107	0	193	164	226	209	168	241	177	72	184	119	168	263	165	0	127	178	3	155	181	115	157	278	169	0	214	119	153	133	151	178	181	73	0	121	118	361	48	73	100	144	113	156	236
NC_063255.1	25000001	411449	405487	406951	406836	398737	409796	401336	409709	410176	407534	407041	411009	410439	29969	146444	407602	409080	386450	410567	410193	50314	100665	408562	105437	409060	409697	409403	407924	410676	393632	397877	410188	407800	406653	41341	410288	36710	395845	398739	410428	409947	394479	396145	409378	400351	396988	410271	409852	394756	389121	125785	410226	407161	410394	405425	395776	410753	126665	397168	406691	121568	101734	409373	368410	409717	406135	80754	69287	411169	397495	410805	407134	49179	409218	401767	65726	411082	411135	410802	411099	410230	409480	114288	241827	401309	400565	411090	411030	409867	410483	410829	408778	410891	410947	409206	405409	411078	410666	405216	395290	409148	370723	407023	409786	408700	397808	273254	408573	359491	384526	311062	407380	409322	186221	150970	410141	362818	374576	222422	321351	336114	411062	408504	398258	409288	384346	398227	394316	84305	411280	246292	407709	403896	399970	410170	406240	407271	387396	350235	392209	301072	405040	378718	408603	409546	411231	410589	365899	405382	408503	401173	401646	409343	406649	410938	408445	409777	376787	365551	396729	384645	368676	403058	398348	373149	406466	392277	372084	408134	249279	376572	357384	386161	338397	406860	402222	7	13	6	15	197	31	4	9	35	10	200	199	9	43	13	207	31	205	51	10	28	10	4	45	25	43	46	9	31	14	197	33	203	5	4	1	7	29	206	54	9	11	184	8	37	194	6	38	9	41	205	7	201	26	6	203	21	7	25	11	14	43	7	199	33	31	15	5	29	200	44	12	24	35	9	209	210	206	207	200	6	5	3	24	8	5	3	198	199	5	7	4	198	8	23	204	256	49	181	182	21	13	31	4	6	11	36	15	4	13	45	5	74	8	4	30	43	4	147	42	6	15	34	41	12	14	13	43	203	120	43	5	14	203	31	18	9	14	12	44	33	34	201	203	210	4	172	36	6	11	31	46	28	213	11	33	180	35	7	36	35	43	16	39	32	10	11	202	10	10	13	40	29	202	188
NC_063255.1	26000001	587846	580121	582386	582684	567884	585364	572142	585424	586426	582520	582714	587153	586550	45596	235012	581983	587284	546673	586267	587397	69660	157233	583852	151896	586446	582703	586501	585307	586829	559834	566562	586208	582925	584206	76703	586245	57601	569629	566926	586563	586546	565508	565455	585216	574985	565625	586403	585155	561355	556376	167130	585781	581805	585929	572086	566912	586994	181654	568527	577755	165262	140557	586682	528002	585639	577274	106278	85634	587491	568041	587029	579584	64192	585329	572121	89946	587362	587471	586945	587270	586273	585625	164685	360391	572473	573582	587499	587165	584941	587232	587144	584964	587231	587355	584655	581877	587285	586954	579530	569961	586221	533737	581641	582955	585155	573425	389905	583075	516893	555368	459931	585778	585915	275665	226759	586199	520411	536395	327939	466224	475187	587237	583741	570261	584835	544430	569477	567024	120106	587570	353328	584372	578443	568693	585890	579273	582803	557059	503798	563164	427457	575405	540895	586182	585462	587454	586573	528096	576763	584197	572219	572393	586791	579729	587303	583646	584271	541348	528098	566160	557168	523787	575649	569260	541787	581318	561744	531043	584133	370331	545001	522837	552771	489167	582974	576179	12	19	11	30	497	18	9	7	17	26	343	334	13	130	20	516	17	332	423	11	60	18	7	421	11	408	406	11	33	18	508	29	500	4	8	2	8	26	509	418	12	15	402	17	14	340	7	29	12	124	332	14	503	16	18	342	8	20	21	119	10	419	19	333	31	37	11	6	16	505	23	10	9	12	8	520	344	341	517	508	6	9	8	18	22	7	6	331	415	10	22	11	337	19	22	341	397	395	487	406	36	25	26	11	19	15	12	26	6	27	410	11	180	13	12	30	21	20	344	28	9	24	22	23	21	15	17	106	341	170	410	10	12	330	33	24	16	25	25	20	24	26	347	497	341	9	183	23	14	12	10	412	18	516	21	11	442	27	24	21	22	26	23	386	12	26	22	333	16	31	21	23	15	329	473
NC_063255.1	27000001	730784	723260	726552	725742	707299	728579	716262	728796	729217	725046	721253	726056	728827	52944	302408	724752	730191	699926	729708	730432	41275	174704	722713	107464	729479	727312	729902	728840	730062	703210	678301	729591	471220	727498	73437	729435	59900	709091	711334	729678	729939	680771	707881	728731	716267	705546	729668	728552	678201	697641	118718	729190	725439	729617	725268	710280	718217	168829	702027	723271	121802	96322	729651	574998	726860	720960	83361	58477	730560	691451	729445	724237	41453	729794	714929	80176	730407	730627	729678	730480	703309	728606	148857	290718	715178	706725	730541	730510	728829	730393	730446	728337	730478	730454	728797	656147	730430	730418	723309	674801	727782	678253	723581	728833	728622	717855	315404	727117	536301	628353	436741	725910	729917	242791	162892	729786	558785	642154	259836	409202	490326	730253	727818	673056	727651	683451	710133	706337	78471	730531	287625	727467	696682	709048	728862	726324	728319	685697	660208	699454	392818	718454	590796	728506	728833	730453	729697	590559	721416	725893	715886	716509	729780	722908	730177	725851	729298	578140	565979	691657	611057	564273	703515	711870	559814	724864	641839	568601	724779	285331	597743	558840	627938	524116	718796	715834	1	1	3	5	494	4	1	5	0	4	471	478	17	151	4	506	0	473	266	1	73	2	1	262	5	263	248	4	1	3	494	11	495	2	1	2	9	2	500	265	15	2	267	1	8	469	5	6	1	53	475	7	501	0	1	447	2	9	0	35	1	258	10	469	3	37	1	0	13	496	5	1	1	1	0	509	484	480	505	437	1	1	1	1	1	1	0	463	274	5	10	5	482	2	4	484	487	239	440	269	15	2	10	2	3	7	0	10	0	10	259	1	124	12	2	6	6	5	272	8	1	4	0	4	16	10	15	57	481	178	248	1	13	469	12	9	11	19	15	7	9	8	480	478	484	2	5	10	2	11	11	253	0	504	2	0	355	15	7	5	2	8	14	197	0	10	11	458	12	2	14	9	3	441	453
NC_063255.1	28000001	709485	703226	705523	704913	677710	707457	695253	707364	707930	704611	699260	705080	707607	45463	253435	705524	708879	686532	708592	709102	20956	144951	700369	65966	708372	707416	708717	707705	708703	662277	643666	708574	410764	705572	54070	708209	47866	688861	691180	708596	709023	656334	688025	707785	695201	683869	708527	707517	658259	677947	89652	707883	704165	708371	708078	689517	695755	135428	678949	704187	95217	67396	708309	549485	705173	698969	60230	37324	709407	671409	708047	703173	22837	708583	694043	64701	709439	709396	709261	709168	689003	707106	112543	243008	693474	687129	709241	709211	707932	709004	709173	706888	709201	709157	707067	627538	709261	709178	703392	635639	705548	661831	703092	708366	707455	695764	262145	706332	475695	600493	369848	702799	708626	193808	129314	708552	511078	606406	216458	342094	439305	709390	706737	639100	706193	664496	686361	682259	56534	709257	243015	706344	676060	685642	707316	707294	706988	662615	652598	677779	343399	696727	545440	705898	707392	709396	708302	547140	698914	704507	695379	695125	708523	701124	708930	704564	707702	547367	504753	665952	544721	510436	678021	689312	509516	703122	602941	506521	702588	229593	555203	501203	585236	488555	692074	690017	46	32	26	21	583	21	2	4	36	43	563	589	23	122	39	597	15	596	325	46	70	43	2	88	40	86	85	3	49	56	595	81	580	16	3	9	15	28	592	88	37	41	444	36	18	591	3	59	42	54	597	31	599	3	18	503	47	17	44	5	26	323	37	561	47	30	17	1	29	586	28	21	1	25	4	609	604	605	600	487	1	3	1	33	37	1	1	582	450	2	10	3	601	14	58	601	468	79	494	434	44	63	60	2	46	78	58	65	2	56	84	6	113	65	1	73	46	3	249	65	1	39	40	41	36	24	67	46	602	158	301	2	40	592	49	61	41	63	50	66	68	75	592	585	606	2	2	44	3	27	21	85	45	598	38	313	374	61	35	51	49	71	32	62	291	46	50	555	43	53	76	38	39	247	517
NC_063255.1	29000001	811128	803143	806751	806488	802109	808455	794659	808966	809764	806227	803370	810545	809731	73599	345815	802217	810924	760361	809976	810848	85884	217188	805225	212210	809729	805347	809957	809198	810226	797688	789696	809396	796751	809608	114085	809668	92702	790127	787119	809944	808454	784384	787563	809058	797577	784179	809753	808748	777584	773290	222714	809206	805355	809747	787310	791386	809988	239083	790604	800605	209121	182934	810150	718095	808250	801693	136516	127720	810860	783798	810081	803315	90976	810174	793591	112931	809236	810789	807948	810682	808760	808601	242097	488747	795386	793636	810817	810765	808970	810724	810642	808598	810610	810647	809056	803654	810783	810616	801857	784878	809223	735099	804538	807910	807819	796630	525103	804042	713060	760904	632339	809121	809373	356166	291752	809437	719892	755040	462443	628381	666152	808987	807567	787113	808430	757035	790833	784359	157502	810950	466655	807763	798232	790152	809103	800486	806169	778234	701653	780250	588036	799951	748810	810080	808515	809371	810332	732157	801919	807114	792922	795815	810131	802527	810458	806765	809628	736608	733773	785469	762550	730318	795555	791379	740262	806026	775517	731247	807906	510391	749629	719079	768153	670483	806727	799283	3	5	4	4	408	3	3	4	1	3	338	331	11	104	10	425	0	335	427	5	67	4	8	436	1	434	425	4	6	3	416	0	419	3	2	1	6	9	407	443	3	2	357	2	1	333	4	3	1	75	333	0	423	1	2	335	2	3	2	72	0	357	2	322	4	51	0	2	0	414	1	0	1	0	2	426	337	332	417	404	2	1	1	1	4	2	2	330	368	5	2	5	333	4	6	338	381	385	394	348	6	4	5	2	3	11	0	3	1	6	434	3	102	6	2	11	15	5	287	5	2	6	2	0	11	2	3	82	338	186	340	2	3	335	2	8	1	10	8	17	3	4	339	400	339	3	6	1	2	6	1	432	0	417	2	382	362	9	7	3	1	11	4	367	381	3	4	325	2	5	16	5	4	3	395
NC_063255.1	30000001	810672	802458	806175	805824	779810	808058	791852	808377	808586	797946	801737	809615	807917	65553	270034	802128	810076	764438	809446	810288	52384	182168	802710	126360	809268	805631	809712	808744	809840	768958	762537	809181	780877	806460	86654	809270	71372	786093	785929	809515	808237	779585	784823	808438	795681	783528	809292	808406	740660	772359	139543	808960	804755	809179	803657	789238	808981	181255	770951	800632	139482	118047	809460	655834	807085	799629	96405	72697	810434	766772	809536	802913	52872	809810	792000	81112	808990	810450	807850	810266	806130	808254	161338	356840	795755	789733	810334	810407	808839	810194	810257	807646	810312	810260	808386	798914	810363	810218	802135	774832	808463	743135	803518	808097	808201	795885	408478	803696	655933	726316	559772	808203	809301	316238	212039	809432	664218	732112	337817	532694	601438	808862	806862	770035	807318	758148	787723	783416	90475	810368	362025	806758	788103	786583	808875	803429	805945	766332	721661	778395	495261	799310	708045	809559	808518	809127	809799	695979	800819	806671	793340	793965	809698	802056	810071	806098	809099	694586	691934	777835	730957	679773	788168	787508	692127	805206	751639	692129	806840	383284	711622	668317	739649	603305	803707	798061	6	4	7	11	687	1	1	3	2	6	7	8	0	117	5	695	7	483	710	2	95	12	0	688	6	700	679	3	13	6	680	34	673	0	1	3	2	8	697	707	6	8	598	2	4	8	3	7	3	49	9	4	703	5	3	8	1	6	1	57	13	0	7	7	11	0	0	1	6	693	2	2	1	3	1	714	6	7	709	677	1	1	1	2	3	1	1	8	614	3	7	3	8	4	7	8	612	649	633	603	35	9	28	2	5	10	3	15	3	26	690	1	153	11	2	16	22	7	369	32	1	5	7	19	17	3	29	40	8	5	0	1	3	8	23	19	9	26	10	12	14	6	9	670	8	1	5	3	2	1	5	680	5	707	8	686	521	7	4	18	34	14	6	523	381	5	6	7	10	13	30	25	5	2	646
NC_063255.1	31000001	809868	801144	805511	804748	794811	807383	791897	807608	808034	804840	803452	809093	808207	54969	314914	802603	809333	752749	808433	809599	49482	196398	804030	140355	808351	805909	808791	808027	808965	789251	779003	808383	794679	807702	84288	808177	69263	789579	787650	808802	808350	781794	785978	807846	795211	782771	808577	807571	768130	773127	160133	808009	803751	808540	799650	789546	808770	197975	783921	801420	150974	146327	808858	682604	806537	800999	100797	74492	809577	771102	808788	801617	46034	808958	793057	81025	808773	809584	808311	809472	806624	807620	182124	428051	794839	789320	809594	809464	807998	809445	809454	807080	809572	809459	807455	799753	809390	809475	800504	779092	807684	738140	802214	807011	807468	795742	461378	804626	682732	745950	593906	807292	808326	339061	241659	808647	694501	738534	404576	584688	627569	808833	806222	777334	806799	757716	787784	779961	105594	809654	415059	806513	793247	786625	808029	802509	805092	768362	710221	779048	543391	798041	731651	808804	807657	809181	808823	713119	798953	806394	794648	795120	808950	801707	809126	805245	808468	705229	714186	780958	749932	706636	791580	786080	717449	804632	762819	710577	805776	451208	733509	692886	756701	636358	803251	796401	8	1	22	29	511	34	0	449	22	34	1	1	1	118	14	528	24	7	726	0	81	24	1	707	17	712	703	449	29	21	706	47	711	2	0	0	24	24	710	723	23	31	430	18	8	1	247	32	35	68	1	18	716	14	23	1	8	29	26	72	9	0	17	0	18	0	3	0	21	708	30	0	1	24	0	731	454	454	718	700	0	1	0	20	18	0	0	1	473	453	14	449	1	14	39	1	442	656	663	432	34	30	39	0	25	36	33	46	0	45	716	0	204	15	0	33	40	94	469	38	0	47	12	43	32	20	19	71	1	0	0	1	27	0	46	47	14	43	20	39	36	43	2	679	1	0	0	27	0	8	25	712	21	718	26	709	584	36	24	40	40	47	25	605	0	36	38	424	10	34	48	36	40	0	667
NC_063255.1	32000001	828036	819767	822782	823169	797360	825631	811185	825791	826211	819570	822578	827262	825585	47071	250755	822457	827483	771411	826786	827697	44722	157477	822588	130407	826657	824563	826829	826066	827096	791977	799477	826462	819131	824063	66221	826517	55889	803573	805223	826676	826243	799206	801568	825818	814836	801542	826822	825445	769828	792135	160406	826176	822431	826644	810480	806187	826776	167430	795759	819949	141969	143332	826747	698916	824387	819008	91589	73815	827775	792176	827020	820030	47552	827090	809610	71319	827143	827714	826325	827563	824946	825620	157405	426417	813233	807784	827653	827573	825998	827455	827468	825172	827473	827534	825675	820886	827598	827512	818596	799198	826302	757183	820826	825279	825656	813868	481153	822741	709150	766308	618297	825840	826753	322911	239551	826739	714798	763949	407564	605907	648945	827100	824641	796844	825132	776806	805238	800350	100315	827731	424313	824930	812672	804226	826118	821665	824161	786534	726245	797741	556892	816129	751069	826756	826003	827280	826953	739323	818115	824479	810633	810785	827194	819377	827322	823948	826713	736712	744299	800158	770378	728539	810892	805120	742810	823473	783055	736337	823891	468306	755691	718178	775261	658810	822337	817528	63	68	70	64	375	69	1	373	66	71	183	180	6	83	57	388	66	9	313	4	39	74	1	450	57	453	446	369	65	62	305	70	428	5	1	0	65	62	308	456	47	56	183	64	52	181	1	60	73	37	178	58	308	38	73	181	14	76	55	43	10	0	63	1	59	12	1	1	47	304	66	0	1	65	0	314	510	510	309	307	1	5	2	61	61	1	1	180	223	374	64	376	184	57	74	183	368	427	291	186	51	63	76	4	56	29	82	62	0	63	449	4	75	36	112	55	87	50	198	70	1	72	47	56	52	48	74	30	182	79	0	3	41	1	72	65	67	62	52	71	76	52	184	291	183	1	4	67	1	66	61	456	66	309	67	449	253	43	71	67	39	64	61	382	0	69	48	483	19	45	73	60	61	1	287
NC_063255.1	33000001	787530	779769	783848	782995	761559	785196	769256	785388	785786	782056	778620	784913	785424	55226	258825	781361	786992	745314	786416	787197	40024	182632	779626	112787	786371	784204	786652	785490	786607	754550	738311	786162	670048	784138	76730	786178	61432	767239	764443	786507	785989	746704	763683	785475	773164	763245	786492	785159	721327	750776	138336	785676	782628	786177	777339	767600	782821	160268	754876	780274	123155	117473	786427	637997	784011	778106	82970	68684	787318	749149	786374	781050	44186	786565	770257	73800	786818	787270	786010	787176	775947	785125	155948	358256	773834	765827	787290	787282	785641	787187	787113	785118	787120	787145	785565	757194	787165	787169	778256	741230	785073	721242	781486	785450	785448	773078	402926	783342	628241	705025	522095	784231	786333	264594	192071	786414	640626	709580	348241	507944	576637	786624	784979	741131	784977	737216	767953	762664	93610	787341	359860	783900	760632	765183	785630	781631	784664	749045	686554	756507	481756	775911	673698	786160	785704	786958	786524	668828	778015	783586	772109	772841	786708	779533	786978	783427	785984	659547	656880	753987	693546	650705	766947	765812	661530	781855	715481	662726	782567	370803	684668	640974	711080	591129	777409	773516	0	1	1	1	578	0	0	477	0	1	429	425	25	102	0	592	0	96	531	2	73	0	1	465	0	469	448	481	1	7	510	1	459	1	0	0	3	0	516	473	0	0	0	2	1	439	0	4	2	53	432	1	521	0	0	425	0	2	0	45	1	0	1	0	1	40	1	0	2	516	1	1	0	1	1	530	131	131	524	477	0	8	2	0	0	0	0	434	488	490	1	485	445	1	2	444	442	429	449	0	3	3	1	1	3	6	1	0	0	5	461	0	104	7	509	3	5	164	262	10	0	5	1	1	7	5	4	54	443	156	0	0	4	0	4	3	1	21	2	8	3	5	443	511	446	0	0	0	0	0	0	463	3	526	1	464	360	3	1	1	3	3	6	315	0	7	0	127	4	8	1	7	1	0	446
NC_063255.1	34000001	777412	770566	773117	772126	720377	775222	760554	775262	775141	766712	766374	774602	773024	46506	214960	771024	776208	746615	776285	776972	28593	146762	767181	86853	775907	773808	776318	775542	776610	711156	713528	776152	563312	770394	61194	775962	52988	753660	757599	776379	776166	728779	754649	775381	763269	752845	776106	775115	684075	740949	103430	775679	771462	776146	774428	757764	767666	133630	726707	769985	103021	85213	776278	597556	772944	766444	70635	48570	777289	738017	776031	769545	29611	776247	758719	65090	776765	777157	775970	777061	762923	774918	117643	289389	760148	753570	777100	777098	775679	776925	776948	774535	776968	776954	774937	736958	777064	777042	768922	719815	774497	714312	769978	775274	775074	762824	316050	772245	569518	676251	448209	773100	776100	213063	135858	776233	600539	687240	259111	434076	515234	776864	774102	720645	774023	727969	754728	750235	59370	777057	290428	773618	742919	752312	775132	772246	773805	736298	689646	743460	408408	764853	632177	775168	774987	776570	776222	627699	767076	772313	761929	762795	776676	768756	776846	772696	775752	619454	612275	741488	652161	599192	751880	755662	602527	770955	690722	616452	771101	290790	640656	601862	677369	537865	765644	759777	100	97	80	110	686	86	2	728	78	93	729	732	15	99	93	697	74	642	442	3	42	105	2	695	87	700	688	739	103	96	431	88	662	27	2	0	91	90	434	705	79	109	4	78	63	730	2	102	94	32	748	99	432	13	81	697	26	100	84	45	17	0	89	1	111	31	23	3	82	424	120	3	0	86	9	445	6	6	439	384	2	2	0	86	96	3	0	735	744	748	73	755	753	88	111	750	759	638	373	4	90	118	117	3	92	41	98	88	2	107	681	2	74	50	436	107	103	120	213	88	3	108	78	123	120	99	124	33	754	179	0	3	69	0	119	122	77	119	99	51	120	94	749	420	761	2	5	72	3	89	86	690	107	440	93	692	297	98	99	77	69	129	91	442	0	87	89	6	51	76	83	85	61	2	398
NC_063255.1	35000001	808661	801558	804501	803646	752316	806246	793347	806370	806820	796938	798644	806656	806341	45629	210812	803333	807791	775471	807549	808244	32905	130757	800701	100478	807305	805856	807750	806520	807787	745202	748820	807245	668929	801564	52804	807193	48136	784804	785679	807550	807736	766088	785918	806653	793787	778433	807310	806319	747717	771102	134338	806766	803054	807376	804983	787799	802674	141963	767492	801585	117457	110418	807503	671348	805020	798186	81132	58536	808546	776805	807487	801653	39295	807723	792591	63855	808155	808463	807991	808289	796314	806178	130865	362704	792015	786992	808420	808371	806766	808203	808299	806128	808320	808244	806444	779722	808285	808347	799497	764275	806399	737486	801606	806792	806297	793740	401711	804583	636452	732610	529629	805293	807611	264146	188685	807443	660048	722000	343180	524196	575670	808273	806054	766751	805520	760289	786994	778927	90347	808411	362153	805146	788284	785179	806855	803708	805248	765238	718723	775882	486311	795493	697823	807082	806462	808172	807670	684686	798727	804135	793785	793658	807769	800125	808034	803974	807018	692362	671812	776058	715568	671123	782752	787470	684920	802897	747074	676702	803464	385299	704847	660705	726778	600434	798749	794156	15	11	11	39	256	17	0	338	33	43	334	330	11	48	12	263	24	132	147	15	14	17	0	262	26	265	261	334	34	38	147	55	255	4	0	0	8	10	143	267	15	13	3	15	21	334	0	21	23	6	338	11	147	11	12	330	15	26	9	29	9	0	24	0	20	27	17	0	18	143	16	1	0	24	8	148	0	0	148	125	0	0	3	20	21	0	0	328	337	337	14	339	339	4	24	341	338	243	128	3	53	20	39	0	21	45	33	22	0	37	261	0	34	39	142	47	42	60	81	38	0	37	25	18	34	12	38	10	338	140	0	0	37	0	41	39	37	38	32	31	28	17	339	142	341	0	0	11	0	24	21	259	26	148	14	266	110	36	36	34	25	27	37	223	0	20	23	0	24	29	30	28	15	0	132
NC_063255.1	36000001	690682	684838	686803	685938	672192	688804	676127	688864	689116	685701	679550	685799	689205	52055	266694	686097	690206	670086	689656	690297	34921	164737	683862	100897	689642	687738	689830	689006	689981	666508	642511	689668	387184	688671	64664	689367	62857	671296	672671	689838	689874	642988	669562	688737	677254	666391	689704	688557	647505	660391	121229	689202	685713	689518	688564	673778	677315	164379	665931	685348	121334	82710	689572	550457	686663	680003	77811	51835	690476	643569	689179	684164	36453	689727	677221	81913	690411	690562	689753	690458	671064	688486	134207	257481	675203	668057	690427	690437	688983	690329	690392	688222	690406	690368	688535	615148	690389	690372	684326	618021	686618	642662	683556	688744	688217	677477	254509	687146	462069	578731	357297	683770	689514	223282	125986	689787	495844	589538	215032	326993	424423	690483	687782	618955	687563	645402	670159	666738	66332	690460	236193	687199	652856	669506	688928	687263	688292	644055	628752	660468	335013	675827	522985	687184	688679	690312	689479	526368	680393	685057	677785	676710	689719	681217	690140	685740	689241	519610	483681	644972	528326	492617	656910	670048	489038	684159	581418	491860	681908	227015	528445	487470	572016	485171	672780	672507	4	8	2	13	93	16	0	61	16	14	58	60	3	26	2	96	3	1	117	5	27	10	0	92	2	93	86	60	7	1	117	32	91	2	0	0	10	7	116	94	5	4	1	5	0	58	0	6	5	24	60	4	117	0	2	55	3	7	4	21	3	0	9	0	9	3	2	0	5	113	6	0	0	8	1	118	2	2	118	114	0	0	1	2	1	0	0	58	60	62	2	62	59	2	9	60	59	81	105	1	13	5	6	0	5	9	7	15	0	19	90	0	41	20	110	16	20	41	61	14	0	9	6	5	16	13	20	31	61	22	0	0	5	0	11	22	20	7	10	15	22	17	58	109	61	0	0	5	0	4	6	93	1	117	3	92	74	17	4	11	11	12	12	62	2	5	9	2	7	6	14	4	4	0	106
NC_063255.1	37000001	668308	662672	665060	663563	627674	666626	653805	666300	666381	659187	656935	659247	666257	33985	184162	664581	667458	648621	667377	667980	17724	114137	659685	51472	667164	666442	667526	666557	667612	604355	600499	667466	257319	661588	41606	666893	42749	648695	652197	667335	667860	601191	646143	666702	656346	644747	667281	666460	608200	637932	82534	666797	663713	667274	667203	651028	645042	97505	633593	663803	80367	58832	667193	506274	663811	659051	52276	36225	668171	633649	667024	661714	21512	667159	653986	63333	668162	668211	668011	668078	635071	665802	93298	228349	651722	644605	668077	668036	666727	667938	668080	665747	668036	667954	666403	541927	668007	667955	663264	589730	664104	622939	661263	667404	666524	655853	238540	665381	437098	557938	334397	659135	667669	229302	113384	667533	475676	563948	202322	315455	409498	668097	665628	589169	664974	626060	648763	641764	50930	668131	226257	664266	633722	647698	666286	666376	666118	621986	617338	636425	323268	655894	497648	664693	665887	668140	667191	508819	659161	662834	655729	655339	667448	660523	667775	663218	666925	501311	452054	618206	493190	466737	639358	647002	471078	661171	551889	468734	660511	203894	508166	460853	538800	447151	648717	648854	16	37	28	64	320	33	0	434	44	36	408	435	6	54	30	327	15	0	325	9	17	40	1	321	28	322	308	447	58	55	318	69	314	0	0	1	33	32	319	326	35	44	1	28	29	448	1	42	32	16	436	42	322	17	22	370	26	31	45	18	7	0	36	0	32	14	4	0	39	316	51	0	0	34	10	328	1	1	326	265	1	1	2	41	35	0	0	438	445	452	29	448	447	26	74	452	451	291	268	2	38	50	65	1	28	46	70	60	1	62	308	1	85	46	315	48	86	71	124	83	0	62	36	57	55	48	48	15	448	119	0	0	39	0	48	57	45	48	52	69	57	45	440	312	450	0	6	27	1	35	30	315	33	320	38	324	188	59	45	61	62	55	31	206	0	32	37	3	35	48	56	66	41	1	282
NC_063255.1	38000001	784836	777402	779654	778567	757282	782405	767947	782569	782956	778481	774454	783412	781810	69629	298731	777518	784156	748965	783646	784328	50411	190794	775764	125777	783403	779471	783719	782900	783908	749687	733897	783295	681958	781243	96337	783359	79778	762076	763361	783723	783264	749842	759959	782638	769595	757495	783606	782390	713332	746515	131245	782920	778375	783384	778807	764448	781119	201157	750326	776187	134212	107947	783493	617363	780285	772817	91272	60527	784654	735893	783592	777314	43701	783688	764653	85079	784032	784594	783274	784397	777941	782213	146072	319027	769808	760037	784459	784327	782861	784266	784319	781875	784406	784346	782463	765161	784327	784280	776273	731200	782472	720162	777527	781926	782070	770403	349191	779294	599601	686571	483152	780557	783145	227145	162819	783735	615298	695685	283085	471027	541469	784255	781141	730441	781818	735953	762092	756569	72067	784558	313186	781395	752814	761731	782949	778394	780311	744010	691646	751991	437465	771346	647201	783147	782606	784208	783812	647505	774135	779752	768630	769385	783887	775849	784118	779528	783166	648047	632818	753987	673535	619802	759071	761165	624022	779751	707874	633545	780183	317251	673188	618371	699564	566668	773487	768175	339	342	361	337	172	312	0	113	355	405	107	113	3	58	335	177	207	2	228	26	36	363	0	174	328	174	172	115	302	373	223	344	170	14	0	0	339	303	223	174	376	361	137	346	368	114	0	302	320	30	109	348	226	207	302	109	94	339	336	29	44	0	252	0	303	3	30	0	290	220	391	31	0	283	47	227	2	2	228	207	0	0	0	338	283	0	0	112	258	112	325	115	114	352	357	113	256	155	201	136	318	367	346	0	319	166	386	317	0	278	173	0	39	98	223	309	296	66	123	329	0	379	345	367	331	314	327	23	114	33	0	0	334	0	360	396	298	372	323	240	343	270	113	217	114	0	0	331	0	372	356	172	337	225	360	170	165	315	315	347	292	310	319	128	0	288	232	3	121	320	316	288	227	0	205
NC_063255.1	39000001	806018	798926	801659	801061	762731	803596	789985	803710	804162	797173	796403	804666	803855	50224	247208	799371	805250	764114	804972	805656	34134	149753	797930	98105	804719	802174	804938	803896	805084	750709	756739	804643	748735	800373	62660	804519	53463	784288	783147	804911	804158	771254	780687	803997	790708	778760	804770	803391	746826	767394	111994	804260	800018	804562	797761	786379	802270	162895	762953	797532	109271	96481	804770	649021	802007	795314	73604	47805	805824	760881	804644	798585	32626	804967	786625	60644	804763	805845	804197	805615	798502	803581	132403	332321	790601	783463	805744	805691	804184	805613	805657	803624	805785	805733	803972	791306	805740	805709	797570	762126	803896	738969	798737	804035	803402	790824	383255	800966	632337	721199	518344	802679	804854	255454	171020	804997	647218	719395	314970	501516	572459	804659	802853	763225	803056	758544	784043	777930	70679	805841	341521	802439	785094	781794	804070	800108	802729	768297	711057	774522	463173	792784	685258	804399	803877	805155	804947	678855	795814	801129	790400	791626	805054	798003	805410	801299	804494	675101	672685	775259	712935	659419	781127	785219	662799	801326	735769	667918	801406	348123	696598	659827	732929	592332	796813	791639	3	0	1	6	251	1	1	2	5	1	4	4	0	42	5	258	2	1	263	0	24	2	0	255	0	258	253	2	4	0	256	9	251	0	0	2	2	1	259	261	3	0	74	3	3	4	1	3	4	17	4	0	258	2	0	4	1	1	2	23	1	0	3	1	13	0	0	0	3	257	0	0	0	2	0	264	2	2	264	245	1	0	2	6	0	0	0	4	72	1	0	1	4	0	0	4	74	241	234	74	6	7	7	0	4	8	2	7	0	5	257	1	68	12	259	4	14	67	142	15	0	6	4	2	3	3	5	10	4	2	0	0	9	1	0	7	6	15	0	3	15	6	4	245	4	1	1	5	0	4	0	259	1	263	9	250	194	5	2	5	1	1	7	200	0	5	3	2	3	1	4	0	2	1	239
NC_063255.1	40000001	756166	749480	751785	750832	722395	754039	740044	753967	754257	748128	745661	753836	754239	59457	278621	749659	755530	724760	755044	755723	40046	191782	747714	110631	754829	752252	755222	754199	755426	706913	699912	754901	591306	750443	97063	754576	74774	733843	734904	755181	754761	711522	733266	754318	743352	729802	754844	753990	702411	719857	121007	754334	750397	754702	752507	734548	749293	193889	723990	748214	135819	94404	754857	604887	751847	745444	87266	49745	756055	713437	754853	748636	35621	755211	738884	86712	755653	756015	754861	755780	746085	753454	145248	298774	741404	731581	755911	755863	754008	755631	755709	753419	755727	755834	753199	724142	755806	755808	748478	691358	753476	695248	750019	753744	753578	741881	310076	751233	542183	651376	422131	751193	754614	213254	142505	755011	574342	658255	254134	404777	486269	755558	752481	693993	752713	706844	735602	726208	68045	755905	285155	752511	724634	733994	754000	750148	752077	715917	681186	721911	392304	742818	606284	754003	753993	755389	755042	603903	746157	750213	739637	741731	755299	747540	755528	751203	754662	593430	572732	716319	619953	575088	726206	731248	575156	749524	660637	578204	749553	280793	621437	566918	645908	537902	742953	735583	234	244	261	248	237	272	9	11	278	324	4	4	0	61	276	232	238	7	238	21	43	269	3	234	267	231	217	7	260	265	234	238	226	51	12	1	235	239	236	239	258	253	226	251	261	10	5	245	261	27	6	249	232	128	266	10	113	244	280	30	76	4	252	0	256	0	31	6	208	238	279	12	0	248	37	242	3	9	242	216	2	0	0	272	236	6	0	10	234	6	258	2	9	264	292	4	229	216	204	226	307	269	287	1	232	129	257	250	3	237	227	11	45	110	233	243	288	68	108	270	6	277	256	263	273	259	270	20	4	7	0	2	259	4	264	279	263	234	282	194	257	250	10	229	10	11	9	281	8	258	253	229	292	235	281	225	163	253	282	245	270	243	244	158	0	242	239	9	207	221	253	266	233	6	220
NC_063255.1	41000001	733660	727017	729180	728741	693019	731413	717655	731578	731860	725284	722849	731250	731381	44265	257098	728263	732916	707088	732582	733332	24703	152424	726049	80032	732351	730443	732555	731841	732819	689512	673664	732361	507528	729161	61824	732410	56555	713234	714921	732604	732771	690036	710380	731755	720818	708515	732475	731688	670760	697275	104454	731991	728042	732373	730870	714343	727535	152842	699507	727034	105296	74441	732217	564594	729340	723303	67901	45532	733590	683225	732327	726331	27567	732712	716130	64123	733149	733482	732781	733354	721009	731332	121833	265743	718390	709421	733426	733375	731979	733210	733339	730612	733448	733359	730826	683041	733407	733323	727490	666772	730147	680947	727026	731728	731228	720931	288199	729239	521375	627390	411017	728206	732686	218158	139557	732710	547828	639327	236588	388680	474275	733052	730940	669961	730456	686296	710744	705484	62484	733396	259595	729922	696023	710731	731496	730869	730534	689533	662037	703932	373563	720800	587045	731064	731600	733276	732537	582383	724558	728704	718629	719723	732787	724908	733101	728436	732298	574347	558872	695450	596597	551034	704544	711482	546832	726825	644729	561783	728097	260727	595174	548619	614207	506527	719481	716290	81	105	108	123	370	94	3	3	103	104	0	1	1	63	88	375	88	0	376	27	30	117	0	370	66	374	368	3	79	132	378	164	358	37	0	0	75	85	374	376	90	64	404	61	99	2	3	103	127	31	1	102	373	16	91	1	81	111	95	30	37	0	92	0	94	1	34	0	89	372	121	20	0	51	19	379	4	4	374	322	0	1	0	68	84	0	0	1	420	0	89	0	1	99	135	1	427	347	325	408	114	93	125	0	114	85	120	119	1	162	373	3	82	118	370	123	122	111	176	134	0	122	94	125	109	87	74	21	1	9	0	1	96	0	135	133	74	83	100	103	134	107	1	358	1	3	4	96	0	69	63	363	82	374	105	373	268	87	79	108	119	142	103	258	0	128	105	4	87	135	104	112	114	1	346
NC_063255.1	42000001	760758	752590	755970	755658	712181	758633	745119	758554	758866	751168	752487	759657	756915	57255	241961	754821	759985	721047	759596	760358	43036	166944	753511	109237	759527	757528	759786	758524	760052	701335	710775	759395	675920	754072	77000	759362	64876	738753	739811	759726	759518	726089	738550	758717	745613	735279	759578	758395	675610	726047	125559	759003	755433	759430	755181	739437	757708	169556	715833	753557	119726	90012	759573	586826	756325	749661	86592	55494	760596	698441	759608	752758	42266	759684	742522	73352	760249	760557	759874	760415	755344	758202	138125	277836	746406	735877	760508	760447	758865	760224	760452	758080	760468	760431	758244	743177	760416	760332	752480	691853	757664	699060	753492	758848	758300	744855	302636	755521	538230	645885	421405	756143	760103	211498	140466	759815	569991	664211	245641	396933	485045	760220	757156	698688	757736	709399	739992	733560	71996	760529	273732	757205	724773	738800	758811	756426	756961	718516	672690	725868	386554	746725	603288	758103	758719	760294	759724	603720	749883	755800	745319	745609	759886	752044	760155	755671	759161	593046	583076	720947	620076	572758	732905	737281	564198	754086	665295	584140	754449	277903	618028	567565	648162	519435	746957	741097	47	50	52	78	428	67	3	3	82	81	0	0	1	77	59	440	49	1	444	32	42	76	1	438	53	435	435	1	98	92	436	122	407	25	0	0	52	65	439	440	77	69	479	48	63	0	1	75	51	41	0	62	438	27	46	0	78	51	51	40	32	0	72	0	71	0	31	0	52	435	77	37	2	79	32	448	1	3	443	415	0	1	0	72	66	0	0	0	489	2	48	2	0	54	70	0	489	397	371	475	122	69	107	0	71	100	80	107	0	102	432	1	81	79	433	120	105	135	201	122	0	95	68	86	93	65	94	47	0	8	0	0	103	0	122	126	71	94	79	119	100	83	0	423	0	1	8	64	0	62	67	442	71	439	75	436	303	102	70	93	91	98	100	307	0	84	99	1	94	94	83	85	69	2	391
NC_063255.1	43000001	651065	638949	641767	645347	635847	648255	636837	648135	649166	646385	644871	650195	649727	50018	295734	644901	650603	616624	648686	650535	63941	170901	645219	150600	649363	647782	649740	648755	649972	629448	613494	649740	629458	648548	69841	649381	58288	626351	630672	649761	649972	617771	627198	648257	637239	623779	649573	647800	627770	616738	159428	648800	644840	649451	642948	630258	649457	200701	632964	644324	166701	114515	649891	555208	647691	641831	112255	78454	650817	626178	650059	644007	56226	650126	634448	103056	650653	650749	650022	650600	647675	648992	148582	338702	637924	632719	650619	650598	649047	649787	650339	648059	645555	650663	648239	639854	650575	650444	644072	621955	649081	594497	644186	649130	648493	637200	393611	646847	550421	600710	461952	648393	648986	257302	205048	649719	551805	589754	300785	480599	495941	650676	648255	624912	648402	607863	632785	628236	94079	650681	340514	647537	637190	627904	649195	644986	642152	618094	575013	623838	420511	640138	575024	650090	649176	650787	649695	564686	642180	647455	631342	637407	650197	642483	650396	647208	649472	583120	564454	623219	598974	553501	635650	631463	568371	647120	613781	570378	647415	352534	587441	552875	600731	523110	645083	638762	0	0	0	2	286	0	2	2	5	0	1	1	0	79	1	296	2	2	299	0	33	0	0	290	0	287	292	2	0	0	290	1	287	0	0	0	0	0	294	296	1	0	278	0	4	1	1	6	1	33	1	0	294	0	0	1	6	0	0	44	2	0	0	0	0	0	2	0	0	290	8	0	0	7	0	299	1	1	293	275	0	0	0	0	0	0	0	1	290	2	0	0	1	0	1	1	290	275	262	287	9	0	0	0	0	3	0	2	0	2	291	2	54	5	289	4	5	99	177	13	0	4	6	5	3	0	0	22	1	1	4	0	2	6	0	2	1	5	1	6	2	1	1	283	1	2	5	3	0	3	6	291	0	292	2	289	233	4	1	8	1	8	0	237	4	0	1	1	0	3	3	4	0	2	273
NC_063255.1	44000001	442375	435794	437780	438805	421852	440562	428980	440424	441130	438139	436961	441021	441420	39313	171010	437314	441959	417730	441254	442119	53003	106807	437643	90979	441153	439337	441397	440970	441626	420383	412338	441346	381678	438895	52899	441336	44155	426438	428123	441505	441245	416022	427131	440834	433174	423395	441354	440205	409894	421045	106235	441137	438665	441163	433975	427662	439496	122900	424029	436437	110528	74987	441574	350188	439949	435681	75834	59690	442265	413995	441364	437032	43895	441604	430112	73232	441778	442123	441482	442030	433676	440851	106435	189103	431084	429418	442168	442079	440895	441935	441930	439989	440818	442055	440507	425527	442112	441997	436899	408493	439959	407092	436765	439035	440033	432190	201843	438606	332151	383695	271551	439299	440497	178505	120244	441028	343086	389422	174232	259261	307432	441720	438662	407509	439702	411141	428711	424995	72065	442198	188412	439980	421487	426361	440820	436444	436579	413987	394361	418049	253908	433780	366365	440904	440797	441937	441540	359871	435506	438715	428986	431429	441531	436489	441972	438455	441149	354415	350410	414151	374522	347131	427135	426086	351832	437885	392490	351355	438584	191592	367878	341498	384135	322529	434571	431007	14	18	19	17	91	17	1	0	12	25	1	1	0	26	28	94	19	0	93	17	19	24	0	94	12	92	89	0	36	28	92	35	92	13	0	0	15	17	92	95	9	17	77	19	21	1	2	25	26	14	1	18	90	10	26	1	22	17	12	13	13	0	27	0	30	3	10	0	25	91	19	17	0	21	9	94	1	1	90	78	0	0	0	25	16	0	0	1	78	0	15	1	1	24	29	1	81	87	82	76	37	18	35	0	22	39	29	34	2	35	92	1	23	19	93	39	42	29	45	44	0	45	25	33	38	16	20	11	1	1	0	0	19	0	39	30	27	26	45	33	41	28	1	87	1	1	3	21	0	15	22	91	24	90	23	93	63	24	34	31	32	35	34	63	0	40	29	1	36	31	25	30	27	1	81
NC_063255.1	45000001	736181	730415	731953	731671	702789	733730	720474	734229	734295	729090	725853	732923	734838	55030	278526	730741	735570	705316	734870	735770	34060	168715	728775	99851	734795	733700	735158	734100	735337	695016	676488	735221	546633	731795	76122	734641	65868	715380	716548	735121	735266	690756	714757	733962	722637	709898	735055	733986	688708	700493	119861	734461	730834	734877	733407	716136	727222	169806	707817	729644	122722	92000	735045	579830	732181	726099	79010	48778	736053	697067	734894	729198	34024	735092	720496	79930	735696	735937	735477	735848	718034	733626	134409	291491	722095	711919	735924	735870	734393	735664	735759	733712	735862	735792	733764	686582	735815	735699	731088	678164	733115	687129	728660	734642	734051	721275	314385	731730	534874	636225	438613	731948	735345	272037	159025	735154	557966	643790	254433	406240	490217	735639	733384	675683	732858	692569	714897	708935	67582	735936	285407	732423	706298	713630	734299	733490	733413	691106	677204	702896	390825	724285	588331	733544	733953	735717	735038	589189	725292	730946	722085	721498	735061	728539	735584	731269	734390	580750	565214	694714	606214	557214	709029	714713	561926	729393	644826	571627	731037	281197	600704	554444	627639	525765	724319	720852	9	6	14	14	67	17	5	6	14	26	4	4	0	8	15	69	19	2	69	10	5	13	1	67	16	66	62	6	10	20	65	28	65	2	0	0	14	14	66	67	18	10	354	17	16	4	6	14	7	4	4	14	68	8	13	4	12	31	16	5	15	0	18	0	10	0	11	0	11	69	15	7	0	26	9	70	4	4	68	54	0	0	0	19	13	0	0	4	364	6	15	0	4	11	13	4	357	61	54	343	18	20	23	0	18	26	24	33	0	20	63	6	22	33	67	25	52	18	33	23	0	19	13	26	13	20	17	6	4	7	0	0	20	0	28	39	24	17	21	43	37	22	4	65	4	6	8	13	0	17	10	66	14	70	22	66	40	16	13	11	15	30	30	44	0	25	26	4	17	19	30	25	16	6	58
NC_063255.1	46000001	808197	800871	803942	803628	768854	805800	792276	805937	806020	800426	801663	807376	805697	52209	282459	802723	807505	763559	807112	807733	39925	173091	802341	128498	806853	805138	807134	806335	807330	762987	768693	806748	771960	802320	68442	806828	58895	785382	788005	807040	807225	776747	784340	805992	794569	782274	807028	805584	741513	774726	154028	806283	802826	806840	796225	790045	806432	171433	767741	799680	132011	124186	807009	655948	804645	798366	86784	70477	807933	766703	807095	799804	43525	806982	789169	69549	807667	807960	807298	807794	804502	805920	158723	409865	794073	786534	807882	807829	806185	807680	807753	805615	807813	807774	806208	797951	807791	807716	799362	776067	806358	737822	801541	805991	805927	793228	445981	803439	670862	738819	579499	805845	807127	306496	224314	807058	681727	738095	377953	571518	617203	807900	805518	772676	805027	759599	786358	778166	103166	807973	396140	804678	785821	786048	805959	801673	804340	772239	700436	775538	521810	796482	716070	807124	806433	807748	807240	704990	799077	804574	793073	793191	807086	799707	807594	804118	806510	703919	705631	779180	742898	695086	790134	786973	705195	802896	753540	706206	804150	423384	729171	688423	742938	623938	801159	794948	0	0	6	15	4	0	3	3	9	6	493	483	16	3	14	5	4	2	6	6	1	9	0	481	0	481	476	3	6	11	6	21	480	0	0	0	0	2	6	496	6	7	460	0	11	482	3	7	4	1	479	3	6	1	7	489	6	9	7	58	3	0	10	1	10	35	0	0	6	6	6	6	0	8	0	6	494	490	6	6	0	0	0	10	6	0	0	472	475	3	6	0	492	0	7	490	398	452	6	463	6	1	10	0	0	14	1	9	0	32	486	3	1	0	6	5	9	2	3	4	0	12	0	11	19	0	2	0	494	238	0	1	8	1	19	21	6	30	22	6	13	7	494	6	496	3	7	1	0	9	2	487	16	5	8	481	5	17	9	8	11	10	11	418	0	6	0	465	6	7	0	12	4	3	6
NC_063255.1	47000001	797692	791102	793372	792577	762146	795351	781300	795746	795922	789362	790178	796642	795584	49521	258695	791629	796948	752872	796730	797334	48633	163329	792040	129591	796164	794065	796704	795743	796894	757378	756628	796185	752374	794405	66702	796260	56107	775555	775704	796685	796708	765597	773918	795639	783498	771085	796528	795379	746598	760089	146974	795848	791532	796377	789036	776561	795229	173361	765582	790689	141496	126926	796601	660183	793878	787910	96141	72517	797509	764109	796329	789973	49578	796817	779858	82006	797158	797418	796856	797292	791523	795219	156897	378179	783772	777272	797438	797322	795608	797375	797407	794982	797359	797398	794937	780862	797396	797319	789340	756356	795584	728633	790090	794837	795356	781824	414419	793262	650085	723057	548819	794917	796329	321732	211613	796622	662875	719416	351344	536882	595291	797054	794352	758401	794598	745919	774647	769276	95606	797450	372314	794474	776390	772921	795723	792296	794010	756795	704667	766280	503358	785396	699689	796090	795543	797228	796670	688067	787078	793644	782785	782347	796790	787751	797123	792810	796045	686907	680548	765792	718592	673485	775304	776913	688587	791798	739401	682298	793428	396588	704752	660111	729383	606228	789456	785250	72	86	87	117	1	91	334	332	87	92	49	47	4	0	80	1	89	1	341	25	30	118	3	377	85	384	382	340	91	86	330	108	376	5	0	0	76	88	338	388	83	76	44	92	109	48	335	96	103	44	48	89	335	40	79	48	38	109	97	49	23	0	83	0	105	4	27	0	80	330	120	22	0	95	13	344	390	389	337	327	0	0	0	92	86	0	0	46	386	336	93	0	49	108	124	49	5	342	309	46	110	111	130	0	92	57	97	106	4	102	381	331	99	39	333	115	122	3	210	100	0	108	72	86	109	93	92	35	49	26	0	0	88	0	132	118	94	100	102	81	104	108	49	323	48	339	273	89	0	83	81	380	84	341	94	378	273	103	65	120	102	115	116	306	0	87	94	367	44	94	115	106	39	324	1
NC_063255.1	48000001	770897	763269	767066	765953	732521	768663	755430	768896	769194	763252	759153	767355	768888	56484	268150	765203	770096	741756	769741	770536	33590	175889	762113	105383	769530	768224	769861	769019	770142	716074	703458	769682	534427	765651	78062	769466	61844	749487	751918	769954	769994	721891	746719	768866	755697	745235	769718	768743	720870	733527	125916	769197	765013	769571	768004	749761	758712	174115	738017	764196	125558	99120	769684	610503	766893	760240	83488	54770	770786	736712	769396	764329	36309	769850	754223	79430	770347	770740	769925	770545	750047	768469	141898	317438	755311	750564	770562	770657	768916	770253	770600	768309	770636	770553	768262	717321	770630	770449	763470	721609	768187	711975	764268	769576	768792	756513	348112	766799	586420	682067	479911	767238	770274	257372	166745	769946	612781	687180	291720	459714	529196	770355	768051	722813	767777	726446	748543	744493	74445	770664	320518	767296	742543	750391	768963	767722	768204	729641	691209	738856	427439	756662	644204	769083	768713	770473	769854	637471	761882	766592	756459	755585	770045	762240	770342	766017	769617	636457	622138	737960	667336	617447	745320	749610	621022	765894	699593	622637	765726	326882	662212	610264	689427	577220	761370	754225	158	156	162	177	63	155	155	151	135	167	150	152	6	8	135	63	118	321	221	28	24	181	0	74	136	81	75	158	171	180	211	217	78	11	1	0	170	143	219	81	134	143	435	157	152	156	154	155	137	26	157	154	212	100	152	143	57	169	144	11	14	0	128	0	174	11	15	0	115	216	137	7	0	141	12	221	126	127	219	187	0	0	2	149	150	1	1	154	330	157	147	0	157	132	152	159	314	75	190	429	180	133	168	0	152	88	187	148	1	168	79	156	47	84	212	134	185	12	103	131	1	182	120	160	137	184	153	20	158	43	0	0	159	0	170	226	138	146	148	136	164	127	158	212	159	155	117	175	1	154	150	75	153	218	142	77	159	196	141	149	175	173	205	60	0	164	139	125	104	164	175	96	126	156	61
NC_063255.1	49000001	779263	772917	774811	774050	731331	776897	762199	777037	777026	766427	766015	774522	776112	50605	201164	773519	778302	753457	778153	778691	31743	133932	768032	82026	777925	776087	778024	777007	778350	711477	705188	778150	417243	773084	59527	777548	55674	754737	760708	778213	777996	721126	755236	776973	764846	752256	777908	777052	695811	743972	96771	777397	773404	777938	777526	759641	760246	135053	733856	771976	94727	79259	777883	611350	774367	768992	74246	48601	779162	744343	777469	771812	29973	777897	762722	79019	778834	779089	778329	778884	753916	776634	107939	282189	761857	755239	778919	778835	776965	778621	778819	776607	778814	778847	776457	707178	778739	778774	771481	720886	776381	718148	772155	778575	776804	764499	322988	775580	574922	676598	456431	775283	778551	209194	147678	778236	595749	684007	253679	435784	514965	778614	776597	725517	776346	733146	755437	749418	62512	778957	291254	776447	743490	757094	776973	776764	777070	739452	702589	747985	405923	767250	632142	776811	777059	778895	778000	632669	769465	774368	764560	764913	778391	770705	778630	774275	777572	629411	603374	745745	653837	597882	753686	756901	593245	774510	697491	611523	773844	286952	657155	606536	682333	547329	767806	762305	0	0	1	0	460	0	2	4	0	2	412	422	14	67	0	473	0	251	479	0	47	1	0	480	0	484	472	4	0	1	471	2	452	0	1	0	0	0	473	488	0	0	246	2	0	424	2	0	0	32	424	2	475	0	2	375	4	3	0	42	0	0	0	0	0	21	0	0	0	471	3	0	0	1	0	481	436	435	475	399	0	0	2	1	1	0	0	424	252	1	0	2	437	0	3	433	403	454	382	247	2	1	0	0	0	2	2	1	2	6	474	2	66	7	459	2	3	113	199	2	0	0	0	1	3	0	1	22	434	106	0	0	1	0	0	3	2	5	0	1	3	0	418	442	437	2	3	0	0	0	0	470	0	474	3	480	314	0	3	0	0	1	0	291	0	0	0	399	1	0	0	1	1	1	428
NC_063255.1	50000001	750996	742290	744572	746060	719105	749036	735953	748961	748947	744978	736673	744995	748987	45346	219664	745308	750120	724427	749915	750571	20997	140420	741452	63918	749855	748449	750035	749165	750228	709701	677422	749888	389356	747481	52186	749687	50302	727530	732604	750063	749785	683046	728210	748853	737018	724119	749968	748682	702143	717361	90894	749277	745740	749928	749043	731005	731036	129657	713977	744689	87014	71827	749829	573701	747075	741022	59531	42543	750797	715398	749604	743678	24442	750072	733812	62695	750658	750832	750151	750735	720417	748174	108448	263960	736170	725301	750684	750653	749046	750194	750471	748307	748021	750696	748754	669258	750654	750653	743536	683174	748122	692155	744239	749403	749156	737157	283264	746974	525841	651569	408288	745947	750052	225111	123146	750054	558746	648809	240142	384077	476990	750509	747957	687840	748228	701975	728926	723494	57477	750782	267735	747699	719842	723777	749101	748235	745536	707963	676402	717641	380138	737813	596225	748032	748858	750702	749669	592235	740455	745951	734659	737065	750097	743388	750447	746233	749246	592532	560024	704538	604042	557634	721593	730990	549815	744665	657491	561487	745077	250876	605464	556513	632061	522983	736744	732500	81	81	89	90	617	84	403	408	80	92	253	272	9	83	88	632	78	469	321	0	25	87	0	156	91	159	156	415	85	90	313	47	154	0	0	0	84	74	321	162	79	87	94	80	85	271	408	90	81	20	273	91	322	22	89	233	3	89	89	4	0	0	82	0	88	10	1	0	78	312	83	0	0	80	8	328	560	554	324	279	0	3	0	88	85	0	0	267	468	424	90	0	273	78	91	277	193	150	272	94	103	72	91	0	80	14	83	19	0	41	152	416	56	12	318	41	54	132	147	47	0	90	68	90	70	89	87	16	278	75	0	0	85	0	91	75	87	89	89	31	87	62	275	313	278	413	252	88	0	83	79	154	92	321	85	158	213	46	76	57	38	89	62	104	0	53	35	520	8	49	36	80	48	368	546
NC_063255.1	51000001	742061	735326	737852	736472	694510	739786	726712	739980	739791	728022	730506	737394	739309	42736	194740	737310	740894	716283	740773	741613	22819	128993	733560	66803	740620	739854	740980	740001	741239	685457	672469	740917	440110	735517	48895	740481	46433	719316	720317	740988	741429	683450	721226	740119	728904	717277	740938	739606	669247	706762	88780	740456	736837	740908	739329	722463	727784	117075	692041	736109	89875	61510	740655	564916	737821	731379	57204	31811	741776	700557	740633	734957	20470	740892	723879	56247	741816	741839	741627	741744	720849	739245	92960	241398	728206	717687	741662	741664	740302	741616	741538	739576	741557	741699	739889	680968	741661	741584	733730	669618	738567	684087	735635	740395	739727	727753	270406	738003	509771	632190	392729	736481	740888	194079	117793	740839	541580	636950	218615	365795	458788	741815	739461	679582	739154	694302	720305	712807	47695	741793	252344	737683	706607	718992	739923	738578	738516	702663	670632	709740	355466	730113	580671	739541	739973	741736	741018	580538	732463	735901	728705	727253	741149	733319	741324	737223	740407	569317	544316	700101	583559	546698	714847	720638	545234	735436	636553	555202	734803	243134	594162	543319	631304	500371	727093	722913	0	0	0	1	316	2	376	372	2	2	397	395	23	46	0	318	0	323	410	1	52	0	0	4	0	5	3	382	1	0	400	4	3	1	1	0	3	1	402	4	1	2	393	2	0	404	379	2	1	33	399	0	403	0	0	361	0	1	0	1	1	0	0	0	0	18	0	0	0	397	1	1	0	1	0	414	331	329	411	341	0	2	0	0	0	0	0	391	332	378	0	0	409	0	7	412	3	4	357	399	2	2	6	0	1	3	0	5	0	6	4	365	45	7	399	3	7	82	86	14	0	0	0	2	5	0	2	7	408	105	0	1	1	0	3	1	0	5	4	4	0	0	412	384	416	369	254	0	1	0	1	4	0	410	0	4	279	1	5	1	0	3	0	1	0	0	0	309	0	1	5	4	0	350	302
NC_063255.1	52000001	777352	770634	773326	771997	739074	775034	760637	775050	775645	768342	766144	775197	775596	54409	275865	769252	776748	742819	776123	776983	44195	179055	769426	119397	776019	771975	776216	775226	776500	722140	726967	775985	639249	771998	80463	775851	64231	755039	756655	776224	775110	734762	750924	774993	764025	749702	776132	774840	722391	738407	143289	775271	771386	776148	772834	755561	771980	185487	749557	767644	147731	117284	775881	624613	773220	766707	93896	67339	777006	737871	776115	769283	41738	776348	760929	90378	775937	777174	774885	776992	765491	774786	147503	345675	762930	754665	776816	776798	775242	776853	776971	774382	776846	776898	775273	752017	776956	776944	768829	732870	774395	713208	769925	775153	774535	762708	373094	772047	610169	690546	504292	774487	775932	274005	185517	776126	627616	691282	311552	481782	550316	775795	774516	733668	774031	729113	755298	748511	81353	777056	322570	773860	749525	754344	775382	771231	773937	736990	692766	745090	448788	765214	665121	775411	774924	776189	776303	648712	767166	772685	759833	761735	776456	768613	776731	772233	775406	647255	640599	743700	678865	630122	753823	754817	632429	771818	709391	641362	772351	341446	673614	631190	695102	581433	767334	763686	58	62	60	70	2	70	75	79	66	74	77	78	5	0	59	2	40	77	79	1	7	63	11	1	73	77	1	2	46	69	77	68	1	4	0	0	43	37	80	1	72	65	1	68	38	1	2	72	68	9	1	65	78	24	49	1	22	64	69	1	0	79	54	0	80	3	2	0	41	75	56	0	0	59	2	80	1	1	2	74	0	0	1	55	68	0	0	76	79	80	66	0	79	63	57	78	79	1	76	1	90	68	74	0	62	8	81	55	0	58	1	78	4	19	2	59	68	1	4	62	0	71	57	66	62	71	62	1	77	23	76	0	61	0	78	84	71	77	56	55	57	71	77	76	79	76	64	62	0	46	38	1	62	79	69	74	5	64	57	66	70	74	72	3	71	82	49	1	22	60	63	59	30	76	2
NC_063255.1	53000001	778699	772305	774105	773805	747693	776495	762273	776355	776814	771001	766845	776883	776913	65789	311186	771193	777935	745300	777553	778266	45281	195635	769859	121652	777311	773853	777588	776581	777880	737910	727305	777437	626127	774923	91738	777169	79726	756814	758638	777534	776826	733872	751481	776739	764968	753304	777639	776515	737977	744228	136617	776982	772651	777405	775172	757459	772651	198831	747773	769991	144425	104600	777407	629384	774600	767739	100213	62999	778546	742698	777185	771238	41976	777658	761955	90873	777361	778506	776999	778357	766974	776080	150897	334597	763214	757665	778294	778219	776646	778050	778289	775853	778246	778328	776387	748968	778310	778256	770613	726188	776229	717556	770914	776202	775873	764124	359946	772540	599146	683598	474762	775245	777422	256257	164910	777515	611844	682847	292201	470024	532489	777320	774904	732115	775630	727062	756490	751600	77791	778456	324435	774116	754368	753786	776660	773535	774732	731283	690902	744988	438827	766092	652941	776450	776547	777755	777410	644348	767936	773623	762332	762786	777648	770278	778105	773136	776877	642006	631258	740136	672888	623448	752390	754105	632916	771928	701492	630249	773248	323763	660483	607755	689730	569057	767365	763502	39	42	42	35	4	36	345	347	39	47	343	352	18	1	48	3	36	348	356	1	60	33	22	2	39	345	3	1	47	50	346	77	2	2	1	0	39	43	347	4	36	37	1	32	40	1	1	31	47	41	0	40	346	28	33	0	19	44	40	0	5	349	42	1	29	0	1	1	28	357	33	0	1	35	2	358	2	1	3	316	0	1	0	50	49	1	0	340	351	353	44	1	354	49	69	353	352	3	315	1	44	47	58	2	38	12	57	34	1	28	3	346	5	27	2	35	51	4	4	41	1	65	46	42	46	37	38	0	350	112	339	1	37	1	57	41	48	52	53	31	55	36	354	327	355	348	265	51	2	53	29	3	35	352	42	348	3	31	45	41	28	45	43	3	336	47	37	2	30	29	25	57	37	339	4
NC_063255.1	54000001	759306	752475	754564	753914	695204	757419	743984	757363	757447	743298	748503	756114	756952	53357	225740	754180	757976	733586	758264	758893	31545	153768	749095	92856	758182	756358	758325	757544	758697	682249	696959	758046	538355	749784	68640	757715	61960	736241	737482	758256	758257	705832	734710	757399	744985	732948	758284	757083	689422	723814	105230	757674	753706	757870	756816	738448	749837	145827	712367	752604	103574	82955	758050	583461	755002	747650	76162	49875	759231	719986	757755	751836	32264	758271	742981	73829	758896	759111	758420	759013	740620	757081	128637	280896	743994	735012	759084	758827	757462	758835	759019	756715	759031	758866	756735	705261	758941	758957	752755	692976	755901	705034	751733	757136	756827	744735	302083	755009	537816	650157	425754	754383	758047	257622	145587	758176	558460	656237	245571	399162	492751	758880	756078	692584	755941	711443	738717	730183	60904	759084	281357	755252	726241	735410	757385	755292	755853	712889	689195	726683	384489	746220	602019	756431	756694	758836	758020	604449	748842	754350	743756	743766	758349	750392	758705	753781	757898	590881	577431	715622	615900	567421	727092	735958	573415	751931	660486	573635	751673	270872	609506	554806	643966	519275	744656	741325	151	178	157	182	417	170	1	1	196	214	0	0	0	77	141	426	105	1	428	106	54	194	0	421	164	426	419	1	197	195	420	195	404	23	0	0	149	161	421	426	155	159	0	169	176	0	1	173	141	35	0	150	422	47	162	0	109	180	163	47	102	422	173	0	183	0	107	0	143	422	165	102	0	167	109	431	1	1	427	378	0	0	1	164	181	0	0	0	1	1	167	0	0	181	186	0	0	392	364	0	143	172	185	0	167	150	175	159	1	167	413	1	120	155	416	166	181	151	218	168	0	172	151	177	148	160	186	42	0	9	413	0	153	0	189	208	178	178	202	166	180	193	0	401	0	1	5	175	0	155	161	416	170	431	160	0	291	185	162	183	190	140	168	304	408	186	183	3	130	179	194	150	158	0	388
NC_063255.1	55000001	744033	737032	739708	739102	686481	741878	728167	742159	742102	735190	734763	741820	740385	46652	204763	738802	743051	710602	743189	743690	27733	138538	735734	84135	742868	740431	743054	742282	743364	672567	678735	742930	582864	737373	57474	742751	50313	721248	724488	743043	743256	702332	722967	742311	730338	717532	742866	741975	655233	709876	94954	742436	738329	742829	740325	725643	738423	135083	693235	736049	93447	80446	742861	562965	739774	732954	66598	43009	743935	697100	742741	736817	26386	743176	724885	57156	743688	743901	743003	743687	731861	741670	112859	279652	730589	718286	743830	743787	742248	743676	743768	741440	743743	743767	741454	709434	743721	743658	737397	678283	741295	691133	736624	741827	741804	730335	298707	738680	533580	645785	420815	738353	742537	231362	137105	743076	561417	643590	245384	402699	480825	743651	740978	681063	740444	696346	721010	714889	55886	743816	277717	740730	714206	719732	742356	738166	739428	700921	667934	710014	389952	730488	595224	741802	741751	743542	742793	601352	734306	738911	728855	728040	743216	736091	743554	738614	742552	591130	564845	702972	605182	568964	715474	721796	569258	738496	651238	565322	737037	280126	608487	554885	637069	526481	729036	725118	33	12	23	65	227	35	1	1	44	60	2	0	0	40	28	230	4	0	233	10	13	43	0	232	19	232	224	1	43	66	226	107	217	8	0	0	38	24	228	235	44	21	1	30	8	0	1	35	17	20	0	22	230	7	47	0	20	50	20	14	18	227	35	0	50	1	8	0	33	192	17	7	0	41	7	236	1	1	234	216	0	0	0	19	50	0	0	1	0	1	25	0	2	31	67	2	1	211	203	1	57	44	73	0	46	46	65	83	0	93	226	1	51	42	234	61	73	73	131	109	0	60	17	51	70	40	52	15	2	10	224	0	25	0	96	58	27	58	64	46	66	51	2	227	2	1	1	33	0	55	23	225	53	233	27	2	170	74	45	47	34	90	70	161	219	47	37	1	36	65	77	60	43	1	212
NC_063255.1	56000001	736209	729385	732211	730783	670537	733835	721320	734080	733670	713607	725096	732053	731705	38081	202686	731189	735096	710215	735050	735508	32471	128999	727483	73199	734888	733751	735123	733913	735268	657122	674178	734736	424435	724624	46487	734375	45161	714210	715101	735111	735573	683475	713842	734078	721220	710176	735064	734002	645287	698255	101623	734084	730892	734701	733140	715951	724132	130864	688535	730253	93235	75360	734816	555805	732013	725667	66768	52540	736019	693048	734715	728518	30767	735129	718868	67487	736024	735932	735788	735815	716184	733692	112468	264775	719652	711193	735768	735712	734326	735657	735755	732590	735820	735686	733369	661272	735774	735752	730259	672287	733445	684744	728235	734675	734155	722150	302152	732724	525957	633888	428820	730466	735533	231553	144533	735211	560751	642989	241152	404451	480987	736010	733451	673957	732687	691906	714197	707673	59292	735954	274311	732660	700791	713946	734201	732788	733464	697255	669695	703352	381980	721415	586455	733584	733912	736096	734962	590434	725613	731254	722142	720908	735284	728183	735571	730220	734510	582006	561270	698830	596015	554492	707379	714572	555019	731336	646389	563407	729178	269057	607545	554622	632398	517171	724476	720072	85	89	94	110	399	93	2	2	97	117	1	1	3	67	95	406	57	3	408	8	37	120	0	406	73	406	404	3	96	105	398	180	381	15	2	0	100	77	407	414	84	101	1	91	84	0	3	113	65	29	0	105	404	40	68	0	88	101	85	42	65	402	99	0	84	0	25	0	81	1	87	17	0	85	27	414	3	3	406	351	2	0	2	74	109	3	0	4	2	2	85	0	3	73	146	3	3	390	346	1	110	92	95	2	97	105	100	98	0	129	402	2	81	73	397	108	104	108	194	120	0	100	90	113	99	96	85	28	1	8	386	0	91	0	118	113	85	92	100	115	106	91	1	389	1	2	5	74	0	89	91	0	86	409	91	1	274	102	58	106	107	78	113	274	388	95	84	4	98	103	79	95	114	2	366
NC_063255.1	57000001	743984	737945	739360	739415	658407	742024	729731	742091	741628	722684	730227	736787	740119	42730	160486	739268	742420	724483	742947	743498	19632	108857	732505	49492	742810	741389	743087	741984	743300	651466	668540	742760	292833	733052	44372	742539	44254	723309	724327	743006	743501	676443	721051	742031	728326	718541	742918	741595	622534	708680	72671	742451	738170	742854	742652	723565	720310	91507	684029	738216	65937	57038	742552	557453	739767	733787	50528	36466	743919	712888	742396	737262	21037	742887	727628	53605	743906	743891	743411	743722	703347	741637	83769	242973	726358	718972	743712	743702	742189	743420	743610	740773	743627	743589	741857	629829	743710	743668	736061	680076	740852	686359	736090	742572	741416	730135	289235	739819	528411	644193	411338	739112	742965	216612	120390	743031	556606	643021	225673	382262	473775	743836	741092	680461	740881	694176	723021	715774	45892	743762	257705	740539	703393	720626	741982	740754	741171	696627	670018	711105	363549	729958	590127	741711	741840	743794	742716	588683	733783	737854	729718	729547	742768	736439	743405	739053	742476	585034	558475	708020	606338	557040	713897	721576	556048	737371	651837	561696	736545	253653	605764	544804	630177	494572	730653	725281	58	52	64	59	468	43	1	1	74	81	0	0	0	45	61	468	50	1	319	0	21	72	4	315	45	484	307	174	71	79	478	58	288	0	172	5	60	55	475	313	79	64	169	62	47	0	169	54	72	28	0	64	477	31	69	0	0	70	56	9	0	310	65	0	46	0	9	0	57	0	81	9	0	44	5	489	177	176	317	354	169	8	31	56	52	175	0	170	1	1	50	0	170	55	60	174	174	289	400	171	73	75	79	159	64	51	73	86	0	80	309	167	70	40	309	67	65	95	134	79	0	82	63	68	71	75	62	10	0	8	298	0	44	0	88	81	78	70	72	64	54	75	0	450	0	170	108	70	0	46	57	0	50	481	69	0	200	78	70	82	81	82	67	213	296	60	67	156	49	73	61	55	62	166	419
NC_063255.1	58000001	742620	735896	737452	736135	708653	740004	726380	740226	740510	733045	733311	741370	739604	57456	284140	735731	741768	707312	741298	742081	57393	197569	735466	137354	741258	737970	741484	740671	741707	702230	703235	741085	621340	737675	88399	740864	76288	719640	719168	741336	741377	703191	717461	740220	728884	717382	741238	740126	675753	708367	146680	740847	736794	741077	734383	721327	738262	217342	703436	734835	151867	108822	741275	586141	738030	731680	100428	70574	742373	689476	741123	735010	52781	741424	725426	92779	741960	742386	741028	742117	737997	740025	159485	294593	728955	716900	742129	742159	740678	741920	742054	739611	742116	742116	739584	719388	742095	742055	734682	685040	739592	677677	735534	739903	740079	729225	323577	737504	548813	642714	423583	738222	741636	217630	156517	741523	568981	652696	257791	414543	492142	741806	739420	686812	739294	696731	720953	714725	82498	742325	290784	738778	706374	719264	740333	737311	738654	703600	657916	708116	399029	728888	597058	740436	740385	741628	741368	600965	732512	737775	727069	727110	741616	734472	741886	737039	741041	592546	581399	707332	621363	574522	714696	719774	576325	737090	658785	578410	736586	295964	614823	568410	645189	539949	730195	725141	118	105	110	150	273	140	3	1	142	144	0	0	0	51	131	279	78	271	328	28	60	138	31	326	103	283	318	348	168	139	280	150	319	23	341	19	122	112	284	326	134	135	340	128	97	0	341	148	112	22	0	129	282	82	108	0	54	142	141	58	23	323	128	0	155	0	22	1	104	0	147	28	0	153	12	286	353	354	327	255	344	41	104	134	117	357	1	340	288	2	119	2	351	107	136	349	324	295	247	329	171	149	153	322	133	75	154	123	0	154	318	344	74	93	320	110	158	78	170	151	1	168	113	146	138	108	125	44	0	7	297	0	109	1	183	179	140	193	133	122	169	85	2	275	0	346	264	126	3	132	116	1	152	283	133	0	241	162	118	130	121	164	153	254	265	141	93	328	54	119	134	141	100	332	252
NC_063255.1	59000001	798520	791596	794320	793126	749706	796222	781357	796451	796543	789074	789563	796879	796275	51942	250578	792742	797784	762621	797421	798213	32611	143756	791270	96047	797255	795862	797640	796547	797731	747530	744350	797170	701504	793066	64337	797125	53018	777456	777004	797398	797590	762528	773211	796392	783681	770225	797216	796093	735643	761093	119827	796774	792658	797244	792965	778720	794590	156401	759864	791627	108060	87976	797180	624742	794824	787602	74294	52287	798295	757006	797104	790349	32939	797619	781033	62623	797991	798346	797719	798127	790363	795841	118494	318402	784305	775685	798211	798183	796686	798026	798220	795700	798197	798117	796003	778941	798142	798104	790271	746999	796034	738925	790866	796284	795780	784516	357537	794268	618680	708962	507201	794798	797201	276739	160555	797343	630844	712803	293442	482940	549391	797715	795245	754853	795523	751059	777505	768412	67657	798276	321968	794468	773509	775760	796280	793930	794582	760265	708162	765539	450037	785695	674249	796948	796222	798037	797520	665027	788269	793907	784444	782980	797642	789968	797852	794253	796819	654200	654538	765223	700412	643204	772162	776437	647960	793325	730521	657864	794222	333297	684289	636808	714447	578216	790005	782386	12	18	11	21	616	26	421	0	15	30	0	0	0	106	20	632	15	396	637	15	65	25	8	620	17	456	612	423	26	36	450	51	602	9	418	9	16	17	450	634	25	14	419	17	22	0	2	25	7	61	0	13	456	11	15	0	20	30	11	44	14	625	17	0	25	0	8	1	25	0	34	13	0	17	14	461	428	427	630	430	407	13	128	24	29	427	0	421	438	426	14	425	425	13	16	425	395	587	400	414	38	21	28	413	19	65	35	34	1	57	618	424	136	44	626	49	59	197	304	56	1	38	36	27	30	24	33	43	0	7	595	167	30	0	42	51	23	50	41	54	38	34	0	431	0	416	319	26	1	28	17	0	22	456	22	0	452	30	29	35	43	43	33	448	0	40	25	402	26	42	57	40	35	400	398
NC_063255.1	60000001	734576	727204	730439	729363	664812	732568	718135	732329	732206	713179	720743	726259	730838	38845	177424	729700	732629	712695	733342	734123	16211	120188	723663	50026	733297	732081	733579	732470	733843	657712	655560	733477	320621	724747	48476	733208	45592	713935	715791	733587	733637	671636	710385	732595	720169	704940	733641	732385	630541	701628	66772	732807	729009	733186	733323	715600	716130	98424	678931	728703	66354	50796	733186	533539	729531	723416	48061	33472	734470	692913	732992	727254	19183	733601	719531	47454	733846	734474	733415	734291	698425	732091	97358	227564	718834	707491	734319	734239	732826	733917	734123	732236	734233	734118	732406	627726	734234	733985	728488	665341	731391	679390	727789	733555	732354	720561	261661	730314	500685	617644	394981	728675	733694	213810	113490	733571	531978	631512	213722	366317	454442	734013	731978	667443	731590	689330	715331	705866	46394	734370	239005	730856	690431	709702	732656	732048	732228	690395	669553	700065	348198	722184	564889	731810	732421	734061	733473	570394	724450	728290	719513	721855	733505	725813	733965	730274	732895	555209	542856	694337	578582	540123	704009	711132	530725	727977	632174	538086	728062	227620	585562	535237	610829	474074	720374	714936	0	7	0	4	144	1	26	0	0	6	0	0	0	32	5	142	0	490	376	6	14	5	8	371	3	114	370	489	2	17	117	7	341	8	485	11	1	3	119	371	3	0	473	3	1	0	449	0	5	21	0	3	118	0	1	0	2	7	0	19	1	372	6	0	7	1	0	0	5	1	2	0	0	1	3	120	492	487	375	85	480	28	96	1	0	492	0	474	494	27	4	27	489	0	3	491	684	342	103	470	6	3	8	465	3	5	3	6	1	11	364	474	73	8	367	8	13	38	152	16	0	9	3	5	6	1	7	13	1	3	351	1	1	0	12	16	3	15	3	14	9	3	0	114	0	475	331	1	1	3	0	0	3	119	1	0	239	4	5	8	3	8	7	226	0	4	1	460	0	9	8	7	1	458	301
NC_063255.1	61000001	760590	753524	755841	755061	706867	758128	745619	758302	758521	744404	749438	758801	757941	57021	229824	754029	759568	729974	759061	760127	42137	161473	752840	106150	759251	756694	759466	758383	759711	698621	699837	759159	579986	753254	76982	759138	65704	736975	739569	759357	759147	719191	737720	758428	746714	733755	759303	758106	683734	724334	113352	758658	754670	759235	756275	738287	754972	161095	717525	752489	120815	95233	759107	593556	756370	750681	78859	57041	760442	714120	759315	752703	38600	759629	742412	76509	759965	760396	759652	760174	751140	758098	131831	296073	744910	737289	760263	760213	758650	759797	760201	757387	760107	760150	758159	729600	760153	760053	752279	704226	758211	697151	754294	758120	758099	746143	329203	755754	566160	664250	462823	755860	759256	243798	159374	759707	594711	671189	282358	446931	511446	759828	757268	708339	757268	710066	740049	731617	64996	760367	299488	756676	730360	738266	758580	756367	756477	717392	671738	728894	421205	747494	628237	758510	758218	760065	759581	628895	751248	755201	746775	746248	759741	751718	759976	756069	759155	613727	601161	723960	641051	592273	736535	738925	602793	755156	683291	610514	755003	302781	640530	593546	664983	536861	749177	743791	24	9	18	30	4	21	368	5	8	45	0	0	2	2	14	4	19	587	544	12	40	30	16	534	25	365	537	165	15	28	371	50	491	5	162	4	10	25	370	545	25	24	163	14	12	0	522	36	23	41	0	33	374	14	32	0	18	18	15	32	5	522	11	1	43	0	19	0	25	0	31	14	0	31	3	379	168	166	539	328	163	17	38	38	22	170	0	163	419	375	18	376	165	16	44	166	430	496	317	161	68	24	65	155	33	41	44	34	0	59	532	156	94	32	527	50	54	2	254	56	0	52	14	26	41	20	46	32	0	6	507	0	27	1	75	70	28	60	20	45	51	33	16	365	0	161	125	39	0	32	29	2	32	375	31	0	368	38	37	39	32	40	73	374	0	40	42	157	39	17	29	30	16	160	150
NC_063255.1	62000001	735339	728584	731083	730363	693190	733322	720161	733163	733509	727878	722886	730339	732011	44887	237433	730056	734384	714362	734266	734952	20513	143592	725612	62810	734055	732910	734273	733417	734650	685745	672056	734199	349718	729509	55233	733994	52773	714297	717336	734359	734467	676503	712879	733271	721131	708382	734342	732986	653504	702240	89057	733624	729746	734004	733873	715937	718231	127540	693929	729072	90085	66300	734191	552767	730801	726393	60601	40213	735255	693910	733846	728197	19392	734158	719110	65712	734911	735224	734533	735078	706033	732928	112629	250369	719812	710713	735080	735096	733767	734858	735019	732965	735058	735021	733304	646237	735022	734982	728983	667847	732240	681527	727834	734344	733756	723056	270173	731883	511922	619757	397141	729951	734628	225917	127015	734373	535631	631660	224891	367851	459917	734726	732895	669806	732160	691703	714043	708257	51506	735126	252518	731703	693385	714513	733146	732981	732840	688961	673250	704174	362547	723760	569102	732759	733406	734909	734210	575168	725637	730329	722045	721055	734405	727519	734798	730722	733881	560004	542227	693050	583422	542875	703413	716284	532585	729416	626874	546589	728699	234592	586697	535158	613934	494956	720263	718221	0	8	3	15	3	4	251	0	5	14	0	0	0	51	7	3	4	339	347	5	17	17	4	340	1	256	335	146	9	7	249	23	324	5	143	7	10	0	255	340	11	11	145	5	21	0	333	27	12	5	0	0	253	0	10	0	1	5	0	23	10	333	12	0	10	0	9	0	0	1	5	4	0	21	1	263	151	151	341	224	146	15	39	4	9	150	0	149	151	259	1	258	149	6	25	149	1	311	207	142	20	6	17	143	7	11	3	40	0	25	332	147	64	9	335	8	18	1	135	18	0	20	0	7	10	15	22	28	1	3	323	0	9	147	16	26	6	31	10	7	34	10	148	250	0	144	87	12	0	11	8	1	1	262	5	0	207	19	15	6	7	20	10	193	0	2	9	140	12	5	18	15	2	125	131
NC_063255.1	63000001	628016	622756	624317	623760	575003	626358	615076	626404	626225	616173	614811	606930	625537	33765	143113	624401	626748	613031	627230	627555	9796	97623	615345	29962	627137	626486	627299	626182	627440	569493	559461	627330	113012	621249	43690	626869	41245	609308	611424	627195	627581	552303	607861	626415	615926	604088	627234	626356	552564	596989	52033	626834	623465	627063	627271	611914	569777	73915	590618	623864	48138	37460	626763	452511	624122	618198	35511	27705	626631	588205	626356	622489	13028	626998	614584	47007	627848	627975	627728	627793	555360	626049	74911	198230	612947	602410	627785	627698	626800	627527	627753	626121	627788	627744	625863	423125	627796	627732	622869	546392	624272	585330	622213	627200	626387	616155	204804	625137	388026	508156	285647	620012	627334	190485	93577	627216	428720	522484	171180	258145	360765	627844	625750	540865	624925	590233	610359	602163	41198	627782	197715	624538	581466	606965	626258	626872	626307	579964	580874	598610	279101	616660	444870	624543	626154	627897	627018	471904	619300	622329	616952	616695	626947	621668	627535	623830	626498	447943	409716	576894	441458	421824	595770	609253	414392	621736	507932	421516	619211	166097	457687	409251	478512	387207	609203	609074	1	2	3	2	2	7	26	0	2	4	0	0	0	6	6	3	0	117	63	12	4	14	0	62	2	26	62	36	3	1	26	39	58	0	38	4	1	2	26	63	4	11	35	10	0	0	62	5	6	0	0	9	28	1	7	0	9	5	1	2	1	1	17	0	4	0	3	0	3	0	5	0	0	12	0	27	39	39	63	9	38	3	9	11	0	38	0	37	92	25	1	25	39	1	14	39	54	59	20	36	18	4	13	38	1	18	13	4	0	14	60	37	14	1	61	11	15	0	21	25	0	12	0	9	15	5	12	4	0	5	57	0	7	62	16	14	12	23	11	36	14	9	39	24	0	35	32	1	0	11	5	0	1	27	2	0	40	3	2	1	12	7	4	41	0	1	2	34	18	2	12	3	4	37	39
NC_063255.1	64000001	729473	723668	724864	724215	672066	727490	714991	727225	726839	718998	717639	723528	725371	42388	214986	725006	728386	702125	728334	729051	24106	136657	720503	69323	728370	727614	728539	727586	728715	664059	662249	728425	408911	721214	55802	727837	51928	709143	709271	728519	729021	677019	707746	727628	715719	703507	728429	727503	624590	694006	90154	727712	723814	728209	727116	710159	710274	123058	682176	724487	93705	69173	728164	547966	724564	718221	65335	39210	729382	679711	728090	722267	25157	728432	712924	68718	729367	729348	729295	729136	706634	726984	110100	248651	714658	702519	729212	729178	727761	728946	729125	726896	729194	729056	727363	656972	729158	729034	723854	667393	726468	683144	722725	728161	727099	716634	268417	725834	505570	608345	394956	725011	728853	235211	125288	728647	536697	630241	215369	356749	455076	729351	726600	656183	726304	685234	706659	700486	54417	729183	245560	725691	680656	704711	727327	727137	726198	682894	669656	693994	350967	717322	562680	726926	727548	729353	728328	566753	719106	724280	714609	714709	728595	721152	728867	724465	727781	551081	540170	689132	584370	529531	697075	707437	526643	722775	623094	539341	721957	229462	579298	533537	607219	484394	715443	714454	20	13	15	33	13	22	3	1	29	28	1	1	2	105	16	13	17	528	199	10	18	16	15	191	17	15	195	187	50	31	14	57	189	3	180	17	17	17	14	198	17	23	179	21	22	1	183	31	11	35	1	12	15	7	18	2	24	28	19	23	14	0	24	1	20	0	17	1	14	1	31	8	1	21	7	15	189	189	197	9	183	27	52	7	23	190	1	179	536	3	24	4	188	27	29	188	481	185	13	184	41	23	28	177	31	33	29	28	124	26	193	183	49	23	190	23	40	8	79	25	1	40	21	31	29	25	21	18	1	3	190	2	24	193	34	32	37	47	40	35	46	30	186	16	1	186	121	30	2	14	27	1	27	15	25	0	120	28	11	32	35	32	17	126	0	31	27	174	15	24	30	30	37	175	171
NC_063255.1	65000001	753006	746002	748740	748248	737173	751026	737074	750950	751097	746837	746703	752102	750919	67137	326138	746962	752513	715879	751790	752516	59196	202936	746480	144196	751628	749144	752012	751125	752137	731326	715879	751535	698846	750494	105013	751562	88424	733731	730446	751931	751414	723654	731173	751079	739824	726409	751852	750808	698505	720470	146846	751319	747200	751765	740398	733329	749956	219181	724845	744665	159616	106883	751796	587234	748554	743299	103864	63477	752678	684064	751656	744935	48403	752027	734132	88221	751922	752748	751569	752602	748494	750812	164580	287221	738052	727294	752642	752572	751266	752503	752650	750453	752578	752612	750417	741929	752666	752495	745238	686063	750055	684670	745664	749827	750850	739167	305099	748321	534236	639527	419797	748109	751831	217988	142075	751736	563105	653831	248425	402452	477712	751896	749674	689142	750153	703763	732930	725781	76786	752682	276681	748826	714387	729212	751242	744491	748328	712097	660511	721041	384734	739776	601724	750760	750633	752403	751971	605679	742591	748269	736779	737819	752090	744778	752334	747887	751601	579375	572726	715620	615554	571704	722743	730752	563023	746629	654530	578809	746658	277160	607474	564392	645805	538287	738771	735564	73	83	91	86	162	77	198	36	87	105	0	0	0	54	87	167	79	165	461	6	75	98	45	449	97	357	452	537	56	69	364	93	445	0	594	36	89	87	363	457	75	85	523	78	92	0	599	67	87	40	0	92	357	39	60	0	15	99	76	49	9	0	76	0	90	0	11	1	79	0	87	0	0	64	0	368	577	546	463	353	536	58	150	84	75	550	0	530	366	196	93	199	546	94	99	542	458	412	308	527	112	94	92	516	103	13	90	84	386	50	446	530	74	16	457	66	105	65	179	89	0	90	71	96	86	82	100	19	0	0	431	1	88	449	92	105	118	85	77	70	100	77	541	338	0	541	381	57	1	79	94	0	94	366	100	0	292	66	86	63	52	108	87	254	0	59	59	533	24	75	87	97	68	493	469
NC_063255.1	66000001	787265	779072	783154	780952	761898	784942	769733	785186	785636	780853	780756	786352	785383	59673	290160	781014	786620	740375	786128	786910	47430	186320	781028	140515	786009	783541	786312	785295	786310	756707	745333	785697	754889	783614	87242	785809	66703	765459	766319	786120	785928	759318	763198	785273	771116	762016	786107	784964	739860	750764	152790	785493	780845	785711	779918	765797	785088	195940	759314	780134	160068	116059	785801	635994	783089	776551	99197	61406	786529	735575	786190	779319	42798	786377	768949	89441	786576	787050	786210	786886	782820	784797	148163	346093	773519	763813	786900	786561	785119	786809	786915	783979	786850	786778	784403	775916	786860	786863	779439	732523	784515	722738	778730	784831	784596	774501	377790	782888	607139	698938	502777	782860	786084	280373	178746	786269	628181	697830	315043	487011	552564	786204	782760	736760	783498	738048	763874	756940	88527	787028	341264	783643	763359	763997	785003	781051	783567	748389	699678	756775	457822	774006	665311	785249	784893	786489	786080	660087	776589	781148	771742	772162	786297	778593	786591	781309	785850	648667	639742	750341	680269	635593	762223	763343	641971	781511	710190	641542	782366	352447	670357	628087	699610	588713	775995	769611	77	82	69	98	7	89	641	648	85	90	0	0	1	1	83	7	75	6	1	0	0	103	59	1	83	657	1	662	91	91	646	97	1	1	5	33	90	90	656	1	92	67	653	98	52	0	5	105	93	0	0	98	663	18	87	0	8	101	99	0	16	0	87	0	79	0	0	2	56	0	100	0	0	96	0	671	5	670	1	639	240	71	212	67	63	671	2	648	664	658	99	665	665	88	102	663	0	1	576	649	96	106	88	634	94	44	99	82	492	71	1	650	4	40	0	75	109	1	3	95	3	113	76	85	85	99	93	1	0	9	1	1	71	1	121	96	95	79	97	80	80	85	669	623	0	647	484	76	6	99	93	0	81	243	79	0	2	67	108	75	71	85	110	1	0	89	70	5	50	56	81	82	79	628	588
NC_063255.1	67000001	785674	776039	780145	779666	763842	783380	768817	783389	783962	780250	778593	785006	784316	50751	278002	778516	785179	735094	784417	785348	55019	162919	779564	135166	784476	781807	784617	783741	784871	759313	750724	784245	767538	783075	70656	784196	55993	763975	762615	784705	784212	761009	762487	783703	771497	759983	784570	783222	741549	750840	156981	783693	779195	784257	774687	763975	784203	189489	760759	777405	157258	133245	784515	653587	782434	775280	94771	76173	785165	739762	784408	777209	54446	784798	767386	88681	785149	785412	784327	785277	782047	783324	150827	371719	771725	765216	785357	784922	783828	785239	785155	782143	785276	785194	782048	776073	785267	785285	777513	744849	783318	718663	777423	782960	783536	771655	411550	780107	629990	710796	531400	782417	784663	284415	199892	784582	649788	709707	346679	514787	577941	784656	781651	747491	782052	739922	762764	760173	95961	785444	363787	782396	763163	763787	783934	779274	781167	746668	685508	753820	491136	773561	684978	784179	783552	784973	784566	673186	775164	780684	768999	770106	784786	776518	784988	779872	784268	672814	665564	753282	700198	658784	766890	763192	667245	780123	723642	666353	781751	395764	686547	650294	713108	595888	776788	770918	758	857	735	863	90	745	578	588	843	863	0	0	0	28	775	90	646	133	31	32	1	849	72	31	745	681	30	658	765	836	374	738	31	5	63	35	694	765	687	31	823	749	646	771	800	0	623	734	700	5	0	765	686	685	729	0	102	785	715	3	36	1	612	0	764	0	36	11	705	0	798	18	0	755	54	695	134	656	30	671	0	106	252	728	759	662	0	650	654	600	769	602	659	789	834	661	70	23	601	636	752	787	807	623	778	286	807	542	539	535	31	651	5	182	0	562	645	242	9	525	11	788	609	792	772	756	752	3	0	2	32	0	753	31	815	778	700	741	711	378	779	611	663	650	0	648	529	777	9	815	755	0	781	30	752	1	17	694	718	642	568	722	697	9	0	658	613	130	279	623	600	625	524	622	600
NC_063255.1	68000001	796732	789036	791523	790961	771364	794209	779813	794741	794878	790997	790401	795923	794863	71542	319782	789299	796084	745505	795457	796369	66594	212046	790451	155109	795083	792357	795417	794668	795928	764856	764112	795189	783092	793638	105211	795253	88488	776317	773597	795379	795194	767784	773915	794774	781289	771092	795468	794360	752239	760498	160569	794919	790363	795178	783723	775471	795337	213609	769068	787417	159250	145560	795640	672741	793531	785982	105987	80136	796452	757964	795604	788160	61699	795823	775731	95888	795873	796431	795039	796229	793684	794170	169104	393232	781182	777027	796328	796412	794815	796179	796348	793851	796164	796181	794037	787983	796315	796251	788335	759708	794593	728944	789663	793907	794225	781822	435856	791824	650533	734262	559365	794074	795683	291743	218939	795715	672176	721078	365219	548408	601733	795715	793401	760770	793096	744534	775685	767897	101184	796487	382341	793529	778550	772405	794821	790650	792470	761050	703392	764708	507463	784863	706558	795783	794532	795862	795775	692194	784766	793008	779612	779901	795817	787382	796059	791688	795158	694809	684365	769687	722994	682459	777388	775632	695289	792043	745360	686402	792669	415977	714637	670475	734961	630618	791345	782888	24	44	35	44	480	32	145	145	44	61	0	0	3	151	43	504	35	493	645	8	96	55	0	637	46	641	629	2	37	65	636	82	628	2	138	0	37	31	648	646	56	38	2	55	32	0	2	44	30	93	0	49	645	31	30	0	17	36	44	104	12	0	56	0	33	0	4	2	33	0	64	4	0	56	8	655	504	653	648	633	0	0	1	43	53	2	0	3	645	145	34	148	1	43	65	2	646	591	1	2	64	45	61	2	69	43	50	55	0	47	626	2	156	21	0	53	56	3	367	54	2	62	45	64	67	48	54	70	0	3	616	1	32	639	75	77	49	82	46	49	48	44	2	621	0	2	6	49	2	51	28	0	39	651	48	0	495	40	49	54	54	54	66	512	0	28	38	482	12	47	45	41	53	2	1
NC_063255.1	69000001	697975	689409	693613	692584	683585	695440	682543	695761	696421	693697	693040	697037	696566	67930	306098	691550	697425	644054	696473	697535	68240	203035	692250	157358	696638	693437	696793	695898	697004	683702	669415	696413	690145	695103	100878	696319	82913	677729	674625	696827	696015	670655	674711	695471	683534	672162	696474	695506	665628	667116	166857	696148	692277	696383	677016	675586	696353	216118	676752	690207	163370	121555	696749	564482	693911	688628	106982	75716	697695	649509	696894	690775	54234	696798	678590	92609	696752	697611	696285	697442	694202	695805	162178	316438	682585	676863	697667	697563	695867	697615	697354	695361	697458	697573	695569	689950	697555	697504	689272	649776	695448	633039	690989	695487	695588	683763	332449	693130	531803	618693	426715	693475	696919	230176	167076	696651	554975	615527	280899	418834	483910	696595	694517	648369	694582	652517	676390	670780	91659	697750	307173	694335	673261	676015	696151	691123	693923	661325	603829	668999	398403	685973	584857	695857	695447	696915	697053	574072	688575	693730	682078	683654	696955	688702	697285	693092	696793	578401	562055	668188	595342	556465	673570	674178	559216	692568	626075	561482	692387	307429	593122	550582	613863	526967	688084	681550	10	6	9	17	247	19	281	284	14	8	1	4	0	5	19	250	18	6	153	15	25	19	25	153	19	79	144	83	20	20	149	19	150	4	211	12	16	17	79	155	23	16	75	15	13	4	83	19	13	17	4	10	76	6	10	4	22	7	19	27	9	4	9	4	15	0	0	81	3	4	19	0	4	14	10	75	3	289	152	74	4	27	35	16	5	82	6	84	287	289	8	288	82	15	23	82	208	135	79	78	10	24	24	76	4	18	26	18	6	25	145	81	31	16	4	24	25	43	80	25	84	21	8	17	22	9	18	20	4	6	142	3	25	148	28	26	17	20	21	27	24	19	82	73	4	83	70	6	76	20	5	3	19	153	10	4	104	20	13	20	15	21	21	102	4	18	15	4	16	17	21	9	18	75	77
NC_063255.1	70000001	791956	783174	787057	786940	769346	789509	773092	789753	790173	784687	783465	790793	789907	59250	290250	784666	791431	746765	790768	791559	60867	185969	785059	143331	790397	787341	790887	789752	791017	765986	748006	790414	754001	788284	91118	790398	72581	767895	768597	790659	789930	757963	765342	789707	776691	765526	790665	789354	746549	754706	156889	789949	785486	790360	782282	771145	789693	197460	762399	782528	152524	126270	790724	654946	787978	781039	105654	75357	791736	755656	790670	783030	58615	790875	772680	90997	791066	791714	789823	791561	786093	789585	165971	369337	774312	771366	791650	791476	789773	791288	791402	788210	791481	791428	789243	776500	791485	791403	783585	745917	789422	727715	784185	789051	788819	778399	401957	786222	631886	713244	528825	788458	790320	284487	211927	790221	649630	708974	336639	518180	577345	790416	787793	751289	787999	741875	769183	764571	99851	791591	363721	786993	768920	767796	790011	784874	787779	749071	701328	759791	481935	779508	680781	790445	789355	791200	790942	673782	780709	786524	775274	776673	790809	783042	791363	786668	790326	674620	657876	761959	702974	656675	769188	768563	666591	786245	721579	663447	786952	377785	692181	644586	713830	597247	782635	776209	35	38	32	31	79	37	81	78	43	47	5	3	4	0	37	83	29	4	83	19	14	46	10	82	48	8	82	79	45	54	83	50	78	14	6	7	41	38	8	81	39	50	76	40	37	3	79	38	41	5	0	35	5	14	30	5	38	37	44	10	27	5	45	3	42	1	17	82	40	5	51	10	4	48	16	9	3	80	81	9	3	12	29	35	40	80	3	81	78	80	32	78	81	45	45	80	7	77	68	77	54	50	54	82	36	56	53	47	3	47	81	80	29	31	5	59	46	28	39	68	81	55	26	60	46	39	38	9	5	6	82	3	55	81	67	61	44	63	49	63	52	47	81	7	5	79	67	43	74	60	34	4	49	81	55	5	62	35	48	46	20	58	53	55	2	44	53	6	30	46	40	36	41	73	72
NC_063255.1	71000001	738465	732203	733925	733385	668955	736499	723124	736543	736340	723246	728867	735447	735072	44689	194118	733286	737190	712391	737434	738045	29193	133812	729425	80290	737269	735664	737498	736697	737753	657821	665648	737198	566421	727367	54263	737112	47677	717282	716562	737348	737329	697900	717964	736522	724942	712662	737593	736198	645454	705728	102887	736837	733600	737245	733847	718570	730686	129712	689289	732325	97463	73580	736972	556141	733533	727367	67735	43317	738379	681757	737220	731822	28039	737392	721070	59292	737966	738290	737434	738166	720858	736053	110613	254608	725328	714599	738219	738068	736754	738009	738002	735812	738088	738113	736231	705620	738075	738101	731478	666740	734966	672277	731558	736597	736448	724506	279477	734297	506169	627048	384308	731860	737733	196179	129200	737448	542569	637205	231048	374081	461417	737963	735414	669810	735913	691057	717112	710946	60843	738257	258631	734849	704825	715338	736640	734977	735039	696679	657559	707179	370008	725582	571407	735472	735999	737832	737423	575854	728136	732269	725498	724498	737534	730375	737911	733293	736926	570321	540241	696521	582940	540824	709775	715565	541438	732236	638633	549574	731609	248367	598938	538870	626232	498666	722125	720190	1	12	16	10	79	6	81	83	1	14	0	0	0	1	14	82	11	2	89	9	5	23	3	88	10	0	88	86	11	20	86	40	82	2	4	3	8	13	1	87	21	10	83	10	19	0	85	23	12	0	0	13	1	10	4	0	9	15	11	8	7	0	17	0	7	0	5	88	9	0	16	4	0	8	5	1	2	83	88	1	0	6	21	16	11	88	0	87	83	83	4	84	86	11	20	88	6	79	69	82	24	29	15	84	15	14	16	29	1	23	82	88	13	28	0	34	41	30	49	48	88	24	32	18	17	20	14	9	0	2	79	0	6	85	38	32	21	38	17	25	33	19	88	1	0	87	66	12	79	15	14	0	16	88	25	0	62	37	13	24	12	28	20	65	0	12	11	1	15	15	15	14	18	81	77
NC_063255.1	72000001	725157	719072	721314	720686	661072	723294	711256	723427	723219	712156	711418	715268	722353	38714	189099	720907	724085	706435	724074	724814	17050	120941	714841	52294	724057	723163	724214	723376	724523	647490	654389	724166	315918	715734	47604	723826	45400	703206	706744	724101	724470	659948	703688	723316	711734	700970	724173	723353	642225	693395	77652	723607	719861	724026	724066	705586	701281	113849	680182	720205	78222	52352	723932	540053	720189	715257	49863	35493	724689	691171	723507	718422	20018	724126	708562	63418	724913	725079	724707	724912	682442	722810	92101	234349	709015	699935	724902	724866	723486	724625	724873	722941	724879	724811	723099	608957	724811	724798	719830	651247	721040	675400	717868	724075	723166	712804	262647	722348	491769	608494	372526	719410	724584	199432	119508	724391	525688	624413	201270	346249	440908	724957	722922	645894	722014	683115	702908	699722	48567	724914	244175	721615	685197	701395	723190	723589	722987	683428	667311	691117	337536	712675	552445	722101	723137	724981	723910	561060	716331	719980	711904	711203	724241	716841	724658	720203	723730	547208	517345	679430	558271	513339	696081	703520	513470	719167	615367	525016	719274	230279	572222	518924	599187	474831	709594	707799	5	3	6	1	312	3	315	318	1	1	0	0	0	0	3	323	0	0	326	2	28	4	12	327	5	0	321	329	8	15	325	23	313	0	2	10	1	8	1	330	7	9	320	4	7	0	322	2	3	0	0	0	1	0	0	0	10	2	2	12	0	0	5	0	16	0	0	330	4	0	3	2	0	6	0	1	0	328	330	0	0	18	55	0	12	330	1	313	324	328	0	325	331	1	18	328	2	305	267	314	10	9	10	311	7	10	4	18	0	13	319	327	63	24	0	13	14	72	117	23	331	5	1	7	13	8	10	12	0	0	309	0	9	325	17	13	6	25	11	35	12	11	322	0	0	320	220	8	303	1	8	0	4	330	1	1	195	8	5	7	4	18	20	177	0	10	2	1	17	6	12	9	10	296	294
NC_063255.1	73000001	698902	692774	694675	693769	673846	696736	684922	696424	697069	694105	688726	696095	697663	54319	273672	693630	698445	676390	697831	698403	44879	174452	692050	109860	697748	696265	697768	696840	698145	669498	645677	697790	459679	696274	74921	697468	67528	678505	680033	697841	698066	652497	675417	696959	685434	678096	697900	696745	653606	669574	127694	697334	693931	697535	696343	680091	691586	180396	671620	692498	133772	89093	697655	555502	694260	689014	92829	64858	698611	647581	697524	692112	43113	697956	682179	89268	698680	698767	698236	698563	688369	696719	150825	259567	682538	674541	698564	698574	697014	698450	698641	696298	698583	698619	696556	647491	698549	698494	692581	621297	694864	653134	691522	697438	696493	685688	263294	695086	461429	587123	360152	691111	697840	219029	138545	697614	498717	590819	224843	331675	423778	698586	696199	616389	695577	649704	677178	672496	77836	698667	246614	695861	660779	675522	697218	695255	695654	654997	639988	665417	339536	686148	522373	695446	696866	698526	697709	530858	689695	692437	685441	684362	697995	690037	698298	693684	697234	526557	491596	651172	528191	499992	668728	677605	481886	692504	586840	497340	690417	228804	533174	490593	572609	484814	681434	679148	118	130	133	152	616	138	607	597	160	158	4	4	5	5	152	630	102	3	626	19	93	152	63	618	129	3	610	628	172	179	614	137	612	12	5	37	140	143	9	619	136	142	603	140	129	4	610	159	123	3	4	133	6	68	122	5	61	141	134	84	32	218	130	4	134	1	33	624	117	3	153	14	4	124	29	9	6	623	628	8	3	100	205	122	113	623	3	594	619	618	141	621	618	137	177	625	5	577	489	596	118	153	184	595	132	122	149	152	5	170	605	609	152	89	12	172	170	201	277	182	628	171	128	154	167	134	145	71	4	3	389	3	151	606	164	169	131	145	159	134	158	129	621	9	5	609	405	158	577	136	157	3	137	619	146	219	401	151	124	161	150	168	183	395	198	137	137	5	113	148	147	128	134	558	541
NC_063255.1	74000001	701874	693339	696587	696724	683967	699840	686513	699866	700307	695462	694596	700988	699615	75083	345693	694365	701348	664928	700627	701370	72168	225767	695620	171374	700726	697388	700829	699878	701110	682509	671534	700388	662268	699298	119374	700480	91282	681261	680074	700738	700516	675210	678864	699777	688555	678794	700822	699694	660145	671671	179388	700090	695097	700184	687491	681303	700064	253426	679669	692882	178599	130970	700665	581596	697935	691907	118577	76692	701622	654454	700834	693763	53452	700944	684386	108670	701198	701628	700068	701449	698840	699523	187103	313266	688380	681907	701508	701427	700284	701337	701468	698539	701496	701376	699008	689248	701473	701385	694046	646162	699170	644726	694379	697716	699397	688983	327888	696195	514006	611105	422613	697377	700250	241839	176269	700953	542063	613069	270928	412847	470738	700858	697997	649358	698368	654952	681793	678271	88939	701636	299554	698515	675900	681346	700035	694910	696897	662034	624400	672009	398164	688345	572209	699409	699464	701028	700832	569219	691471	696343	687309	685559	700947	693542	701271	697009	700468	566193	550080	666524	580395	549762	673296	678178	546940	695911	616804	554604	695808	299651	582086	536337	608595	529304	689466	684301	507	470	457	485	607	449	541	552	477	554	4	4	0	2	496	625	447	7	628	103	96	537	75	620	482	223	610	564	467	538	610	524	604	26	8	43	481	459	221	626	444	476	548	456	466	5	549	478	496	0	4	471	216	354	452	4	192	476	454	92	131	609	462	4	493	0	120	563	424	4	497	113	4	509	70	225	7	563	621	222	1	89	147	467	464	567	0	552	560	562	469	558	554	431	526	563	3	577	458	549	563	531	612	545	477	393	549	474	0	492	605	546	139	341	4	511	604	165	293	518	562	571	508	550	484	484	511	54	4	14	4	0	528	616	574	597	472	537	497	485	614	529	555	216	4	553	391	500	518	518	480	4	473	613	522	615	417	524	501	511	476	557	570	428	593	492	481	6	341	528	492	479	449	510	482
NC_063255.1	75000001	817573	809012	812350	810511	777177	814582	802704	814906	815731	799988	812837	816962	815623	45324	236874	811691	816618	764293	816141	816973	57421	139893	812998	172051	815911	813619	816053	815288	816411	769184	797700	815413	813267	811745	51487	815861	45713	795952	794349	815942	816064	792086	794178	815013	802670	790926	816009	814789	783654	779331	215296	815449	811029	815631	793686	795716	816441	178086	792047	808817	175689	189384	816275	746689	815261	808149	111905	112767	817141	791093	816551	809426	72722	816564	799416	78699	817186	817242	816328	816868	814993	814708	220575	537760	801173	799473	817019	817040	814953	816944	816805	814557	816958	817035	814752	812031	816966	816699	808777	798425	815663	749103	811630	815704	815248	803279	607520	813286	748047	780688	682768	815768	816527	376237	360443	816327	748910	775095	515455	688901	703966	816604	814388	799309	814686	776091	794715	792121	195628	817301	544537	814561	807237	797727	815209	809932	814170	782774	707778	789017	638090	808654	769346	817006	815569	817099	816705	752735	808383	814769	799795	800232	816670	808935	816575	813391	816104	764898	762088	796763	786477	755045	807434	798364	767778	813842	792654	762322	814687	574030	775675	752714	784927	705400	813691	808139	0	0	0	3	507	0	120	121	0	0	0	0	0	85	0	512	0	298	515	0	34	0	7	510	0	545	493	122	0	0	494	0	482	0	1	1	0	0	546	516	0	0	119	0	0	0	119	0	0	43	0	0	544	0	0	0	1	0	0	39	0	507	0	1	0	0	0	123	0	0	0	0	0	0	0	558	290	407	513	213	0	7	53	0	1	124	0	118	409	125	0	120	121	0	0	124	290	471	115	121	0	0	0	115	0	4	0	0	1	6	506	123	122	3	0	1	1	52	376	1	124	0	0	0	7	5	0	73	0	0	0	0	0	507	0	0	1	0	0	4	3	0	124	526	0	122	103	0	114	0	0	0	0	512	0	505	451	0	0	0	0	0	0	453	503	0	1	277	0	0	1	0	1	225	118
NC_063255.1	76000001	267998	262071	264353	263420	263635	257485	254828	265967	266434	250791	263295	267479	267249	40187	135440	260856	256102	232159	258481	266715	52366	99642	264646	92601	265329	262688	265497	262944	267192	262263	255813	264775	249698	259254	59737	266254	53248	253433	241459	265910	265973	248921	251400	265081	259596	236727	261529	265102	243337	240885	89457	259978	263425	265101	247793	245946	266353	108673	235364	258982	103968	65035	266179	227632	265664	258827	70219	53149	267790	250897	266769	247779	37774	267004	243102	69515	266501	265501	265065	266867	265500	264991	97604	148929	252077	251462	267589	267131	265798	264600	267111	265218	267036	267676	265710	259083	267401	264493	260560	250748	265941	225718	263406	263094	264536	255821	165870	261686	222007	244925	188689	263378	264200	119709	109926	263871	224398	227456	141297	192704	187083	267392	264621	237554	249376	238761	255411	246269	67689	267386	152802	244522	258397	254723	265793	258515	262198	240899	229775	252600	180183	253026	234286	266414	264045	267310	267175	228881	247359	264319	258755	242886	266148	260005	261787	265334	264956	231255	222782	254160	222741	220411	241231	255982	225819	263795	245896	213327	262276	143086	236627	220579	226031	215709	261447	257067	3	3	5	3	245	2	5	5	15	0	0	0	0	76	2	248	15	242	173	0	52	0	3	165	0	171	162	2	2	4	161	7	162	2	2	3	4	10	167	171	9	5	2	3	15	0	3	11	1	52	0	9	164	0	4	0	7	2	3	60	3	169	4	0	7	0	9	4	0	0	18	5	0	14	1	170	149	146	169	3	0	1	3	0	0	4	3	4	143	5	5	5	3	5	9	3	143	152	2	3	16	5	6	4	8	5	2	4	0	17	165	2	60	5	0	4	6	1	123	15	2	9	15	23	7	5	8	49	0	0	11	0	4	169	4	6	10	6	5	11	1	9	4	157	0	4	7	16	4	5	12	0	2	162	8	167	135	3	4	15	3	22	10	134	158	7	22	134	2	7	7	18	4	160	2
NC_063255.1	77000001	728652	721991	723841	723001	712574	725819	714086	726041	726964	721478	720240	726004	727720	48294	313170	723697	727786	698122	727127	727833	42798	174211	720797	135623	726876	726239	727325	726187	727750	704242	677443	727097	625515	726043	62833	726849	53005	706692	708290	727213	727678	687608	703244	726275	713885	703013	727326	725994	704524	691766	158009	726940	722904	726982	725694	709122	721462	204072	713463	722043	192607	111234	726971	618607	725002	717828	116390	69675	728515	701854	727055	719714	34192	727441	711864	130851	727904	728234	727922	728103	716325	726000	146530	347503	711705	706628	728230	728141	726562	728019	728058	725917	728007	728170	725863	691088	728186	728029	722461	672417	725257	683956	721267	727486	726566	714059	377172	724922	571468	656383	456742	722614	727599	267258	198296	727704	573061	644169	286170	471835	507251	728263	725850	682084	724748	690206	708722	700551	85751	728380	339975	724063	704782	705527	726261	726162	725124	683804	670001	699217	420576	716871	602644	725658	726146	728309	727710	598250	716757	723704	714136	711425	727613	720194	727711	723393	726664	630771	574718	691296	611198	572073	704014	709127	581854	723218	656733	593134	721664	327169	618645	577759	636168	563136	716100	713578	0	0	0	0	759	0	216	223	2	0	0	129	0	104	0	782	0	770	741	0	68	0	16	726	0	542	701	182	0	0	722	3	720	0	327	6	0	1	546	741	0	0	197	0	0	0	194	1	0	33	0	0	540	0	0	1	2	0	0	112	0	722	0	0	0	2	0	182	0	0	0	0	126	1	1	558	209	428	740	188	0	24	78	0	0	183	65	195	442	287	0	290	199	0	0	198	269	681	183	191	0	0	2	191	0	3	1	3	0	2	703	198	169	1	0	4	7	73	406	4	183	3	1	2	2	2	0	59	0	4	0	0	3	703	3	3	0	0	0	6	3	1	201	584	0	202	165	1	175	0	1	125	1	731	2	730	558	2	1	2	1	3	1	517	693	1	1	196	1	1	2	3	0	501	184
NC_063255.1	78000001	785807	776921	780407	780300	774710	782641	769100	782466	783505	780253	780457	784987	784695	58674	369193	779673	785028	732744	784005	784933	105199	199922	780976	276210	783990	782077	784295	783245	784410	766415	767433	783630	780037	783571	76543	783887	73958	762469	761475	784233	784614	761997	759476	783038	772046	760423	784248	783060	769290	750599	303857	783772	778300	783356	763295	764826	784355	295068	772239	776736	305384	218091	784382	729326	782895	776411	198125	145127	785254	760676	784849	777104	103192	784624	769068	171465	785259	785241	784602	785078	783744	783085	259309	536915	768271	767403	785125	785030	783469	785071	785011	782440	785048	785119	782473	779654	785125	784990	777982	765673	783998	721634	778518	782953	783275	769494	570095	780726	710662	747210	638049	784137	784387	370097	345475	784702	709336	738759	475925	653207	652800	785131	782230	765994	782722	740388	764223	760335	208248	785531	519618	782501	775070	763610	783435	777146	781154	755540	686226	757350	592637	775766	733502	784971	783494	785271	784931	713223	775998	782833	770487	768260	784755	776326	784814	780313	784210	735717	721042	763899	751728	716104	774085	767117	733118	782215	761600	732398	781811	543567	744504	718935	749132	701083	781587	774111	52	48	52	42	508	44	0	0	67	71	0	194	0	158	50	562	28	579	455	5	63	68	122	445	60	428	443	661	33	49	463	78	446	0	658	25	34	38	427	453	59	41	422	62	47	0	187	26	47	123	0	46	428	19	43	0	24	64	57	110	13	442	9	326	33	0	0	670	46	0	53	0	127	52	0	441	411	413	450	191	0	50	119	43	47	674	585	193	550	589	55	587	196	58	63	192	620	417	182	416	44	42	50	178	46	27	47	34	0	28	445	180	37	27	0	18	39	113	334	7	673	37	40	56	35	57	76	98	0	0	0	0	45	447	72	75	72	57	64	19	45	56	195	430	0	181	168	45	600	52	61	127	48	455	42	451	401	15	43	33	9	41	60	149	441	19	33	390	14	32	47	40	24	425	180
NC_063255.1	79000001	660415	652166	656582	655862	653865	658421	647446	658355	659396	656041	655924	659724	659704	79083	372086	652015	659762	606823	659394	660014	177840	228467	656711	313074	659218	654734	659450	658741	659645	647013	650541	658813	659160	633534	129832	658995	107991	645328	640270	659285	658127	643895	643533	658346	649810	641047	659241	658396	652979	635802	323455	658648	654978	658390	620882	640372	657673	334655	653069	650193	319813	269604	659487	628357	658457	653195	212971	211791	659964	643937	659698	654288	166933	659775	647387	212003	658858	660085	657513	659835	651076	658745	281422	479815	645731	646363	660057	660049	658484	659990	659873	657648	659951	659988	657971	656595	659998	659985	653371	645021	658721	598109	653430	655505	657778	649063	508198	654752	608636	617916	562748	659128	658855	410678	344767	659107	613071	618256	450311	558128	569416	658673	656687	646838	657854	620259	645131	639340	233705	660195	453616	658154	651226	644019	658871	645505	655382	633014	566003	636579	539391	652001	627782	659829	658707	659144	659669	605751	652786	657238	643662	645455	659539	653536	659732	656952	659055	613093	617019	642581	636022	616645	650183	644747	623947	656654	643531	622753	658371	503197	631210	608685	633869	607895	657409	650366	6	1	2	8	248	4	0	0	3	8	0	107	0	130	3	277	2	322	139	1	44	4	76	137	2	309	136	225	18	3	322	1	120	6	221	20	9	0	217	135	3	8	165	1	4	0	107	3	11	62	0	2	214	9	1	0	2	3	2	53	3	304	6	137	8	0	1	224	4	0	1	0	0	2	0	216	278	258	138	104	0	26	62	1	2	210	249	100	172	229	2	228	106	1	5	107	276	118	193	74	18	8	9	209	2	12	8	12	62	14	136	202	2	6	0	8	12	53	102	17	223	10	5	7	16	8	12	52	0	0	0	0	3	137	13	13	5	22	7	14	12	18	105	295	89	206	201	8	0	9	2	0	2	138	7	310	107	8	8	4	7	8	8	210	300	10	17	245	11	4	11	11	3	299	193
