chrom	window_start	sites_total	calls_AL101	calls_AL102	calls_AL103	calls_AL114	calls_AL119	calls_AL120	calls_AL121	calls_AL124	calls_AL125	calls_AL127	calls_AL129	calls_AL133	calls_AL134	calls_AL137	calls_AL138	calls_AL141	calls_AL142	calls_AL143	calls_AL146	calls_AL149	calls_AL153	calls_AL155	calls_AL156	calls_AL159	calls_AL160	calls_AL162	calls_AL166	calls_AL170	calls_AL173	calls_AL174	calls_AL175	calls_AL176	calls_AL177	calls_AL178	calls_AL180	calls_AL181	calls_AL182	calls_AL184	calls_AL185	calls_AL187	calls_AL189	calls_AL193	calls_AL196	calls_AL197	calls_AL199	calls_AL200	calls_AL201	calls_AL204	calls_AL207	calls_AL208	calls_AL209	calls_AL210	calls_AL213	calls_AL215	calls_AL216	calls_AL220	calls_AL223	calls_AL231	calls_AL238	calls_AL241	calls_AL242	calls_AL243	calls_AL244	calls_AL246	calls_AL254	calls_AL255	calls_AL256	calls_AL263	calls_AL266	calls_AL269	calls_AL272	calls_AL273	calls_AL274	calls_AL276	calls_AL278	calls_AL279	calls_AL283	calls_AL284	calls_AL288	calls_AL292	calls_AL300	calls_AL303	calls_AL304	calls_AL307	calls_AL309	calls_AL313	calls_AL32	calls_AL35	calls_AL75	calls_AL82	calls_AL86	calls_AL88	calls_AL91	calls_AL92	calls_AL95	calls_AL97	calls_AL99	calls_K1423	calls_K1461	calls_K1542	calls_K1544	calls_K1567	calls_K1579	calls_K1580	calls_K1583	calls_K1603	calls_K1606	calls_K1608	calls_K16100	calls_K1614	calls_K1617	calls_K1618	calls_K1623	calls_K1627	calls_K1632	calls_K1640	calls_K1650	calls_K1660	calls_K1663	calls_K1665	calls_K1669	calls_K1672	calls_K1680	calls_K1684	calls_K1693	calls_K1696	calls_K17007	calls_K17008	calls_K17010	calls_K17013	calls_K17014	calls_K17025	calls_K17028	calls_K17030	calls_K17032	calls_K17033	calls_K17034	calls_K17035	calls_K17037	calls_K17040	calls_K17042	calls_K17044	calls_K17045	calls_K17048	calls_K17052	calls_K17053	calls_K17056	calls_K17062	calls_K17064	calls_K17073	calls_K17077	calls_K17078	calls_K17081	calls_K17083	calls_K17087	calls_K17091	calls_K17094	calls_K17098	calls_K17099	calls_K17101	calls_K17102	calls_K17103	calls_K17104	calls_K17106	calls_K18010	calls_K18017	calls_K18019	calls_K18022	calls_K18034	calls_K18078	calls_K18083	calls_K18084	calls_K18091	calls_K19018	calls_K19019	hets_AL101	hets_AL102	hets_AL103	hets_AL114	hets_AL119	hets_AL120	hets_AL121	hets_AL124	hets_AL125	hets_AL127	hets_AL129	hets_AL133	hets_AL134	hets_AL137	hets_AL138	hets_AL141	hets_AL142	hets_AL143	hets_AL146	hets_AL149	hets_AL153	hets_AL155	hets_AL156	hets_AL159	hets_AL160	hets_AL162	hets_AL166	hets_AL170	hets_AL173	hets_AL174	hets_AL175	hets_AL176	hets_AL177	hets_AL178	hets_AL180	hets_AL181	hets_AL182	hets_AL184	hets_AL185	hets_AL187	hets_AL189	hets_AL193	hets_AL196	hets_AL197	hets_AL199	hets_AL200	hets_AL201	hets_AL204	hets_AL207	hets_AL208	hets_AL209	hets_AL210	hets_AL213	hets_AL215	hets_AL216	hets_AL220	hets_AL223	hets_AL231	hets_AL238	hets_AL241	hets_AL242	hets_AL243	hets_AL244	hets_AL246	hets_AL254	hets_AL255	hets_AL256	hets_AL263	hets_AL266	hets_AL269	hets_AL272	hets_AL273	hets_AL274	hets_AL276	hets_AL278	hets_AL279	hets_AL283	hets_AL284	hets_AL288	hets_AL292	hets_AL300	hets_AL303	hets_AL304	hets_AL307	hets_AL309	hets_AL313	hets_AL32	hets_AL35	hets_AL75	hets_AL82	hets_AL86	hets_AL88	hets_AL91	hets_AL92	hets_AL95	hets_AL97	hets_AL99	hets_K1423	hets_K1461	hets_K1542	hets_K1544	hets_K1567	hets_K1579	hets_K1580	hets_K1583	hets_K1603	hets_K1606	hets_K1608	hets_K16100	hets_K1614	hets_K1617	hets_K1618	hets_K1623	hets_K1627	hets_K1632	hets_K1640	hets_K1650	hets_K1660	hets_K1663	hets_K1665	hets_K1669	hets_K1672	hets_K1680	hets_K1684	hets_K1693	hets_K1696	hets_K17007	hets_K17008	hets_K17010	hets_K17013	hets_K17014	hets_K17025	hets_K17028	hets_K17030	hets_K17032	hets_K17033	hets_K17034	hets_K17035	hets_K17037	hets_K17040	hets_K17042	hets_K17044	hets_K17045	hets_K17048	hets_K17052	hets_K17053	hets_K17056	hets_K17062	hets_K17064	hets_K17073	hets_K17077	hets_K17078	hets_K17081	hets_K17083	hets_K17087	hets_K17091	hets_K17094	hets_K17098	hets_K17099	hets_K17101	hets_K17102	hets_K17103	hets_K17104	hets_K17106	hets_K18010	hets_K18017	hets_K18019	hets_K18022	hets_K18034	hets_K18078	hets_K18083	hets_K18084	hets_K18091	hets_K19018	hets_K19019
NC_063218.1	1	623867	622325	622855	622570	621094	620389	621764	619530	622023	621956	622445	618589	622713	61875	350088	621616	622847	616227	621470	622644	447671	292875	622606	460516	621071	621948	620678	620734	621849	620037	610738	620470	594136	619674	278841	620370	120921	620484	621370	621459	621273	621456	621184	619955	621766	620949	621338	620310	605048	620355	457655	620697	622653	619486	616624	620425	587369	523093	622622	620809	459326	491318	621508	610657	621354	622470	378787	457648	622879	622447	622660	622898	421990	622397	621516	431812	622351	622906	621728	622511	590298	620971	435639	476810	620991	621791	622876	622582	619898	622809	622021	622829	622086	622675	622985	622769	622253	622493	612113	614565	622109	613134	622481	622785	619200	622303	559145	621769	603297	392712	602721	621916	620445	408976	524172	620746	610379	614563	510079	564051	603224	622729	622818	622622	623289	617542	621294	621323	299021	623307	510328	619788	615343	622179	621063	616727	621941	620004	602554	620599	571569	620867	617232	623577	621091	623143	622654	594131	622016	619468	620553	621659	621938	622556	622701	622943	621009	582427	618292	621925	621535	617982	599464	621523	608611	620323	622211	616815	620684	574839	619761	616851	620773	586047	620603	610357	2	238	568	568	572	558	395	236	597	3	1	2	0	0	565	603	4	585	568	162	74	237	1	234	567	4	227	217	563	418	540	408	3	182	576	64	218	549	548	4	234	234	2	556	1	233	546	555	536	336	2	4	404	2	204	226	479	235	236	1	2	3	234	5	5	0	2	2	558	237	597	147	2	4	342	4	181	600	559	541	226	356	408	224	588	566	3	541	210	598	207	593	206	206	103	209	566	504	583	1	522	570	2	543	2	2	3	555	297	221	6	2	3	2	551	408	7	469	2	3	1	264	4	566	4	4	552	0	1	451	5	3	4	1	5	229	5	451	580	3	7	235	203	545	206	235	228	6	2	235	206	553	275	235	602	7	225	2	235	573	3	6	241	4	551	563	568	234	6	561	556	4	2	575	203
NC_063218.1	1000001	675017	674024	674141	674012	657458	671771	673193	671339	673525	672866	672300	672859	673911	72734	354718	671225	674013	669213	673023	673882	392297	235253	673264	423731	672695	671695	672559	671953	673364	649232	668003	672173	657582	658548	194797	672373	87072	672713	672028	673150	671617	672819	672405	672051	673278	672044	672879	671491	663062	671679	448330	672531	673828	671795	668014	672549	670945	498841	673856	671127	461981	529829	672509	666261	672282	673025	305826	448995	674064	673466	674045	674068	362937	673908	672368	425214	672025	674245	671638	673627	663261	672715	415342	592890	673020	673028	674199	674104	671910	673994	674057	674246	673986	673882	674276	673673	673810	673878	665316	667126	672778	667143	674209	673344	670401	673208	628763	671806	657894	489722	648311	671670	672483	503152	594083	672061	660606	666003	562530	631986	652096	672849	673829	673459	674383	669278	673041	672654	369281	674394	584098	669734	665841	673487	671919	668227	673327	671844	659342	672706	623834	672282	668642	674380	671665	672955	673710	635222	673698	670875	671119	673015	673501	673887	673566	674388	671674	635305	670199	673234	671743	669514	628967	671939	659872	671671	673151	668224	672411	634653	671590	668563	671497	652469	672213	663245	13	615	708	699	634	708	591	612	642	3	3	3	5	115	362	639	412	627	361	274	121	540	2	261	664	434	586	454	337	643	381	370	5	96	644	73	457	699	345	266	566	599	213	363	4	603	648	347	649	196	4	2	615	457	192	618	278	611	610	4	127	6	606	5	64	1	52	117	359	534	113	29	3	10	295	37	4	647	359	349	592	226	220	607	625	360	3	675	799	739	673	367	672	664	702	667	713	301	621	35	314	361	10	294	3	16	177	360	212	576	8	379	38	2	676	648	9	285	2	7	4	458	5	677	5	469	353	4	4	463	7	439	8	3	14	324	108	313	371	5	19	613	676	344	666	232	571	115	6	598	204	618	194	484	645	7	464	598	623	714	610	473	640	115	347	665	366	599	95	662	353	6	337	632	551
NC_063218.1	2000001	724191	723152	723075	723295	714414	720986	722417	720594	722580	722168	722345	704315	723145	94866	416592	720483	723670	718036	722153	723382	396736	295505	722902	441415	721802	721171	722399	721850	722585	709721	687047	721307	682276	716819	262322	721827	128515	721770	721639	722246	720968	721843	721545	721196	722479	721920	722135	721010	670829	721210	446099	721581	723140	721321	715727	721848	649865	531385	722602	720574	441377	540030	722774	699326	722471	723486	317490	456515	723242	722709	722952	723411	396399	723182	722716	392830	722608	723521	720997	723010	645996	721744	436989	551364	721966	722623	722987	723314	721014	723401	722939	723297	723070	722963	723278	722417	722957	723035	713524	712942	722368	713434	723576	722332	719616	722700	642690	722013	701546	430188	696948	722616	721837	485042	613789	721894	705426	719276	564014	647347	700857	722625	722767	723002	723895	719732	722365	722442	420098	723631	584494	721390	708706	722900	722080	716219	722263	722141	695694	721797	652875	723163	715133	723477	721797	722754	723090	673473	723402	720237	720236	722327	722885	723353	723014	723490	722566	650289	717085	722505	720575	712901	686272	722013	700610	720897	721968	710043	721685	647473	719250	716566	721462	670366	721494	711825	0	544	654	623	619	543	660	635	683	5	0	22	0	226	85	679	640	444	207	323	182	0	210	82	683	664	135	502	238	320	77	650	83	11	623	98	499	204	85	85	484	374	652	90	0	522	657	207	644	35	0	489	669	11	635	301	211	374	635	108	1	203	624	238	204	1	65	85	86	0	407	194	22	221	269	207	0	619	80	0	657	334	0	665	676	633	0	641	676	683	697	243	652	660	586	693	576	75	654	63	10	87	7	0	0	219	95	8	230	601	240	625	33	19	647	622	206	16	0	11	85	680	22	577	238	654	97	37	0	267	196	496	6	235	95	30	81	84	22	24	179	628	700	342	634	0	586	394	0	673	136	20	640	487	146	200	439	633	617	689	630	638	598	21	363	677	82	619	80	682	86	171	579	643	578
NC_063218.1	3000001	798188	797158	796828	797444	796189	795114	796547	795142	796432	796766	796974	797548	796853	61737	355932	796678	797545	792755	796421	797413	264770	203578	797315	323325	796022	796707	796796	795435	796633	794897	795902	795772	796912	795614	155772	796156	66864	796004	796209	796607	796353	796233	796152	795410	796795	795900	796106	795299	791484	795172	380901	795361	797244	795962	794875	795965	797562	464857	796745	796134	338734	538802	796756	789492	796209	797363	222572	394469	797442	796581	796993	797547	312502	797267	796855	295981	797213	797632	796862	797354	794811	795718	361902	617561	796454	796682	797433	797401	795327	797394	796915	797593	797321	797186	797669	797381	797369	797160	786899	784730	796762	789289	797544	797023	794027	796820	710402	796655	779051	632361	761638	797110	795325	472262	600428	796072	778606	792353	594046	706288	766314	797105	797154	796925	797875	793503	796486	796172	319132	797616	605017	794422	786929	796904	796207	793739	796540	795666	779286	796489	718492	797205	789578	797831	795873	797356	796940	746013	797309	794580	795882	796509	796963	797077	797126	797680	796615	750635	789799	796249	793874	788441	763402	795905	771098	794737	796035	788733	795662	715327	793466	786740	795765	773240	794721	786344	0	0	528	525	506	525	628	526	272	0	513	389	0	82	648	271	269	491	779	121	94	0	149	630	779	422	636	278	448	394	382	456	387	38	513	31	162	0	386	394	282	441	442	392	500	471	442	614	409	140	1	527	537	488	523	1	177	489	649	141	145	456	645	444	454	0	200	382	394	502	451	60	394	458	68	456	0	533	1	504	511	152	0	449	267	564	0	507	451	625	722	491	528	532	421	721	418	369	439	2	451	169	507	481	0	384	395	0	469	600	451	636	165	275	442	510	479	0	0	480	382	548	391	454	253	524	382	123	509	327	443	384	0	266	375	224	376	341	364	1	253	328	701	511	595	0	308	503	23	442	498	392	543	523	0	452	486	323	517	452	320	724	515	25	377	321	389	518	325	316	380	257	315	197	559
NC_063218.1	4000001	797390	796627	796534	796738	794930	794418	795904	794607	795753	795977	796011	796727	796163	53673	319261	795316	796813	792593	795801	796631	192902	181490	796243	260271	795340	795635	795906	794807	796163	792530	795389	795192	797015	794506	125817	795357	57195	795612	795345	795856	795521	795839	795463	794998	796052	794881	795640	794641	792917	794511	327237	795047	796588	795328	794448	795643	796597	439098	796168	795060	275291	514424	796074	791170	795292	796519	164368	341537	796618	795549	796291	796839	249345	796413	796124	242727	796418	796778	795640	796587	794916	794786	302824	611324	795625	795877	796671	796777	794721	796676	796493	796864	796794	796607	796900	796746	796640	796662	789075	782508	795743	790446	796612	796690	795038	796260	702669	796119	775538	686330	751534	795870	795953	431538	569681	796112	778540	791760	559062	699770	758115	796187	796852	795809	797072	793730	795720	795596	255509	796940	586380	794179	788637	796111	795166	794751	796669	794832	783654	795682	714199	796570	788392	796595	795308	796412	796398	744949	796649	794479	795045	795863	796291	796576	796488	796799	795808	753110	786309	795535	790936	785646	768176	795782	764234	793149	795081	787135	794827	707132	791721	783587	794202	775493	793973	788426	76	0	771	2	597	2	753	2	563	0	715	503	0	140	716	192	480	572	758	113	72	0	3	707	760	2	698	499	646	431	494	664	495	51	693	20	189	0	436	590	494	652	637	497	349	648	642	695	2	131	690	682	653	680	2	714	272	654	754	166	1	693	730	646	656	23	202	793	498	701	660	33	505	692	113	664	0	2	458	705	407	155	0	651	561	769	0	748	729	701	710	654	773	774	586	705	583	535	677	358	323	193	711	678	0	558	500	0	741	668	650	749	195	300	640	738	2	0	165	648	797	662	496	665	180	761	489	140	710	443	672	496	0	186	242	719	476	474	632	325	699	646	0	2	723	0	611	704	692	649	696	495	705	2	0	697	1	632	2	654	635	669	2	616	0	494	484	2	650	495	476	694	614	0	654
NC_063218.1	5000001	811151	810469	810377	810651	807791	808317	809914	808367	809552	809512	809167	810511	809467	64369	312040	808650	810449	807302	809465	810196	212893	200525	810125	259867	809128	808821	809802	808708	809959	803730	809238	809312	810657	806791	156787	808920	73288	809074	809449	809697	808522	809090	809040	809022	809951	808982	809419	808179	804420	808366	314516	808773	810456	809264	810044	809419	810296	421039	809291	808087	274093	480406	809685	801543	808690	810401	180494	330881	810650	809070	810172	810630	249784	810201	809977	258660	809965	810652	808933	810263	808944	808765	302843	565686	809568	809902	810293	810574	808648	810385	810498	810674	810504	810476	810786	810582	810461	810457	802126	788163	809125	801997	810401	810161	808049	810212	681789	809873	780644	668001	748854	809166	809228	417536	550073	809681	788140	803354	528900	676711	763088	809896	810449	809175	810972	807219	809576	809389	251968	810757	549184	807706	799509	809854	809130	808573	810138	808669	795452	809372	709982	810292	798411	810161	809333	810151	810192	741814	810161	807413	808694	809951	810276	810430	810353	810546	809646	748761	794274	809353	799095	792070	780970	809261	757597	807990	806877	792411	808157	687117	802958	792853	806892	779038	806206	799254	769	175	754	284	754	282	576	281	774	695	756	682	0	109	760	540	315	288	551	127	69	0	47	743	550	281	734	525	729	1	56	777	56	14	752	8	457	0	744	726	531	755	740	55	466	766	755	742	275	77	734	783	759	744	285	754	255	770	546	146	97	750	524	748	769	0	205	732	55	741	773	83	681	736	124	777	0	285	304	736	1	174	0	759	765	596	0	732	549	585	755	780	755	757	1	751	1	650	505	674	0	713	758	712	0	591	56	635	569	473	763	533	28	384	757	713	269	2	14	664	729	776	680	775	685	751	724	2	759	430	718	229	0	700	22	550	726	634	749	562	749	292	1	280	760	312	651	750	721	759	739	676	757	284	0	743	264	694	282	740	705	746	275	686	0	475	233	274	550	473	53	727	715	0	700
NC_063218.1	6000001	829612	829123	828941	829163	826083	826864	828209	826836	828046	828114	828318	828572	827753	39619	261588	827906	828706	825931	828120	828980	110215	141331	828670	162105	827859	828486	828474	827263	828326	823584	826610	828055	828341	823937	104556	827948	46760	827875	828050	828088	827815	827194	827866	827348	828623	827351	828038	826973	825984	826888	209399	827486	829070	827902	829070	827844	827909	343205	827226	827839	174441	449281	828018	821687	826867	828997	114262	258938	829183	827567	828589	829078	169507	828805	828341	170345	828753	829246	828421	828752	825303	827360	206328	548472	828170	828123	828849	828966	827317	828772	828716	829200	828902	828908	829230	828616	829026	828957	820590	809140	827796	821497	829100	829077	827118	828697	692635	828745	799737	754853	761118	827463	828626	412519	516099	828532	806144	821806	511356	680279	776066	828769	829347	827434	829395	826229	828005	827492	179576	829244	531807	826239	819737	828264	827691	827985	829141	826563	818355	827783	719792	828812	817529	828609	827603	828634	828599	759696	828847	826406	827502	828333	828565	828824	828871	829215	827918	774691	813240	827619	818914	812982	810286	828228	773618	825000	824810	812465	826527	698173	821318	808981	825456	804314	824414	820017	502	436	846	824	767	840	152	833	787	806	803	768	16	142	229	345	304	319	591	24	31	0	79	231	590	844	228	510	776	558	561	506	542	26	363	17	910	0	385	390	505	493	498	570	579	816	490	365	821	19	795	831	499	812	837	802	126	818	588	72	0	367	551	500	502	0	166	231	559	792	502	115	776	798	103	507	0	848	562	779	548	76	31	496	343	154	0	835	591	155	810	826	853	857	573	807	575	342	550	820	0	793	812	776	0	402	574	800	712	489	497	576	157	395	643	802	784	153	0	706	232	424	767	509	739	833	376	66	804	284	774	140	0	778	0	594	382	324	636	694	363	781	250	805	234	490	454	805	819	650	798	767	367	843	0	783	762	537	838	494	555	804	814	369	0	825	141	362	195	816	521	363	474	1	736
NC_063218.1	7000001	839129	838551	838720	838653	835769	836826	837989	836901	837635	838170	838083	838389	837321	48423	290747	838111	838528	835641	837740	838730	126896	164000	838169	185798	837432	838184	837962	836988	838237	832042	837069	837450	838372	835140	122737	837328	59302	837673	837523	837917	838017	837170	837412	837066	838161	837378	837863	836283	834367	836718	231943	837072	838584	837679	838352	837717	838070	386651	837523	837908	193801	444992	837920	830462	836713	838563	123589	251936	838722	837438	838001	838642	170466	838187	838101	197162	838393	838809	838262	838511	836206	836731	217653	558159	837972	837889	838759	838555	836744	838603	838499	838782	838625	838451	838906	838671	838639	838572	829813	816798	837507	832649	838579	838809	836375	838168	690208	837982	808140	765670	768523	837246	837745	385300	508584	837656	818933	832584	515070	690178	786474	838448	838553	837362	839012	835510	837533	837467	177516	838739	528937	835652	829718	837885	837149	837489	838441	836182	825816	837367	725290	838375	828432	838414	837083	838491	838215	769515	838496	835881	837514	838135	838122	838492	838397	838864	837340	781458	823371	837325	830613	824182	816189	837377	784896	834308	834900	823053	836364	703397	829073	820070	835489	812071	833968	827928	739	782	802	338	696	340	760	337	708	341	341	82	6	124	33	288	35	35	724	5	52	0	48	33	726	337	32	264	529	362	364	740	361	29	3	24	752	0	754	760	261	722	716	373	710	717	721	3	335	108	333	728	717	340	341	332	182	713	723	89	0	3	674	722	736	0	54	33	367	339	738	104	81	339	96	744	0	344	791	324	360	117	392	736	34	786	0	777	719	779	341	721	803	808	373	338	370	677	683	291	1	708	341	329	0	565	371	758	786	613	727	702	94	50	326	742	317	156	0	291	33	1	81	741	670	787	730	55	339	418	319	709	0	698	0	722	723	632	325	231	3	328	342	328	33	731	630	336	758	333	337	82	3	289	0	327	301	669	340	727	685	705	0	3	0	704	698	0	26	696	345	3	669	0	303
NC_063218.1	8000001	835701	835091	835177	834881	833388	831969	833796	832255	833965	833704	833706	834892	834444	55229	341806	833628	835177	831775	833591	835113	170638	186887	834520	222504	833876	834077	834113	832843	834377	830538	833583	833524	834874	832337	142540	833177	63901	833151	833502	833957	833822	833222	833821	833103	833962	833375	833927	832798	832197	832650	273331	833140	834986	833614	835004	833849	834248	418572	834339	833353	248937	486416	833987	827722	833070	834871	153427	303439	835286	833595	834287	835108	218577	834254	834540	256179	834511	835156	833870	834299	833436	832721	254983	574162	833895	834352	835109	835186	832793	834708	834801	835287	835108	835081	835296	835001	834985	835114	824059	812495	833341	825833	834913	834488	831708	834573	703991	833945	805296	741568	769362	832631	832361	409838	527760	833109	813330	826677	540902	697361	787151	834545	834506	833616	835318	830560	833802	833385	212553	835138	554900	831677	827848	834182	833372	831475	833606	832013	818290	833240	732434	833949	823779	834840	832594	834744	834462	767915	834991	831269	832988	834214	833922	834919	834662	835216	833454	783891	819996	833301	822034	822103	812140	833029	783367	830926	831209	818329	831606	711262	827469	816862	831133	807383	830567	822241	545	707	686	282	447	279	615	281	467	157	158	578	2	94	6	458	123	130	472	1	35	1	38	6	471	280	6	296	637	156	157	554	155	11	120	19	432	0	698	701	296	547	539	163	454	396	543	124	279	134	152	403	539	157	272	159	154	392	468	78	3	128	440	535	548	0	32	6	162	154	553	70	578	157	75	556	0	284	492	145	158	105	291	543	128	637	0	671	467	634	159	396	684	687	162	154	158	651	438	402	3	469	160	146	0	427	161	644	612	386	548	462	63	296	153	633	268	93	2	146	5	0	575	550	426	675	686	25	158	319	154	632	0	462	1	471	679	284	154	374	124	155	159	270	5	538	484	158	663	156	158	570	129	0	0	154	257	526	277	543	530	386	0	123	0	383	641	0	6	368	160	127	511	0	150
NC_063218.1	9000001	833199	832662	832762	832824	828012	830569	832035	830578	831193	831474	831263	831538	829332	45175	246581	831446	831943	830620	831713	832623	64086	154854	831873	95458	831591	831728	832099	831028	832270	826442	829182	831554	830161	827154	117669	831494	44920	831235	831582	831839	831442	830411	831513	830723	832088	831312	831551	830724	824530	830540	124584	830977	832537	831543	832819	831616	830278	295151	829134	830961	110618	296581	831796	816523	829412	832345	79702	123477	832940	829652	831853	832680	78167	831935	831990	130347	831946	832914	831605	832501	825237	830389	132183	383299	831913	831652	832752	832698	830913	832718	832622	832911	832629	832657	832845	831868	832639	832711	825412	788553	830373	826650	832662	832261	830798	832163	590999	832274	774079	779125	707964	829438	831994	309353	375232	831842	792805	821898	367457	568494	745591	832443	832570	828795	833029	829891	831422	831426	86138	832893	397163	829835	814201	831912	830865	830881	832638	830074	825131	831316	658397	832468	812478	831745	830872	832687	831843	719567	832510	828538	830603	832017	832324	832584	832358	832484	831608	733269	798689	830113	807882	802284	817825	831514	720341	828144	824142	798189	828875	598740	815403	794031	825238	789930	824715	819983	789	580	643	247	685	257	564	249	695	261	256	670	2	78	1	240	1	1	704	0	72	0	5	1	699	260	1	464	557	255	257	763	235	1	2	16	644	0	575	575	454	781	763	258	679	682	784	2	251	38	251	699	785	259	254	250	123	663	701	46	0	2	616	760	789	0	21	1	256	255	796	39	699	259	37	795	0	258	119	243	250	53	215	778	1	582	0	621	699	580	261	698	641	644	256	259	259	526	627	454	0	696	261	248	1	480	257	550	582	509	778	691	69	222	252	549	235	114	0	219	0	1	683	793	644	628	560	18	259	280	244	697	1	688	0	702	549	217	254	319	4	254	260	242	1	776	618	258	608	255	252	687	3	0	0	255	220	702	258	755	690	678	1	2	0	492	683	0	2	459	233	3	663	0	237
NC_063218.1	10000001	852264	851475	851553	851571	850043	849460	850840	849432	850582	850452	850454	851661	850551	54295	358944	849776	851374	848012	850739	851587	208487	205972	851119	262504	850432	850697	851057	850183	851125	847629	849938	849936	851525	849064	147802	850403	63618	850060	850247	850554	849821	850016	850156	849740	851074	850118	850777	849525	847988	849448	292871	850243	851354	850412	849724	850592	851409	477208	850311	849039	279918	462011	851001	839347	849488	851471	179435	299882	851571	848989	851071	851589	233553	850956	850943	255940	850866	851776	850009	851113	850418	849530	290238	545849	850808	850843	851597	851698	849574	851489	851465	851796	851616	851435	851868	851775	851462	851546	840009	825418	850139	842566	851636	850508	848319	851248	690029	850276	813982	734579	772710	849927	849979	382495	503787	850464	826384	845143	530146	677169	795690	850824	850997	849202	852057	847650	850574	850436	224164	851692	534902	848993	837053	850845	849905	848403	851024	849558	833197	850238	730805	851568	838127	851203	850024	850975	850942	777570	851496	847734	849324	850929	851050	851591	851415	851444	850463	778737	831957	850217	836936	831457	831626	849987	786422	846853	846116	829213	848366	687799	839553	826964	845904	816967	845548	837619	561	593	589	1	543	1	570	1	559	3	3	586	0	158	4	316	2	2	564	0	61	0	0	4	565	1	4	590	758	3	3	566	1	1	2	32	760	0	586	589	574	551	556	3	562	559	547	2	1	136	3	564	554	3	1	3	214	554	563	143	2	2	527	548	560	0	0	4	2	3	558	140	763	3	144	567	0	1	6	3	3	155	330	558	2	591	0	570	564	584	3	561	585	592	3	3	3	528	525	569	4	564	3	3	0	427	3	538	414	482	553	545	1	279	2	543	0	0	0	3	4	0	580	566	531	581	578	0	3	318	3	579	0	556	0	562	577	2	3	481	2	3	3	1	4	547	491	2	554	4	3	585	2	0	0	3	1	532	1	543	529	543	0	2	0	591	588	0	0	579	3	1	514	0	4
NC_063218.1	11000001	830886	830443	830539	830486	824845	828585	829705	828445	828362	829206	829452	827911	827212	53131	224152	829236	829680	828017	829618	830386	56755	148654	829842	85601	829292	830085	829614	828736	830012	825099	825834	829422	819455	824513	123428	829191	56213	829012	829125	829547	829367	827303	829251	828625	829701	829331	829409	828278	822135	828032	106353	828675	830331	829188	830305	829258	823758	279762	826050	829468	99380	238613	829529	806573	826313	830083	69698	92689	830709	825961	829317	830322	58701	829528	829658	119975	830153	830613	829736	830379	814894	827981	118343	305695	829565	828885	830482	830358	828900	830364	830459	830584	830460	830336	830635	828568	830431	830383	822853	765848	827267	823959	830393	830468	827955	829901	512564	829771	740561	764990	641152	825366	829672	285733	291057	829635	775300	814768	286440	477113	707711	830076	830352	824107	830631	827035	829276	828867	67369	830541	319337	826036	796557	829465	828527	827853	830273	827324	822577	828777	609932	829952	792528	828399	828439	830260	829691	681026	830270	825532	829032	829671	829609	830255	830125	830529	829202	672425	774264	826642	785375	782440	820883	828869	655185	824284	811743	773906	823209	502668	798935	762378	816946	763963	815477	812798	630	390	289	3	604	2	283	2	629	270	262	280	7	34	270	620	3	1	706	4	57	1	0	268	714	2	255	290	524	2	3	590	1	1	263	10	534	0	286	290	276	621	612	4	688	612	608	241	2	18	260	628	627	271	3	244	103	601	709	49	2	262	605	599	625	0	15	270	4	612	630	14	543	266	14	638	0	2	1	223	3	52	132	310	1	291	1	288	702	290	267	630	291	293	4	269	3	258	595	283	250	631	275	257	0	289	6	238	210	484	611	686	0	69	260	242	5	50	1	193	270	3	283	632	603	285	277	1	268	174	17	247	2	615	3	712	280	3	258	178	262	228	268	3	271	617	448	272	275	269	269	288	266	0	3	266	2	536	3	544	522	615	0	154	4	262	248	0	105	246	3	246	488	2	239
NC_063218.1	12000001	841362	840621	840766	840847	837019	838987	840131	838893	839582	839001	839291	840216	839399	63333	344451	839157	840665	838195	839885	840897	153840	193115	839930	205878	839640	839773	840104	838888	840299	830485	838124	839669	836564	836746	159142	839402	78411	839740	839885	840037	839255	839008	839699	838979	840281	839421	839913	838632	836808	838699	242315	838803	840851	839782	840720	839665	838496	411372	838543	839047	229949	426257	839908	828974	838489	840663	151978	243645	841032	838662	839940	840878	170010	840214	840206	226583	840120	840976	839248	840571	837373	839015	226567	513142	840059	839863	840828	840689	838777	840545	840641	840948	840690	840809	841063	840264	840758	840730	831773	806321	839046	835022	840664	840680	838101	840347	648646	839574	793374	754784	735858	838237	839829	381854	455845	839594	808294	828588	468782	631001	764630	839928	840817	838349	840912	837364	839831	839596	168085	840962	489625	837479	828543	839948	839208	838777	840535	838110	829269	839375	702266	840656	822115	839916	839235	840342	839831	746794	840620	836942	838453	839923	840013	840596	840577	840938	839428	759443	810280	838118	818179	817521	826133	839920	756853	835899	833117	813355	836490	655584	827160	806282	833870	803995	834138	827183	639	599	669	0	629	0	648	0	639	532	531	656	22	174	529	511	1	1	730	62	99	0	0	525	730	0	518	662	586	1	1	619	0	0	527	31	600	419	665	671	647	625	625	1	713	636	628	517	0	125	526	646	641	532	251	526	257	640	723	118	0	525	669	627	633	0	85	538	1	638	643	77	608	529	129	647	0	0	4	524	2	137	316	1	1	674	0	653	720	669	534	643	668	674	1	533	1	594	661	312	482	645	538	512	422	437	1	597	490	585	636	712	1	246	526	150	0	235	0	432	535	0	651	643	605	664	646	0	531	310	0	694	0	636	0	728	649	2	511	268	526	483	537	0	535	634	532	533	632	532	504	656	532	0	0	528	1	585	0	612	598	625	0	431	0	709	673	0	356	706	0	515	569	0	483
NC_063218.1	13000001	822837	822392	822408	822374	813274	820158	821582	820033	819964	821433	821769	816731	818642	33268	155371	822402	820995	821007	821498	822274	31005	98775	821779	43610	821184	822600	821618	820396	821790	813873	815715	821303	716425	812794	74163	821067	30119	821084	821119	821386	822263	817288	820922	820272	821540	820889	821282	820121	810815	819933	72757	820629	822275	821249	821447	821211	796854	210158	817340	822223	56258	189397	821299	795909	818188	821965	42611	73221	822736	819861	820775	822152	39808	821271	821545	96015	822757	822664	822538	822370	786031	819634	84617	278644	821339	820828	822421	822253	820656	822251	822274	822483	822302	822215	822503	814723	822338	822308	816257	756082	819398	817905	822261	822674	820846	821795	498330	822541	728494	765666	625616	816161	822022	268936	284078	821692	766039	804433	266602	466220	695109	822625	822478	815496	822645	819512	820984	820698	49462	822463	303364	818290	783907	821204	820320	821128	822574	818241	817751	820515	593483	821882	782230	820153	820198	822713	821445	662124	822018	816412	821718	821730	821604	822220	821984	822455	820898	664159	759152	818243	769772	771027	815975	821198	641676	815548	805966	764632	815097	494064	790616	756758	807666	756525	808139	803308	494	594	540	2	483	2	534	3	484	462	438	520	9	16	471	478	4	4	554	9	29	1	0	463	556	2	454	536	234	2	2	306	2	1	458	11	244	450	537	546	514	487	482	2	546	485	479	359	2	6	454	495	485	470	529	375	67	456	550	16	0	381	467	474	488	0	22	473	2	479	493	6	253	385	10	496	1	2	3	346	2	14	101	0	4	543	0	525	545	539	468	495	541	544	2	468	2	502	455	2	417	494	471	434	456	222	2	411	388	357	476	542	2	119	461	3	4	117	0	353	470	0	510	494	464	528	527	0	465	111	2	193	1	487	0	553	524	4	452	4	383	405	461	2	472	482	335	464	511	456	586	525	464	0	0	376	2	420	3	433	412	472	1	312	2	221	203	1	227	216	6	349	388	0	413
NC_063218.1	14000001	833311	832908	832945	833064	829671	831194	832343	830982	831208	831719	831189	831857	831452	61415	274392	831533	832469	831100	831953	832847	87421	179438	831942	122352	831719	831671	832339	831229	832389	825628	830214	831965	821119	829946	137166	831695	72026	831662	831793	832242	831776	830453	831820	831104	832255	831431	831916	831022	828955	831070	143943	831219	832862	831998	832931	831853	827403	330321	830942	831507	148354	307836	832170	815499	829237	832709	102181	136046	833131	829494	831767	832814	89625	832048	832173	163233	832367	833083	831613	832803	826822	830646	152723	387857	831933	831768	833047	832954	831256	832648	832725	833029	832870	832845	833075	831840	832902	832870	823185	775853	830071	825735	832801	832200	830035	832297	559391	831776	755044	766738	664626	827562	831625	274330	338602	831692	782389	818772	345710	529130	723505	832153	832187	826830	833110	829338	831796	831633	83501	832897	371122	829045	807026	831987	830788	831391	832253	830199	821492	831215	636127	832460	799506	830520	831117	832313	832028	699627	832683	826787	831092	832269	831912	832747	832722	832758	831512	699750	783227	829911	784155	793770	823703	831542	686219	825904	816921	787336	827117	555584	805820	775168	819727	787519	818992	814828	472	556	428	3	450	3	408	3	471	658	642	426	27	103	651	293	2	2	547	44	82	2	1	635	547	3	636	429	128	3	3	445	3	0	653	26	134	648	421	427	419	460	461	3	532	464	463	455	2	40	640	469	461	657	423	622	181	453	543	53	0	466	485	455	470	0	53	656	3	455	467	5	131	455	54	473	0	3	5	603	3	51	154	0	2	428	0	415	539	422	658	471	429	430	3	657	3	374	456	3	603	470	658	626	656	255	3	356	328	357	461	531	6	154	640	0	3	218	0	499	656	0	422	469	431	421	417	0	651	147	3	354	0	461	15	544	405	2	631	7	463	581	653	3	659	455	354	652	395	646	546	425	655	0	0	447	3	415	3	422	413	458	0	484	2	379	361	0	326	354	2	432	404	0	580
NC_063218.1	15000001	844145	843779	843714	843870	837860	841685	843060	841861	842299	842558	841812	842821	841341	61677	266531	842006	843130	841577	842884	843708	103556	175956	842617	143484	842593	842601	843113	842060	843323	832589	840465	842520	838376	837704	137073	842516	65923	842573	842496	842919	841788	841409	842393	842004	843053	842191	842845	841481	838544	841738	170990	842312	843628	842817	843566	842643	840643	340693	840963	841870	155658	338593	842792	829428	840399	843567	106507	163623	843886	841520	842843	843709	110256	843035	843209	166327	842970	843962	842061	843556	837191	841634	167758	427160	842921	842863	843834	843696	842148	843557	843675	843880	843729	843676	843883	842720	843762	843796	836275	802735	841290	838149	843693	843512	841175	843279	597998	842678	785874	778696	712915	840427	842932	345657	372129	842984	806949	833436	397010	580481	754452	842735	843705	839830	843910	840488	842541	842569	110754	843856	402553	840216	824023	842851	841875	842041	843721	841119	834700	842173	675471	843281	818965	842260	841803	842989	843009	728898	843594	839783	841683	843015	843155	843597	843383	843754	842442	731934	804882	840973	813293	814841	832399	842642	729190	837941	832242	807353	838526	603076	825028	798829	835564	797086	834160	828959	181	208	497	1	174	4	480	1	186	448	433	478	19	86	438	400	4	2	489	30	49	3	0	436	489	1	428	480	488	12	3	167	1	0	429	4	510	430	490	492	485	178	177	12	471	177	177	165	10	42	428	183	179	439	485	422	126	175	489	19	0	175	440	177	183	0	38	444	3	180	185	36	513	181	56	183	0	1	3	404	3	20	57	7	1	492	0	479	482	487	445	180	489	499	6	440	3	447	434	3	411	185	442	417	436	112	4	430	378	360	178	479	4	137	429	0	2	160	0	348	443	0	483	182	168	488	475	0	437	62	1	311	0	175	9	497	465	2	428	5	188	413	439	1	443	178	152	438	459	440	203	481	441	0	0	180	1	167	4	177	166	173	0	346	1	315	286	0	249	298	4	174	153	0	395
NC_063218.1	16000001	824482	824026	823534	823947	820070	821710	823436	822039	822021	823528	822947	823418	820157	61651	275071	822617	823431	821268	823173	823989	88449	170340	823589	119312	822536	823341	823430	822085	823518	817253	821304	822665	818692	819461	138619	822682	64620	822775	822507	822985	822477	821727	822848	822235	823224	822423	823179	821643	813007	821758	134889	822554	823853	823029	823843	822899	821774	320919	820918	822850	127665	278141	823156	801713	820222	823858	88288	112904	824159	817577	822977	823904	79503	823079	823401	132536	823885	824179	822808	823513	819354	821805	139221	356086	823352	822761	824009	824078	821917	823865	823927	824076	823978	823807	824194	823689	823953	823882	813832	765118	821851	818150	823984	823275	820875	823373	540936	823311	744254	758866	651330	819294	822790	277304	309488	822760	776186	811103	322661	498434	711547	823658	823833	818252	824212	820045	822796	822479	75491	824123	347064	820683	791204	823110	822355	820834	823366	821317	812191	822124	622843	823672	791311	822268	822086	823738	823287	687984	823851	818819	822615	822668	823151	823751	823843	824154	823142	681746	775072	821248	780401	781180	814509	822444	668229	818115	808176	772469	818420	526314	794654	764247	811794	768354	812964	805791	4	3	659	1	153	1	641	1	162	651	650	637	35	80	649	481	149	156	656	52	79	0	0	638	658	1	628	650	619	152	152	5	1	24	649	0	644	645	642	644	645	3	3	156	644	4	4	4	1	49	647	5	4	653	647	632	162	5	653	2	0	5	568	4	4	0	53	649	156	3	4	45	644	4	43	4	0	1	2	626	150	0	1	0	156	663	0	639	651	656	662	4	652	661	155	652	157	573	556	149	604	161	655	617	653	3	156	539	520	440	4	637	43	160	642	3	3	197	4	488	649	2	643	4	9	647	638	20	656	5	1	420	0	5	0	643	638	138	643	113	5	595	649	2	650	5	5	654	607	652	4	647	653	0	0	6	1	6	1	4	4	5	0	471	3	455	450	2	313	443	143	6	8	1	574
NC_063218.1	17000001	821341	820622	820753	820533	817293	818959	820285	818891	819353	819399	818364	819975	819288	59005	291562	818719	820599	818266	819677	820865	112341	178653	819745	154553	819762	819035	820120	819045	820340	816177	817504	819520	808755	816872	140262	819577	65821	819461	819709	819559	818691	818019	819613	819094	820194	819660	819856	818806	812712	818610	183899	819471	820858	819834	820770	819525	817286	355137	818684	818370	180163	333476	820207	804023	817483	820615	115365	167181	821012	817083	820125	820811	114674	820163	820158	193084	819950	821071	819331	820516	814035	818265	168353	409433	820148	819527	820824	820655	818803	820556	820606	820972	820805	820421	820992	819505	820885	820622	810538	766034	818063	814348	820577	820347	818396	820409	563197	819729	746777	751704	658227	817248	819703	309928	346380	820190	773130	808012	377869	527138	715526	819330	820910	815632	821130	817514	819498	819169	115618	821056	381649	817272	799323	820126	819296	818692	820681	817736	809198	819232	633146	820465	787681	819392	818917	819816	820233	690741	820697	815527	818469	820007	820076	820690	820696	820868	819733	691598	770437	817702	779547	780024	810683	819639	680621	814698	805962	774389	814247	556435	794973	765000	808511	775924	809817	802992	57	662	697	1	585	1	685	1	607	36	36	483	0	133	633	605	590	586	93	41	6	0	0	623	93	1	617	491	718	576	592	49	1	61	36	27	531	35	740	738	473	57	54	597	92	58	56	58	1	59	35	59	57	36	701	36	5	57	93	8	0	57	81	55	56	0	8	637	585	55	58	61	530	55	84	57	0	1	213	34	571	5	10	0	598	703	0	672	92	698	36	56	693	701	583	36	599	673	77	574	35	601	36	34	34	28	593	582	755	57	56	90	133	19	34	2	1	17	0	30	632	0	479	58	56	679	672	53	35	9	1	539	0	59	0	90	665	525	34	380	54	34	36	1	635	58	33	36	646	35	655	476	37	0	0	54	1	42	1	47	45	57	0	28	1	549	508	0	332	537	497	52	36	0	29
NC_063218.1	18000001	799271	798709	799001	798868	792313	797150	798164	796945	797082	797119	797960	789551	796404	37796	202821	798524	797131	797694	798196	798626	40021	126538	798429	63234	797662	798707	798224	797023	798393	789194	793328	798009	545260	791734	105264	797525	44202	797410	797705	796765	797496	792942	796897	796750	798315	797221	797919	796609	790870	796722	84558	797483	798699	797602	794824	797648	752256	238078	794450	798436	77639	178580	797279	763477	792308	798369	59932	74756	798602	793932	797040	798491	46837	797637	797829	135021	798892	799139	798817	798793	746298	796349	94134	240700	785557	797420	798864	798940	797554	798385	798763	799096	798754	798841	799025	775938	798948	798891	790424	709237	794228	795365	798467	798880	796816	798349	417964	798730	671160	721929	551135	789693	798243	237231	229260	798226	728274	778218	221663	371747	647028	798994	786852	785402	798950	795816	797726	796705	51396	798991	245780	794606	751721	797820	796400	797415	798844	794889	792743	796762	535277	798186	743281	794557	796749	798968	797734	611016	798493	792110	798073	798186	798196	798727	798573	786716	797255	581731	705503	794096	714203	727886	790601	797857	562004	791703	769881	710314	788269	397585	748759	705035	772665	728874	764991	773704	803	723	718	0	604	0	704	0	781	1	1	1	3	87	618	773	607	612	805	25	58	0	0	600	809	0	600	1	764	574	612	387	0	44	2	27	781	1	186	184	1	789	784	606	784	797	785	752	0	29	1	805	787	1	705	1	0	772	807	37	4	795	663	763	797	0	0	621	595	783	802	23	795	790	64	810	0	0	717	1	594	34	120	1	587	725	0	701	793	722	1	803	714	722	500	1	617	169	636	590	1	784	1	1	1	303	618	513	509	451	768	788	112	0	1	5	1	0	0	0	619	1	1	802	759	703	691	31	1	147	0	451	0	781	0	806	683	556	1	329	783	1	1	0	618	780	509	1	662	1	713	1	1	0	1	781	0	620	0	657	614	767	0	2	0	536	467	0	210	516	447	706	602	1	2
NC_063218.1	19000001	788637	788305	788401	788310	774935	786372	787606	786193	785133	786787	787348	750369	782050	32560	119221	788273	785097	787196	787314	788036	18859	88098	787550	22015	787376	788427	787539	786450	787751	772238	779277	787454	176486	771045	73393	786919	33332	786834	787262	786893	787811	776640	787022	786525	787504	786790	787581	786261	755055	786140	45342	786919	788195	787222	777575	787370	654342	145331	779585	788205	35898	97529	787256	750207	782030	787813	30242	55552	784014	781260	786378	788256	31108	787232	787574	96136	788545	788574	788375	788384	641514	785534	65407	185391	786661	785938	788255	788252	786757	787797	788186	788443	788155	788021	788474	698902	788268	788141	782533	667918	781768	784681	787918	788620	786384	787797	354162	788473	621532	691337	483810	773010	787984	183939	172720	787698	698228	764507	167601	285563	599637	788491	788304	769603	788417	785200	786753	786646	34731	788374	196169	784292	714317	787208	786216	785461	788412	784723	783950	786165	478897	787597	706919	781952	786017	788556	787073	565585	788110	779357	787792	787565	787180	788094	788015	788036	786766	521839	656533	781976	660156	691532	782229	787313	472520	780140	747223	668038	773003	304307	715663	666758	751810	699074	759141	755290	625	732	729	2	705	2	712	0	674	2	2	0	0	59	735	658	727	725	627	7	32	0	0	717	632	1	715	1	594	660	721	69	0	27	2	14	610	2	7	6	1	618	616	725	608	623	607	524	1	18	2	626	617	2	712	3	3	578	627	15	0	614	477	585	616	0	0	737	699	605	621	9	607	625	41	632	0	0	724	2	696	17	79	0	704	733	0	698	624	732	2	622	724	731	465	2	732	5	465	681	2	680	2	2	2	178	732	464	498	306	586	614	78	3	2	2	1	2	0	3	734	0	0	624	584	709	697	20	2	89	3	542	0	607	0	631	693	674	2	343	612	1	3	1	741	607	326	2	655	2	715	1	3	0	0	611	1	444	1	476	439	596	0	2	1	621	511	0	167	575	500	517	454	0	2
NC_063218.1	20000001	803802	803411	803434	803292	796412	801276	802771	801458	801562	802197	802237	799980	800359	50886	208158	802584	802130	801854	802317	803376	54277	140515	802836	80476	802336	803032	802738	801449	802975	792870	798231	802402	697990	793736	112593	802230	57503	802242	802306	802408	802607	799600	802151	801477	802701	801972	802572	801415	786975	801221	99243	801975	803373	802441	803325	802278	788678	258730	798892	802702	97485	198219	802343	775451	798720	803041	67036	81695	803704	796793	802268	803219	57038	802544	802538	128490	803246	803628	802983	803281	783147	800889	103309	259647	802205	801822	803447	803463	801840	803284	803254	803574	803384	803419	803465	797454	803427	803371	795343	730247	800046	797496	803211	802770	800427	802875	452981	802918	700588	734063	597247	795405	802073	236564	250645	801669	743623	784392	244552	412921	669583	803445	802826	793179	803563	799779	802066	801539	52850	803565	268069	799071	759675	802316	801731	801389	802407	799580	795231	801389	559620	802887	755652	800684	801039	803463	802597	639814	803189	796278	802312	802616	802590	803277	803166	803249	801951	610089	734294	799154	740625	744163	796267	801349	601241	796103	781697	736631	795982	437089	767388	726707	783834	732475	788080	781111	636	632	639	4	355	3	629	1	584	3	0	1	0	27	367	581	358	348	638	5	64	3	0	356	640	1	349	1	405	342	353	409	2	17	1	27	611	2	634	646	5	624	614	361	621	629	621	573	4	6	0	640	627	0	633	0	1	599	634	42	3	629	522	601	636	0	0	365	345	620	634	40	621	634	26	641	0	0	641	0	342	45	129	0	362	642	0	633	629	638	0	635	637	647	334	0	364	597	521	335	0	591	2	0	3	269	368	485	556	407	609	624	62	2	0	2	3	0	1	2	364	2	1	638	594	629	615	13	0	140	1	284	2	614	2	634	616	326	3	194	630	3	0	1	366	619	418	2	577	2	637	1	2	0	2	618	1	512	3	545	529	607	3	1	1	323	282	0	111	306	276	583	504	0	1
NC_063218.1	21000001	842368	841914	842026	841985	832718	839311	841260	839737	839782	840518	841734	839673	838711	30478	131801	841877	840365	839362	841031	841892	36281	89006	841880	63156	840734	842114	841134	840152	841393	832704	838465	840803	833456	832576	56069	840803	23557	840848	840918	841045	841793	839407	840259	839532	841262	840614	840880	839875	829314	839587	90556	840418	841753	840803	841889	840657	836806	239095	836539	841828	74524	252925	840891	819873	838209	841756	57632	81112	842140	838538	841047	841902	43450	841070	841300	84607	842248	842138	842097	841856	828164	839544	88152	333235	841084	840821	841867	842045	840083	841805	841914	842125	841889	841868	842120	841019	841930	841869	835272	801934	840069	837306	841918	842304	840550	841349	552786	842134	783176	794817	705108	839896	841519	303774	331732	841340	801894	830795	326000	540941	744261	842233	842121	838601	842161	839230	840718	840558	55281	842116	343517	838176	815952	840932	839842	841389	842241	838835	834938	840490	647373	841502	818681	841013	839749	842282	841224	713704	841638	838373	841353	841120	841384	841765	841664	841948	840702	707445	808934	839487	819551	808464	833471	841107	712434	835525	831613	808985	837300	567432	823640	804228	832940	782901	834501	830521	465	530	453	302	428	336	525	333	293	0	331	314	4	21	440	290	428	433	531	5	15	0	5	427	532	338	426	337	446	232	235	439	309	5	3	5	518	333	458	468	2	456	449	238	514	515	452	468	332	6	329	533	464	340	523	313	28	500	533	12	0	519	454	440	459	0	17	441	229	459	465	13	525	457	14	470	334	0	532	308	238	18	101	0	427	538	0	431	522	535	340	530	446	456	238	337	240	429	474	233	314	296	338	322	333	244	241	372	443	374	455	521	50	99	321	0	303	88	0	267	441	0	325	466	500	447	521	7	336	125	318	206	0	518	1	529	507	217	322	152	458	306	337	323	439	460	346	331	434	333	527	333	3	0	0	459	218	410	331	430	406	521	0	4	315	413	209	0	216	392	205	489	358	0	310
NC_063218.1	22000001	848357	847647	847913	847813	845227	845516	846817	845729	846514	846329	846002	847894	846197	81372	379938	845885	847754	843652	847059	847895	163793	250343	846959	223340	846459	845873	847134	845900	847189	841579	845229	846147	847800	844870	198993	846336	98848	846444	846249	846789	845720	846234	846526	845835	846898	846220	846938	845683	842621	845443	230546	846109	847542	846714	845237	846774	847398	428078	846308	845514	200662	430431	847040	835653	845137	847589	143476	225519	847641	844252	847365	847658	171004	847297	846791	197115	846613	847918	845654	847647	846771	846199	250619	517242	847036	846859	847799	847849	846120	847694	847715	847871	847767	847667	847980	847770	847666	847855	836409	825367	846491	837790	847605	846400	844770	847098	672808	845640	815632	760258	772358	846251	846043	376745	477201	846299	825520	841213	486788	668465	791429	846871	847190	845511	847944	843124	846867	846381	160721	847988	499688	844530	834027	847184	846107	843508	846944	845699	830973	846374	728856	847372	835931	847456	846203	846311	847403	775499	847600	844051	844785	847037	847134	847622	847580	847817	846807	769625	830474	846138	835517	830021	830915	846471	787182	843589	843418	828068	845346	686072	838362	826356	843304	810507	843951	834744	121	276	278	144	417	143	274	140	485	2	145	143	12	123	423	486	398	415	244	54	31	0	19	420	245	139	412	143	302	471	457	122	139	71	2	24	238	145	351	360	2	121	116	471	232	237	120	231	143	69	143	243	121	142	279	144	48	241	242	11	2	239	215	118	123	0	15	422	459	120	121	27	244	120	57	122	144	0	273	142	465	16	51	0	416	281	0	276	243	281	145	244	280	282	473	144	472	328	223	465	127	482	143	137	140	97	470	259	414	205	116	239	119	59	140	0	133	69	0	119	422	0	140	121	236	274	273	54	142	60	140	433	0	236	2	248	270	399	140	370	131	130	145	133	425	119	104	143	271	142	280	142	2	0	0	121	115	118	143	120	118	239	0	2	135	408	438	0	288	399	422	235	116	0	128
NC_063218.1	23000001	861355	860630	860872	860962	841628	858455	859954	858956	859712	858739	858292	860883	859403	89288	395033	857309	860570	855741	859967	860820	235519	279365	859286	301811	859600	857841	860097	859018	860169	825192	853576	859426	860145	845504	225248	859517	117567	859566	859616	860070	857603	859509	859623	859148	860284	859233	859852	858340	846071	858659	310077	858938	860650	859669	856814	859535	860814	476804	859628	857080	288187	510566	860149	849051	858749	860767	198213	337195	860876	858311	860453	860857	258882	860571	860120	258901	858937	860967	857536	860815	857895	859209	336143	586866	859938	860174	860951	860857	858763	860766	860396	860979	860752	860905	861079	860863	860853	860346	848661	846660	859884	851873	860916	859566	858275	860324	718057	857982	836754	721845	806864	859881	859149	469240	555401	859549	839711	855572	563914	724551	816593	858519	860156	859487	861195	857033	859917	859612	252045	861056	572751	858694	847043	860070	859467	856862	859854	859045	838799	859564	763223	860450	851271	860672	859575	859408	860509	802886	860769	858057	857021	860141	860403	860643	860530	860959	859918	790594	851496	859448	854865	848941	836396	859312	815029	857015	858065	846732	859118	732234	854230	846908	858072	821345	857737	850527	321	580	259	388	349	394	353	384	68	2	481	475	24	122	574	63	356	355	536	122	109	2	103	562	534	386	550	473	59	252	249	280	389	41	217	49	474	464	36	37	220	274	317	252	536	314	317	307	380	66	469	321	277	452	360	482	202	310	476	88	3	315	439	269	280	0	154	577	249	275	326	112	532	276	52	279	391	0	579	474	248	116	181	162	357	367	0	254	474	366	486	416	259	261	259	477	251	31	497	252	443	226	479	452	475	213	253	238	197	414	279	464	83	265	471	6	376	280	0	434	574	1	473	284	309	258	353	67	479	181	376	233	3	312	1	487	349	213	471	211	279	463	480	374	575	316	286	476	248	468	569	477	223	0	1	275	328	321	383	276	312	314	4	206	375	353	240	2	416	343	235	312	296	156	420
NC_063218.1	24000001	823173	822635	822842	822794	817277	820648	821892	820639	820782	820413	819494	821863	818368	74625	291609	818903	821791	820003	821689	822633	113099	205509	820812	146984	821523	820042	821983	820790	822145	805483	818495	821376	816624	816677	162987	821479	85949	821460	821603	821903	819525	820238	821446	821171	822118	821384	821657	820639	805680	820522	153683	821152	822557	821843	822167	821450	819678	351365	818691	819039	150644	272037	821834	800910	818522	822450	103940	140447	822803	816961	821487	822626	105580	821904	821950	156505	821277	822907	819910	822694	815087	820150	172497	343673	821920	821283	822689	822586	820574	822238	822538	822853	822694	822632	822984	821656	822688	822674	813331	755406	819393	816220	822616	821847	820016	822148	513747	821095	721357	730313	629827	816583	821222	293105	312593	821460	767815	807612	319576	474197	693362	820958	822250	813038	822900	818191	821442	821150	104322	822802	343581	818025	788470	821451	820792	818560	821530	819633	811171	820927	610319	822168	782801	819440	821082	821466	821877	675482	822502	816321	819105	821866	821927	822350	822382	822758	821440	657562	758344	818024	767368	770641	810548	820831	650784	817211	804763	764509	815180	499971	787421	754320	805436	755781	808992	801186	574	431	510	487	570	508	4	503	583	0	522	502	28	139	479	584	565	576	433	53	62	0	34	473	433	496	473	525	0	415	422	469	474	60	425	34	673	519	584	582	424	509	557	425	423	5	488	6	496	38	514	4	513	527	3	512	132	4	682	41	0	4	563	495	512	0	53	486	409	496	573	41	432	502	62	513	513	0	433	488	412	38	116	634	577	4	0	497	675	4	525	635	504	513	429	526	486	549	378	409	486	604	529	496	513	228	433	379	524	436	495	671	79	129	514	5	463	161	0	398	481	0	504	511	3	500	4	25	531	131	483	364	0	4	0	427	4	374	494	273	507	459	522	486	483	573	392	523	478	517	432	514	431	0	2	505	315	465	501	448	464	3	2	308	470	534	357	0	244	507	350	4	446	592	459
NC_063218.1	25000001	830418	829783	829947	829802	821733	827471	829124	827880	827926	827849	827711	828664	826773	68906	270546	827217	829266	827397	828952	829824	108013	191649	828672	137420	828744	828093	829107	828195	829387	820613	825905	828817	820991	821022	154676	828585	82550	828591	828746	829115	827469	827160	828669	828113	829291	828274	829031	827814	811181	827365	155472	828417	829832	828798	829817	828647	825972	345373	825671	827005	144361	268439	828963	803870	825886	829610	106913	128961	830155	824118	828950	829853	103764	829097	829049	153374	829024	830103	827624	829901	823068	827809	156554	321385	829096	828285	829824	829967	828089	829638	829731	829919	829723	829773	830115	828943	829934	829875	821958	752238	826773	823625	829746	829321	827533	829297	506794	828309	721367	734429	620142	822052	828858	298067	311487	828930	771908	812479	308688	469695	701452	827958	830053	822027	830184	826076	828722	828447	102070	829963	340955	825637	794873	828782	827900	827820	829652	826947	820484	828069	605563	829437	786747	827144	827770	828542	828956	674356	829456	824020	826856	829144	829264	829556	829572	829984	828915	665486	756902	825431	762169	776023	819206	828391	642362	823788	810733	761415	822948	498537	793009	751387	811370	762314	813274	808662	632	493	125	606	504	630	497	606	360	13	408	412	34	109	526	355	502	510	476	62	90	14	68	521	480	618	512	417	5	255	248	127	586	32	553	34	620	411	353	356	555	121	611	252	480	501	613	500	615	25	405	513	117	417	513	405	136	503	635	1	3	503	559	115	124	0	57	530	251	115	633	52	478	125	62	121	626	0	480	400	245	68	160	623	524	511	0	116	621	510	431	518	120	130	260	416	418	321	380	245	397	582	425	399	421	41	263	94	264	423	115	612	80	140	397	10	572	147	0	328	527	14	403	132	491	118	497	30	416	22	569	223	2	498	10	571	502	245	407	183	136	371	414	584	525	625	435	417	114	418	487	406	568	0	2	119	417	540	605	113	547	493	10	361	589	488	216	0	290	473	222	482	501	558	360
NC_063218.1	26000001	821158	820611	820686	820790	808329	818243	819864	818494	818110	818454	818274	810809	816305	43709	164120	819200	819036	818897	819615	820521	51582	111074	819410	76310	819427	819406	819877	818779	820180	808674	815382	819648	596130	808258	91425	819389	45842	818988	819522	819893	819376	814661	819369	818899	820000	819236	819654	818409	799561	818128	94801	819235	820541	819568	818840	819605	787475	227423	813526	818754	82622	208282	819677	790086	815994	820545	62707	95234	820666	816260	819466	820618	58501	820016	820078	102996	819944	820935	819249	820800	771493	817922	102969	282603	819742	818902	820696	820718	818980	820253	820579	820818	820392	820578	820858	806134	820631	820598	812882	747280	816994	815585	820436	820455	818598	819909	479395	819691	718355	747045	607348	812400	819914	251111	264144	819839	762930	803537	265269	441038	683996	819994	820876	811992	820870	817640	819746	819050	60777	820920	289608	816749	772556	819718	818825	817635	820429	817019	812284	818880	582801	820173	772257	817923	818541	819927	819942	653662	820469	814876	818462	819855	820031	820362	820331	820710	819553	638451	748940	816359	755232	763300	812026	819565	617102	814616	799207	751208	812197	464829	782418	743038	803296	750345	803670	799259	504	518	0	535	212	591	580	576	377	1	490	511	21	60	636	374	209	216	523	28	62	0	33	631	520	585	622	519	0	357	380	1	519	14	671	36	539	509	388	392	656	0	493	379	510	587	566	518	572	13	506	593	0	520	582	463	146	554	549	0	0	579	476	0	0	0	49	642	376	0	502	39	518	0	24	0	596	0	518	444	376	25	115	499	212	595	0	0	541	595	520	596	0	0	340	522	521	354	444	373	482	589	524	496	514	1	389	5	247	350	0	540	61	108	508	2	527	136	0	375	639	0	496	0	562	0	575	20	517	2	565	296	0	575	0	700	568	343	487	188	0	415	516	557	640	495	321	523	0	514	509	514	691	0	0	0	356	425	579	0	428	574	0	441	545	206	301	0	258	195	293	535	378	452	464
NC_063218.1	27000001	819341	818758	818920	818930	811119	816616	818081	816965	816524	816859	816024	809865	814051	58651	209230	816425	817761	817368	817631	818595	57323	159182	817300	81605	817792	817387	818076	816798	818254	807378	813513	817675	640413	808053	128302	817559	64793	817348	817664	817881	816060	813348	817800	817114	818183	817358	817929	816862	795992	816409	99560	817158	818680	817816	815966	817750	790879	272067	812251	816156	89819	183858	817704	790982	813891	818588	72493	77177	818707	811611	817408	818824	54086	817855	818071	124331	817839	819134	817023	818844	781613	815957	112757	259020	817728	817045	818796	818897	816831	818594	818795	819037	818748	818791	819064	804153	818803	818754	810316	717264	814548	812807	818689	818637	816648	818099	445444	817734	688988	736199	551240	808073	818276	193155	216804	818137	749487	798915	231410	385171	654028	817753	818983	805700	819139	815108	817763	817176	50872	818992	258316	814910	768120	817723	816796	816942	818819	815845	810145	817244	553415	818521	761967	814936	816727	818127	817786	628033	818670	812815	816132	817973	818150	818572	818605	818915	817321	611502	717873	813198	724519	745428	812189	817579	569645	812003	790841	730341	807866	413313	769762	718322	793491	746681	797906	792496	353	541	407	400	244	409	11	403	258	0	324	327	0	64	411	258	241	245	545	19	73	0	20	411	547	413	399	330	1	614	615	241	377	41	541	37	464	321	253	254	530	402	340	627	538	13	406	11	396	48	325	12	403	327	12	293	100	12	466	33	0	12	407	387	404	15	24	557	607	399	356	21	532	398	29	409	417	0	539	291	615	16	65	513	243	12	0	399	461	13	335	525	404	407	597	334	335	232	421	612	309	563	334	317	330	169	640	297	285	263	390	466	76	64	326	1	358	72	0	211	557	1	310	407	13	401	13	22	334	89	395	518	1	13	1	553	12	531	319	348	398	1	320	398	417	344	216	327	383	324	535	329	549	0	1	395	253	269	403	334	268	14	1	309	388	210	500	0	204	211	502	14	277	464	292
NC_063218.1	28000001	803164	802662	802839	802701	791065	800749	801908	800559	799959	801343	800497	782313	797724	53525	180664	801733	800877	801420	801706	802503	48193	123434	801427	59127	801525	802425	801702	800725	802029	784511	795688	801764	341736	789826	113695	801205	57281	801305	801619	801722	801836	793041	801376	800787	801841	801117	801797	800882	777500	800110	79419	800865	802359	801725	797845	801317	731501	211836	796372	801453	71148	138691	801409	760193	796663	802358	56961	76601	801724	797398	800645	802676	50701	801665	801789	136271	802750	802952	802083	802719	717645	800116	106333	206667	801567	800285	802680	802575	800941	802401	802679	802792	802698	802586	802869	756330	802583	802549	794677	683540	796180	797307	802531	802751	800427	802200	365898	802300	640891	697921	490835	787702	802170	198714	181520	801764	718717	779750	186034	308518	615182	802544	802774	782825	802855	799148	801420	800871	49527	802671	210529	798426	733855	801376	800773	799415	802660	798921	796163	800737	495061	802147	724268	797415	800196	802520	801533	580819	802272	792748	801443	801926	801915	802376	802373	802671	801065	544804	668402	794805	679295	709408	795484	801331	503037	795098	762250	685388	790780	337191	730785	673341	765531	718519	771214	771307	287	200	346	286	354	299	250	294	290	258	362	425	0	48	227	285	358	359	195	9	11	2	19	223	200	300	218	436	0	406	425	78	274	24	425	5	330	415	297	299	491	338	280	428	346	254	296	242	293	24	409	260	344	424	256	297	83	243	344	27	2	248	276	324	349	20	28	441	420	337	281	26	348	344	53	352	305	2	357	307	422	0	40	251	348	260	1	344	332	258	423	444	351	353	327	420	439	275	258	399	388	446	426	409	414	121	436	237	293	181	334	339	62	74	410	3	252	83	1	267	439	0	394	350	241	342	252	28	417	72	285	309	3	255	3	547	241	397	408	211	337	3	411	284	227	282	170	418	321	415	200	425	431	1	0	337	149	208	293	271	210	251	2	214	283	303	320	3	144	278	323	223	212	237	369
NC_063218.1	29000001	778969	778261	778403	778588	764494	776645	777635	776482	775454	776184	776489	728214	772248	30233	124408	777432	776206	777253	777531	778329	22252	99534	776821	27081	777466	777913	777791	776547	778184	764115	769054	777562	165292	760725	78927	777059	36441	775783	777437	777628	777771	767123	777235	776727	777855	776604	777672	776704	754308	775995	45694	777289	778339	777629	767739	777407	645484	153686	769875	777331	40224	99809	777268	734546	772589	778057	32352	55993	772522	773103	776530	778253	29961	777162	777903	104016	778260	778863	778044	778468	632166	775746	66551	181584	776920	776170	778518	778550	776807	776392	778376	778605	778470	778467	778521	659046	778522	778545	771323	638557	770258	774329	778165	778670	776750	777882	346836	777928	597258	676043	446109	759701	778051	182988	161060	778017	690883	751157	166201	268564	583053	778125	778362	750596	778592	775235	777204	776605	34518	778624	193979	774003	705668	777185	776439	775190	778576	774292	773691	776410	476752	777867	681970	770251	776282	778507	776985	544344	778277	768677	777230	777764	777728	778096	778330	778191	776715	512578	629049	768095	624112	673090	772608	777348	464320	769306	727853	637096	761556	289022	695616	628776	730985	684596	740910	743947	572	468	423	293	635	314	414	299	609	739	226	576	0	61	624	604	647	641	466	17	23	3	2	608	469	313	600	603	5	573	607	83	281	11	303	11	235	292	609	617	558	418	554	609	621	417	304	372	308	22	285	424	422	292	420	169	39	389	729	25	0	423	579	398	422	17	16	308	594	412	572	11	622	424	45	427	320	0	626	184	594	3	74	619	628	425	0	416	231	421	293	650	427	429	417	288	607	560	432	578	281	598	296	273	290	163	622	278	381	346	405	707	96	42	286	2	279	59	1	168	309	5	532	429	397	418	414	24	289	84	301	480	1	413	6	636	407	550	283	331	422	3	244	298	627	548	322	283	386	287	465	591	305	0	0	418	171	395	293	305	418	403	5	144	296	539	449	0	94	501	433	356	434	539	239
NC_063218.1	30000001	804873	804507	804668	804393	795899	802676	803652	802511	801465	803346	802924	779201	799783	35599	145284	803942	802255	803375	803305	804363	30997	110988	803657	34829	803428	804346	803692	802695	804081	792377	795918	803746	318243	792451	84844	803158	37210	803130	803438	803814	803988	795715	803336	802605	803978	803208	803692	802702	778381	802507	61328	803121	804477	803627	799895	803426	712955	172963	796859	803849	52302	119878	803396	758489	799419	804107	39185	59042	803766	798047	802945	804351	35725	803574	803813	97592	804604	804761	804151	804572	694607	801780	79740	199057	803481	802764	804542	804501	802951	804193	804427	804607	804404	804469	804629	754792	804468	804481	797770	688916	798967	798588	804239	804289	802232	803989	377587	804290	645116	710370	497714	791435	803773	195657	175429	803711	720282	779896	178250	312992	617438	804342	804550	788147	804582	800994	803204	802649	40160	804572	212562	799413	735295	803259	802469	802217	804219	800788	798357	802150	506986	803691	722890	798941	801794	804381	803169	585296	804245	794947	803426	803823	803646	804058	804150	804471	802959	544608	676324	797944	684000	717015	797398	803176	510725	796869	762446	693643	790553	328378	737128	687979	765992	719316	773568	772648	280	623	449	603	392	638	492	623	609	540	552	266	0	29	9	610	397	393	621	0	39	0	19	9	624	639	9	281	1	603	645	142	580	36	399	17	0	643	601	619	388	448	278	653	444	509	632	467	621	24	645	512	446	656	503	441	79	481	553	20	0	504	422	427	445	23	25	360	619	433	227	19	447	442	16	451	651	0	454	412	621	0	47	476	376	512	0	442	1	505	654	421	450	453	510	654	278	561	325	619	617	547	658	620	647	159	655	300	526	279	415	537	100	98	641	0	546	89	0	445	403	0	268	453	478	443	500	21	650	90	591	487	0	500	0	418	494	593	611	312	440	1	0	604	9	277	166	650	421	644	614	277	396	1	0	446	335	215	617	333	218	487	0	172	594	324	494	0	91	299	473	434	206	402	566
NC_063218.1	31000001	824298	823777	823796	823770	815984	821699	822997	821673	820863	822377	821373	812929	818631	52793	175946	821950	822238	822761	822743	823650	47913	137938	822892	66271	822400	823171	822812	821721	823285	814042	816797	822988	423901	813198	111206	822093	58431	822149	822635	822928	822463	816472	822338	821944	823039	822154	822757	821863	805079	821245	78427	822192	823625	822716	821455	822718	778427	221092	818320	822175	76265	155495	822471	787960	818617	823478	61203	81840	823961	819013	822104	823831	52565	822692	823190	123019	823632	824100	822571	823858	768556	820861	105606	240811	822367	821586	823773	823821	822258	823423	823613	823925	823456	823649	823951	800110	823684	823681	815505	731034	819159	818386	823638	823918	821818	823241	442410	822899	693840	743244	571282	814352	823162	216023	222884	822873	753940	803562	218193	392271	666067	823500	823988	813118	824090	820605	822499	822015	50709	824002	248972	819921	768330	822419	821635	822315	823894	820551	816575	821644	557227	823426	766362	819591	821479	823627	822913	634286	823513	817065	821986	823065	823155	823302	823484	823854	822255	612718	733046	818596	739421	753798	815341	822770	576998	816562	797141	738936	813361	416301	779828	729690	800164	749602	800504	795249	369	524	271	444	363	472	482	452	515	344	435	351	0	57	13	515	365	373	522	2	44	0	32	13	525	470	13	368	0	462	500	82	436	46	362	19	3	484	513	517	400	271	129	504	339	489	461	443	464	22	482	500	268	498	489	372	68	459	348	16	0	489	263	253	267	24	28	500	490	262	1	20	338	269	37	273	477	0	342	372	493	0	25	270	366	501	0	268	3	494	495	432	272	273	409	495	369	471	269	482	474	444	498	467	488	100	505	192	414	181	262	344	71	85	483	0	417	88	0	329	368	0	346	270	465	263	483	25	493	49	440	397	0	486	0	435	481	439	481	268	270	0	0	449	13	360	235	490	249	486	519	359	366	0	0	266	269	274	449	292	297	483	4	209	435	335	422	0	126	313	398	449	281	301	424
NC_063218.1	32000001	807278	806888	806807	806990	799134	805180	806330	804850	804756	805943	805125	781926	803066	52786	207728	806305	805537	805744	805949	806580	41787	152151	805801	60151	806007	806521	806153	805156	806518	794916	798968	806015	418902	797318	123765	805627	67756	805534	805818	806176	806090	798281	805640	805164	806345	805507	806111	804908	788777	804693	86538	805646	806807	806036	801489	805687	743900	233424	801712	805935	74653	148639	805581	768505	801141	806610	56329	71866	804727	801587	805165	806809	50320	805932	806295	143431	806733	807188	806209	806862	725655	804277	106066	228639	805767	804986	806943	806942	805531	806462	806730	807088	806786	806875	807153	760979	806885	806817	798279	695728	801048	801345	806723	806952	804511	806444	392586	806726	653756	708415	509740	793753	806205	181225	190610	805997	724013	783157	194276	336581	623987	806571	806861	790734	807037	803272	805701	804934	45624	807001	227683	802090	745104	805723	804871	805212	806943	803032	800015	805136	521199	806323	733720	800515	804986	806826	805894	591899	806517	798754	806035	806272	805893	806643	806709	806783	805268	557591	683805	799244	689832	723095	800352	805594	523637	798715	768821	697704	792675	351511	744957	689240	772090	726733	777374	774887	478	632	590	480	183	494	774	489	615	506	462	469	0	36	610	601	186	185	632	14	70	0	10	595	635	496	596	477	1	417	437	194	468	43	608	22	3	507	615	621	542	574	1	437	664	770	488	706	482	25	510	781	583	522	761	398	76	752	518	20	2	764	408	550	585	21	32	522	427	565	0	22	667	585	29	594	506	0	673	364	428	1	0	579	185	789	0	576	3	780	522	598	590	590	382	513	478	573	495	418	487	440	523	503	509	199	446	397	583	243	558	503	52	71	509	0	418	83	1	324	616	0	438	588	731	574	756	23	519	94	465	334	0	762	2	599	749	394	495	223	578	0	0	463	611	472	278	516	547	516	624	461	615	0	0	578	276	351	484	622	361	755	0	299	470	167	331	0	181	156	334	665	357	572	442
NC_063218.1	33000001	833629	832823	833239	833083	828468	830995	832336	830969	831338	831330	830911	832100	829858	68989	275029	830345	832682	830471	832167	833178	94191	185919	831636	125532	831863	831243	832401	831099	832562	825213	829864	831895	813218	827829	147495	831827	84184	831673	832029	832256	830841	829898	831877	831470	832428	831334	832300	831178	819115	831046	143167	831718	833041	832055	832643	832043	827700	337309	828706	830848	141659	256554	831973	807840	829026	832763	100895	120432	833335	826030	831976	833132	87766	832377	832164	146204	831998	833375	830861	833109	826562	830550	151862	326269	832249	831394	833087	832970	830910	832557	832617	833000	832695	833002	833278	831471	833126	833093	822555	765880	830546	826012	832972	833109	830707	832619	521714	831908	742357	759712	639788	828472	831842	227302	289572	832183	780914	818025	302197	487236	706433	832007	833267	825520	833302	829646	831810	831315	75492	833229	324856	830249	798264	832429	831237	830560	832401	830506	821219	831488	613306	832688	791552	830608	831309	832002	832230	682827	832832	827548	830185	832420	832471	832837	833023	833178	831875	663127	769546	829935	779480	781835	823820	831983	656170	827772	814830	774518	826582	513664	801086	767008	817594	773048	819506	812023	404	375	462	319	525	317	272	316	686	335	269	394	0	1	580	276	507	533	377	31	54	2	36	577	375	322	566	408	2	449	451	394	307	45	279	30	3	263	673	682	212	453	0	453	376	273	310	258	313	22	269	282	455	273	276	252	62	265	340	43	0	274	298	436	456	19	20	272	430	451	0	30	388	449	0	459	325	0	391	233	455	0	0	454	528	280	0	447	3	279	272	227	458	462	460	267	408	626	316	454	255	462	276	263	269	203	467	362	365	236	443	330	50	67	266	2	285	58	0	193	285	2	402	461	275	448	272	26	272	115	308	269	2	271	2	225	270	397	263	273	454	2	0	307	584	394	289	272	423	267	375	395	280	0	0	442	217	337	39	241	351	274	2	193	306	5	286	0	140	4	378	257	341	361	236
NC_063218.1	34000001	846679	846213	846149	846318	842383	843989	845537	844037	844901	844976	845017	845741	844675	49211	279780	844556	845948	842654	845274	846042	118479	161450	845827	171211	844954	845193	845544	844369	845792	832497	844161	845047	845527	842370	118817	844942	57194	845197	844865	845461	845233	844771	844811	844474	845574	844560	845087	843778	838997	844031	191854	844730	846028	845085	845153	845099	845599	374775	844124	844753	177564	372529	845211	830169	843279	845904	111981	193885	846268	843511	845451	846140	130690	845629	845529	169731	845795	846347	845248	846136	844147	843971	184540	474182	845358	845406	846171	846312	844411	846068	846038	846362	846089	846131	846433	846017	846125	846222	833766	819749	845150	838418	846251	845635	844357	845577	649997	845566	808218	773627	753240	844845	844964	333932	428199	845151	820933	838810	455363	639033	781661	845728	843457	844127	846531	843092	845301	844812	133770	846198	467523	843705	829544	845565	844553	844936	845759	844454	830869	844960	707297	845810	830619	845627	844733	845826	845841	760279	846045	842752	844625	845330	845769	845992	846032	843749	844956	758845	826228	845124	831522	825503	824643	845120	764863	842272	841293	822663	843699	663570	837051	822231	841597	809858	841617	833399	37	597	845	639	536	668	707	651	655	856	854	35	0	0	566	721	535	553	596	35	53	0	68	552	597	655	553	37	0	510	506	839	644	60	558	20	2	838	650	659	614	825	0	519	709	710	655	684	645	74	841	718	834	842	713	858	230	708	859	84	1	712	773	805	841	42	118	862	512	822	0	61	828	829	5	849	667	0	828	838	502	0	1	838	551	724	0	818	629	718	860	627	832	845	520	856	668	590	664	511	774	524	862	819	854	589	522	778	879	679	827	838	122	306	847	0	609	368	0	730	570	0	36	847	684	834	685	58	860	340	629	620	0	705	0	1	703	449	829	408	823	0	0	635	571	36	21	851	807	851	588	36	564	0	0	825	544	28	0	696	32	704	0	462	643	1	621	0	367	1	482	694	33	812	757
NC_063218.1	35000001	856368	855720	855729	855723	851249	853589	855039	853677	854101	853915	853771	855369	853678	54824	271019	853713	855448	851862	854931	855652	123769	172207	854692	164107	854345	853764	855169	853713	855356	847384	853634	854680	854782	848588	132554	854410	67489	854679	854739	854870	853870	854112	854529	853930	855139	854333	854620	853583	849742	853247	189551	854178	855644	854761	855262	854752	854567	355279	853360	853433	169242	380275	854934	841066	853134	855653	113690	206762	855958	852843	855196	855802	140912	855359	855176	166080	854986	856073	853783	855809	852821	853678	199732	470788	854958	855014	855902	855812	853950	855808	855717	856007	855887	855680	856013	855555	855843	855754	846776	826201	854463	849936	855854	855396	853486	855418	651887	854524	814974	783820	755165	854476	855080	372453	441419	854933	827512	847806	448683	636031	784025	854749	855566	853498	856067	852603	854549	854422	136110	856023	461022	852995	839089	855004	854418	854437	855605	853694	843808	854284	708668	855628	838690	855085	854167	854889	855449	767380	855517	853124	852894	854996	855555	855592	855447	855786	854601	766667	833663	854415	840044	833885	837563	854820	765407	851566	848538	834208	853644	662801	844419	828845	850209	816950	850119	845346	1	437	555	211	163	214	604	213	553	589	580	3	3	0	550	616	161	168	445	57	65	0	28	541	444	215	528	3	0	240	238	549	206	20	647	25	2	581	550	555	212	547	0	242	601	606	209	579	206	27	575	621	550	580	611	586	164	597	588	62	0	604	528	528	554	23	93	590	239	547	0	56	556	545	6	560	216	0	559	562	236	0	0	546	166	619	0	548	217	618	586	213	555	557	241	584	217	506	557	235	545	242	590	563	583	353	244	484	526	449	549	575	74	187	566	0	204	236	0	489	660	0	3	558	573	543	599	38	586	218	200	207	0	606	0	3	599	211	550	182	546	0	0	210	556	2	2	589	534	583	435	3	657	0	0	544	186	1	0	581	1	594	0	530	205	1	204	0	419	1	224	583	1	524	535
NC_063218.1	36000001	852891	852356	852504	852425	847496	849953	851600	850196	850834	851312	851311	851761	851182	69685	321036	850901	852004	849321	851345	852405	122089	199308	851626	164471	851179	851161	851627	850448	851820	841367	849863	851073	850908	847949	156133	851118	78988	850845	851267	851349	851036	850321	850987	850351	851482	850572	851410	850232	848314	850258	189433	850577	852247	851171	852000	850985	850524	386770	850241	850480	181180	373974	851428	839193	849274	852218	121558	176520	852482	849500	851613	852307	126038	851709	851761	181967	851847	852598	851158	852355	847473	849995	190530	450016	851420	851247	852500	852467	850350	852275	852141	852498	852398	852270	852518	851839	852287	852334	843651	818885	851017	845258	852341	852283	849675	851612	634909	851585	805513	789756	743157	850094	851325	335355	412076	851406	820991	844583	420650	617490	774912	851970	852329	849670	852705	848903	851164	850889	122660	852629	438630	849565	837125	851304	850606	850370	851676	850166	838951	850632	694950	852054	835452	851824	850590	851910	851741	753635	852228	848944	850280	851559	851825	852202	852089	852354	851353	762776	826692	850417	834309	828546	838933	851341	760114	847578	845155	826932	849437	646833	838051	821352	846933	814638	846476	839120	1	532	412	623	661	628	627	631	714	407	403	4	0	1	489	646	661	662	533	45	62	0	59	481	534	629	473	4	1	686	690	398	605	72	505	17	3	398	709	632	616	408	0	700	629	642	615	623	627	80	398	652	402	407	641	397	108	624	403	38	3	627	384	385	411	46	32	408	686	399	0	15	410	407	0	416	637	0	409	368	683	0	0	404	660	649	0	395	634	639	406	635	403	414	709	407	637	576	571	682	375	702	408	389	398	227	705	347	648	320	403	401	160	134	397	0	597	160	0	345	508	0	4	415	614	403	626	53	403	125	602	589	0	628	0	1	619	629	398	515	397	1	0	614	491	1	4	402	392	400	524	4	507	0	0	409	499	1	0	609	1	625	2	406	603	1	586	0	329	1	633	616	2	395	375
NC_063218.1	37000001	838146	837573	837758	837802	833588	835526	836987	835733	835889	835499	835163	836715	834505	54756	250119	834859	837014	834673	836659	837630	76100	157945	836239	111940	836529	835657	836849	835629	837255	832380	834372	836322	834034	833142	123354	836526	62310	836526	836591	836770	835262	835211	836583	836180	836981	836194	836632	835418	830144	835410	127003	836252	837458	836663	837623	836441	834756	324903	834171	834807	122380	264169	836474	814152	833775	837267	88520	109911	837940	832284	836713	837541	68411	836910	836768	143472	836087	837881	835096	837628	830284	835350	130253	344959	836950	836016	837684	837835	835423	837409	837430	837823	837663	837452	837936	836966	837726	837601	829714	779327	834943	831694	837513	837271	835647	837225	542303	835830	757215	780181	657230	833002	836623	269791	309205	836882	790101	823844	319003	511956	724639	835950	837559	831274	837955	833767	836530	835865	69260	837895	339844	834240	811701	837049	835716	835921	837142	834404	827607	835960	628702	837277	807398	835929	835613	836618	836846	701246	837486	832622	834719	836924	836829	837446	837466	837687	836646	699240	786274	834857	793450	798033	827601	836036	685336	831618	821469	790057	832813	533634	810485	779120	824288	782612	825165	820920	1	785	778	782	547	799	478	787	756	2	1	1	0	1	686	482	541	552	780	38	59	0	57	684	780	795	669	1	1	668	668	744	771	59	793	31	2	1	751	690	772	766	0	688	471	475	788	449	782	57	0	490	762	1	481	1	0	470	2	61	1	481	1	746	769	36	2	1	673	767	0	32	763	772	0	783	815	0	778	1	668	0	0	773	553	492	0	761	798	485	1	804	781	788	680	1	806	621	405	665	6	693	4	1	1	368	691	632	770	7	754	2	121	1	1	4	711	1	2	5	807	0	1	782	460	769	485	35	1	209	752	681	13	478	3	3	473	617	1	440	777	4	1	772	695	1	2	1	737	1	771	1	804	0	0	764	553	5	0	430	4	477	3	560	767	4	688	1	234	4	564	439	1	717	1
NC_063218.1	38000001	857702	857173	857185	857060	853973	854987	856321	854949	855823	854162	854067	857018	855116	68468	318075	853038	856843	852677	856076	857214	138522	214852	855142	186941	855941	853792	856448	855403	856742	844423	855648	855685	857263	854017	163298	855965	84418	855903	855952	856242	853267	855660	856021	855185	856570	855507	855958	854921	850123	854736	205735	855761	856940	855992	856144	855742	856517	396725	855122	853047	187325	403910	856114	845891	854260	857101	127379	211651	857367	854999	856334	857144	145088	856672	856483	190227	854571	857310	853611	857180	855447	854929	212716	497940	856288	855920	857120	857257	854609	856894	856610	857018	856773	857240	857487	857120	857224	856957	847597	828540	855699	850264	857045	856768	854128	856745	663933	854834	820374	784712	764675	855547	855850	389049	456848	855562	829841	846825	465836	653128	791702	854965	856985	855182	857421	853007	856208	855430	148576	857261	483382	854212	842234	856353	855159	853710	856403	854456	842180	855858	720541	856412	844057	856892	855604	855327	856776	771756	857152	853056	853616	856401	856135	857055	857083	857201	856259	779540	838172	855290	842282	835832	837246	855429	783908	852612	850430	835510	854306	678596	845788	830283	853172	819770	852486	844644	232	403	397	385	614	387	2	391	629	6	7	2	0	0	483	3	592	609	404	49	47	0	52	474	404	390	472	3	1	481	472	402	375	41	392	20	228	7	619	483	386	392	0	485	4	3	385	3	377	50	7	3	395	7	2	7	4	62	229	44	1	3	214	395	394	48	1	6	470	393	0	39	393	396	0	403	397	0	398	7	472	0	2	397	610	2	0	397	536	3	7	544	400	402	484	7	399	422	4	477	6	483	7	6	7	276	487	353	312	185	384	222	126	2	7	0	358	56	0	7	401	0	3	400	3	393	2	48	7	161	384	360	394	3	0	1	2	414	7	374	394	0	0	379	487	224	195	7	386	7	390	3	397	0	0	394	332	208	0	3	212	3	0	352	378	0	369	0	2	0	439	3	204	524	8
NC_063218.1	39000001	859034	858390	858589	858559	850800	856375	857788	856623	857523	856800	856931	858268	856829	74238	378239	856335	858430	853944	857309	858594	242479	236638	857524	288503	857346	856541	857682	856720	858073	839506	849103	856622	858445	849327	197975	857346	92287	857290	857121	857678	856482	857085	857194	856870	857859	857186	857606	856120	840433	856464	303786	856904	858341	857507	856732	857228	858221	460541	857076	855864	289581	469830	857774	839872	856256	858443	206205	314710	858569	856743	858000	858344	252327	858253	857864	274380	857483	858594	856650	858384	852326	856945	307091	529847	857676	857667	858626	858645	856847	858367	858561	858697	858409	858522	858773	858470	858455	858578	846454	838394	857127	848804	858471	857854	856035	857876	701753	857231	822461	689993	789151	856522	856855	439651	536545	857653	833628	851283	527132	689441	807024	857583	858342	856783	858574	854581	857509	857108	257584	858604	549306	855872	841872	857753	857125	854965	857851	856511	840971	857221	741286	858242	845306	858121	857204	857701	858159	786959	858180	855244	855953	857722	857969	858273	858313	858713	857794	773228	842849	856995	846279	841824	835408	857042	796899	855549	853621	836797	856140	701959	849187	839287	854908	816050	854399	845598	671	12	13	417	577	416	412	422	659	1	0	2	0	0	668	417	580	593	12	148	0	0	87	656	11	421	651	2	0	658	655	12	411	68	418	0	662	1	659	668	418	13	0	666	3	407	419	394	410	97	1	421	13	1	413	1	0	13	673	2	3	410	608	11	13	106	1	1	654	13	0	1	13	12	0	11	428	0	13	1	655	0	0	13	601	418	0	13	662	418	1	605	13	12	677	1	12	614	2	659	0	677	1	1	1	10	672	10	308	564	13	662	207	1	0	1	412	218	2	1	429	0	2	13	393	13	406	161	1	7	411	397	411	411	0	419	398	565	1	539	12	0	0	403	672	665	580	1	12	0	12	2	426	0	0	13	358	636	0	417	641	411	0	380	0	1	400	0	293	1	627	405	598	635	1
NC_063218.1	40000001	850423	849654	849956	849842	841989	847998	849161	847905	847880	846345	846063	848790	845815	65875	273380	845778	849161	847109	849117	849936	98406	197592	847303	137934	848794	846172	849127	848221	849453	834172	846636	848568	841982	843264	148331	848708	72985	848837	848779	849127	845977	847674	848706	847965	849258	848466	848983	847706	835773	847648	158260	848288	849930	848993	849332	848876	847330	343045	846237	845632	140279	319341	848964	828018	846089	849763	101324	156571	850106	845455	848984	849917	104821	849259	849187	150938	847017	850138	845641	849865	843064	847674	175768	396314	849186	848650	849972	849758	847937	849518	849741	849973	849665	850005	850100	849276	849941	849855	843084	801149	847944	843840	849891	848989	847519	849392	594921	846807	782138	775505	706861	847038	848839	321886	377592	849062	809312	838194	377902	563872	751424	846735	850077	844754	850151	846496	848888	848527	106285	850161	403197	847284	822150	848936	848448	847058	849972	847310	839196	848606	669819	849689	821470	848200	848183	847002	849347	723773	849765	845954	845432	849366	849456	849808	849690	850033	848858	721445	809053	847322	810697	812566	836704	848629	720607	843854	836043	806836	844994	591264	826613	802316	839603	797125	841275	835094	226	4	2	440	461	456	444	445	232	2	2	0	0	2	230	454	451	470	4	18	1	0	49	228	4	454	229	0	0	231	229	2	447	52	450	1	223	2	227	229	441	2	0	229	2	455	449	435	448	39	2	461	2	2	450	2	5	2	549	0	0	449	495	2	2	19	1	2	225	2	1	0	2	2	0	2	464	0	2	2	226	0	0	2	468	463	0	4	228	463	2	475	2	2	233	2	0	208	2	225	2	233	2	2	2	2	232	2	320	393	2	547	67	2	2	0	412	150	0	3	459	0	1	3	434	2	446	28	2	3	433	412	454	453	0	458	452	202	2	180	2	0	0	442	233	552	426	2	3	2	4	1	458	0	0	1	327	492	0	418	495	441	0	326	1	0	396	0	238	0	199	442	484	526	2
NC_063218.1	41000001	844259	843782	844011	843691	839917	841559	842966	841838	842286	843002	842519	842955	841053	50408	301156	842700	843553	841033	842942	843900	146999	163352	842952	193897	842596	842872	843104	842321	843130	836289	841305	842755	841698	839595	126561	842549	56991	842481	842929	842938	842561	841926	842421	841610	843303	842433	842942	841637	835624	841670	234680	841888	843693	842848	843745	842556	842362	367021	841800	842514	207938	432134	843166	831856	841334	843712	147686	264325	843991	842427	843188	843744	186913	843525	843300	210633	843313	843958	842895	843728	839564	841801	227902	531615	843089	843047	843927	843903	842380	843887	843741	844078	843868	843871	844006	843199	843851	843880	836574	821865	842270	836487	843776	843836	842455	843374	681370	843086	808851	746873	772333	841761	843473	419621	500071	843392	821778	837011	507219	673354	785222	843085	843967	842398	843912	841107	842701	842741	191593	844032	523248	841414	831830	843101	842251	842900	844033	841814	832241	842460	725934	843449	831299	843477	842601	843309	843407	775744	843719	841730	842138	843101	843546	843783	843629	843983	842733	768215	824913	842353	832390	826558	822212	843251	782472	840153	839228	825284	841437	696974	835129	822322	839574	805932	839228	832682	2	2	1	1	2	1	2	1	2	347	1	0	0	1	2	2	2	0	2	0	0	0	0	2	2	1	2	344	0	1	1	1	1	0	2	0	342	1	2	2	344	1	0	1	2	2	1	2	1	0	1	2	1	1	3	1	0	1	2	0	0	2	2	1	1	0	0	1	1	1	0	0	1	1	0	1	1	0	345	1	0	0	0	1	2	2	0	1	3	2	1	3	1	1	1	1	1	2	2	1	1	1	1	1	1	3	1	1	2	2	1	2	1	2	1	0	1	1	0	0	2	1	0	1	2	1	2	2	1	3	1	1	1	2	2	2	2	3	1	3	1	3	0	1	2	1	2	1	1	1	2	0	4	0	0	1	1	1	0	2	1	2	0	3	0	0	1	0	1	0	1	2	1	2	1
NC_063218.1	42000001	821031	820206	820419	820513	814253	818192	819663	818564	818804	818964	818037	819034	817895	60745	252546	818540	819881	818107	819638	820337	88630	172167	819218	122705	819331	819225	819770	818280	819740	809873	817692	819144	794980	814867	138265	819045	66973	818988	819116	819685	818326	817582	819170	818452	819781	818996	819685	818339	812989	817871	141382	818802	820463	819552	820120	819258	814395	320136	817344	818068	130152	271593	819528	800265	816775	820124	91820	129255	820740	816401	819557	820425	88985	819779	819802	150299	819427	820728	818635	820408	811022	818115	147949	338517	819531	819200	820594	820459	818710	820078	820421	820600	820402	820282	820724	818467	820506	820560	812679	761552	817220	814388	820522	820291	818309	819806	525659	819467	734225	745013	645774	815861	819576	282471	311941	819670	768875	807994	314160	485029	704977	819620	820715	813208	820781	817295	819525	819305	87752	820510	333227	816799	791540	819484	818826	818212	820307	817385	810474	818884	614631	820268	781200	818322	818711	819770	819588	678911	820205	814950	817703	819761	820043	820283	820226	820672	819103	671358	762103	817097	773887	772988	808850	819177	665349	813336	802421	764916	814385	526305	790092	760412	805291	764166	806326	802380	11	278	19	18	3	19	1	1	24	800	250	0	0	0	270	2	20	0	259	11	21	15	0	249	274	1	254	673	18	14	3	15	1	0	256	7	691	266	3	259	677	21	0	16	13	2	1	18	15	0	250	21	3	263	17	224	64	24	269	0	13	3	219	3	19	0	24	261	21	257	13	7	3	14	15	3	2	0	680	221	3	0	0	17	20	1	0	2	2	2	273	2	2	19	20	257	1	239	2	3	262	21	276	252	266	16	18	16	2	174	3	252	3	72	249	17	19	59	0	203	259	24	14	21	16	17	17	2	259	1	1	1	18	2	17	273	18	24	267	23	19	18	0	1	263	1	0	273	2	269	258	0	273	0	18	3	1	18	11	18	17	244	14	2	0	15	17	0	14	13	20	12	17	1	224
NC_063218.1	43000001	790550	790018	790130	790219	773577	788312	789431	788266	787352	787188	788878	762624	784820	18706	85008	790072	787425	789328	789194	789925	13108	68105	789521	16891	789125	790381	789386	788156	789514	771288	781356	789096	410688	767972	51308	788634	22031	788597	789005	789373	789983	780856	788864	788103	789408	788670	789418	787938	764876	787972	44361	788654	790096	789289	786168	789069	703465	135856	780554	790119	27012	102265	789003	752893	784517	789682	25711	49206	789455	786008	787926	790023	22117	789000	789370	77002	790491	790351	790269	790170	669236	787554	51473	187071	789088	788503	790139	790120	788374	789838	790149	790275	790001	790052	790286	756064	790002	790164	784450	671051	783803	785792	789961	790532	788373	789573	372737	790252	636663	703303	489483	778029	790032	194560	184247	789435	701628	766190	168633	307758	611923	790424	790400	772259	790272	787820	788854	788537	30541	790173	203024	785796	725400	788895	787698	786850	790359	785986	786814	787884	488048	789679	713235	784678	787831	790392	788775	565521	789776	781896	789483	789432	789257	789876	789812	790158	788561	543831	661722	781599	670667	696336	783716	789080	492124	780795	747808	675239	777916	324502	719985	665782	754869	697744	760221	761702	3	638	0	1	1	1	1	1	0	581	521	0	4	1	641	0	1	1	636	3	19	0	0	633	644	1	610	703	0	0	0	0	1	0	628	3	691	618	0	640	639	0	0	0	0	1	1	1	1	0	625	1	0	642	3	401	41	0	641	0	0	0	511	0	0	0	23	644	0	614	0	0	0	0	0	0	1	0	713	335	0	0	0	0	0	1	0	2	3	1	640	4	0	0	0	631	0	598	0	0	590	0	643	603	632	2	0	1	2	334	0	629	8	99	622	0	4	106	0	407	644	0	0	0	1	1	1	0	636	0	1	0	1	1	0	643	1	0	599	3	0	0	0	1	643	1	8	636	1	635	633	0	639	0	0	0	3	1	0	2	2	613	0	1	0	1	0	0	0	3	0	1	1	0	551
NC_063218.1	44000001	838706	838313	838262	838223	827482	836044	837639	836264	836407	835322	835261	831548	834246	41247	227196	836116	836584	836675	837465	838231	67731	139312	836813	99057	837204	836515	837535	836675	837878	828101	833451	837385	741611	827514	106952	836696	50807	836976	837169	837523	836221	834179	837123	836403	837522	836992	837373	836288	822358	836021	128330	836835	838035	837345	837208	837239	814384	294313	832285	835507	117741	277703	837385	817003	835019	837839	81683	138413	838345	835532	837167	838310	88933	837631	837782	145351	836949	838543	836259	838196	797146	836063	132851	386741	837575	837157	838289	838366	836619	838080	838158	838283	838172	838177	838398	829722	838220	838041	831599	786109	835410	832622	838154	838034	836171	837704	563766	837185	760220	774902	681867	832678	837714	298146	348714	837538	790678	824357	357635	534940	735202	836883	838429	832819	838391	835380	837263	836952	88858	838411	378573	834948	811634	837164	836522	836824	838059	835916	831122	836759	648425	837984	807186	835494	836282	837443	837471	709301	837934	834447	835493	837442	837768	838177	838056	838401	836969	704523	788167	835302	792107	795479	826462	837108	695513	831475	822537	788333	832028	556109	811174	782176	825269	787342	826460	821824	1	893	2	704	718	729	716	720	1	622	842	0	0	123	895	1	711	723	898	39	73	0	36	882	902	719	865	820	4	1	1	2	694	68	769	27	820	881	1	893	361	3	0	1	0	716	717	693	704	1	875	738	2	903	1	696	175	2	791	0	1	2	688	2	3	0	69	902	1	877	0	0	2	3	62	3	740	0	824	743	2	1	0	2	5	739	1	2	0	732	901	729	2	2	2	894	1	823	2	0	824	2	901	852	891	0	1	2	563	565	2	780	1	276	881	2	666	291	0	699	898	3	0	2	697	2	711	0	898	6	689	1	721	725	0	799	707	6	873	5	3	1	1	711	899	723	566	895	3	877	892	0	811	0	1	3	535	654	0	697	651	775	0	568	4	711	2	0	423	663	2	5	614	692	806
NC_063218.1	45000001	832401	831796	831832	831975	829791	829744	831070	830083	830391	831276	830538	831344	830019	57871	285261	830869	831835	828583	830958	831810	107463	178082	831769	151519	830601	831184	831050	830149	831171	828540	829542	830763	831198	829400	137951	830458	67955	830464	830412	831068	830780	829500	830501	830296	831268	830442	830873	829633	826106	829666	173703	830366	831717	830654	830486	830700	830498	361438	829502	830287	163045	337786	830979	816799	828913	831664	105446	159039	831931	828523	831239	831689	109626	831332	831193	159465	831976	832055	830969	831584	828539	829747	167890	428178	831227	830751	831964	831889	830297	831773	831868	832015	831816	831763	832114	831633	831872	831863	821396	791644	830215	824376	831788	830420	828977	831268	605250	830819	778339	765417	706043	829373	830175	279606	382373	830448	799550	821268	396816	588027	747366	831617	831381	828556	832144	827988	830979	830592	116715	831924	424784	828297	813347	830942	830138	829167	831063	829190	818630	830332	664861	831397	811079	830812	829878	831986	831302	724929	831676	827765	830278	831004	831222	831787	831637	831999	830759	728707	800963	829652	809060	802168	816594	829943	726271	826849	822380	798970	827696	605350	815437	796426	823640	790084	824484	817407	139	414	144	364	337	367	502	361	172	529	546	0	0	56	578	171	330	342	416	50	49	0	19	566	416	367	561	628	1	40	30	145	357	23	551	20	599	534	169	576	575	135	0	31	169	510	362	488	356	4	528	514	142	534	115	550	161	144	548	33	1	141	504	141	144	0	64	542	31	539	1	30	144	141	26	144	372	0	593	525	31	0	2	142	173	517	0	140	128	508	550	470	142	145	32	545	29	514	162	30	498	38	558	516	538	122	34	145	383	424	146	546	12	178	533	6	349	227	2	445	547	148	0	144	490	144	505	4	545	94	356	29	364	509	9	563	503	38	516	30	142	2	0	352	580	364	285	543	132	535	407	0	129	0	0	139	283	334	5	490	338	551	0	424	0	329	31	0	322	312	28	0	311	488	498
NC_063218.1	46000001	853677	853109	853265	853113	847850	849971	852260	851096	851880	852175	851943	852918	851975	60726	311904	851144	852978	848983	851853	853257	164054	181148	852339	216188	851838	851703	852354	851596	852608	844521	848968	851646	853044	848051	139258	851895	67167	851479	852049	852242	851458	851334	851997	851393	852557	851653	852201	850615	846378	851044	259555	851521	853111	851875	851759	851821	852697	394733	851410	851155	231813	468141	852350	841401	850821	852980	148901	278460	853284	851531	852471	852901	201569	852666	852520	222286	852628	853237	851401	852951	849755	851187	246825	562536	852258	852247	853209	853132	851579	852893	853154	853243	852775	853105	853353	853021	853168	853045	843301	835252	852121	845109	853087	852691	850691	852404	707172	851970	825741	746247	790473	851741	851776	428583	532182	851829	830125	845823	545092	704233	801309	852373	853058	851741	853293	849113	852132	851309	213210	853370	552551	850214	841980	852261	851885	850669	852613	850779	838191	851466	746137	852417	841471	852736	851224	852422	852569	782501	853040	849849	850696	852299	852534	852504	852911	853187	852086	785720	838705	851441	843224	837555	827257	851506	796215	848495	848989	836732	850423	716589	844784	834959	849180	819965	848640	841652	678	1	88	778	483	779	749	786	686	475	89	0	0	78	674	675	485	493	0	78	0	2	84	654	0	787	657	453	11	654	634	88	759	82	758	0	750	89	662	669	741	87	0	652	656	765	783	756	760	130	84	780	88	89	656	779	7	81	779	2	2	84	728	86	93	1	3	87	641	86	0	1	90	87	60	90	797	0	475	85	629	1	0	90	666	781	0	88	235	777	90	435	91	90	656	88	654	602	635	647	86	652	98	86	90	46	657	73	626	680	88	756	228	21	313	2	725	421	0	66	90	93	7	90	735	87	760	126	90	27	757	628	778	771	8	783	761	558	304	555	88	1	0	756	676	773	687	88	83	309	1	0	235	0	0	89	688	762	1	775	751	758	373	711	0	486	625	0	602	483	619	3	719	759	79
NC_063218.1	47000001	819093	818234	818367	818628	814838	815539	817080	815883	815917	818130	818549	817976	814340	44541	205752	818383	817781	814851	814895	818538	78590	131280	818105	109305	817063	818605	817148	816542	817591	814641	816502	816947	817762	813597	97597	816821	44803	816606	817306	817542	818121	816187	816900	814804	817599	816180	816879	814718	812617	815102	124167	816374	818051	817036	817723	816387	817087	292282	815037	817916	121678	282505	817648	797767	814531	818203	81072	122388	818650	815209	817382	817930	81512	817668	817757	128681	818844	818508	818119	818469	815028	816090	127919	353959	817578	817269	818495	818178	816427	816086	818356	818613	815650	818387	818847	818097	818499	817878	809145	773969	816473	810982	818476	818291	815216	817825	549290	818569	755185	762255	675856	815031	815861	291432	335076	817254	778024	803821	330094	531472	722763	818749	818491	814389	818849	814420	817115	816549	83948	818673	356087	813854	795355	817132	816294	816012	817733	815217	805892	816790	636149	817700	795717	817672	814761	818830	817266	699344	818320	813870	817779	817750	817264	818162	817322	818717	817551	686815	779876	814985	792445	784821	804873	816563	693102	808695	802547	782678	811989	562912	792908	775229	807070	767192	808911	799294	615	1	629	485	664	492	657	487	134	127	631	2	2	42	132	677	659	309	1	9	0	2	40	128	2	488	127	537	1	522	521	626	478	38	654	0	664	616	132	133	661	615	2	535	661	665	659	632	483	38	606	676	623	622	659	659	143	610	670	59	1	621	572	599	625	0	58	632	513	615	2	39	628	617	24	635	500	1	133	604	523	1	0	624	127	673	1	620	587	671	634	286	629	637	538	628	269	117	579	529	600	535	632	602	626	341	544	515	665	473	618	655	117	170	128	4	434	207	1	488	634	636	1	633	638	624	654	35	632	185	466	235	479	654	2	669	633	460	130	364	619	2	0	477	133	485	375	623	595	131	2	1	674	0	0	620	337	422	1	622	433	643	467	483	1	287	238	352	362	279	457	3	393	640	558
NC_063218.1	48000001	847884	847003	847288	847226	843044	844659	846242	844872	845730	846303	846431	846765	845587	63556	382188	845926	846986	843066	846181	847214	244490	205502	846860	301510	846009	846540	846224	845264	846462	839195	840365	845630	847205	842462	175481	845809	72918	845845	845953	846165	846076	845638	845707	845193	846375	845738	846190	844647	839151	844485	338815	845265	847042	845931	845165	846059	846965	459328	845566	845319	310878	516664	846316	833238	845111	847168	210734	383208	847318	845898	846806	847098	297065	846872	846668	280180	846999	847268	845949	847226	836515	845298	347086	598218	846255	846069	847291	846988	845284	847221	847000	847392	847087	847106	847475	847032	847089	846982	836249	829911	846234	838855	847342	847322	845233	846683	725855	846937	820198	678628	794319	846497	846372	435874	584509	846702	826024	841646	580256	723112	805922	846940	847445	846015	847665	844161	846343	845998	303708	847502	600627	845061	835307	846465	845675	844737	847288	845621	829139	846185	747229	847202	835824	847066	845470	847187	846628	787068	847060	844662	845468	846243	846554	846960	846639	847555	846272	784141	835410	845634	841650	831067	815257	846246	799328	844080	844385	830725	845280	723893	840950	833820	844599	813782	843999	837872	862	2	739	451	588	447	781	456	214	1	738	1	1	196	214	523	753	782	2	3	1	1	120	210	2	449	213	740	0	557	824	742	447	65	702	0	764	725	208	237	762	727	0	836	763	763	752	754	442	220	731	784	726	723	493	782	264	740	775	195	1	727	721	720	741	56	238	740	835	735	1	167	742	734	146	747	462	0	3	720	557	82	0	732	212	789	0	711	818	786	746	826	736	745	572	743	460	222	732	563	676	839	743	701	729	583	849	676	692	680	729	761	253	404	1	0	448	323	4	646	744	746	0	746	731	738	766	188	741	449	435	820	457	776	1	780	759	685	1	489	733	0	0	446	215	461	439	737	701	1	2	1	713	2	0	733	435	449	0	774	453	750	680	704	1	788	828	717	608	776	798	1	437	765	680
NC_063218.1	49000001	829735	828963	829180	829018	825058	826543	828098	827400	828003	827350	827243	829049	828027	58680	326636	826448	829084	824980	828265	829211	145906	193202	827785	192492	827813	827416	828206	827141	828643	822837	826950	827746	828560	825869	151105	827818	67756	827659	828051	828291	826827	827308	827702	827431	828420	827623	828345	827135	823040	826939	222355	827261	828947	828308	828011	827899	828401	385376	827554	826822	207675	417094	828344	819191	827180	829012	129099	229065	829225	827054	828695	828917	159328	828609	828301	196721	828179	829347	827058	829004	827323	827116	226664	508105	828470	828132	829328	829288	827486	828821	829052	829210	829010	829037	829279	828885	829246	829116	819160	810179	827809	823279	829103	828847	827111	828545	675583	828133	796014	740253	757937	828181	828628	364490	484071	828206	805811	821983	483969	669841	774525	827744	829174	827396	829448	826540	828119	827911	173162	829472	506514	826729	818063	828182	827794	827734	828967	826921	815662	827586	711157	828905	817014	828826	828047	827977	828818	758441	828914	827313	826241	828232	829028	828633	828930	829325	828082	766129	813503	827771	819209	812195	802416	827798	774753	825690	824162	811805	827135	682750	820589	810144	825125	794401	824762	819034	761	623	166	521	730	514	661	508	792	539	572	1	0	134	777	537	546	557	618	98	17	11	54	759	619	514	806	694	22	803	662	592	508	63	738	30	575	576	767	504	577	176	1	681	678	665	564	665	510	106	549	673	164	59	613	72	22	172	65	41	5	162	54	166	180	45	93	572	673	54	12	39	163	173	86	167	522	1	532	556	782	113	5	179	790	673	1	158	639	664	578	735	164	168	813	570	543	455	645	785	143	693	77	136	580	140	698	172	523	67	167	57	199	249	583	17	512	188	0	68	571	180	11	183	642	564	679	146	54	89	485	643	521	665	28	514	666	611	600	661	181	15	0	504	773	511	442	174	591	592	617	1	502	1	6	160	434	508	13	677	514	65	80	591	1	569	645	543	503	563	638	15	481	649	522
NC_063218.1	50000001	833369	832615	832835	832880	828417	830354	831800	830606	831012	831645	830851	831191	830112	54810	269968	831350	832449	830279	831626	832711	74191	179239	831691	110062	831441	831801	831885	830788	832137	822944	828100	831582	828411	828605	135950	831008	60593	831314	831564	831885	831393	829632	831091	830933	832097	831097	831595	830071	828249	830461	133499	831179	832656	831557	832801	831436	828652	307775	830473	830851	124827	296686	831743	813988	829335	832554	90708	134992	833034	830683	831568	832764	82749	832017	832023	152237	832178	833005	831468	832768	822910	830387	151551	381648	832029	831676	832671	832760	831076	832483	832387	832913	832604	832565	833028	831701	832580	832684	824403	791814	830752	827776	832700	833064	830831	832250	586911	832211	773622	776646	699072	829297	832249	300237	363297	832202	796374	823352	355702	566697	743918	832200	833106	829119	833143	829558	831572	831389	93009	833101	386005	829497	813954	831824	830906	831445	832836	830292	825084	831217	648937	832562	809438	831769	830871	832589	831990	716828	832473	829608	830558	831970	832424	832513	832571	832930	831346	728286	795407	830321	805100	799811	821652	831471	710883	827275	823290	798007	829236	578325	813358	793241	823862	783106	823268	819134	6	489	230	828	639	839	793	828	659	661	707	0	0	156	856	623	751	762	491	49	34	5	57	844	492	829	676	408	232	659	396	694	811	81	613	19	747	703	649	666	748	224	153	402	622	798	749	785	813	23	0	816	223	0	223	806	23	224	373	27	5	226	413	214	232	47	71	724	399	0	156	25	74	227	76	234	847	587	630	669	607	33	44	73	651	817	5	224	401	810	724	850	226	234	669	718	399	599	546	661	1	556	0	0	550	124	403	12	696	248	224	365	88	194	397	1	777	271	0	0	716	232	0	228	769	710	823	48	5	65	790	353	829	780	0	844	823	356	385	454	227	4	0	800	772	825	619	224	691	399	487	0	688	0	2	230	635	750	5	743	744	356	359	581	0	723	353	684	426	698	353	0	696	760	647
NC_063218.1	51000001	820400	819784	820068	820033	809921	817711	819066	817723	817355	818619	819198	816208	814309	36205	140091	819191	817870	817677	819114	819689	45082	101566	819377	51387	818259	819660	819025	817707	819152	810546	815815	818709	805681	808574	73261	818345	35834	818688	818554	818909	819217	816191	818524	818186	819202	818419	818958	817799	804371	817184	77636	818203	819825	818638	819377	818941	809434	237241	814199	819009	67658	188535	818805	794254	815544	819484	48469	68151	820137	815416	818416	819816	44079	818867	819064	82916	819915	820083	819632	819901	802677	817206	78776	267569	819058	818128	819852	819900	817578	819565	819770	820075	819795	819670	819972	817633	819727	819689	811332	744764	816072	815320	819860	820152	817844	819170	482688	819793	720861	758143	606220	813241	819348	193657	267928	818873	759963	804553	252474	442719	685424	819825	820143	813128	820102	816792	818639	818096	49944	819958	290723	815537	784000	818903	817680	817991	819960	817047	810161	818009	579303	819435	775307	816711	817665	819993	819231	652951	819750	814478	818806	819293	819177	819534	819481	820038	818342	649176	747265	815231	763424	762980	810790	818469	615882	813872	799403	759207	811776	469460	784721	750422	801776	749027	803264	799578	538	607	371	478	511	513	494	504	521	533	500	0	0	22	94	369	257	264	607	19	25	532	9	94	609	263	530	349	660	306	0	268	240	22	600	10	255	525	308	536	251	365	516	0	363	609	268	548	255	0	0	617	710	0	705	247	60	352	510	13	0	361	236	356	711	21	25	385	0	0	548	13	589	364	19	724	270	270	371	260	364	0	100	596	522	509	531	697	536	609	536	514	718	311	95	533	0	483	310	521	1	534	0	0	0	161	0	420	375	322	353	497	0	126	0	0	239	83	0	0	388	723	1	374	582	374	497	21	537	82	244	0	260	600	0	272	507	0	257	331	365	461	0	253	608	266	206	373	362	0	600	1	324	0	0	363	185	229	518	532	225	489	487	386	1	248	1	288	217	245	0	1	214	558	274
NC_063218.1	52000001	837935	837214	837294	837333	834501	834808	836078	835011	835996	835264	834671	836359	835996	54331	282368	834379	837136	833967	836261	837236	124334	182524	835563	173420	835443	835008	836410	835002	836619	832764	834743	836031	835398	833652	134321	836172	64729	836024	835968	836314	834797	834705	835658	835430	836446	835684	836485	834652	833520	834437	202001	835659	837083	836272	836992	836131	835166	372347	835472	835006	192931	385155	836434	825975	834529	837000	127911	199738	837532	835653	836526	836975	137361	836633	836682	205940	836087	837554	835076	837308	831225	835039	195327	479824	836602	836327	837225	837240	835396	837153	837171	837251	837175	837041	837365	836181	837078	836980	827973	803908	835379	830298	837280	836650	834848	836071	654172	835810	795038	771531	739264	834912	835699	350663	449704	835862	808237	827865	439996	636169	764859	836244	837222	834922	837574	833566	836077	835765	140772	837515	468477	833794	823811	836403	835768	834789	836759	834569	826196	835926	696596	836682	820043	836279	835398	836175	836636	749073	836989	833919	834024	836180	836763	837076	837064	837442	836152	764478	809264	835072	819201	813275	823628	835579	756664	832660	829783	813383	833687	656367	826267	807807	831814	803745	831077	824735	633	926	633	862	738	877	823	866	941	945	836	247	5	153	163	744	589	594	911	91	69	648	94	149	923	511	732	596	192	937	442	957	503	67	798	33	616	829	950	922	590	384	828	450	738	807	583	811	501	86	249	831	183	1	188	510	156	389	835	81	6	611	485	600	190	82	113	915	454	0	874	80	851	626	110	185	518	519	739	896	371	80	427	865	915	844	634	182	789	816	845	882	184	964	162	850	448	858	679	740	14	846	15	0	12	446	272	594	645	697	612	826	113	313	439	8	480	291	2	12	917	196	14	647	787	900	874	87	638	284	482	421	507	803	10	533	610	411	511	572	617	373	0	499	913	503	454	639	863	446	906	0	970	254	8	606	437	691	641	808	705	825	820	697	1	594	408	918	443	580	618	18	665	781	871
NC_063218.1	53000001	737535	737005	737133	737186	732387	735124	736214	735185	735424	734866	734455	736379	734996	63933	277100	734297	736306	733666	736124	736921	113802	186010	735740	146979	735909	734412	736383	735261	736602	726379	734265	735968	736460	732083	142611	736065	75225	735942	735894	736378	734584	735437	735805	734147	736497	735775	736166	734671	728809	734986	164588	735518	736982	735430	736613	735777	735848	341781	734891	734165	158513	291774	736333	722874	734282	736794	107136	142406	737211	734047	736404	737072	98737	736210	736381	163442	735435	737227	734436	737129	732831	735131	164604	356933	736615	736197	737074	736898	735436	736792	736726	737183	736956	737063	737285	736686	736948	737108	728927	690380	735183	731558	737057	736958	735437	736594	519074	735519	680644	667209	600561	733669	736134	242763	325458	736400	700494	728794	330801	488739	650356	735514	737214	732897	737327	734353	736069	735738	100025	737276	354954	734596	719152	736183	735729	734957	736928	735059	728216	735779	572101	736843	713959	735718	735457	735427	736427	629213	737027	733393	733952	736435	736523	737006	736881	737185	736060	643847	697432	734967	705226	702620	723672	735897	623414	733155	726649	702620	732531	510563	717905	694031	728554	695557	728939	722784	558	574	3	602	318	619	315	615	155	496	163	544	19	165	8	430	622	634	165	34	2	562	98	8	161	269	150	648	542	156	423	568	276	40	266	14	637	162	572	491	641	550	561	427	418	267	635	272	264	30	550	276	551	1	167	277	3	542	315	1	2	3	247	3	562	42	48	163	64	0	431	39	422	3	82	564	276	272	432	545	541	28	211	427	157	297	557	330	167	612	164	263	564	577	8	573	431	431	379	147	0	170	2	0	0	2	0	484	229	425	3	308	87	87	415	182	258	254	0	0	164	565	0	3	264	161	270	46	561	6	263	378	267	273	0	276	541	413	255	133	3	1	0	259	163	273	223	3	158	420	165	0	188	554	0	3	470	240	550	263	243	314	310	227	0	621	396	531	0	599	148	3	352	265	293
NC_063218.1	54000001	722171	720306	720654	721273	679958	718619	718999	718845	719551	715847	717506	679574	720169	96982	354131	713443	720386	713636	719054	718478	231217	229609	718979	279962	717305	714640	720017	718721	720281	679816	659161	714570	688099	684723	199122	719192	124649	718811	719720	718943	714881	718795	717901	717691	716493	718160	720235	716808	644590	718122	295400	718583	721057	718541	712264	716705	627247	381912	718869	715533	268622	393014	720620	694019	719364	720693	198582	296817	718785	718488	720368	720414	248023	719989	720681	268866	717278	720784	715707	720154	639670	718392	288435	441344	718820	717488	720728	720797	718693	714551	720818	721363	721362	720806	721264	714662	720247	717199	699013	690665	719207	701954	712534	715076	709707	717924	580919	714950	685434	531931	653515	718635	714461	392836	489916	713827	693893	707994	461790	573854	668031	716122	716737	718732	721554	712880	717632	719510	280513	721292	483781	717606	701142	718964	720030	704228	713459	717656	682277	717921	614821	719956	700549	718637	717637	716669	719164	646862	721050	711660	713889	717406	719029	718753	720522	719084	720047	642738	704695	719257	708789	701134	697665	716327	664434	716677	717120	697087	716094	580647	711173	689859	717401	655009	716588	699084	146	297	523	459	546	504	453	499	491	570	234	285	29	177	184	619	594	610	373	81	116	293	161	178	374	491	393	723	458	456	151	273	468	58	477	29	504	461	423	565	713	612	284	161	613	475	707	0	482	69	427	490	476	457	6	419	183	609	472	141	186	567	405	564	488	120	159	366	274	1	621	118	610	575	136	486	505	508	615	221	484	85	303	622	490	224	504	506	356	506	472	490	486	297	183	290	357	146	565	402	208	362	489	205	6	401	363	465	299	250	562	455	146	238	426	455	524	391	174	5	373	489	89	582	69	369	75	37	291	292	538	151	496	73	275	428	507	484	420	339	573	5	2	417	373	426	372	581	357	424	374	87	491	436	5	73	349	404	506	71	391	429	458	65	73	618	159	285	2	602	312	70	3	466	426
NC_063218.1	55000001	840893	840194	840296	840317	837965	837870	839466	838187	839244	839251	838532	839501	839292	65265	347351	838764	840313	837667	839424	840244	143643	210261	839417	188495	839186	839271	839610	838330	839887	834571	837619	839434	839131	837837	170627	839148	77497	838985	839154	839331	838861	838244	838994	838397	839693	838791	839284	837744	837230	838002	224856	838637	840291	839119	840322	839323	838370	422725	839195	838708	220451	400935	839333	831268	837952	840070	152726	211407	840655	838800	839481	840364	138815	839814	839565	242717	839844	840448	838447	840283	834765	838393	214225	479955	839537	839492	840362	839921	838074	840297	840002	840298	840167	840123	840544	839818	840384	840101	830436	809818	838584	834488	840260	840266	838362	839852	645900	839468	800318	766458	732509	837884	839736	321571	439757	839581	809821	831564	442418	633144	765639	839351	840600	838015	840736	837894	839336	838793	146134	840546	466024	837334	828124	839337	838875	839761	840640	837490	829971	838944	691084	840246	823399	839773	838842	839923	839829	747886	840258	837124	838094	839630	839757	840097	840066	840534	839203	761410	812495	838600	824587	816881	823547	839241	758589	836543	833441	813755	836824	645038	826938	812264	834524	808958	832918	827348	0	245	810	682	765	589	489	40	789	218	0	457	19	61	883	254	243	246	247	20	80	457	84	868	244	250	862	712	675	741	1	729	240	33	648	14	38	884	801	220	703	249	452	1	540	649	697	0	244	98	215	665	676	246	60	497	72	246	460	27	53	249	463	236	684	91	23	244	219	0	249	12	248	245	39	689	764	759	287	639	611	92	70	214	772	462	779	788	676	356	908	661	682	463	871	455	842	1	502	854	812	682	356	859	0	152	850	716	193	364	75	489	50	321	214	682	228	320	122	0	246	688	457	253	0	242	1	13	456	90	234	1	751	0	221	496	775	206	476	647	246	0	0	472	245	496	416	250	234	215	281	457	788	297	0	165	178	456	764	0	458	239	482	0	163	236	1	436	1	230	605	155	4	625	459
NC_063218.1	56000001	815363	814920	815024	815062	808725	812935	814231	813239	813546	814086	813776	812424	811745	42808	261887	814158	814042	813175	813900	814712	71356	155864	814251	112337	813864	814281	814086	812893	814559	808034	811337	813865	805853	807976	116506	813519	55184	813815	813630	814064	814124	812071	813699	813210	814371	813449	813941	812537	806453	812663	140858	813275	814887	813691	814902	814017	808375	322230	811836	814322	135508	305360	813955	798923	811730	814545	100033	134839	815188	812721	813771	814756	81131	813973	814271	166704	814552	815181	814229	814841	802087	812691	140763	390798	813700	813854	814970	814954	813527	814561	814981	815041	814827	814973	815156	813362	814944	814948	806857	776480	812954	809859	814756	815078	813040	814114	592374	814496	757609	761594	684560	811410	814480	284997	378320	814278	779843	805479	346651	560956	724302	814541	815149	811676	815133	812421	813986	813430	93359	815024	382996	811792	793923	813964	813069	813706	815152	812137	809492	813335	643870	814498	791337	813690	812961	814815	814166	703925	814605	811631	813617	814261	814248	814770	814459	814880	813613	715963	777528	812441	790101	783533	805026	814006	705134	809661	806835	782878	810462	580230	799393	779148	807311	773636	806993	802432	617	727	204	519	703	819	312	312	726	606	0	832	21	98	682	691	552	555	731	36	50	860	25	673	733	721	669	376	513	681	682	708	667	54	418	23	309	774	390	692	366	589	304	687	667	432	365	1	702	31	594	438	543	685	386	716	126	575	862	50	124	718	683	701	544	32	45	733	0	1	728	2	112	717	42	630	783	784	704	474	729	32	104	0	186	860	831	773	853	751	788	437	758	862	659	855	667	638	612	650	736	856	725	62	167	434	685	684	874	591	1	753	137	205	588	704	662	215	0	1	733	553	77	725	320	716	0	0	747	207	696	612	754	0	0	773	746	626	733	449	705	0	0	738	733	848	634	726	673	604	731	840	721	638	0	559	454	675	816	0	669	707	739	0	543	757	631	802	462	702	275	681	0	721	697
NC_063218.1	57000001	833007	832178	832443	832234	822890	829903	831520	830270	830909	830434	829204	829787	830414	83273	302600	828847	831741	829993	831424	832297	117443	198880	830824	151827	831074	829409	831458	830326	831716	813969	826828	830888	820569	822515	160279	830995	90183	831155	831310	831492	828829	828827	830913	830497	831772	830934	831470	829664	820842	829970	174460	830584	832306	831369	832256	831181	826576	356337	829492	828150	168198	316174	831199	812552	828114	832144	125072	153215	832722	829441	831217	832460	114036	831607	831693	190331	830406	832596	829213	832445	820950	829877	166874	385817	831435	831179	832519	832285	830241	831879	832029	832107	832100	832145	832438	830782	832154	832056	824428	768043	829185	826166	832155	832038	829960	831804	559280	830942	745600	745443	648681	824525	832083	302639	353416	831526	782712	814531	350522	520372	718197	830344	832755	825839	832758	828842	830988	830910	115717	832556	380310	828744	805960	831158	830602	830309	832514	829648	823270	830684	636058	832172	800441	829891	829492	831016	831561	690351	832150	827191	828742	831630	831534	832069	831869	832581	831039	698277	770410	828429	782421	786130	822049	831227	675825	826737	817917	776500	825076	553681	802441	767077	818299	775876	817136	811196	764	41	211	391	526	647	748	740	534	532	0	763	53	152	527	535	517	527	41	6	86	221	68	514	40	401	512	537	381	39	498	41	385	7	0	63	755	640	488	530	530	528	207	505	482	0	527	0	203	87	525	0	392	533	205	41	125	519	223	59	12	40	39	393	392	13	64	41	0	0	409	48	363	41	80	389	666	652	534	350	733	82	198	359	0	787	654	471	645	762	390	0	386	788	682	779	614	477	418	521	346	638	540	346	364	279	531	373	564	152	316	37	139	166	526	545	37	24	0	3	40	396	357	409	375	41	0	1	532	185	36	460	649	299	0	40	442	463	38	359	522	510	1	38	40	219	162	405	39	528	600	768	546	153	0	534	419	36	560	0	38	37	40	1	512	484	451	728	403	466	646	38	466	187	38
NC_063218.1	58000001	786636	785940	786339	786066	783474	784019	785016	784026	784356	785604	785246	782074	784327	49281	246891	785583	785676	784606	785433	786115	60853	158668	785761	85785	785124	785954	785383	784422	785689	782187	781618	785209	757513	782362	128070	784948	57498	784613	785189	785231	785785	781594	784951	784021	785457	784767	785281	784032	779902	783790	113708	784653	786149	785187	786174	784921	776230	294516	783587	785583	110120	228002	785114	762161	781930	785763	79527	106184	786543	781692	784907	786120	63606	785245	785556	164229	786309	786444	785805	786163	765306	783487	125386	291501	785184	784628	786098	786060	784278	785743	785915	786399	786096	786088	786209	782533	786042	786030	779391	714898	781856	781282	785658	786263	784163	785526	463192	786058	679138	719390	584844	778700	785652	254659	263730	785259	729561	766802	260938	415326	652478	786169	786341	776868	786347	782949	785048	784569	61126	786316	286829	782120	749325	784960	784215	784697	786295	782332	779133	784493	560232	785472	741351	783063	783690	786315	785163	624210	785814	779441	785190	785471	785216	785976	785619	786215	784972	611706	711278	781914	719887	729562	778899	785018	590268	779049	764570	719715	777050	445393	746638	705130	764806	728353	768648	763475	668	1	742	2	522	660	655	646	552	494	0	713	14	74	549	543	487	485	1	0	54	1	24	541	1	134	533	488	0	2	441	1	132	1	0	29	649	519	542	491	473	485	715	451	495	0	479	1	2	66	488	1	0	556	725	0	104	472	0	12	3	1	0	129	0	6	10	1	0	0	136	9	135	1	39	1	122	533	492	0	642	61	129	135	1	672	667	186	674	669	1	0	1	671	656	665	679	127	416	142	2	692	557	132	135	68	552	105	477	0	0	1	90	107	482	537	2	4	0	0	1	1	128	135	2	1	1	0	554	119	1	389	506	0	1	4	132	436	2	105	483	594	0	1	1	0	4	135	1	488	196	641	580	62	0	486	94	5	603	0	1	1	1	1	458	433	394	617	283	399	569	2	510	1	2
NC_063218.1	59000001	732695	731339	731603	731574	728691	729971	730886	730588	730805	730789	730422	731383	731023	66813	325437	730831	732094	728833	731287	731909	116425	213235	730927	154377	731152	731055	731192	730444	731633	725699	728614	730958	724983	729120	177266	730681	81576	730106	729909	731327	731478	729213	730083	730286	730719	730145	731247	729891	726269	728728	162004	730586	731332	730647	731566	730167	730457	371379	729530	730646	161034	261440	730967	712373	728253	731007	105454	132994	732291	725828	730868	731373	98070	731274	730234	177501	731994	732314	731410	732060	727937	730061	169416	314636	730481	730366	732158	732196	730361	732053	732104	731709	731967	732162	731787	730046	732212	732063	725148	666357	727640	725117	731344	730869	729876	730442	449880	730844	632527	649580	550194	724060	731381	275870	287457	731516	669998	712179	274254	415102	613045	731751	731414	722448	731654	727986	729952	729425	95306	732354	300609	728755	699919	730343	730519	727144	730943	727081	721869	729181	528157	730460	689616	729067	730113	732115	731014	584633	730992	726311	729775	730734	731064	731471	731849	731691	730879	584119	658830	726591	668767	679533	711221	729381	566034	726289	709777	663873	724364	431093	691049	658113	713707	678841	713750	709794	775	52	804	93	546	809	709	721	650	644	0	640	40	160	633	560	570	553	0	54	99	111	89	543	76	0	538	565	101	93	552	130	0	11	0	80	768	321	555	556	618	613	706	602	596	0	544	94	79	82	549	72	0	576	772	0	254	636	84	0	51	0	81	0	86	0	49	0	68	0	74	22	0	85	141	0	0	256	558	0	705	94	188	76	91	737	729	1	722	728	67	0	0	801	360	726	256	2	476	0	85	809	653	0	69	79	637	69	494	106	3	2	10	233	548	674	97	1	0	95	0	110	80	91	65	67	85	5	563	215	2	486	329	0	97	107	61	556	67	99	631	724	0	1	0	0	4	63	0	610	86	716	626	0	76	544	0	70	749	86	74	63	89	0	532	593	527	667	445	567	624	97	692	1	0
NC_063218.1	60000001	128001	127723	127803	127814	127527	127470	127484	127522	127727	127734	127604	127816	127840	14808	78832	127673	127964	126896	127684	127867	27497	47040	127751	34964	127656	127719	127763	127680	127831	127544	126910	127750	127238	127889	41781	127705	16304	127220	127557	127803	127878	127399	127145	127249	127621	127303	127638	127545	127402	127192	34627	127689	127628	127655	127707	127295	127717	82252	127495	127698	36885	51149	127776	125248	127331	127578	24273	31934	127963	126627	127682	127803	24212	127777	127513	43321	127897	127923	127897	127909	127558	127605	35378	56822	127433	127486	127890	127925	127539	127863	127898	127812	127903	127890	127754	127513	127884	127923	127511	112526	126993	126948	127640	127701	127706	127583	72329	127726	103879	109645	89141	125772	127869	57464	50126	127854	113686	122720	49389	66624	104722	127911	127765	125581	127707	127322	127423	127348	22344	127961	51701	127502	120643	127487	127669	127123	127664	126893	126478	127330	87049	127416	116626	127175	127610	127969	127708	100302	127492	126642	127538	127544	127820	127777	127902	127769	127705	98247	107308	126135	110983	116784	120432	127101	92088	126488	121459	110977	126225	68412	117363	109266	123329	118383	124375	123933	182	106	188	98	5	200	93	95	121	126	1	99	16	0	136	5	76	5	0	26	1	124	1	5	103	0	5	5	88	133	5	140	0	14	0	11	177	101	5	5	105	94	95	84	71	0	5	95	112	25	4	105	0	34	168	0	45	120	119	0	43	0	103	0	92	1	47	0	100	0	95	23	0	85	36	0	0	1	5	1	98	29	6	86	104	99	94	2	98	98	68	0	0	200	132	98	3	0	4	0	85	208	95	0	81	87	86	91	61	73	0	0	2	70	4	148	93	2	1	84	0	77	95	97	97	105	107	0	5	10	0	5	100	1	90	79	86	109	103	93	106	175	1	0	0	0	0	118	0	97	99	97	109	0	94	4	0	86	165	112	112	43	95	1	5	106	101	92	133	89	168	102	155	1	1
NC_063218.1	61000001	611773	611234	611508	611391	608367	609846	610668	609818	610084	610622	610955	610024	608907	44427	220250	611099	611135	609692	610885	611393	69388	129512	610965	79970	610572	611402	610726	610050	610963	607392	607453	610619	604386	608298	117158	610274	51408	609944	610062	610817	611302	608659	610401	609688	610670	610102	610629	609775	604968	609566	97942	610259	611319	610448	611472	610212	607751	243082	608519	611068	101035	184227	610673	595151	608243	610977	67229	88958	611679	607822	610479	611259	58637	610774	610706	125174	611626	611601	611348	611282	602705	609872	111172	228596	610516	609995	611485	611451	610212	611356	611425	611395	611488	611539	611452	609690	611447	611355	606678	561224	609218	607638	611099	611418	609924	610843	364097	611162	531738	557871	461212	606131	610958	206795	214627	610671	565931	597584	211543	327264	510368	611584	611199	604644	611329	608780	610168	609979	58500	611393	233781	608109	586225	610146	610019	610206	611325	608700	605628	609966	438507	610678	581174	609332	609543	611590	610571	482501	611158	606782	610485	610912	610797	611033	611055	611338	610272	482846	559705	607605	567354	570362	601858	610175	471612	606841	596473	560054	606616	351059	585679	556268	598295	566739	600032	597042	281	22	288	25	313	289	252	249	347	270	0	408	12	45	354	328	247	229	0	8	29	24	21	321	28	0	324	228	14	31	228	38	0	2	0	9	272	588	324	230	250	254	254	254	347	0	216	27	24	53	228	28	0	352	277	0	120	245	27	0	19	0	14	0	32	35	19	0	22	0	26	14	0	23	58	0	0	573	230	1	258	64	65	28	31	266	251	1	250	252	26	0	0	291	590	262	565	0	287	325	27	279	363	0	28	18	356	36	206	39	0	0	73	119	229	243	35	3	2	33	0	25	28	35	35	30	22	7	323	95	0	207	573	0	31	37	21	228	33	238	257	243	0	0	0	0	5	29	0	252	25	256	351	342	29	227	235	29	633	29	25	23	24	0	215	239	218	244	141	227	361	25	245	0	0
NC_063218.1	62000001	769866	769096	769372	769155	764878	767269	768555	767137	767815	768226	768494	768790	767156	58799	276745	768359	769143	766414	768093	769352	106864	180334	768899	144392	768095	768699	768392	767545	768761	763300	765776	768195	768566	765157	143474	768018	65536	767973	767523	768385	768249	767220	767785	767096	768476	767859	768330	766564	765258	767205	176557	767575	769249	768191	768865	768018	768226	352378	767859	768065	170524	336245	768432	759428	766834	769206	110149	170096	769605	767712	768669	769318	111266	768692	768625	178551	768884	769595	768782	769221	765450	766864	173616	421052	768636	768499	769356	769217	767324	769141	769318	769408	769454	769174	769325	768145	769189	768718	763666	742697	767512	763841	769020	769219	767159	768608	594963	768714	729749	707607	681265	767367	768236	341139	416676	768512	742861	760621	395061	579672	703496	769023	769437	767567	769623	766924	768008	767940	125834	769520	421961	765731	757495	768317	767776	767813	768924	766919	761833	767613	637309	768431	754740	768520	767792	769047	768822	684123	769211	766567	767608	768336	768934	768886	768600	769513	767959	700154	747031	767347	756678	747092	751986	768464	691785	765662	765015	749872	765934	598402	759773	744832	764816	733169	764797	758268	804	0	806	0	626	790	782	789	647	478	0	716	22	108	642	645	461	473	0	1	70	0	43	642	0	311	623	480	1	0	554	0	181	4	0	34	790	651	639	480	472	471	787	564	452	0	464	0	0	92	471	0	0	645	797	0	192	468	0	31	0	0	0	185	1	60	27	0	0	0	194	24	191	0	60	0	0	674	474	0	769	103	199	191	0	809	802	119	613	804	1	0	0	809	677	797	680	183	406	661	1	621	652	180	195	148	647	180	620	0	0	0	215	184	463	715	0	1	1	2	0	1	190	192	182	1	0	0	648	255	0	450	663	0	1	0	190	436	0	522	472	758	0	0	0	0	1	194	0	473	122	782	655	687	0	460	584	0	589	225	2	219	0	197	458	472	440	755	532	460	684	0	717	0	0
NC_063218.1	63000001	831462	830595	830760	830819	827513	828385	829871	828477	829635	829845	829550	830396	829437	58131	328327	829102	830656	826806	829776	830712	158097	195228	830449	206666	829278	830105	829618	828753	830032	826084	828957	829372	830865	826776	144729	829484	65398	829187	829531	829796	829357	828925	829168	828451	829693	829044	829729	828182	828600	828557	254043	829024	830655	829488	829705	829257	829787	446015	829325	829148	243977	468062	829755	824946	828507	830600	161387	253165	830987	829647	830342	830769	172503	829891	830193	252588	830647	830912	829615	830707	828529	828206	240853	563360	829747	829893	830563	830659	828842	830438	830588	830820	830636	830287	830877	830607	830555	830246	824100	812614	829569	824839	830502	831169	829181	830010	713325	830570	806702	740548	776520	829714	830409	390642	560981	830135	810576	825541	513349	710308	781771	830212	831195	829504	831204	828450	829746	829466	202008	831017	558913	828793	821190	830036	828960	830123	831143	828852	822296	829525	722539	830722	821485	830992	829219	830641	830293	765926	830762	829075	828739	829959	830289	830542	830128	830925	829610	786051	818644	829139	825220	817447	798534	830139	784346	827465	828588	817258	829020	719835	825420	816390	827467	805558	827713	821955	552	1	726	0	684	539	540	543	696	156	582	741	13	131	764	702	634	647	1	68	83	0	74	743	617	700	681	661	0	1	686	1	630	1	0	22	550	545	685	601	646	644	701	704	332	0	647	0	1	127	653	1	0	693	715	0	224	651	582	105	1	1	1	642	0	68	123	1	0	0	749	90	652	1	106	1	1	561	653	0	534	112	43	645	0	238	550	630	104	547	1	0	1	555	483	732	479	594	313	784	1	103	706	632	643	516	458	626	431	501	0	561	200	179	653	525	1	4	0	2	1	0	644	691	619	0	0	3	699	408	1	627	554	0	0	1	638	582	1	661	651	542	0	98	580	0	0	683	1	654	442	548	778	803	0	654	732	2	431	633	1	579	1	629	649	649	626	532	438	649	701	2	517	0	0
NC_063218.1	64000001	637299	635833	636254	635913	615440	633372	635435	633918	635260	633895	632702	557252	635961	98907	389221	630325	635773	628306	633318	635587	284797	265486	632207	326073	634298	631046	634200	633891	634504	610047	549171	634194	505089	603463	234315	633253	140996	634461	632968	635155	630788	633041	633823	634514	634846	633727	633143	631430	550011	631605	334447	632275	635188	632104	623748	634557	446853	426695	635057	629549	318390	422910	634051	605661	634829	635160	239290	341978	635226	634258	634157	636057	290386	635165	634659	312953	632585	635811	630262	634591	505900	634361	322907	451575	633830	634620	636239	636356	633607	636091	635974	636363	634362	634562	636696	628551	636123	635723	620825	622251	635090	618354	636299	630349	628116	635563	557391	632754	616466	390553	609980	632871	630772	388640	517605	630309	616728	625883	459992	557786	608844	633284	632846	635700	636444	629180	634131	633121	335988	636391	498882	630566	616277	634443	633498	619025	629363	635012	594958	633411	565964	634622	627458	636525	633982	634462	634409	586736	635742	626946	629432	634801	635512	634848	635042	636363	634325	565903	628345	635239	632255	626193	601773	631673	613171	629853	634484	621169	634234	564417	632267	628907	633368	563515	631545	615627	401	586	500	3	564	402	353	363	596	314	512	423	48	225	589	539	499	589	41	33	158	2	220	582	199	338	576	630	135	101	576	0	571	0	4	59	356	522	573	3	624	620	474	410	462	1	626	42	2	137	627	38	39	502	493	1	316	642	570	237	4	6	35	427	44	153	195	38	38	3	492	206	591	40	177	6	42	495	607	22	367	147	304	584	2	369	403	560	366	363	576	38	130	405	576	494	581	517	429	629	11	367	205	446	594	395	386	450	189	529	134	544	157	415	622	396	43	32	1	9	39	44	594	497	429	37	42	4	587	392	4	528	485	131	44	46	550	419	42	559	500	396	576	562	579	4	5	489	41	638	566	401	198	290	5	493	254	41	375	490	41	479	28	487	505	540	526	390	320	540	372	8	334	4	8
NC_063218.1	65000001	447547	445206	445782	445966	383079	442994	444577	439350	440422	441975	434403	357955	443655	93632	289798	438275	446201	436604	445356	446577	260672	225822	432149	277116	444724	439171	444117	443950	442793	379341	345855	443286	228556	383895	197732	440343	142470	439739	443237	445311	426684	441588	441355	442714	446067	445251	440199	439935	333231	430926	275347	442035	446032	443811	430246	443162	145445	303382	443532	429301	265786	295676	432282	421791	444803	446275	215348	303129	446075	446236	434366	446950	270131	445924	445533	270503	431820	446735	435910	443394	279661	440111	267434	298863	444903	441415	446822	445831	432962	446670	441326	438709	445493	438807	446664	441335	445447	445616	430396	439074	442507	416926	446536	429870	427105	443568	389535	437379	429792	189554	424682	436139	439652	338170	411796	439852	433450	438412	351676	383773	422580	441854	445198	445394	446976	439439	445163	444833	314045	447046	370975	430122	428797	441583	436345	428120	442351	435319	405712	444150	398346	440496	441657	441063	444900	443049	432782	400931	446465	440512	435305	445469	445210	446255	446489	443208	440386	376200	441601	440722	443648	437652	423666	438620	434335	442619	446004	436052	442611	404703	444368	437440	433100	360458	430836	424232	419	345	412	4	398	481	103	99	109	425	343	322	74	40	391	427	380	389	404	186	147	2	129	392	355	411	396	286	282	272	433	1	208	0	9	31	103	417	399	2	284	286	393	317	261	8	279	280	3	45	364	399	381	325	405	1	205	291	420	120	3	3	373	392	397	151	22	419	389	2	154	217	441	392	193	5	393	107	463	194	99	48	250	375	10	412	417	410	417	101	433	393	424	427	406	406	408	394	252	283	5	409	4	218	372	309	68	334	111	408	413	325	41	308	358	411	367	309	5	7	398	388	452	397	313	391	383	3	404	319	6	414	71	423	342	371	413	293	383	330	70	423	428	110	339	7	7	404	369	379	353	413	359	317	12	72	263	76	110	400	82	383	66	46	407	423	420	407	384	415	349	2	318	6	16
NC_063218.1	66000001	12126	11839	11964	11799	11810	11969	11650	11921	11806	11592	11931	11559	12037	4075	7593	11874	11880	11648	11926	12036	7324	7159	11660	7847	11909	11781	11929	11757	11949	11821	11989	10868	9504	11872	6786	11978	3694	12016	11818	11891	11879	12057	11991	10413	11798	11096	11965	11981	11291	11929	7926	11789	12071	11664	11581	11309	7440	8936	11705	11663	7565	8587	12016	11466	11974	12077	6330	7759	12063	12035	12004	11973	6128	11868	11961	7461	12014	12091	11973	11472	11014	11912	7739	9252	11776	11931	11996	11936	11336	11867	11963	11935	11961	11645	12009	12006	11793	11790	10672	11264	11852	11167	11755	12019	11290	11906	10357	11892	11550	9775	10599	11269	11175	6416	8914	11618	11332	9995	7993	9767	10498	11975	11919	11575	12017	10708	11996	11701	6404	12113	9382	11325	11300	11999	11343	11315	11652	11027	9664	11827	10818	11311	11380	12040	11774	11967	11991	10770	12046	11265	11895	11719	12031	11576	12078	12075	12005	10762	11482	11873	11498	11641	11454	11218	11291	11730	11989	11678	11793	10260	11817	10958	11852	9835	11729	10513	4	3	8	1	4	2	7	11	0	4	10	0	1	0	4	4	4	4	9	2	6	6	2	4	11	5	10	10	2	2	5	5	0	1	1	1	8	3	4	0	8	0	2	5	6	0	8	4	1	0	5	5	5	4	2	0	2	0	5	3	0	0	11	3	10	4	6	5	5	9	9	6	9	4	3	1	11	9	3	4	0	0	1	9	0	11	4	4	4	0	4	3	4	10	4	10	5	5	12	1	1	2	9	9	12	4	1	3	3	3	5	2	4	8	5	4	3	6	0	6	4	4	5	4	4	5	5	1	11	4	1	5	7	5	4	4	5	4	4	3	0	12	3	0	3	8	0	4	3	11	3	12	1	0	0	1	0	5	8	12	9	3	0	0	3	5	5	11	4	4	3	1	6	1	1
