chrom	window_start	sites_total	calls_AL101	calls_AL102	calls_AL103	calls_AL114	calls_AL119	calls_AL120	calls_AL121	calls_AL124	calls_AL125	calls_AL127	calls_AL129	calls_AL133	calls_AL134	calls_AL137	calls_AL138	calls_AL141	calls_AL142	calls_AL143	calls_AL146	calls_AL149	calls_AL153	calls_AL155	calls_AL156	calls_AL159	calls_AL160	calls_AL162	calls_AL166	calls_AL170	calls_AL173	calls_AL174	calls_AL175	calls_AL176	calls_AL177	calls_AL178	calls_AL180	calls_AL181	calls_AL182	calls_AL184	calls_AL185	calls_AL187	calls_AL189	calls_AL193	calls_AL196	calls_AL197	calls_AL199	calls_AL200	calls_AL201	calls_AL204	calls_AL207	calls_AL208	calls_AL209	calls_AL210	calls_AL213	calls_AL215	calls_AL216	calls_AL220	calls_AL223	calls_AL231	calls_AL238	calls_AL241	calls_AL242	calls_AL243	calls_AL244	calls_AL246	calls_AL254	calls_AL255	calls_AL256	calls_AL263	calls_AL266	calls_AL269	calls_AL272	calls_AL273	calls_AL274	calls_AL276	calls_AL278	calls_AL279	calls_AL283	calls_AL284	calls_AL288	calls_AL292	calls_AL300	calls_AL303	calls_AL304	calls_AL307	calls_AL309	calls_AL313	calls_AL32	calls_AL35	calls_AL75	calls_AL82	calls_AL86	calls_AL88	calls_AL91	calls_AL92	calls_AL95	calls_AL97	calls_AL99	calls_K1423	calls_K1461	calls_K1542	calls_K1544	calls_K1567	calls_K1579	calls_K1580	calls_K1583	calls_K1603	calls_K1606	calls_K1608	calls_K16100	calls_K1614	calls_K1617	calls_K1618	calls_K1623	calls_K1627	calls_K1632	calls_K1640	calls_K1650	calls_K1660	calls_K1663	calls_K1665	calls_K1669	calls_K1672	calls_K1680	calls_K1684	calls_K1693	calls_K1696	calls_K17007	calls_K17008	calls_K17010	calls_K17013	calls_K17014	calls_K17025	calls_K17028	calls_K17030	calls_K17032	calls_K17033	calls_K17034	calls_K17035	calls_K17037	calls_K17040	calls_K17042	calls_K17044	calls_K17045	calls_K17048	calls_K17052	calls_K17053	calls_K17056	calls_K17062	calls_K17064	calls_K17073	calls_K17077	calls_K17078	calls_K17081	calls_K17083	calls_K17087	calls_K17091	calls_K17094	calls_K17098	calls_K17099	calls_K17101	calls_K17102	calls_K17103	calls_K17104	calls_K17106	calls_K18010	calls_K18017	calls_K18019	calls_K18022	calls_K18034	calls_K18078	calls_K18083	calls_K18084	calls_K18091	calls_K19018	calls_K19019	hets_AL101	hets_AL102	hets_AL103	hets_AL114	hets_AL119	hets_AL120	hets_AL121	hets_AL124	hets_AL125	hets_AL127	hets_AL129	hets_AL133	hets_AL134	hets_AL137	hets_AL138	hets_AL141	hets_AL142	hets_AL143	hets_AL146	hets_AL149	hets_AL153	hets_AL155	hets_AL156	hets_AL159	hets_AL160	hets_AL162	hets_AL166	hets_AL170	hets_AL173	hets_AL174	hets_AL175	hets_AL176	hets_AL177	hets_AL178	hets_AL180	hets_AL181	hets_AL182	hets_AL184	hets_AL185	hets_AL187	hets_AL189	hets_AL193	hets_AL196	hets_AL197	hets_AL199	hets_AL200	hets_AL201	hets_AL204	hets_AL207	hets_AL208	hets_AL209	hets_AL210	hets_AL213	hets_AL215	hets_AL216	hets_AL220	hets_AL223	hets_AL231	hets_AL238	hets_AL241	hets_AL242	hets_AL243	hets_AL244	hets_AL246	hets_AL254	hets_AL255	hets_AL256	hets_AL263	hets_AL266	hets_AL269	hets_AL272	hets_AL273	hets_AL274	hets_AL276	hets_AL278	hets_AL279	hets_AL283	hets_AL284	hets_AL288	hets_AL292	hets_AL300	hets_AL303	hets_AL304	hets_AL307	hets_AL309	hets_AL313	hets_AL32	hets_AL35	hets_AL75	hets_AL82	hets_AL86	hets_AL88	hets_AL91	hets_AL92	hets_AL95	hets_AL97	hets_AL99	hets_K1423	hets_K1461	hets_K1542	hets_K1544	hets_K1567	hets_K1579	hets_K1580	hets_K1583	hets_K1603	hets_K1606	hets_K1608	hets_K16100	hets_K1614	hets_K1617	hets_K1618	hets_K1623	hets_K1627	hets_K1632	hets_K1640	hets_K1650	hets_K1660	hets_K1663	hets_K1665	hets_K1669	hets_K1672	hets_K1680	hets_K1684	hets_K1693	hets_K1696	hets_K17007	hets_K17008	hets_K17010	hets_K17013	hets_K17014	hets_K17025	hets_K17028	hets_K17030	hets_K17032	hets_K17033	hets_K17034	hets_K17035	hets_K17037	hets_K17040	hets_K17042	hets_K17044	hets_K17045	hets_K17048	hets_K17052	hets_K17053	hets_K17056	hets_K17062	hets_K17064	hets_K17073	hets_K17077	hets_K17078	hets_K17081	hets_K17083	hets_K17087	hets_K17091	hets_K17094	hets_K17098	hets_K17099	hets_K17101	hets_K17102	hets_K17103	hets_K17104	hets_K17106	hets_K18010	hets_K18017	hets_K18019	hets_K18022	hets_K18034	hets_K18078	hets_K18083	hets_K18084	hets_K18091	hets_K19018	hets_K19019
NC_063216.1	1	758922	758282	758214	757454	750156	755832	757639	756510	756951	757543	757277	756947	757537	75782	387174	757010	758189	752406	757319	758247	226040	240512	757730	278212	757331	756971	751245	756944	757221	749867	755957	748882	753245	748532	202472	756986	103056	751016	756727	757392	756816	756514	757070	755747	757656	756921	757001	755680	749358	749015	290186	756425	758033	756672	753857	748794	754595	460974	757064	756406	280435	428545	749807	748392	749866	752488	190774	277904	758351	756642	757703	757880	226063	757890	757542	270841	757740	758303	757059	758204	756358	756509	287437	496790	756925	757654	753851	751060	755485	758326	757713	758390	758052	758271	758536	758473	758030	758074	748045	737540	757123	748812	750833	751742	755751	757891	622276	757274	724007	716910	693668	756745	756632	370753	472694	757352	734597	749103	473453	609177	708449	757562	758282	756715	753211	753449	757322	756384	209236	753802	486398	754929	746517	757194	756703	754218	756709	755996	734616	749611	652965	749044	746305	757232	755583	757960	757313	690737	758241	754407	756145	757344	757806	758051	758000	758547	757242	699352	743250	757062	749098	742724	729627	747573	706823	754111	754424	743149	754749	624469	750749	742383	755414	730199	754218	747459	501	617	625	2	557	499	6	583	574	404	397	563	29	186	402	571	537	560	595	70	86	595	98	392	572	2	400	591	556	614	2	1	0	2	0	27	0	564	623	566	562	557	553	564	559	580	553	2	1	67	578	588	622	574	2	395	2	575	399	114	2	1	0	0	3	67	2	590	510	584	308	74	259	562	112	594	530	595	231	566	380	2	1	568	493	0	2	582	530	593	624	587	626	598	577	587	573	513	293	555	278	135	4	256	526	397	566	2	477	6	563	2	100	239	4	525	533	247	278	511	589	622	305	4	541	580	552	85	3	3	532	550	569	558	590	572	554	2	4	436	4	3	398	565	401	584	473	569	562	2	567	266	587	4	627	561	0	556	391	542	546	551	2	472	532	551	554	570	373	538	513	553	536	574	2
NC_063216.1	1000001	845230	844048	844385	844430	835887	842335	843516	842147	843114	843514	843097	844261	843713	66172	375433	843069	844363	840176	843751	844493	215857	212643	843616	258308	843044	843191	843364	842066	843851	820521	842899	842962	844603	837866	175822	842878	84330	842986	843165	843344	843065	843258	843123	842618	843544	843105	843340	841851	837857	842258	306643	842640	844299	842971	843157	843202	843973	450108	843507	842775	281361	492187	843630	836151	842492	844329	189774	318505	844527	843444	844072	844532	240150	844086	843952	279757	843604	844763	843111	844396	842209	842090	297058	577842	843539	843463	844582	844221	841980	844141	844158	844436	844174	844311	844623	844562	844407	844159	836748	827080	843441	838178	844644	844655	842545	843968	714384	843816	816786	804488	790153	843585	844190	433417	560310	844160	822303	838350	548424	709338	797545	843715	844947	843403	844979	841600	843340	843287	241077	844803	570387	842324	835106	843572	843030	843259	844725	842701	830149	843246	739515	844294	833903	844318	842872	844120	844032	778673	844257	842339	842426	843760	844139	844440	844156	844767	843336	786873	831909	842906	837330	830245	812485	843232	797931	841143	841626	829854	842937	721903	837886	827924	841925	812756	840953	836637	716	776	852	631	775	308	106	478	908	792	793	829	30	200	790	835	791	827	898	118	132	798	131	771	915	1	769	872	780	858	1	94	1	2	0	51	2	897	862	834	817	817	818	823	816	891	814	631	1	126	887	906	852	889	626	808	125	806	809	152	0	642	647	1	641	121	171	911	816	540	319	67	369	806	180	907	807	795	932	877	134	0	1	831	205	644	640	872	1022	873	784	872	868	906	837	902	834	757	662	885	655	834	644	206	981	631	830	1	814	108	785	657	251	473	0	390	788	488	559	480	911	874	335	641	756	889	780	172	643	212	795	873	778	788	894	834	778	612	0	753	1	106	813	693	815	749	725	833	869	0	896	352	897	305	869	847	276	718	791	822	726	809	518	764	781	744	867	768	603	738	782	821	806	866	617
NC_063216.1	2000001	851359	850586	850701	850768	847103	848458	849894	848654	849327	850004	850107	850275	849031	57326	319078	849911	850467	846798	849673	850947	148065	179221	850313	202124	849343	850196	850054	848997	849993	845438	848500	849272	850497	845867	139289	849232	65425	849501	849337	849674	850091	849322	849471	848850	850087	849242	849717	848809	846741	848181	231846	848872	850716	849394	848745	849550	849868	397148	849235	849737	219664	435768	850167	843047	848668	850600	141630	245565	850810	849540	849926	850729	164287	850210	850242	218797	850590	850885	849863	850777	847227	848541	219209	553239	850088	849437	850666	850566	848692	850587	850527	850568	850583	850621	850870	850626	850644	850486	841455	835486	849897	843395	850602	850539	848505	850263	723694	850001	829994	816583	797532	849589	849664	365621	531023	849925	832434	845279	520028	720204	806994	850282	850571	849849	851140	847364	849898	849314	178482	850918	552095	848530	842362	849815	849211	848838	850197	848582	837565	849601	749449	850429	841913	850906	849341	850569	850252	786624	850604	848259	848949	849974	850471	850527	850345	851010	849656	803453	840081	849454	846775	837193	826071	849500	808978	847449	848434	837995	848727	734120	846021	837557	848540	822463	847741	841613	605	564	608	822	528	749	502	494	841	689	703	537	19	177	703	540	523	534	253	107	78	857	92	688	848	0	228	606	818	736	0	841	0	0	248	47	0	816	748	542	529	529	535	534	652	668	533	526	0	99	503	677	743	698	847	795	222	532	792	124	81	527	722	1	537	72	140	529	533	214	18	6	19	0	125	855	800	675	698	548	0	36	0	535	0	858	857	729	789	605	567	607	673	884	539	674	819	502	800	820	780	540	913	406	667	649	534	1	473	682	846	738	155	366	413	1	511	350	491	189	531	673	20	858	809	529	836	122	914	397	516	652	659	420	670	539	835	468	0	699	0	740	766	0	817	844	530	535	515	419	717	18	760	783	678	0	544	809	786	528	810	517	864	472	0	655	656	641	622	646	510	528	553	770	785
NC_063216.1	3000001	832525	831887	831884	831951	826990	829652	831024	829574	830154	831254	831240	830011	830235	40999	213110	831829	830894	829477	831142	831955	62398	128049	831509	92240	830830	832045	830791	830175	831368	826315	828598	830769	825648	826523	96540	830365	40364	830385	830674	830854	831525	829138	830647	829963	831305	830394	831041	829518	827348	829519	132264	830271	831783	830673	832012	830863	825946	301206	829678	831692	110380	302283	830964	817451	828603	831705	79808	139355	832228	830355	830682	831944	74142	831166	831300	142258	832244	832208	831801	832075	821206	829507	124770	409075	831144	830717	832033	831926	829977	831643	831586	832014	831808	831757	832106	830461	831790	831939	826374	793963	829645	828190	831897	832381	830521	831241	610803	832201	782342	767580	710622	829069	831578	325929	412704	831338	793742	822553	374004	590772	741355	832100	832242	828393	832276	829449	830802	830724	99076	832137	422017	828438	813129	830889	829882	831358	832329	828558	826396	830017	663028	831818	809530	831218	829925	832287	831339	716491	831592	828784	831370	831259	831353	831759	831537	832049	830600	743705	797361	828694	808152	803264	819796	831250	724026	826787	822840	800571	827063	613884	817116	799170	823718	787450	824669	818376	513	210	604	444	604	208	1	0	525	377	512	618	3	78	522	715	609	612	0	16	27	465	25	509	391	133	0	514	407	269	130	485	125	3	391	17	0	520	285	615	602	611	539	622	511	368	601	574	132	27	614	375	284	625	460	448	71	605	477	23	97	611	277	33	616	12	27	519	603	508	0	0	0	0	24	519	484	376	54	570	258	33	0	614	469	464	461	209	476	513	214	508	519	450	551	373	478	567	482	514	499	617	628	498	519	190	635	0	324	373	308	301	65	199	511	0	560	120	149	431	415	524	0	315	418	409	302	26	624	168	571	230	368	0	377	624	304	560	0	388	168	133	234	0	450	454	390	542	490	633	297	0	307	143	524	0	409	405	471	420	409	432	369	435	0	578	329	351	252	564	559	564	437	458	471
NC_063216.1	4000001	818696	818083	818107	818023	812271	816329	817206	816408	816299	817015	817447	815849	815216	36828	192275	817480	817239	816426	817497	818136	46441	129479	817608	66644	817166	817727	817606	816635	817640	810732	814063	817383	807063	811602	99676	816991	41696	816816	817202	817182	817561	814711	816991	816210	817475	816949	817312	815980	812378	816117	99912	816743	818117	816740	818463	817052	809907	256049	815324	817183	92075	250043	817122	801054	814542	817855	61538	100561	818587	815576	817007	818122	58712	817596	817568	124704	817771	818494	817596	818246	802600	815753	102209	348104	817359	817118	818224	818138	816250	818126	818153	818289	818122	818143	818351	815941	818218	818266	811639	774270	815950	813672	818157	818330	816454	817722	578055	818038	758799	739189	681371	813984	817801	281048	366932	817442	779636	807852	334110	547015	721737	817952	818317	814361	818461	815883	817055	816742	74720	818324	376297	815305	797394	817008	816172	817101	818315	815309	812079	816425	627245	817854	791795	816896	816237	817990	817492	692529	818042	814517	817090	817536	817712	818014	817777	818271	816962	705847	777836	815165	789589	782880	805946	817434	687123	813931	807868	781932	813433	562036	799259	777962	808607	768313	810415	804098	357	541	560	350	706	544	1	0	566	356	534	707	6	76	570	545	556	701	0	14	0	380	13	564	0	350	0	353	335	512	350	528	338	38	555	0	0	551	531	724	180	711	638	715	551	351	184	549	347	21	710	357	540	728	372	525	45	690	567	0	91	702	88	0	714	6	22	359	705	614	0	0	0	344	29	588	571	0	533	620	544	30	0	708	535	383	379	432	560	355	451	354	557	95	644	357	567	671	503	544	530	719	728	163	562	0	571	0	386	404	0	87	0	184	275	0	216	87	0	483	474	561	0	0	344	455	0	21	718	237	221	253	0	0	357	187	0	646	0	372	356	0	0	0	358	372	255	357	329	183	93	0	94	0	563	338	236	328	564	0	336	0	0	243	334	587	43	0	170	570	637	222	278	543	567
NC_063216.1	5000001	806668	805776	805843	805550	798513	803790	804663	804099	804613	804842	804754	804533	803031	44497	214014	805042	805197	803423	805177	806092	74822	123448	805395	104271	804993	805127	805252	804129	805286	796889	801898	805168	801346	798836	100473	804914	35803	803975	804519	805075	805249	803285	804433	803883	804893	804353	804705	803898	800469	803243	132311	804627	805621	804758	805841	804644	802010	312591	803104	804642	124400	321437	805114	793436	803117	805515	85160	146747	806346	803961	805154	805633	84656	805514	804964	150733	806073	806316	805327	806107	798423	804062	132569	410056	804583	804718	806113	806097	804322	805980	806042	805850	806093	805929	805925	804328	805970	806007	799338	774530	804491	800465	805647	805867	804427	804951	604862	805381	759862	753372	705499	803459	805331	336790	405298	805505	776291	796457	379251	588528	729432	805818	805602	803138	806107	802447	804366	803770	103716	806336	412255	803083	790949	804557	804453	804345	805447	802903	796922	804029	659784	805076	787956	805259	804318	806082	805470	709850	805427	802416	804250	805011	805641	805394	805801	805838	804769	719127	779527	803593	788587	780707	788865	804132	720493	801972	799449	778594	802769	606883	794096	774242	798968	765255	799460	795244	110	881	714	118	808	842	0	0	957	142	815	807	3	80	963	649	899	815	1	134	1	177	0	817	161	2	1	2	126	726	2	1025	2	79	823	1	163	948	586	832	131	940	584	954	882	2	0	900	107	48	810	165	582	943	104	813	132	968	965	0	236	808	88	0	948	0	86	2	974	812	120	61	0	940	84	838	836	0	837	752	810	100	5	945	722	2	2	570	824	2	743	2	587	153	735	2	826	755	762	807	923	992	1003	2	967	107	974	103	674	728	0	0	0	387	3	141	163	8	0	823	835	742	138	135	111	957	139	0	828	328	0	2	137	0	147	168	117	877	142	696	144	124	0	0	2	2	3	137	2	146	115	0	146	0	748	818	2	105	929	136	120	142	153	2	796	753	94	0	66	726	860	130	129	785	774
NC_063216.1	6000001	713200	712293	711243	712249	707154	710442	710146	710771	711220	711929	711803	712049	710245	46023	250477	712204	712187	709759	711833	712692	98687	143372	712100	125558	711672	712221	711785	711007	712011	706489	709626	711418	709309	707884	117436	711595	47028	710774	711166	711826	712394	710437	710650	710290	711639	710626	711713	710192	707019	709836	146769	710777	712264	711072	712049	710818	710978	311605	710276	711997	137604	280787	711912	699215	709775	711952	90709	140420	712837	709630	711746	712217	95072	712047	711689	144175	712886	712898	712449	712632	707687	710838	143722	346954	711534	711015	712627	712693	710832	712695	712651	712459	712477	712592	712547	711194	712553	712531	707359	676139	711016	707674	712084	712326	710560	711562	513519	712261	660157	652159	608462	710194	711937	290771	349894	711886	679665	701668	319356	497124	632528	712837	711836	709268	712599	709109	711256	710589	94572	712872	354314	709685	690472	711141	711021	710768	711616	709710	705152	710989	555704	711625	690707	712087	711297	712941	712383	609087	712143	709612	711680	711595	711971	712152	712455	712209	711532	625577	681103	709993	691356	683413	690469	710837	614540	709059	704602	684155	708856	513390	697890	679540	705227	671587	706120	701540	10	45	571	29	469	48	0	0	509	33	488	476	1	118	506	550	482	472	0	61	0	29	1	468	14	2	0	2	40	577	2	499	2	56	475	3	18	502	550	486	26	486	399	494	487	2	0	511	16	67	473	16	544	489	19	474	37	501	504	1	126	472	18	0	506	0	17	2	484	471	24	4	1	486	11	492	490	0	479	458	474	64	5	494	565	2	2	547	482	2	570	2	546	16	441	2	483	455	420	469	516	503	516	2	504	37	520	28	395	398	0	0	9	206	2	33	59	1	0	441	492	595	16	29	31	493	29	2	486	203	0	2	16	0	45	47	25	483	34	396	60	36	0	0	2	2	5	24	2	9	16	0	33	0	580	481	1	32	510	31	19	20	28	5	458	544	29	0	24	540	461	20	31	456	440
NC_063216.1	7000001	43762	42109	42100	42059	41388	40655	41720	41151	41643	41701	42098	36861	42267	14141	32573	41369	42863	39621	40467	41532	26620	24952	42298	26917	41706	41295	41374	40836	42129	38336	36160	41538	32123	42338	25075	41651	18520	40664	41743	42040	40817	41780	41091	39684	41671	40736	41328	41109	39061	41337	28263	41811	41741	38996	37663	40136	31767	27795	42535	40335	27331	30547	42562	39931	42254	42532	21571	27613	42413	42478	42791	43092	24993	42039	42629	27710	42689	42955	41404	42718	30813	41871	29437	31565	41261	41650	41215	41896	40692	42437	41043	42356	41480	42548	42453	42077	42040	41790	42374	42697	42951	41653	43175	43034	42329	42520	35011	41832	40916	35572	39286	43412	42762	31305	36563	43069	41725	42031	33007	36819	41321	42718	43247	42733	43413	42114	42456	42670	30475	43293	34352	42928	40966	42686	42095	40577	43299	42699	39532	42844	37580	43471	41261	43511	42657	42741	42955	35655	42413	42563	41235	41860	42813	42709	42793	42923	42828	35682	41610	42403	43301	40905	38195	42810	41817	42228	42420	41384	42913	38242	41719	42855	42573	32905	43149	40900	0	0	0	0	44	2	0	29	32	0	2	0	14	22	10	31	19	51	32	3	16	0	0	31	8	7	32	0	28	32	31	0	34	2	8	6	1	0	33	32	33	25	5	9	22	32	29	0	7	34	27	26	6	0	0	0	0	33	30	21	0	0	35	31	26	1	0	0	21	0	0	13	29	9	4	0	29	26	11	20	10	0	0	0	28	0	0	0	9	55	0	32	1	2	11	2	9	26	2	8	30	0	7	2	0	0	3	2	0	1	32	30	13	0	2	0	0	0	25	9	9	27	0	9	2	0	30	2	11	0	9	9	10	33	1	0	2	23	0	0	9	75	0	2	11	0	73	0	9	31	33	33	31	2	33	9	2	72	33	9	68	0	32	8	8	76	77	27	6	81	0	0	61	2	27
NC_063216.1	8000001	0	0	0	0	0	0	0	0	0	0	0	0	0	0	0	0	0	0	0	0	0	0	0	0	0	0	0	0	0	0	0	0	0	0	0	0	0	0	0	0	0	0	0	0	0	0	0	0	0	0	0	0	0	0	0	0	0	0	0	0	0	0	0	0	0	0	0	0	0	0	0	0	0	0	0	0	0	0	0	0	0	0	0	0	0	0	0	0	0	0	0	0	0	0	0	0	0	0	0	0	0	0	0	0	0	0	0	0	0	0	0	0	0	0	0	0	0	0	0	0	0	0	0	0	0	0	0	0	0	0	0	0	0	0	0	0	0	0	0	0	0	0	0	0	0	0	0	0	0	0	0	0	0	0	0	0	0	0	0	0	0	0	0	0	0	0	0	0	0	0	0	0	0	0	0	0	0	0	0	0	0	0	0	0	0	0	0	0	0	0	0	0	0	0	0	0	0	0	0	0	0	0	0	0	0	0	0	0	0	0	0	0	0	0	0	0	0	0	0	0	0	0	0	0	0	0	0	0	0	0	0	0	0	0	0	0	0	0	0	0	0	0	0	0	0	0	0	0	0	0	0	0	0	0	0	0	0	0	0	0	0	0	0	0	0	0	0	0	0	0	0	0	0	0	0	0	0	0	0	0	0	0	0	0	0	0	0	0	0	0	0	0	0	0	0	0	0	0	0	0	0	0	0	0	0	0	0	0	0	0	0	0	0	0	0	0	0	0	0	0	0	0	0	0	0	0	0	0	0	0	0	0	0	0	0	0	0	0	0	0	0	0	0	0	0	0	0	0	0	0	0
NC_063216.1	9000001	0	0	0	0	0	0	0	0	0	0	0	0	0	0	0	0	0	0	0	0	0	0	0	0	0	0	0	0	0	0	0	0	0	0	0	0	0	0	0	0	0	0	0	0	0	0	0	0	0	0	0	0	0	0	0	0	0	0	0	0	0	0	0	0	0	0	0	0	0	0	0	0	0	0	0	0	0	0	0	0	0	0	0	0	0	0	0	0	0	0	0	0	0	0	0	0	0	0	0	0	0	0	0	0	0	0	0	0	0	0	0	0	0	0	0	0	0	0	0	0	0	0	0	0	0	0	0	0	0	0	0	0	0	0	0	0	0	0	0	0	0	0	0	0	0	0	0	0	0	0	0	0	0	0	0	0	0	0	0	0	0	0	0	0	0	0	0	0	0	0	0	0	0	0	0	0	0	0	0	0	0	0	0	0	0	0	0	0	0	0	0	0	0	0	0	0	0	0	0	0	0	0	0	0	0	0	0	0	0	0	0	0	0	0	0	0	0	0	0	0	0	0	0	0	0	0	0	0	0	0	0	0	0	0	0	0	0	0	0	0	0	0	0	0	0	0	0	0	0	0	0	0	0	0	0	0	0	0	0	0	0	0	0	0	0	0	0	0	0	0	0	0	0	0	0	0	0	0	0	0	0	0	0	0	0	0	0	0	0	0	0	0	0	0	0	0	0	0	0	0	0	0	0	0	0	0	0	0	0	0	0	0	0	0	0	0	0	0	0	0	0	0	0	0	0	0	0	0	0	0	0	0	0	0	0	0	0	0	0	0	0	0	0	0	0	0	0	0	0	0	0
NC_063216.1	10000001	0	0	0	0	0	0	0	0	0	0	0	0	0	0	0	0	0	0	0	0	0	0	0	0	0	0	0	0	0	0	0	0	0	0	0	0	0	0	0	0	0	0	0	0	0	0	0	0	0	0	0	0	0	0	0	0	0	0	0	0	0	0	0	0	0	0	0	0	0	0	0	0	0	0	0	0	0	0	0	0	0	0	0	0	0	0	0	0	0	0	0	0	0	0	0	0	0	0	0	0	0	0	0	0	0	0	0	0	0	0	0	0	0	0	0	0	0	0	0	0	0	0	0	0	0	0	0	0	0	0	0	0	0	0	0	0	0	0	0	0	0	0	0	0	0	0	0	0	0	0	0	0	0	0	0	0	0	0	0	0	0	0	0	0	0	0	0	0	0	0	0	0	0	0	0	0	0	0	0	0	0	0	0	0	0	0	0	0	0	0	0	0	0	0	0	0	0	0	0	0	0	0	0	0	0	0	0	0	0	0	0	0	0	0	0	0	0	0	0	0	0	0	0	0	0	0	0	0	0	0	0	0	0	0	0	0	0	0	0	0	0	0	0	0	0	0	0	0	0	0	0	0	0	0	0	0	0	0	0	0	0	0	0	0	0	0	0	0	0	0	0	0	0	0	0	0	0	0	0	0	0	0	0	0	0	0	0	0	0	0	0	0	0	0	0	0	0	0	0	0	0	0	0	0	0	0	0	0	0	0	0	0	0	0	0	0	0	0	0	0	0	0	0	0	0	0	0	0	0	0	0	0	0	0	0	0	0	0	0	0	0	0	0	0	0	0	0	0	0	0	0
NC_063216.1	11000001	303680	303120	302983	303245	301022	302568	302454	302593	303111	302579	302345	303541	303325	29257	173946	302495	303554	301421	303131	303525	85781	98513	302848	107811	303031	302642	302988	302763	303214	300964	301606	302996	302279	302863	94224	302974	40590	302494	302688	303167	302924	302543	302527	302257	302734	302340	303007	302504	301662	302225	107993	302826	303181	302450	302760	302331	303414	191941	302764	302228	104682	167544	303175	299721	302505	302971	76179	108169	303564	302572	303319	303143	80470	303243	302851	104169	303151	303549	302847	303433	302152	302736	107088	196254	302748	302548	303484	303416	302722	303498	303466	303267	303493	303494	303282	303074	303404	303474	301662	294767	302941	301329	302919	303021	302832	302979	239361	302649	288893	284627	269957	302527	303118	174654	183848	303034	289998	298329	177924	235341	277005	303141	303116	302275	303147	301460	302628	302642	76596	303566	185720	302335	298424	302682	302978	302111	302856	301724	299557	302436	253627	302579	296709	303237	302757	303216	303281	270291	302979	302443	302267	302832	303318	303048	303294	303192	302952	278533	294957	302478	297212	294995	282240	302370	279277	302023	300603	294937	302646	246885	298178	292547	300716	287506	301671	299445	28	33	281	65	246	51	0	0	308	76	257	255	0	93	314	236	287	246	0	87	1	57	0	249	63	0	0	0	73	304	0	332	0	77	247	0	54	288	232	256	56	305	42	324	285	0	1	319	69	72	245	69	226	284	62	255	58	321	303	0	146	249	60	0	307	0	23	0	318	253	74	8	0	306	22	256	254	0	250	253	243	75	1	294	279	0	0	228	254	1	284	0	235	43	118	0	255	235	242	249	298	316	329	2	309	78	314	80	226	285	3	3	7	181	0	100	94	1	2	302	257	333	62	71	62	315	64	1	254	146	4	5	65	0	83	86	80	273	68	280	100	74	0	1	0	1	5	56	2	65	61	0	51	1	294	252	1	87	327	71	73	61	81	2	248	303	60	2	64	298	312	70	68	248	223
NC_063216.1	12000001	756007	754770	754714	754925	752770	753268	753544	753470	754508	754654	754637	755236	754636	59410	329531	754460	755343	750884	754816	755454	128352	194108	754938	178181	754663	754970	754649	753839	755126	752385	751960	754090	752928	753235	167217	754237	72552	753270	753837	754505	755168	753243	753647	753497	753952	753444	754513	753346	752078	752326	186649	754084	754549	754212	754162	753573	754797	389375	753043	754384	187318	354819	754670	744810	752914	754543	118568	168995	755523	752079	755063	754731	118107	755027	753651	189652	755648	755649	755461	755492	753830	753473	185669	401867	754132	753804	755558	755488	753866	755516	755520	755024	755493	755251	755114	753943	755500	755523	748624	725844	754213	749216	754587	754795	752889	754141	559515	754728	708862	704501	655911	752983	754335	333195	382484	754443	723201	743587	370339	546066	680064	755628	754514	752551	755065	750932	753597	753034	115537	755710	394333	752443	740756	753701	753948	752755	753813	751723	744923	753050	611951	753747	737710	755101	753729	755774	754871	664159	754614	751582	753966	753962	754817	754608	755183	754771	754466	676929	729909	752379	734760	727987	734866	753063	672655	750598	747805	728823	751971	564186	742616	723163	748431	718087	750217	742810	243	73	701	269	681	70	3	3	645	288	579	693	8	169	649	634	576	693	4	106	2	296	14	577	72	194	3	196	244	644	193	671	189	112	563	0	50	611	561	705	82	743	619	758	625	194	3	629	257	76	672	274	564	716	255	577	94	756	645	0	246	691	92	3	786	15	83	200	737	562	89	53	4	625	43	585	581	3	697	689	569	123	2	739	619	198	198	547	581	198	639	197	632	80	715	198	576	634	525	560	629	772	804	185	633	75	665	96	480	509	5	3	9	268	192	112	106	85	4	553	584	729	69	93	266	639	57	18	704	286	4	183	54	3	302	95	84	689	103	474	286	85	3	4	199	193	169	267	192	68	78	5	76	4	696	571	162	257	625	115	270	61	102	160	550	627	83	4	193	626	717	70	247	545	514
NC_063216.1	13000001	830503	829649	829900	829814	827905	827201	828836	827511	828591	828528	828193	829490	828826	68583	370197	828031	829807	826059	828776	829851	151634	220779	829545	216089	828690	828422	828906	828258	829093	825835	826953	828332	829761	827380	179355	828627	84822	823821	828672	828781	828037	823446	828223	827741	829087	828228	828706	821367	827438	827208	234676	827862	829674	828328	828632	828373	829165	446633	828778	828169	230243	438008	828899	820618	827212	829667	141642	213951	829840	827936	829278	829918	150767	829309	829157	229884	829722	829959	828573	829715	827719	827770	219331	503172	829003	828710	829856	829824	828146	829726	829771	829929	829704	829788	829981	829747	829829	829849	821532	803967	828599	823926	829870	829818	827641	829237	659397	829111	790555	784568	744666	827751	828254	379720	467089	828963	803105	821249	473191	645199	768771	829008	829821	828126	830141	826136	828772	828424	156913	829971	492770	826622	818699	829030	822214	828020	829528	827237	816230	828456	705844	829658	815471	829466	822477	829476	829499	750031	829519	826451	827691	828794	829567	829596	829328	830061	828845	764064	808938	827908	817323	812318	808629	828696	766430	825660	824235	806356	827275	672332	820092	804846	825282	793456	825544	818660	409	1	390	400	437	1	0	0	510	411	504	445	14	112	507	392	480	446	0	74	0	412	52	497	2	399	0	407	408	354	404	511	396	50	499	0	1	389	357	453	2	444	392	450	500	399	0	500	393	61	432	411	351	448	403	507	140	446	507	0	135	444	1	0	454	40	67	408	437	495	2	4	1	504	71	512	507	111	454	447	498	72	0	442	362	411	408	346	504	409	362	408	393	0	408	409	505	415	471	499	466	448	456	388	393	0	504	3	451	426	0	0	2	223	399	1	5	190	0	434	511	391	1	290	391	498	0	59	405	228	0	381	107	0	405	251	311	380	236	404	403	3	0	0	412	397	346	401	379	247	0	1	1	0	393	500	330	386	505	2	383	3	109	342	490	356	0	105	284	352	418	0	89	478	467
NC_063216.1	14000001	821291	820706	820649	820665	817671	818696	819833	818623	819186	819857	819674	820047	818947	48679	262994	819529	820246	818071	819921	820745	114405	149518	820451	165223	819450	819918	819712	819165	819992	816045	817953	819427	819140	816622	116404	819552	52343	819223	819640	819721	819733	818762	819387	818919	820005	819278	819447	818065	815791	817966	199833	818951	820542	819231	820399	819359	819388	328864	819016	819299	178939	383341	819791	808445	817701	820617	116515	220794	820799	818694	819963	820686	147487	820193	820220	189433	820582	820819	819926	820663	814761	818821	199203	487854	819944	819678	820677	820632	818935	820626	820532	820826	820649	820544	820859	819935	820738	820598	812586	789994	819213	815044	820761	820464	818290	820063	660037	819792	779840	768124	735944	818326	819843	343809	466819	819677	795191	812561	451495	645191	757524	820718	820629	818525	821052	817407	819689	819237	157890	820846	487967	817840	807115	819819	818825	819107	820481	818118	809777	819612	683817	820497	804782	819813	818949	820773	820166	737170	820619	817397	819173	819921	820186	820503	820413	820793	819679	747839	796043	818714	804802	798314	798381	819227	742645	816843	815109	796633	817991	650959	809630	795952	815467	785039	814487	807891	668	427	844	646	748	437	0	0	654	672	658	746	21	161	658	817	628	750	2	80	0	671	80	642	0	664	2	663	649	756	657	657	644	63	646	0	0	0	763	759	1	752	898	760	642	652	0	639	639	109	743	671	758	762	659	651	169	752	654	0	226	753	0	0	758	56	107	664	743	652	744	75	736	652	78	661	658	660	762	723	636	110	0	510	753	674	665	757	295	664	778	668	838	0	906	673	656	685	614	637	612	763	643	643	738	0	659	0	571	541	0	0	1	278	666	1	0	304	0	559	663	637	729	670	635	645	0	77	673	379	0	631	648	0	667	762	639	661	736	524	651	0	0	1	672	663	565	664	637	751	0	728	0	0	840	645	583	617	645	0	633	0	644	587	624	702	1	635	459	690	708	0	1	631	603
NC_063216.1	15000001	651863	650959	650478	650215	648782	649202	649642	649408	650116	650717	650811	651065	650354	42176	237749	650473	651178	648081	650313	651339	96029	133093	651340	133147	650395	651008	650711	649460	650816	646881	649173	650313	650809	647644	99740	650174	45159	649343	649986	650412	650603	649662	649811	649840	650631	649925	650131	648597	648228	649463	163363	649905	651279	649724	650930	649770	650592	296784	649548	650677	148773	316668	650469	643998	649408	651209	95551	161246	651567	649783	650699	651371	101701	650914	650783	160549	651242	651471	651070	651367	648531	649316	147525	389050	650420	650305	651461	651201	649104	651082	651070	651086	651239	650197	651533	651002	651200	651222	645342	632724	650208	646984	651390	651314	649022	650679	532621	651154	626453	614743	593059	648947	650315	328725	393010	650159	631423	643973	372194	528167	603317	651320	651364	650164	651526	648409	650597	650066	116730	651452	393732	648916	643545	650559	649946	649860	650622	649050	643892	650149	554266	650490	641646	651048	649010	651228	650653	591921	651208	648604	650170	650669	650730	651205	651073	650629	650164	605653	634855	649808	641506	637823	635340	650331	601922	647572	648004	637533	649250	534083	644442	633516	648029	623021	648041	642612	127	631	683	126	177	684	0	0	230	130	227	217	3	113	231	446	211	186	0	9	0	130	14	223	0	125	0	126	126	643	124	228	124	4	220	0	68	5	648	187	0	180	450	187	223	122	0	223	122	64	177	126	657	188	121	225	46	184	233	18	51	180	4	0	188	10	19	127	189	177	594	67	584	226	0	228	230	229	187	169	215	24	49	3	651	49	127	631	465	126	660	126	682	0	473	127	224	172	204	224	224	231	5	121	586	11	232	2	196	192	0	0	3	90	122	3	4	65	0	194	127	132	589	131	114	221	5	16	126	79	0	117	220	0	131	193	124	168	186	180	128	125	0	0	126	122	109	125	117	186	3	576	3	55	690	223	115	124	232	3	127	0	218	107	214	438	5	212	93	441	208	5	1	222	200
NC_063216.1	16000001	796048	795325	794875	795229	793884	792983	794532	793352	794357	794701	794616	795321	794592	45780	296886	794393	795487	791746	794567	795318	126389	149780	794827	184594	794319	794661	794560	793465	795088	792427	793445	794430	795514	793579	106461	793940	41199	794291	794165	794417	794347	794226	794056	793729	794750	793958	794461	793199	793323	793375	215195	793830	795425	793928	794785	794235	794869	378069	794671	794269	202428	417043	794759	787638	793547	795197	122518	218655	795667	794022	794869	795390	144178	794926	794791	197012	794932	795495	794592	795251	793426	793281	188791	507528	794540	794424	795463	795381	793452	795264	795241	795478	795307	795146	795673	795322	795397	795307	788173	774912	794531	789714	795440	795584	793535	794914	660145	794971	767157	758870	728999	794310	795026	353682	486730	795012	774868	789633	465969	656095	745802	794995	795594	794054	795844	792884	794233	794485	156988	795755	501535	793237	785625	794342	793704	794548	795597	793133	784913	793992	686633	795239	785966	795259	793763	795215	795059	728002	795274	793092	793659	794638	794981	795417	795139	795500	794365	747362	778368	793724	785856	781084	776280	794660	743495	791711	791617	781881	793273	662658	788660	775904	791737	767782	791275	784820	2	166	620	10	635	608	0	0	653	2	651	644	0	2	653	8	617	640	2	65	1	2	0	645	0	2	247	2	2	606	2	655	2	35	425	2	2	0	86	654	1	641	213	644	636	2	1	642	2	3	638	2	605	137	1	650	184	640	651	0	201	644	0	0	655	0	0	2	653	649	539	65	539	647	3	654	647	648	647	641	630	87	0	0	607	0	2	597	221	1	616	1	611	0	225	2	654	588	607	634	602	654	5	2	530	0	651	0	602	549	0	0	0	97	2	0	7	1	0	576	2	9	529	2	2	635	0	0	2	188	0	2	638	0	9	651	2	557	633	522	4	2	0	0	2	2	3	2	2	643	0	531	0	646	619	640	1	2	642	0	2	1	638	2	624	6	0	629	2	6	605	0	0	621	601
NC_063216.1	17000001	825062	824252	824344	824478	819528	822258	823409	822344	823308	823447	822979	824365	823064	62450	317780	822826	824137	821385	823628	824491	111828	197042	823713	163196	823480	823180	823696	822849	824020	809644	822534	823285	824431	820695	155287	823542	74852	822855	823380	823730	822940	822803	823326	822752	823999	823258	823547	822326	819928	822558	184367	822718	824419	823381	823634	823178	823688	376872	823034	822492	176501	358449	823783	813212	821521	824302	115292	163086	824702	821696	823791	824402	112688	824021	823850	181308	823652	824719	822999	824492	822100	822271	171464	431937	823749	823547	824567	824427	822513	824221	824283	824503	824329	824239	824708	824472	824413	824503	815269	791958	822702	817588	824580	824554	822314	824010	622405	823775	776455	770384	711527	822538	824019	287149	398838	823874	796978	815742	406619	603548	749124	823600	824628	822252	824803	820960	823418	823007	110087	824789	429964	821440	810772	823473	822749	822528	824375	822193	812093	823013	673631	824348	808099	823860	822805	824064	823918	727136	824333	820769	822317	823691	824006	824285	824193	824572	823551	738153	796869	822476	806012	798871	811004	823459	736862	820212	817748	795622	820908	628024	811872	791867	818837	784459	818556	812126	140	1	832	682	746	824	0	0	733	141	730	721	4	54	735	70	703	764	0	67	0	141	8	721	0	1	711	139	134	678	1	733	134	101	0	1	134	2	136	780	0	762	755	771	721	138	0	718	225	14	761	140	685	0	143	728	261	769	734	10	198	724	1	0	716	0	1	1	711	771	656	60	654	724	12	720	736	738	774	699	705	87	58	1	689	604	141	676	771	141	696	140	830	0	761	140	727	699	661	155	670	735	0	1	653	3	734	134	613	571	0	0	0	257	136	1	3	64	0	620	1	139	649	1	130	722	135	1	141	59	0	264	712	0	5	778	137	677	741	122	3	141	0	0	141	138	122	0	1	773	9	648	9	729	837	725	111	135	717	1	132	1	710	1	689	324	130	699	0	315	656	0	0	700	659
NC_063216.1	18000001	804545	803697	804130	803855	800570	801418	802541	801583	802569	802911	802379	803694	803470	65373	327015	801739	802161	800253	802659	804091	190773	176030	803098	237538	802565	802355	802722	802193	803274	795036	801781	802276	803961	801459	150030	802077	68705	802163	802721	802659	801934	799680	802499	802020	803123	802226	802743	799056	801242	801586	284811	802016	803836	801964	802036	802749	803429	406692	803145	801896	256494	469620	803032	797936	801527	803802	169674	286850	803652	802715	803222	803763	208641	803520	803452	245693	803204	804098	802230	803622	802211	802084	268186	561863	802963	802889	803995	803873	801785	803973	803782	804085	803823	803958	804145	803712	803801	803948	791690	788159	802007	796065	803833	802713	799469	803588	691851	802842	778509	771865	745529	801162	800115	372337	521219	801419	784116	794063	524840	684271	759666	802699	803415	803114	803978	798668	803011	802157	219485	803899	550120	799114	795324	803345	799725	800272	802438	801329	785300	802312	705918	802176	794635	803723	797839	803024	803123	740150	803300	798687	801580	802869	803134	803634	803661	804020	802870	756352	791833	802460	797244	791302	770994	801804	760986	799992	801144	791552	800343	694309	798420	788400	801290	780000	800525	793238	590	4	603	4	315	597	2	2	630	601	654	652	30	181	630	101	596	320	226	137	1	605	135	620	2	3	610	592	584	3	3	629	583	82	2	0	588	0	581	322	2	322	625	321	637	590	3	637	593	8	314	406	4	2	587	633	121	322	647	163	273	644	2	2	625	1	1	3	619	317	115	46	181	647	145	655	653	649	323	649	642	150	383	0	4	632	600	7	639	589	5	597	599	2	502	598	647	281	622	2	578	627	2	3	111	1	630	554	587	575	296	2	2	347	577	1	3	348	3	566	3	602	179	3	291	621	582	3	602	362	2	317	638	0	3	539	585	252	537	3	423	588	2	3	599	385	529	2	3	535	4	113	3	632	602	643	535	577	650	3	571	2	634	3	638	422	581	625	2	415	587	2	4	620	582
NC_063216.1	19000001	806021	805285	805478	805255	803681	803133	804586	803369	804356	804995	804653	805349	804189	60996	302788	804169	805441	801311	804132	805523	147912	175171	805180	206277	804149	804765	804465	803813	804886	800582	804225	803780	805479	803036	138523	803785	63696	804119	804137	804507	804218	803514	804001	803722	804310	804030	804512	802642	802006	803332	238277	803240	805204	804130	803931	804053	805038	370394	804062	803992	217848	430892	804667	796152	803036	805165	137911	234939	805309	803189	804249	805322	165956	804820	804796	204086	805103	805589	804621	804784	804480	803166	229257	514393	804784	804396	805406	805406	803336	805470	805500	805533	805395	805325	805721	805552	805356	805399	794486	776872	803893	797602	805332	805018	802211	804975	657723	804645	767932	764796	723122	803465	803315	360670	475557	804236	778047	796493	479689	646181	744244	804922	805028	803064	805672	800998	804288	803995	179736	805626	504893	802081	792176	804597	803376	802265	804521	803198	788600	803964	685157	805140	790714	804634	802676	805535	804699	730501	804915	800831	804290	804651	804858	805141	805197	805591	804473	744951	783750	803406	792896	785765	783247	804367	736443	801620	800645	783995	802875	664764	794604	783262	800211	773766	799364	792522	742	249	505	246	469	491	3	4	798	749	661	650	25	152	794	595	753	474	728	90	3	746	107	788	6	246	766	740	728	246	241	798	728	58	4	0	726	0	736	476	1	468	616	474	646	731	1	649	777	90	473	482	246	4	485	792	173	471	654	122	251	668	3	5	804	35	43	248	795	473	386	74	680	645	80	689	663	664	474	679	642	158	377	0	249	796	743	246	637	747	250	738	501	4	736	744	681	428	605	3	601	788	5	236	384	13	789	678	714	546	726	6	5	300	723	4	234	370	6	667	248	746	673	252	4	776	723	33	736	372	5	450	647	2	241	816	721	425	811	8	673	710	4	2	745	2	642	4	239	815	245	380	248	779	746	642	629	680	647	244	700	3	646	217	633	607	472	624	171	592	710	6	5	627	722
NC_063216.1	20000001	843109	842365	842624	842558	838226	839980	841631	840602	841174	841784	841554	841818	840579	61791	306128	840983	842353	838914	841341	842604	122438	198042	842239	170095	841091	841590	841724	840590	841952	830586	839807	841267	841914	838890	142290	841371	68678	841338	841218	841530	840942	840407	841170	840765	841508	841170	841232	839537	839266	840238	206296	840489	842413	841442	841041	841323	841159	381300	840781	840874	189335	414277	841613	833439	840415	842401	130211	218883	842631	840986	841574	842503	142537	841926	841936	183611	842159	842754	841248	842267	839095	840442	213516	519636	841813	841808	842632	842559	840708	842486	842451	842603	842441	842481	842647	842473	842543	842514	833590	820963	840930	836456	842573	842660	839976	842043	679195	841958	811236	803164	770442	841023	841596	400435	486331	841763	820220	835882	491654	672794	785931	841993	842776	840833	842892	839472	841564	841036	152244	842754	513359	839851	830938	841918	840565	841705	842601	840331	830501	841220	721699	842376	831714	842475	840599	841982	842070	767422	842284	840260	840832	841728	842126	842475	842277	842656	841743	781303	827204	841105	833217	825810	824407	841524	783500	838939	839087	824544	839893	690349	834966	820984	838213	809962	838615	832649	751	725	716	149	678	708	0	0	719	753	720	704	32	112	716	793	683	687	681	70	0	757	68	700	0	147	695	751	714	147	144	707	736	69	0	0	745	0	737	692	0	677	437	692	703	753	0	701	637	96	686	732	750	134	733	706	212	682	725	113	198	693	0	0	659	20	45	295	649	686	667	87	371	721	96	703	727	728	691	672	705	127	324	0	148	719	750	121	450	684	147	754	714	0	801	752	698	637	680	0	324	712	0	144	662	1	716	699	648	621	745	0	0	227	737	1	143	359	0	629	296	760	367	148	0	710	734	27	758	369	0	647	701	0	659	705	743	591	673	0	691	722	0	0	760	0	635	0	278	691	121	656	121	712	762	711	638	699	710	148	712	0	711	136	685	373	668	690	194	357	670	0	1	701	646
NC_063216.1	21000001	829918	829476	829516	829471	823352	827313	828693	827579	827440	828553	828683	826989	825773	36108	168124	828795	828691	827304	828693	829313	42686	111570	828853	64920	828262	829142	828613	827517	828987	823471	823823	828568	819700	822970	82935	828226	35952	827972	828098	828395	828814	825938	828052	827612	828687	827709	828525	827200	821662	827101	99343	827797	829352	828301	829631	828352	823384	230764	825006	828624	81868	251550	828468	805276	825750	829200	63233	104757	829795	826543	828131	829347	57220	828728	828757	103662	829596	829694	829142	829452	815625	827076	101959	338658	828317	828234	829568	829468	827582	829350	829421	829569	829419	829386	829695	827671	829416	829372	823235	781667	826750	823685	829436	829703	827482	828990	561229	829316	761634	749015	681685	825061	829156	271710	341141	828683	788222	817146	317508	527849	733818	829544	829718	824723	829716	826835	828176	828050	67629	829579	349316	826566	804505	828556	827375	828448	829742	826432	822255	827839	634575	828993	802184	828032	827728	829563	828680	700938	829140	826468	828397	828870	828892	829224	829088	829552	828068	705721	787490	826446	795081	794115	821416	828611	693654	824295	817696	784909	824850	555339	806525	783100	819457	774046	819262	814876	434	60	436	6	870	434	0	1	928	438	842	841	4	94	935	846	920	890	896	15	1	434	13	922	493	3	899	426	403	7	3	877	400	44	1	0	426	2	421	905	3	892	995	896	860	423	420	802	899	35	878	942	908	436	429	882	122	855	879	20	115	848	347	0	937	1	50	436	910	883	898	31	870	854	22	883	879	881	904	764	830	67	106	3	2	938	430	0	1017	58	5	428	432	3	829	432	873	827	732	1	13	943	4	3	926	4	942	372	720	586	415	0	1	277	420	4	7	0	4	738	433	944	869	495	5	916	414	0	433	142	1	787	862	0	946	893	403	806	842	12	862	400	1	0	434	0	332	4	407	877	6	886	4	923	931	864	310	370	860	452	397	7	840	2	825	846	374	814	217	805	802	3	6	792	835
NC_063216.1	22000001	844606	843869	844096	844124	842178	841765	843285	842175	842664	842483	841637	843582	842734	54261	317573	840853	844026	840551	843026	843894	114867	185494	842745	169070	842661	841509	843213	841989	843642	839877	841431	842856	842647	841688	146412	842596	67098	842789	842804	843090	841296	842408	842503	842291	843193	842365	843034	841492	839172	841725	201578	842194	843868	842956	843805	842770	842290	386138	842263	840993	185249	395349	843204	834176	841122	843792	121049	202857	844314	841868	843138	844028	131813	843421	843312	192802	842704	844284	841417	843798	840762	842011	191293	487377	843140	843019	843975	843970	841584	843973	843779	843918	843898	843997	844207	843780	844020	843964	834690	819264	842682	836712	844041	843992	842462	843412	659737	842928	802716	789634	747544	842342	843301	325213	438514	843488	816352	835264	448386	639786	771990	842202	844007	841884	844250	840873	842866	842603	134999	844235	477416	841540	830302	843074	842305	842184	843948	842149	832570	842670	703158	843812	829720	843470	842389	843285	843452	755758	843814	841197	841350	843374	843607	843895	843612	844155	843035	768477	820533	842335	828288	822927	825524	842976	761639	839885	838570	821736	840862	666076	832862	818915	838428	811383	838595	832649	495	343	501	8	581	499	479	485	598	509	526	521	20	158	641	636	593	593	689	41	71	502	14	623	645	498	608	0	3	494	489	645	0	68	486	23	4	0	0	597	4	590	693	592	517	393	0	510	624	74	589	687	586	492	491	668	160	601	475	0	166	521	498	0	651	36	78	496	629	580	730	57	735	482	63	536	485	529	592	523	519	81	217	3	148	642	495	2	706	470	4	0	494	2	630	497	529	542	449	483	454	635	5	454	633	12	647	6	494	381	0	0	130	229	476	13	11	220	333	541	496	600	613	647	5	640	4	1	498	217	463	466	476	0	646	566	5	532	471	390	530	8	495	0	0	0	2	495	464	480	275	722	1	682	608	468	152	6	473	628	0	480	511	1	594	737	460	470	3	708	585	17	446	450	592
NC_063216.1	23000001	678219	677552	677527	677719	675497	675342	677043	675613	676468	676735	676878	677374	676096	40680	228150	676795	677638	674020	676772	677693	112587	135029	677138	151308	676675	676891	676800	675873	676966	674435	675784	676554	677047	674343	110607	676108	45682	676076	676464	676673	676811	676076	676138	675566	677065	675755	676378	675168	675000	675633	177267	676188	677582	676256	677406	676290	677166	312674	676224	676462	162103	347851	676828	669142	675861	677609	106749	200245	677863	676346	677228	677731	131530	677265	677045	168175	677179	677801	677069	677646	675235	675861	174387	427233	676655	676736	677771	677720	675533	677644	677528	677742	677506	677656	677796	677485	677630	677415	670709	658726	676521	672621	677830	678039	676265	677249	546419	677277	650197	639798	614163	676208	677347	299638	383268	677396	657637	671312	390231	539527	629675	677341	678075	675820	677984	675515	676616	676557	130606	677929	413492	675808	669131	676942	676139	677263	678005	675705	669182	676380	576346	677499	666172	677340	675980	677358	677129	618450	677573	676039	676450	677033	677359	677518	677483	677880	676531	622044	661062	676086	665811	662798	663441	676936	628030	674614	673528	661561	675278	554643	670219	659021	674111	655278	673845	669080	415	3	528	4	480	525	510	513	492	523	319	314	14	119	565	529	469	478	593	62	62	528	63	559	565	516	547	0	0	512	513	548	0	59	510	17	0	1	0	487	0	557	338	486	315	570	0	319	552	75	479	565	482	523	513	559	147	476	579	1	114	309	303	0	563	48	93	529	550	488	443	61	237	574	83	326	588	323	489	313	306	61	248	2	317	560	520	0	357	522	4	0	525	0	528	522	322	450	538	509	486	562	0	565	524	4	566	1	438	485	0	0	136	220	515	4	8	254	351	455	526	554	434	563	0	546	0	0	525	255	497	486	571	0	565	522	0	430	567	404	317	2	527	0	0	0	5	520	482	579	558	427	27	559	493	572	440	0	566	541	1	511	316	3	491	219	481	564	0	220	485	4	243	560	497
NC_063216.1	24000001	835670	835054	835099	835160	829472	832853	834344	833227	833414	832925	832329	833366	831862	63357	316073	832326	834446	832355	834056	835056	98479	200760	833828	144650	834005	832416	834285	833399	834468	821261	830833	834099	828278	828705	163456	833674	71972	833680	833990	834201	832655	832204	833636	833344	834240	833711	833902	832697	825950	832768	158474	833594	835219	834177	834910	834132	831751	354627	832278	832219	164281	307399	833942	814683	830804	834847	105877	143573	835306	831203	834172	835122	97421	834513	834202	176147	833704	835341	832550	835131	824948	832528	158423	381916	834374	834024	835215	835154	833596	834849	835045	835198	835002	835073	835285	834152	835079	834838	826492	778486	832827	829100	834956	834906	832109	834592	573021	834123	764315	740775	676197	830812	834120	292972	354855	833989	789616	822485	342606	536012	730498	834063	835222	828844	835450	831748	833842	833276	97312	835217	382750	831737	810909	833989	832935	833204	834979	831722	825698	833366	637557	834867	801856	833096	832990	834282	834454	701528	834872	830668	832438	834095	834694	834979	834728	835300	833789	707953	786225	831926	792508	791293	826069	833772	686004	829720	821179	789289	829887	557901	810857	782065	821726	782994	823946	819724	0	0	651	1	574	643	633	629	727	643	1	1	24	127	785	772	552	575	787	41	69	646	57	773	787	644	762	0	0	619	636	740	0	58	634	27	0	0	0	581	0	637	682	581	1	646	0	1	575	69	716	786	717	651	641	743	158	707	650	0	1	1	1	0	773	40	86	653	766	712	705	50	117	636	71	1	655	1	731	1	1	79	219	0	1	593	644	0	703	647	0	0	644	0	762	644	1	522	541	626	596	589	0	624	765	2	784	0	451	451	0	1	130	227	635	1	0	229	358	598	653	788	680	786	0	572	0	0	640	224	620	570	632	0	783	650	0	528	621	449	1	0	650	0	0	0	4	646	609	646	774	688	779	783	729	642	452	0	629	714	0	627	1	0	621	784	566	616	1	771	493	0	1	607	696
NC_063216.1	25000001	836785	836364	836437	836440	833803	833955	835639	834175	834881	834741	834281	835564	834717	54992	309810	833893	836167	832752	835370	836364	100924	184975	834897	153906	835178	834373	835464	834270	835609	826131	833727	835069	835210	833157	145304	835085	66829	835140	835162	835466	833932	834702	835014	834676	835704	834934	835092	833834	830945	833868	166849	834368	836289	835212	835943	835241	835121	362042	834595	833672	166021	354839	835146	821020	833398	835910	103345	172623	836444	833126	835508	836252	114434	835657	835672	179830	835026	836490	834230	836309	832559	833801	175849	442672	835630	835502	836491	836418	834717	836275	836271	836579	836212	836171	836598	836152	836149	836328	824965	802096	834214	828918	836161	835270	832924	835793	620804	834703	787886	772458	724157	833352	834459	317655	412788	834479	805166	826290	406789	605232	758179	834620	836097	833436	836557	832293	835076	835053	123635	836462	430655	832457	820565	835492	834641	832993	835504	833953	824592	834329	681697	835692	818782	835329	834374	835015	835557	736949	836131	832559	833102	835677	835584	836261	836058	836509	835091	745176	807559	834260	811721	808209	820396	834350	734223	831638	827138	804752	832149	631306	822604	801806	830395	793552	828865	820975	0	0	0	1	528	0	0	2	544	1	2	3	1	99	548	546	627	636	549	0	1	1	4	533	547	0	529	0	0	0	0	544	0	76	2	1	0	1	0	643	0	1	533	642	2	2	0	3	628	58	540	551	536	1	2	545	133	540	2	0	0	2	3	0	546	1	64	1	524	536	543	52	3	2	1	2	1	3	546	2	2	89	1	0	2	649	1	3	548	0	1	0	0	1	549	1	1	582	0	1	0	638	0	0	538	1	543	0	536	1	0	3	1	215	1	0	1	1	1	465	1	553	533	551	0	637	0	1	0	3	1	0	2	0	543	1	0	566	0	2	2	0	1	0	0	0	2	1	1	1	539	536	545	544	548	2	2	0	2	515	0	1	3	1	1	289	0	1	1	284	586	1	1	2	483
NC_063216.1	26000001	848480	848024	848163	847985	844635	845662	847109	845986	846450	847167	847009	846915	845761	47872	252278	846998	847724	844465	847152	848022	88634	151994	847295	134059	846904	847274	847183	846163	847324	843667	845610	846806	846889	842853	110071	846949	46761	846650	846784	846982	847095	846161	846720	845887	847259	846225	847078	845699	843184	845739	168939	846281	847931	846891	847758	847110	846604	328308	845522	846728	153029	380556	847140	836639	845316	847764	95060	185214	848198	846335	847044	847812	122281	847127	847410	162128	847668	848152	847319	847949	842214	845707	175840	488793	847278	847101	848073	847895	845895	847895	847848	848172	847945	848006	848159	847593	848040	847924	840403	826004	846948	841838	847847	848077	845815	847368	670768	847492	812497	799045	768011	846618	847586	384599	460734	847038	820893	841946	466829	659423	785502	847711	848100	846165	848199	845035	846964	846853	127428	848114	480293	845267	835499	847254	846576	846961	848008	845458	836071	846906	715307	847553	834883	847700	846372	847867	847504	763664	847701	845145	846756	847191	847581	847828	847665	848196	846973	764906	826792	846281	836041	828710	828967	847171	779150	843929	842566	827143	846120	679387	838529	825761	843566	814151	843232	838240	1	0	0	564	591	0	575	571	615	0	351	347	8	85	704	606	692	702	755	26	35	0	39	695	710	344	676	0	0	0	0	700	0	46	569	19	0	0	0	728	563	419	692	725	351	413	565	336	697	79	607	703	607	0	583	688	159	602	427	0	109	420	325	0	607	23	76	591	602	687	702	49	3	418	58	429	426	362	610	397	354	66	215	355	421	324	589	0	701	0	589	0	0	0	610	585	427	660	405	572	0	323	0	404	609	3	616	0	609	355	0	357	128	251	0	0	551	5	293	603	591	758	696	619	0	315	0	32	0	1	565	549	419	0	614	0	0	638	341	463	413	557	593	571	0	477	485	237	556	415	697	695	702	692	613	421	2	540	418	593	548	235	351	499	558	689	542	414	0	684	312	570	423	407	637
NC_063216.1	27000001	850190	849579	849737	849754	845729	847222	848903	847397	848552	848563	848776	849472	848285	67099	340124	848415	849563	845088	848813	849715	184004	205867	848885	230827	848493	848715	848765	847825	849135	842945	847307	848280	849458	845365	168381	848366	77490	848388	848584	848785	848359	848472	848392	847749	848640	848230	848759	847298	845129	847069	263803	848064	849552	848381	848554	848435	849241	418811	848135	848286	247418	461302	849095	838897	847586	849488	162578	285785	849824	847625	849096	849660	206995	848735	849004	243058	848893	849862	848663	849597	847256	847923	272200	555517	848922	848842	849631	849621	847914	849516	849561	849842	849607	849664	849923	849406	849759	849619	839058	833171	848954	841162	849680	848757	847077	849121	708618	848454	824115	804579	797075	848777	848161	434525	531870	848445	830067	843952	531084	709512	804981	848945	849526	848188	849891	846470	848532	848695	199608	849862	546247	847416	837616	849064	848133	847559	848857	847501	835432	848616	741815	849521	839258	849343	848356	849147	849366	785118	849267	846593	847935	848847	849119	849595	849305	849793	848774	785059	839432	848228	843027	836068	823768	848409	803928	845597	846088	835597	847970	719426	842297	835158	846525	819147	846646	839500	0	1	7	127	749	7	139	138	770	1	133	126	4	186	726	779	618	639	774	5	7	0	4	711	728	639	700	4	4	8	5	728	5	80	141	4	3	0	1	654	138	8	706	650	139	7	142	134	632	129	762	726	756	1	143	722	223	768	6	1	3	1	124	0	771	1	167	143	759	707	729	121	2	6	11	1	6	137	777	1	131	112	52	137	9	511	140	0	722	5	134	0	6	1	782	142	4	588	6	139	7	512	2	6	771	2	777	4	579	5	5	137	7	403	0	3	133	0	4	665	143	772	721	777	5	505	5	2	0	4	128	123	10	6	771	0	8	565	137	109	3	136	141	130	1	142	111	507	129	6	711	718	723	720	785	6	0	136	6	762	120	492	139	110	131	347	127	5	0	343	485	135	117	6	649
NC_063216.1	28000001	842719	841667	841815	841869	820524	839384	840858	839880	841170	840242	840038	838622	841583	99281	490219	838986	841808	836967	840784	841981	423218	325252	840763	487860	840917	839748	840735	840534	841283	804870	806689	839740	765811	817038	268841	840784	127283	840109	840494	840822	839200	840681	840473	839913	840667	840329	840875	839385	813886	839646	510234	840018	841592	840087	833732	840490	825642	601143	841167	838356	483102	639335	841322	822239	840641	841805	335837	537474	841712	841191	841666	841958	464580	841452	841649	424937	840794	841992	839273	841764	811962	840357	516393	674683	840352	841244	842089	842022	839958	841878	841637	842132	841566	841630	842288	840760	841898	841947	828556	833091	841553	829041	841910	840036	837193	841324	750626	839269	819661	782345	822120	841522	839125	551572	705388	840238	816890	837341	664058	758625	820712	840495	841016	841201	842234	836847	841172	840866	457502	842313	685404	839458	823480	840856	840739	835363	840714	840846	809299	841210	768603	841958	832203	841996	840798	840864	841790	790512	841838	838000	838910	840851	841334	841695	841243	842127	841395	762074	837255	841124	838493	831617	798968	839711	819233	838513	840376	826006	840911	757837	837051	835427	840386	789590	839983	829753	0	1	444	433	329	275	431	443	339	1	2	2	30	117	437	340	532	549	436	136	99	2	152	429	433	655	421	441	0	442	434	319	426	101	435	43	0	2	0	550	439	435	655	551	1	441	436	435	643	180	428	438	337	2	438	431	242	339	443	163	1	1	2	0	432	115	220	441	436	433	664	233	461	440	82	1	446	1	335	1	2	327	331	4	444	666	445	1	661	441	1	0	445	1	444	445	446	484	57	438	396	659	3	418	443	0	429	2	508	428	442	1	172	313	0	4	426	0	389	419	444	431	662	435	412	656	437	174	1	1	0	1	443	433	416	3	437	437	5	410	5	443	446	422	0	432	428	658	428	436	434	650	434	430	341	438	0	436	442	437	445	634	431	1	0	229	4	430	0	228	643	439	419	435	391
NC_063216.1	29000001	856064	855245	855602	855519	852227	853534	854635	853503	854181	854754	854847	855481	854539	70955	373880	854294	855545	851739	854612	855568	200305	217922	854975	262220	854262	854954	854474	853879	854908	846946	851272	853811	848452	851594	168974	854470	78308	854304	854252	854619	854366	854203	854247	853963	854672	854200	854475	853427	850384	853437	282596	853736	855406	854236	851419	854325	855131	455267	854066	854434	259366	465648	854830	842181	852763	855256	169324	282587	855515	853260	854948	855439	218497	855052	854766	240925	855195	855605	854772	855436	853886	853420	280426	550803	854611	854664	855447	855278	853649	855491	855225	855479	855296	855481	855727	855482	855487	855427	844205	828312	854371	844780	855404	853916	851382	854913	688253	853301	819141	801050	774565	853448	852843	379667	512131	853328	827869	848451	513163	682256	797039	855112	854067	853195	855736	850572	854435	854058	212015	855542	531682	852148	838211	854618	854099	850870	853757	853675	836050	854214	729125	855060	839738	855167	853909	855119	854854	773272	855222	850553	854253	854746	854516	855200	855082	855683	854506	774073	837245	854108	842429	835064	828585	853409	786763	851738	850330	834412	853410	688781	843984	832363	851532	821924	850885	840329	2	3	5	5	275	3	2	3	286	0	3	3	1	69	285	286	594	607	285	2	0	3	3	281	287	610	278	3	2	6	4	289	3	87	2	1	1	4	0	617	4	3	687	613	4	2	2	8	597	41	276	288	281	1	2	286	98	279	3	2	2	4	8	0	292	1	45	2	276	277	699	132	604	2	52	5	2	3	282	5	3	133	2	4	2	620	2	1	697	3	2	1	5	1	705	3	2	550	4	3	11	613	2	2	695	3	283	2	529	11	4	2	1	314	0	6	7	2	2	253	2	289	698	290	4	608	9	2	1	4	1	3	7	4	285	12	6	531	7	9	11	9	3	3	0	2	5	612	2	2	281	685	287	283	285	2	2	12	2	272	8	595	5	3	1	556	5	2	5	558	564	9	2	2	259
NC_063216.1	30000001	845674	844937	845217	845227	835253	842790	844124	842903	843961	843780	843955	844242	843296	90493	415874	841930	844938	840704	844083	845022	239680	289622	844094	295347	843768	842441	844118	842958	844488	826894	835388	843409	830320	834271	235771	843931	115848	844050	843313	844151	843018	843634	843617	843560	844348	843483	844074	842614	829573	842641	306956	843156	844755	843550	838842	843611	844325	493953	843733	842145	286682	467235	844317	827521	842659	844922	194950	306274	844877	842049	844516	845045	249983	844477	844314	257917	844237	845258	842649	844834	833367	843104	320176	540035	844174	844235	845119	845071	843058	845225	844996	845231	844885	844857	845347	844775	845073	844961	832141	816029	843615	834985	844990	842898	840231	844468	682567	842384	805112	784529	763696	842969	841707	399870	517482	842915	815742	837289	520117	671738	785190	843730	843754	842365	845263	840135	844078	843991	242415	844994	533390	842211	827219	844254	843528	838590	843081	843368	822941	843929	722320	844985	830456	844499	843136	844190	844482	765904	844856	840217	841997	843927	844311	844693	844761	845269	844109	756943	826083	843591	830782	825442	820937	842758	772564	841064	839748	819903	842518	682606	834483	822367	840939	801999	839610	828722	0	562	561	558	390	559	3	5	407	0	5	5	0	169	408	408	569	586	410	1	0	2	0	401	410	27	400	5	0	553	549	403	557	94	3	0	0	0	0	590	5	2	552	584	5	2	5	2	27	115	400	411	400	0	5	411	205	403	2	159	219	560	3	0	523	2	141	3	513	404	569	144	487	2	103	567	2	5	405	539	5	188	1	5	2	596	3	2	565	2	566	0	557	2	572	5	2	526	5	5	496	587	3	2	562	2	527	1	520	6	551	4	3	287	0	1	532	0	2	361	134	409	562	530	536	576	551	0	3	0	0	546	2	558	507	0	551	489	5	5	2	5	5	5	0	3	4	591	3	2	404	564	413	404	405	2	0	5	2	504	6	573	5	504	0	547	537	1	1	531	564	552	3	2	360
NC_063216.1	31000001	846176	845376	845560	845659	830093	842859	844554	843193	844449	844812	844311	845629	844818	114387	393361	843223	845361	841593	844606	845679	213598	279993	844736	273391	844139	844481	844678	843712	844845	817687	845062	843933	845712	821326	226976	844162	133092	844117	844186	844539	843874	844170	844142	843732	844812	843738	844436	843295	838013	842924	295481	843802	845425	844462	842893	844180	844938	456897	844781	843475	260464	497884	844778	838358	843667	845298	185145	306117	845447	844049	844891	845533	233369	845120	844654	251883	844636	845630	843449	845261	844135	843371	298691	601947	844537	844700	845502	845474	843726	845633	845505	845538	845492	845417	845746	845589	845545	845404	827805	818327	844220	828526	845365	842610	836662	844951	714047	841600	817525	806092	776482	842653	837994	371500	513137	841247	822283	834862	559593	708551	795069	844742	843162	843630	845623	837628	844344	843953	209865	845420	559565	841665	836557	844604	843925	839227	840922	842881	820104	843578	741791	844409	832096	844604	843548	844669	844759	776460	845464	836272	842899	844575	843997	845376	845253	845755	844134	789934	826707	843908	831651	831022	823356	840856	793511	838971	841001	828753	841575	721659	837812	824605	841386	819457	837538	821216	0	604	604	583	449	600	2	1	473	0	2	2	0	147	473	468	299	306	473	1	0	1	3	462	473	288	460	1	0	604	583	473	573	23	2	1	0	1	0	312	1	1	454	312	1	1	2	2	287	105	451	470	461	1	1	471	169	464	1	133	220	598	3	0	396	1	104	2	392	460	466	104	7	1	106	611	0	1	467	596	2	55	1	2	1	317	2	1	595	1	608	0	601	1	602	1	0	282	2	1	525	313	3	0	592	4	395	2	288	2	589	3	4	281	1	2	560	4	1	415	316	470	462	397	558	307	583	1	3	3	2	589	1	594	378	2	568	274	2	2	1	1	2	1	0	2	4	314	2	0	459	457	468	469	470	2	0	1	1	386	1	314	2	559	2	224	578	1	0	219	300	591	1	2	416
NC_063216.1	32000001	841736	841311	841440	841347	833622	839364	840460	839455	839408	839872	839759	835358	836399	51998	207121	839980	840264	839231	840599	841282	54937	147238	840225	77452	840403	840306	840476	839477	840903	833966	835699	840217	772385	833235	115735	840150	56395	839972	840173	840547	839665	836760	840219	839805	840702	840053	840509	839423	826459	838804	100080	839914	841273	840493	839710	840474	827547	254159	835570	839393	87077	220070	840160	808528	836781	840938	66803	94222	841611	837385	840069	841281	62134	840530	840695	112540	840712	841550	840199	841343	805194	839031	121560	301033	840649	839968	841403	841355	839581	840983	841316	841439	841358	841204	841524	834128	841459	841361	833470	770432	837375	835521	841297	840909	838699	840484	497384	840513	735395	726199	632554	834220	840629	273045	286444	840411	781314	823174	285344	456719	709360	840793	841335	833029	841508	838130	840154	839847	63359	841388	304907	837415	802404	840226	839709	839021	841280	838128	834211	839628	609083	840795	797231	838397	839292	841054	840337	675421	841025	836348	839409	840668	840723	841129	841122	841364	840171	657400	770647	836754	779930	788055	833561	839826	652301	832804	818340	770936	831535	486401	800617	762555	820880	775462	823422	818447	0	543	541	507	1	536	0	0	0	0	0	0	2	1	0	0	1	1	0	0	0	0	0	0	0	538	0	0	0	493	525	0	499	0	0	0	0	0	0	1	3	0	1	1	0	0	0	0	516	0	0	0	0	0	0	0	1	0	0	28	83	532	0	0	537	2	29	0	521	0	1	0	1	1	28	544	0	0	0	449	0	0	0	0	1	1	0	1	626	1	542	0	538	0	584	0	1	1	2	0	498	1	0	0	629	2	538	0	0	7	519	0	3	152	0	0	471	0	0	2	1	0	1	541	506	1	524	0	0	4	0	461	0	527	542	0	517	1	0	10	0	2	0	0	0	0	2	1	0	0	0	1	0	0	0	0	0	0	0	477	0	1	0	345	0	1	444	0	2	1	1	470	0	0	2
NC_063216.1	33000001	830501	829915	830078	830027	824070	828230	829198	827991	828134	828306	827639	826662	827528	52774	241868	828239	829187	828257	829127	830010	59846	162049	828078	78104	829002	828445	829137	828248	829489	820296	824749	828943	787313	824045	122537	828845	60118	828765	829008	828925	828274	825530	828718	828183	829329	828482	829099	827677	823597	827709	106109	828182	829840	829069	830097	829026	819947	289792	826937	828106	103545	235876	828615	807818	825310	829553	74920	102715	830391	825875	828948	829996	61061	829045	829427	137969	828886	830295	828081	829984	812940	827536	121572	314248	829166	828785	830038	830039	828340	829655	829946	830153	829891	829908	830277	825903	830070	829928	822280	756984	826631	823926	829851	829419	827187	829069	510465	828535	726998	717744	622679	823162	829189	258444	295256	829104	774034	812912	286492	473504	700535	828603	830023	820918	830124	826630	828916	828320	64498	830134	318665	825622	793971	828745	828062	827183	829773	826759	821704	828097	596147	829537	786880	827078	827678	829041	829108	668099	829755	823943	827486	829295	829328	829825	829579	830020	828623	665956	757988	824934	770604	778081	822958	828638	643496	823076	808673	763391	822223	495262	792013	756069	811339	769419	811720	808122	0	217	575	542	352	220	352	356	358	2	2	2	8	49	5	353	342	346	3	7	20	2	15	5	5	214	5	353	0	551	566	261	536	14	349	7	0	0	0	358	343	352	3	355	2	354	341	336	210	0	5	5	347	4	352	5	4	351	359	45	42	217	2	0	218	12	15	362	210	7	3	0	2	352	4	218	359	2	355	193	2	0	63	2	346	4	357	2	516	353	222	0	574	0	628	356	352	329	5	331	528	3	2	341	635	9	216	3	244	196	537	2	45	149	1	3	503	0	135	2	4	3	3	218	542	4	554	14	2	2	0	174	342	554	219	1	553	311	3	196	350	286	352	342	0	348	226	4	333	351	5	3	5	5	356	347	1	265	343	186	276	4	340	143	0	1	174	316	0	0	3	509	273	314	4
NC_063216.1	34000001	838906	838459	838558	838536	836850	836206	837636	836367	836987	837039	836202	837818	836652	57602	315556	836077	838382	836023	837642	838467	113549	195362	836986	149665	837433	836649	837789	836834	837966	834360	835532	837225	832558	836586	146869	837298	68697	837343	837438	837659	836124	836204	837181	836844	837825	837035	837420	836188	832059	836534	182141	836665	838421	837442	838501	837364	835623	368583	836237	836340	172835	348973	837705	821925	835454	838318	113068	179145	838657	834601	837667	838172	122356	837837	837780	190785	837223	838600	836269	838477	834844	836388	182839	428579	837583	837549	838499	838427	836783	838290	838338	838590	838499	838393	838643	837828	838542	838341	828164	794995	836555	831929	838450	837757	836230	837932	605081	836401	779321	769977	698276	835695	837264	310965	378280	837589	801761	827519	401785	568932	745323	837076	838369	835179	838542	834868	837372	837007	116433	838577	418154	835043	818180	837417	836797	836676	837794	835860	826756	836947	666429	838176	814069	837017	836620	837441	837801	727024	838301	834593	835614	837862	837610	838321	838307	838571	837235	730972	803198	836327	808603	809136	825212	837261	723330	833312	827936	801447	833872	598251	822739	794697	830555	795240	830121	824803	0	2	55	54	53	1	54	52	54	0	3	3	3	16	1	54	50	52	4	3	11	1	4	3	1	1	1	4	1	51	54	54	54	10	55	3	0	0	0	53	53	55	4	54	4	55	53	54	1	1	1	1	52	3	53	1	1	52	55	2	3	2	4	0	1	4	0	56	1	1	2	0	2	55	1	3	56	3	51	2	3	2	22	2	52	1	54	1	527	54	1	0	55	1	507	55	55	51	3	54	49	4	5	55	511	1	1	0	45	35	54	4	15	170	0	1	52	1	33	4	2	5	1	1	52	2	49	4	4	1	0	0	53	51	1	2	51	49	4	33	56	49	55	54	0	56	41	1	50	56	1	1	1	2	54	54	0	51	56	1	51	2	55	0	0	0	0	51	0	0	6	51	54	55	2
NC_063216.1	35000001	834963	834506	834627	834578	828284	832482	833733	832658	832697	833223	832617	831239	832510	51187	234105	832459	833779	832315	833629	834493	68995	157902	833047	97901	833553	833084	833751	832821	834020	822237	830474	833349	796692	828786	128391	833150	59874	833088	833361	833575	832451	830829	833302	832577	833767	833078	833539	832155	827213	832359	124229	832916	834533	833664	834271	833360	824430	292513	831724	832438	120013	266681	833590	814199	830733	834371	84992	118343	834765	831510	833330	834447	70890	833835	833751	143593	833192	834742	832624	834534	814951	832246	127517	352365	833716	833420	834574	834534	832659	834029	834222	834726	834486	834394	834669	831188	834473	834449	824824	777202	831616	827763	834470	834443	832518	833834	546748	833083	755327	745795	661614	829585	833552	243458	306099	833618	787084	820538	321143	513065	721441	833472	834565	829001	834773	831118	833548	833076	83094	834674	346705	831222	808642	833552	832850	832240	834430	831793	823291	833039	626533	834128	803806	832070	832486	833757	833725	693310	834316	829865	832253	833879	833850	834367	834243	834655	833167	696985	785617	831630	792368	793281	821769	833290	685083	829194	821353	784139	828714	546742	809838	779126	823653	780918	820974	815303	6	9	4	8	0	10	0	0	9	8	0	1	0	0	7	0	5	0	1	5	0	9	0	1	7	2	0	0	7	9	2	9	2	0	0	0	4	5	0	0	0	8	2	6	8	1	0	9	7	0	0	2	0	2	7	0	9	9	8	0	6	3	8	0	7	2	8	0	4	0	10	5	1	5	5	3	1	1	0	3	1	0	0	4	8	0	0	1	687	1	7	0	2	3	671	0	1	0	1	0	10	7	10	1	687	5	8	8	0	7	2	1	0	188	0	3	12	1	1	4	0	8	10	10	10	2	8	0	1	4	1	2	3	3	12	8	8	6	8	8	4	7	0	0	0	0	3	4	0	5	6	0	6	1	9	1	0	7	9	7	8	0	9	3	0	6	7	2	2	8	8	8	8	1	1
NC_063216.1	36000001	815356	814811	815031	814951	808970	813071	814202	813210	812836	813570	812599	810776	810608	37877	191586	813624	813974	813308	813942	814860	40679	132650	813662	61659	813696	813772	814174	812991	814428	808811	809266	813989	709520	806911	100802	813576	39261	813739	813839	814073	813399	810525	813687	813109	814223	813631	814187	812948	799171	812747	86483	813499	814805	814074	814278	813728	799669	234599	809715	813388	74960	208540	813971	787155	810334	814428	53782	89974	815099	810434	813415	814885	53400	814205	814182	107717	814160	815161	813447	814988	786582	812564	105445	287847	814196	813448	814945	814857	812977	814756	814830	815070	814768	814868	815076	808862	814934	814916	807263	746239	811603	810260	814820	814908	812852	814391	484771	814012	712134	699949	617668	808220	814606	247741	278968	814275	756484	799258	273261	449090	685569	814019	815123	807548	815110	812229	813932	813410	60183	814935	295327	811239	777599	814014	813116	813539	814898	811690	808484	813405	589002	814354	775008	812034	813314	814193	814148	653759	814553	809065	812750	814270	814281	814655	814648	815036	813308	647045	747772	810863	757155	763204	805414	814035	628608	808297	793536	748279	806341	475048	777757	743581	799023	748917	798640	796202	12	505	132	145	3	134	3	3	18	15	3	3	0	0	13	3	11	1	4	3	1	17	0	4	7	122	2	0	14	8	123	15	119	1	3	0	14	7	0	2	17	13	421	11	17	5	3	22	131	0	2	14	3	6	15	2	16	12	19	10	32	122	17	0	142	0	15	3	133	2	440	13	430	17	1	128	3	2	3	116	4	2	3	9	18	1	3	0	485	437	135	0	126	6	432	3	3	1	2	3	120	14	13	3	471	9	134	9	2	11	125	4	4	126	0	12	133	4	0	10	1	20	426	134	128	14	137	0	4	1	0	109	19	123	141	17	141	8	15	17	17	17	3	3	0	3	4	7	3	11	9	428	16	4	17	5	0	14	18	132	11	4	16	104	0	7	128	3	15	9	16	140	13	5	4
NC_063216.1	37000001	770448	770047	770071	770054	761110	768411	769325	768260	767668	769007	768728	719728	766549	37325	159214	769849	768039	769152	769334	769857	25047	118367	769319	28315	769181	770135	769319	768362	769665	758655	761782	769143	214490	756556	94435	768790	44641	768775	768946	769415	769826	759254	768970	768162	769352	768631	769301	768250	751461	767645	48905	768881	769973	769165	757490	769352	650344	168557	763708	769891	43122	107064	768734	729452	764213	769665	31313	55755	763483	763884	767942	770023	32318	768833	769356	104341	770320	770346	770117	770217	633335	767402	84972	187161	769120	768115	770151	770033	768373	769597	769992	770216	770044	770017	770273	663592	770098	770079	764185	628804	761481	765151	769914	770274	767974	769426	342797	770079	582648	578877	434305	750443	769659	190347	157387	769283	669341	741922	159770	267755	575037	770223	770148	742587	770135	767252	768941	768468	35468	770142	188276	765088	693574	769126	768286	766056	770050	765712	764839	767912	469068	769541	672642	762311	767683	770275	768686	536819	769759	759027	769564	769390	769200	769832	769829	770099	768666	495164	606454	760682	602608	666136	763580	768905	442471	759556	709635	626127	752841	283355	682379	614577	720164	684713	724835	730311	6	484	510	473	8	503	8	8	8	6	8	9	0	1	9	9	6	1	3	0	0	6	0	9	10	503	9	6	6	6	509	4	453	9	8	1	0	5	6	6	8	7	166	6	10	5	8	7	483	7	10	10	8	2	8	3	0	8	7	24	32	490	9	6	509	0	19	2	490	10	173	6	171	1	0	511	8	8	8	275	9	6	0	9	6	8	8	7	469	170	509	6	503	0	322	8	7	6	10	7	475	7	9	8	502	7	510	9	5	9	477	9	9	89	6	10	409	5	9	13	8	9	152	511	483	3	484	0	9	10	6	371	7	500	512	11	479	6	10	9	6	10	8	7	6	9	9	8	10	8	10	160	10	4	9	7	7	11	7	361	7	10	2	226	6	8	339	8	7	10	8	406	8	7	9
NC_063216.1	38000001	795718	795349	795244	795405	784130	793442	794293	793299	792294	794498	794005	752110	790068	31996	137277	795103	793235	794395	794365	795121	23032	85960	794388	26190	794347	795280	794321	793597	794745	783081	785966	794565	172713	781076	79228	794009	39969	793878	794256	794518	795043	784008	794202	793507	794607	793642	794482	793232	764962	793086	49663	793862	795276	794357	781701	794163	651593	153200	788069	794951	39818	108878	793882	756110	789505	794975	32798	57943	792067	789172	793107	795041	32401	794032	794677	103268	795564	795617	795224	795474	644632	792386	73655	186620	794211	793117	795310	795347	793597	794663	794993	795387	795137	795190	795437	699712	795313	795247	788882	665167	789072	790717	795191	795629	793227	794832	370356	795385	621240	616803	476496	779501	795035	197292	187660	794817	706463	768496	177177	292643	610314	795444	795570	772994	795467	792409	793996	793614	39524	795404	204903	790458	725276	794142	793331	792202	795603	791584	789775	792948	493634	794855	710034	788936	793057	795440	793976	570344	795010	786055	794507	794642	794193	795173	795040	795294	793570	535168	649299	786417	648978	702894	788602	794075	486403	787220	748696	666106	779243	315121	716898	662986	750236	711637	760873	761015	1	646	11	2	3	12	3	3	4	1	6	6	0	0	6	3	1	1	6	0	1	1	0	6	5	10	4	0	1	2	11	6	9	2	3	0	1	1	0	1	5	5	626	1	6	5	3	5	10	0	4	5	3	6	4	3	1	3	5	0	0	14	8	0	4	0	2	3	11	4	642	15	628	7	0	5	4	5	3	3	6	0	0	6	6	2	3	0	631	638	13	1	11	0	7	3	4	1	3	3	12	5	7	4	7	1	13	2	2	5	10	5	1	5	0	1	9	0	0	2	2	7	565	13	13	3	12	0	6	2	0	10	5	11	12	4	11	2	6	1	6	4	2	3	0	3	6	3	3	5	4	627	5	6	4	6	0	2	6	11	1	2	6	7	1	2	10	3	1	3	3	13	3	3	6
NC_063216.1	39000001	802761	802397	802407	802342	797392	800355	801359	800358	800336	801221	799826	791147	800148	41690	197530	801175	801533	801213	801353	802217	44838	138360	801151	61517	801345	801544	801547	800389	801985	795533	795339	801440	537534	795285	104454	800892	47308	801243	801363	801626	800709	796050	801018	800260	801678	800748	801460	800406	794891	799950	88022	800693	802174	801307	799105	801310	764667	243652	798891	800604	81354	180606	801282	771628	797465	802045	59407	81337	802357	798655	800811	802258	48220	801433	801557	127783	801770	802611	801263	802412	748403	799673	101742	254310	801406	800876	802397	802309	800682	801961	802302	802485	802211	802144	802499	783765	802414	802344	795663	709000	797651	797584	802126	802597	800456	801575	436669	802123	673293	661689	565544	792038	802044	247303	243842	801625	735260	782130	239963	388730	649686	801850	802605	790651	802329	799765	801142	800783	55506	802440	264568	797719	759071	801220	800283	800673	802528	798201	796797	800395	543543	801889	744379	798179	800133	801938	801053	610015	801940	795904	800269	801759	801533	802129	801935	802330	800705	601094	706972	797025	717184	734566	793308	801345	574611	794886	773446	716963	791250	414489	750716	705275	777801	734086	781668	777939	0	427	326	0	105	321	0	0	103	0	0	0	0	39	105	106	1	1	105	0	0	3	0	102	105	317	103	0	0	1	313	70	299	0	0	0	0	1	0	1	0	0	202	1	0	0	0	0	311	14	103	106	103	0	0	93	0	108	0	27	41	319	0	0	106	10	40	0	332	102	214	18	201	0	18	105	1	1	106	0	0	0	0	0	0	1	0	1	424	204	326	0	322	0	273	0	1	1	1	0	306	1	0	1	325	0	341	13	1	16	306	0	0	63	0	1	277	0	53	83	1	110	197	357	302	1	311	0	0	5	0	262	0	313	344	0	308	1	5	0	0	16	1	0	0	0	3	260	0	2	103	198	104	0	105	0	1	0	0	291	15	5	0	197	0	4	260	1	0	5	1	273	0	0	0
NC_063216.1	40000001	823231	822879	822866	822843	815934	820749	821969	821019	820103	821089	820320	816310	818762	36609	161546	821093	821717	821384	822096	822742	37402	110487	821262	52481	821933	821269	822091	820919	822270	815323	816290	821948	656914	813255	81709	821735	33544	821583	821636	822003	821051	817611	821408	820887	822134	821478	821981	820810	809019	820369	79850	821210	822679	822053	821844	821828	797742	234978	818462	820841	71955	175808	821785	789595	817683	822360	52376	70524	823122	817836	821553	822782	40507	821818	822193	110797	821851	823020	821098	822742	781334	820293	84473	260037	822035	821365	822822	822849	821204	822429	822731	822956	822862	822764	823036	813095	822804	822662	815002	741885	818924	817643	822714	823005	820693	822278	440899	821661	707828	679708	590473	814740	822347	234013	234131	822245	756376	803719	232205	404297	672771	821743	823059	812402	822837	819423	821552	821356	49820	822916	258258	818678	777668	821810	820934	821108	822943	819195	817481	821286	557365	822483	772927	819573	820668	821986	821868	634107	822417	816121	821070	822172	822102	822600	822513	822910	821507	617836	741221	818303	750660	759016	815629	821554	595417	814455	797017	746370	814964	429921	777891	738659	802478	747673	802660	800790	0	846	731	0	513	717	3	4	528	0	1	3	0	43	537	524	3	3	535	0	0	10	0	528	539	716	518	0	0	0	704	299	669	0	3	0	2	0	0	3	4	3	621	3	1	3	4	19	713	19	529	539	532	1	8	415	11	511	3	22	81	720	0	0	530	18	37	3	885	521	637	22	689	8	31	540	3	1	531	3	1	0	0	1	3	1	3	1	841	645	731	0	726	3	658	4	2	3	0	2	674	0	1	3	726	5	925	0	3	4	689	0	4	123	0	1	643	0	189	376	0	536	593	920	692	6	704	0	0	3	0	566	3	704	928	4	702	13	6	7	3	6	4	2	0	3	4	721	3	3	533	622	536	1	538	3	0	4	2	762	9	0	2	447	0	1	563	3	0	5	0	656	4	2	0
NC_063216.1	41000001	831978	831360	831476	831513	822797	828980	830817	829084	829446	829937	830042	825153	828256	39794	191395	830624	830189	829489	830405	831431	53875	124906	830436	75769	830253	831017	830442	829625	831037	820682	825208	830506	697831	821250	95022	830151	44014	830145	830296	830688	830476	827227	829958	829594	830844	829853	830548	829251	819352	828857	107617	829764	831358	830423	829779	830429	808629	265427	826315	830530	99140	250806	830461	802871	827128	830991	68277	107029	831724	828331	830178	831375	64966	830562	830832	124179	831328	831753	830851	831519	793170	829025	105620	327929	830668	830084	831455	831269	829477	830988	831151	831631	831128	831396	831740	823332	831491	831266	824137	767184	828509	825859	831468	831794	829661	830889	519666	831124	739368	732705	645987	824200	831113	271279	304724	831083	778887	816893	316586	484387	711058	831223	831800	823775	831690	828405	830442	829818	70580	831619	323738	827676	794879	830584	829550	830239	831738	827820	824147	829690	614207	831184	794725	829376	829565	831411	830827	683016	831211	826151	830336	830689	830867	831311	831237	831515	830104	673838	773499	827443	784016	782048	822326	830663	662897	824992	814408	776146	825138	512226	800618	770313	816406	773865	816892	813555	0	346	167	0	312	168	2	1	322	0	1	0	0	63	327	327	0	0	328	0	0	1	0	321	328	161	325	0	0	0	165	281	155	2	2	0	0	0	0	0	1	0	178	0	1	0	1	0	161	26	326	330	324	1	1	305	0	318	0	15	28	162	1	0	326	13	22	2	186	320	182	5	468	0	27	330	0	1	25	0	1	1	0	1	0	1	2	1	345	183	170	0	165	1	159	1	1	0	1	0	161	0	5	0	168	3	188	0	0	3	164	2	2	44	0	1	149	0	166	270	2	328	169	190	158	2	168	0	2	2	0	153	0	162	190	2	162	0	1	7	0	1	1	1	0	2	2	169	2	0	322	179	329	1	327	0	2	1	0	176	1	1	0	118	0	1	140	0	2	1	0	158	2	0	2
NC_063216.1	42000001	816198	815866	815987	815921	810839	814005	814798	813894	814347	815235	814773	812031	813545	40997	221044	815170	815014	814196	814946	815751	66935	140491	815156	91462	814620	815496	815007	814026	815269	808126	810239	814874	765312	810686	103874	814913	49212	814743	814819	815244	815103	812494	814627	814121	815211	814514	815059	813628	808415	813188	137543	814631	815691	814696	815146	814935	804096	271242	813278	815049	122960	260864	814846	792732	812016	815401	80976	128137	816091	812672	814543	815736	84551	815138	815237	148471	815653	816035	815281	815813	793144	813670	126872	344394	815070	814635	815865	815870	814301	815654	815824	816017	815795	815805	816073	811538	815838	815834	809191	752315	812172	810780	815678	815925	813464	815275	515294	815430	724324	708597	635943	809706	815243	292942	317481	815183	766529	801385	316864	482457	695642	815681	816044	808122	815937	812795	814611	814455	86301	815865	339391	812109	784661	814976	814043	813913	815963	812458	807914	814353	603822	815421	778976	813410	813611	815896	814909	664246	815649	810631	814437	815115	815232	815700	815559	815841	814533	653014	749945	811687	760548	767149	807125	814731	644795	808751	795325	753521	808114	510661	782130	749925	799640	757918	801562	796794	0	212	213	0	656	208	4	4	675	0	1	2	0	98	677	672	2	2	678	0	1	0	0	662	682	206	657	0	0	0	204	495	209	0	4	0	0	0	0	2	4	2	1	1	2	2	4	2	197	59	662	683	668	2	4	610	3	655	2	41	55	196	1	0	675	39	25	4	492	658	468	1	673	2	68	680	2	2	0	2	2	1	0	2	3	2	4	0	544	3	214	0	214	0	519	4	2	1	2	0	197	0	2	2	536	0	505	1	2	2	206	0	0	166	3	0	201	2	314	506	2	679	3	501	197	2	211	0	2	1	0	193	2	208	503	0	199	2	2	1	2	4	4	4	0	4	3	210	4	2	668	3	676	2	679	2	0	4	2	430	4	1	2	191	0	1	201	1	0	2	0	206	4	2	1
NC_063216.1	43000001	829910	829454	829564	829525	821898	827505	828715	827221	827315	827663	827369	826333	826007	43646	190992	828089	828483	827625	828513	829433	49789	144293	828307	71961	828328	828110	828616	827701	828937	819478	823909	828563	789908	818059	101676	828293	46953	827914	828292	828649	827901	825466	828128	827765	828836	827990	828596	827231	819539	827221	88676	827899	829433	828479	829517	828427	818543	248579	823768	827871	88522	209849	828427	802183	824748	829176	65893	91933	829767	825788	828267	829366	56266	828701	828707	111294	828644	829683	828093	829498	807462	827284	103725	297580	828733	828089	829511	829469	827829	829217	829325	829705	829394	829274	829633	826309	829478	829231	821967	765112	826535	823794	829365	829367	827502	828800	495554	828466	734872	711585	638859	823357	828981	287368	288191	828706	775219	813128	278725	464731	702532	828534	829450	822620	829569	826616	828355	827859	60906	829622	304262	825925	794666	828352	827808	826670	829548	825528	823776	827849	595124	829097	788809	827070	827539	828877	828626	667272	829166	823387	827398	828836	828850	829223	829274	829535	827971	651484	763212	825145	780378	776706	819649	828348	643887	822983	810573	768107	823208	485391	794320	760261	813909	759772	814310	812440	0	2	4	4	395	5	2	2	402	3	2	0	0	77	403	392	0	0	398	0	0	4	0	391	404	0	389	0	4	7	0	338	0	2	2	0	0	0	0	0	2	5	2	0	5	0	2	5	0	41	391	401	392	3	5	369	12	386	4	0	4	0	2	0	398	38	50	2	381	397	420	16	416	3	49	401	0	2	0	0	2	0	0	5	4	2	2	0	413	2	2	0	0	3	404	2	0	0	2	0	8	0	9	0	411	11	407	11	0	6	0	0	3	113	2	17	11	4	169	290	2	410	158	409	7	2	2	0	2	6	0	2	1	0	401	2	7	7	5	11	9	9	2	2	0	2	6	2	2	2	400	156	402	2	400	0	0	10	7	352	6	16	5	2	0	13	9	0	3	9	10	10	8	0	3
NC_063216.1	44000001	825059	824616	824718	824589	821636	822616	823765	822858	822977	823672	822960	823819	822599	54972	276776	822983	824356	821924	823637	824566	91283	180651	823732	127488	823492	823843	823798	822709	824144	820794	821842	823366	820384	821399	127953	823331	62134	823194	823315	823840	823501	822226	823136	822854	823861	823214	823625	822591	818592	822384	153173	823101	824513	823634	824479	823488	821766	350880	822016	823350	147719	309276	823709	808424	821252	824403	92764	138572	824811	820567	823658	824323	89528	823610	823890	156264	824153	824649	823649	824560	819527	822335	150647	386848	823951	823507	824703	824502	822742	824046	824424	824785	824506	824577	824791	823829	824533	824516	815645	771466	822666	818551	824564	824271	822316	823837	562410	823810	755590	743725	664239	821073	824024	295618	338289	823745	778307	812388	351187	523386	724775	823983	824764	819900	824795	821645	823545	823354	89803	824748	368660	821395	796717	823814	822707	822886	824705	821952	815076	822988	633540	824236	795117	822700	822905	824149	823885	697401	824426	820231	823016	823853	823637	824313	824215	824707	823418	704566	780716	821721	787032	788012	814251	823405	682001	819278	812914	783657	819930	559852	802354	775045	814798	775151	815020	810349	0	3	3	0	176	7	4	4	178	1	4	0	0	22	178	177	0	0	179	2	2	5	0	178	182	3	178	1	8	5	3	172	3	2	4	0	1	0	0	0	5	0	1	0	3	0	5	0	8	24	180	182	175	5	3	179	2	176	0	0	4	3	4	0	179	7	18	4	172	182	649	41	636	0	19	180	0	4	0	0	4	1	0	5	5	4	4	0	564	1	7	0	3	0	557	4	0	0	7	0	4	0	4	0	558	0	181	8	0	0	3	0	0	152	4	0	3	5	98	155	4	179	538	183	0	4	3	0	4	3	1	7	0	0	181	6	0	1	5	3	1	5	4	5	0	3	7	7	4	5	183	565	182	4	179	0	1	5	5	170	6	4	0	9	0	5	9	0	0	5	5	3	4	0	3
NC_063216.1	45000001	829481	829073	829117	829094	825941	826908	828365	827233	827671	828302	827822	828299	827505	54590	240388	827999	828804	826568	828328	829085	81999	159104	828683	124002	827944	828125	828273	827327	828502	823023	826350	828053	826824	825518	123386	827805	59528	827858	827895	828232	828029	827239	827879	827169	828323	827708	828179	826712	825396	826504	156963	827579	828934	828077	829142	828028	826914	316285	827123	827837	139148	348666	828268	814981	826200	828927	94104	160004	829268	826401	828226	828958	106117	828330	828589	156522	828816	829242	828211	829025	823727	826753	162541	435733	828367	828114	829124	829107	827050	828776	828979	829201	828940	829021	829230	828451	829070	828939	820546	787395	826755	823916	829076	828996	827074	828417	608379	828496	771819	769769	711506	825663	828370	327241	382210	828545	795937	819465	403011	586827	743181	828624	829092	826217	829363	825959	827913	827882	108476	829266	422401	826078	813811	828022	827597	827812	828957	826855	819005	827850	668985	828679	808826	828048	826639	828705	828486	722730	828859	825311	827585	828506	828575	829017	828791	829150	827798	741960	794120	826622	804304	800403	814967	828313	728058	824371	821669	797891	823838	615454	813835	790104	821825	791523	822016	815677	0	179	3	0	2	3	0	0	2	0	2	2	1	1	0	1	1	1	0	0	0	0	0	0	2	3	2	0	3	0	3	2	2	0	0	0	0	0	0	1	0	2	172	1	2	2	0	2	4	0	2	2	2	2	0	2	2	2	2	0	3	5	2	0	2	1	0	0	5	2	507	38	492	2	1	2	2	2	0	1	2	0	0	2	2	1	0	2	391	170	3	0	3	0	501	0	2	1	2	0	2	4	2	2	494	5	5	6	0	0	3	0	2	164	0	1	2	0	2	6	1	0	491	5	1	1	3	2	2	2	0	3	2	0	5	0	0	1	2	2	2	1	0	0	0	0	0	3	0	2	2	489	2	2	2	2	0	0	1	5	0	2	2	3	0	0	3	2	0	0	4	5	0	1	2
NC_063216.1	46000001	832568	831964	831866	832223	829935	829804	831333	830170	830682	830488	829465	831909	830665	65874	292012	829050	832006	829625	831330	832223	110022	191444	830612	146601	830860	830257	831188	830327	831717	825161	830191	830952	829244	829560	154091	831049	72190	830906	830830	831272	830050	830210	830886	830329	831574	830594	831171	829853	827608	829915	161325	830617	831984	830990	831734	830851	830200	360487	830653	829364	162473	341992	831257	817217	828982	831748	107891	148460	832322	829090	831372	831693	102418	831184	831323	171668	830712	832231	829396	832069	828838	830019	161137	406583	831318	831156	832222	832081	830022	831490	831622	832147	831877	831907	832269	831702	832154	831905	824341	789536	830128	824373	832079	831442	830138	831485	586210	830324	772235	764409	693924	829328	831323	278109	362245	831191	795037	822549	379273	563472	740583	830489	832124	828532	832367	829135	831064	830765	102283	832269	398540	829216	813770	831169	830137	829529	831772	829844	821271	830465	657209	831866	810192	831140	830557	830937	831485	716234	831970	828722	829246	831317	831412	831920	831842	832266	830814	729960	798727	829628	807824	803019	820629	830802	717591	827532	823981	798797	828080	592383	814268	792493	824648	786669	823617	819406	0	650	2	0	0	2	0	0	0	0	318	315	0	2	313	0	0	0	321	19	4	0	0	316	0	2	0	0	2	0	2	0	2	0	0	2	0	0	0	0	0	310	326	0	308	308	0	304	2	0	0	0	0	318	0	0	60	0	318	0	53	310	289	0	0	0	0	0	2	0	652	39	647	315	0	0	321	317	0	304	303	25	100	314	310	0	0	2	5	647	2	0	2	0	651	0	317	0	282	0	2	320	319	304	643	0	2	4	0	232	2	0	50	200	0	1	1	2	0	1	0	320	638	2	0	0	2	23	318	121	0	4	312	0	2	0	0	3	308	3	315	0	0	0	0	0	4	2	0	313	0	637	0	319	0	309	0	1	314	2	1	0	305	0	0	1	1	304	0	0	278	306	0	301	297
NC_063216.1	47000001	808694	808367	808490	808476	799671	806568	807680	806391	806311	807259	807047	790963	804434	38880	184229	807683	806717	806982	807500	808244	44762	122970	807607	58560	807318	807639	807586	806542	807939	800019	801807	807545	548070	799007	94769	807218	40240	807278	807294	807702	807401	802252	807113	806540	807839	806965	807588	806485	794502	805742	77855	806942	808338	807364	805261	807233	752831	229862	804096	807238	74572	163056	807122	772506	803413	807988	54501	75183	808314	802315	806931	808338	46175	807480	807648	114213	808170	808578	807600	808313	727531	805834	87070	249179	807635	806646	808350	808349	807049	808045	808397	808531	808379	808308	808518	779225	808352	808355	801202	701924	802656	804074	808158	808120	806227	807865	416495	807797	664467	650882	545164	795367	807741	227289	222692	807295	729878	788835	215224	357825	648561	808251	808373	794581	808472	805423	807013	806932	48699	808375	243912	804662	751921	807237	806439	804956	808097	804655	801003	806274	534387	807692	744952	803196	805934	808200	807078	603533	807918	800760	807094	807596	807513	808100	808028	808296	806898	573547	695865	801784	701802	730373	801663	806935	547654	799847	772030	707768	794887	379825	745909	698205	776884	728329	780654	779544	0	167	1	0	2	1	2	2	2	0	92	90	0	1	93	2	2	2	93	10	1	0	1	92	2	1	2	0	2	0	1	5	1	1	2	0	0	0	1	2	2	94	78	2	91	88	2	93	1	1	2	2	2	93	2	1	31	2	90	2	14	92	78	0	2	0	0	2	1	3	93	7	91	90	2	2	93	94	0	88	91	11	26	91	92	2	2	0	82	167	1	0	1	0	93	2	93	2	64	0	1	93	94	93	91	9	1	1	1	53	2	0	19	27	2	2	2	0	0	5	2	94	88	3	0	3	1	6	93	18	0	1	89	0	1	0	0	3	92	4	93	2	2	2	0	2	12	1	2	93	2	93	2	93	2	92	0	3	90	1	5	3	91	4	0	4	1	84	2	4	65	82	2	82	79
NC_063216.1	48000001	806032	805636	805842	805814	797072	803902	804865	803751	803391	804526	804260	796817	801658	30999	156333	804570	804534	804298	804918	805595	31508	112428	804837	48600	804769	804868	804916	803816	805276	796032	798856	804906	630408	794872	81156	804636	35360	804393	804507	805075	804265	800751	804311	804118	805084	804287	804975	803476	795713	803283	76291	804387	805651	804838	803780	804582	770443	207979	800578	804642	65885	179535	804536	777710	800900	805377	44770	70518	805628	801485	804181	805548	42543	804800	805037	95349	805441	805882	804788	805672	755978	803297	90108	262636	804853	804419	805791	805711	804193	805519	805557	805849	805713	805657	805849	792384	805663	805715	799551	725695	801778	801148	805330	805754	803715	805250	447231	805269	688297	683066	583544	797502	805214	261517	249340	805103	737033	787611	242314	403571	660547	805525	805709	795697	805762	802891	804618	804009	46893	805797	269762	801294	763093	804484	803577	803181	805548	801665	800140	803534	559812	805290	754868	802575	803567	805543	804901	630508	805471	799328	804512	805087	804936	805455	805463	805693	804293	605645	724947	800170	738630	741362	799709	804249	592759	797291	781463	732571	796612	435091	761922	719582	784595	733941	785830	781294	0	3	2	4	3	2	2	2	3	0	4	4	0	2	5	2	2	2	5	0	0	0	0	5	3	2	3	0	1	4	1	6	1	0	2	0	0	4	0	2	1	4	5	2	4	4	1	4	2	0	3	3	3	4	2	3	0	2	3	0	0	4	3	0	3	0	0	2	5	3	5	0	5	4	0	3	4	4	0	2	4	0	0	4	4	2	2	0	3	1	2	0	2	0	7	2	4	3	3	0	6	6	8	3	4	4	3	6	0	6	2	0	3	4	1	2	7	2	3	12	2	8	7	3	4	2	2	0	4	4	0	3	4	0	7	2	0	6	7	5	8	1	2	1	0	2	5	2	1	4	3	4	7	4	3	4	0	3	8	2	2	6	5	1	0	2	4	4	0	1	6	2	1	4	3
NC_063216.1	49000001	826061	825673	825550	825679	820138	823459	824827	823776	824061	824715	824641	823987	823636	53665	255707	824634	825064	823190	824825	825429	84826	172076	825021	122959	824531	824980	824678	823767	825042	818437	822276	824274	815532	819174	132278	824338	58975	824405	824344	824702	824482	822904	824395	823714	825102	824216	824723	823465	819887	823594	150671	824034	825422	824550	825354	824622	820307	326240	822467	824670	139188	301255	824658	808243	821737	825313	86787	130928	825773	821464	824538	825424	92649	824769	824671	147837	825255	825674	824824	825604	815631	823192	148409	365465	824942	824605	825651	825580	823900	825403	825315	825714	825590	825572	825791	824439	825660	825655	816988	767585	822742	819186	825478	825644	823475	824787	540996	824885	744704	739451	654052	820271	824904	305238	323585	824853	780625	813529	341677	507807	713768	825321	825609	820741	825727	822578	824413	824154	88202	825779	357809	822037	800458	824529	823481	823593	825571	822929	814919	823764	626899	825221	792084	823924	823536	825272	824802	689767	825278	820058	824216	824963	824846	825460	825339	825681	824281	689683	773248	822389	784505	782779	817750	824607	678746	819559	810711	775394	818201	540784	799535	767376	814100	775285	814124	807661	0	512	2	0	286	1	2	3	298	0	2	3	0	53	298	2	2	2	297	0	1	1	0	291	298	0	285	0	2	0	2	275	2	1	2	0	0	3	0	2	3	3	500	2	2	3	3	2	0	44	290	299	291	2	2	279	0	288	3	3	0	1	1	0	300	13	38	2	285	297	297	0	289	4	38	299	5	4	0	3	2	0	0	2	3	1	2	3	515	512	0	0	2	1	5	3	5	3	3	0	1	1	1	3	5	8	294	1	2	3	2	1	1	2	3	3	2	1	189	242	0	296	3	298	0	0	2	0	1	5	0	1	5	0	292	0	0	1	3	11	3	2	2	3	0	2	5	1	2	3	297	4	296	2	295	3	0	2	2	272	3	1	4	0	0	1	1	4	2	1	1	1	2	4	2
NC_063216.1	50000001	810311	809929	809954	809993	805683	807744	809313	808006	808261	808728	808153	807992	808094	50148	234992	808462	809515	807749	809186	809903	65259	153924	808704	99884	808959	808895	809289	808213	809409	800324	805756	809005	792112	805746	117151	808770	53245	808782	808777	809278	808558	807312	808638	807921	809451	808690	809194	807815	804844	807699	123712	808467	809902	809044	810095	809034	804298	297752	807063	808499	128867	274108	809015	792259	806200	809668	82856	113225	810150	805802	808979	809852	70932	809282	809247	149639	809242	810099	808729	809947	800207	807921	134631	339447	809414	808843	809971	809953	808272	809579	809710	810013	809883	809913	810149	808275	810019	809981	802495	752503	807153	805225	809731	809926	807928	809301	510949	808889	725509	717602	632413	805044	809112	277453	304911	808918	761249	794401	309147	484021	690868	809263	809888	804138	810133	806091	808965	808672	78879	809961	334022	806424	783773	808966	808017	808346	809951	807348	803034	808274	598805	809639	778126	807916	808230	809343	809270	666432	809702	804505	807980	809186	809218	809690	809709	809966	808280	659362	756037	806166	764342	766507	799295	808796	650397	803776	794191	757805	802808	511781	782513	745391	795564	761806	798090	790276	1	128	2	1	444	1	2	2	459	0	2	3	0	79	461	1	1	1	465	0	0	0	0	457	463	0	436	0	1	1	1	397	1	0	2	0	1	2	1	2	2	3	498	2	3	4	2	2	0	32	452	461	458	2	2	433	0	448	2	1	0	1	2	0	463	34	41	3	445	455	449	0	455	2	63	465	2	2	0	3	2	0	2	2	2	1	3	0	497	500	1	0	2	0	3	3	3	2	3	1	1	1	2	3	2	1	458	2	2	1	1	0	0	1	2	0	1	2	247	360	1	461	2	463	0	1	1	0	2	3	0	1	2	0	455	0	0	1	2	2	2	2	2	3	1	3	2	1	3	3	458	2	459	2	459	2	0	1	2	425	2	1	2	1	0	1	2	1	1	1	1	0	6	2	2
NC_063216.1	51000001	807157	806411	806793	806762	800933	804272	806079	804772	804900	805700	804636	802117	804607	38817	204785	805908	806078	805090	806048	806664	51616	134433	805929	69983	805524	806388	805691	804752	806070	800960	801558	805898	687645	800049	104651	805261	44703	805338	805528	806008	806081	801415	805283	804832	805976	804937	805729	804296	799630	804035	99450	805019	806640	805665	805215	805798	786475	263052	803303	805846	97310	208862	805564	781370	802150	806170	70720	94164	807023	802826	805265	806283	59276	805875	806054	140167	806713	806841	806272	806709	779825	804234	102902	290892	805400	805082	806770	806696	804479	806368	806494	806759	806605	806235	806805	799734	806627	806333	798897	730145	802938	800745	806348	804315	804046	805583	457110	805670	691180	689383	592617	799432	805276	253376	257882	805939	742778	784685	264322	409629	667636	806673	806323	798105	806655	802649	805062	805107	62135	806874	280494	802383	769667	805643	804713	798068	806164	802399	797742	804770	562308	805765	760848	803685	804530	806487	805630	630516	806147	800404	805036	805721	805594	806335	806347	806654	805041	616949	725405	801773	737683	747283	799198	804731	611328	798552	784548	730630	797990	447966	765329	717546	786681	744656	785769	783181	170	180	178	178	435	179	179	180	461	165	135	177	0	72	449	181	176	181	449	4	9	181	12	443	461	166	436	173	181	181	175	228	180	8	177	3	176	175	175	176	183	173	732	181	173	178	175	182	171	55	446	458	447	137	181	311	59	387	180	12	42	173	174	173	458	37	40	173	440	443	455	12	445	180	46	461	178	176	172	130	175	5	42	173	184	177	174	168	745	755	180	181	170	176	186	176	179	162	155	172	164	179	140	171	185	85	437	147	148	100	179	160	18	25	179	154	177	26	168	351	178	454	181	460	162	180	184	1	184	45	167	168	186	172	355	175	174	129	170	126	181	167	178	178	177	179	120	181	185	171	448	174	460	172	449	179	137	170	171	404	189	223	167	119	159	171	163	184	45	174	157	177	167	164	175
NC_063216.1	52000001	795544	795222	795318	795247	782858	792655	794499	793094	792430	793125	794135	761464	789675	28857	120930	794949	792830	794242	794293	794822	19530	85297	794345	25843	793780	795073	794447	792779	794703	783142	786485	794381	260463	780417	75915	794127	30386	793887	794058	794396	794913	786168	794065	793123	794611	793858	794535	793242	773332	793149	52691	793127	794925	793857	786148	794074	691239	144429	787053	794991	37099	110505	793998	752757	789481	794513	31443	54686	793578	789267	792774	794894	31466	793810	794555	99991	795299	795478	795098	795267	664519	792491	73183	197485	794188	793135	795140	795137	793673	794477	794910	795338	795198	795170	795422	734801	795224	795073	788963	669275	789446	790718	794917	795322	793093	794669	363574	795061	622480	617766	475430	781448	794955	200049	170884	794569	701409	766389	173825	290997	603660	795308	795259	774600	795260	792441	793711	793146	35672	795294	203768	790596	732066	793953	792996	791717	795411	790740	789941	793475	492032	794722	716283	788558	792638	795408	793850	563036	794889	786656	794435	794176	794106	794710	794862	795058	793478	524263	660559	787603	654824	702982	788379	794313	494210	785902	748090	672345	779068	314548	718323	655676	758509	707283	760818	762694	0	0	0	0	243	0	0	0	240	0	0	1	2	12	249	1	1	1	248	0	0	3	0	245	251	1	237	0	0	2	0	39	0	0	0	0	0	0	0	1	1	0	531	1	1	0	0	0	1	5	244	251	243	0	0	128	0	0	0	0	0	0	0	0	249	1	3	0	232	240	250	4	246	0	11	251	0	0	0	0	0	1	0	0	1	1	0	0	534	534	0	0	0	0	2	0	0	1	1	1	0	1	0	1	0	5	249	0	1	0	0	0	0	4	0	0	0	1	52	150	1	251	0	247	0	1	0	1	0	10	0	0	0	0	251	2	0	5	1	2	0	0	0	0	0	0	3	0	0	2	249	0	246	0	248	0	2	0	0	160	0	235	0	2	0	1	0	0	0	3	1	0	0	0	0
NC_063216.1	53000001	817979	817326	817632	817419	813136	815208	816764	815680	815569	815828	814824	812664	815744	58826	252327	815655	817083	815801	816607	817360	61905	169427	816061	87482	816350	815783	816647	815284	817014	807079	812400	816604	674727	811322	133987	816072	63273	816172	816500	816493	815698	812352	816217	815220	816856	815794	816555	815360	811751	815103	104939	815778	817209	816211	816952	816610	797737	286469	814699	815423	110403	225719	816492	791657	813285	817073	78458	100778	817843	813341	816102	817308	67270	816451	816901	152625	816802	817725	816133	817535	793148	815081	124068	311285	816670	816157	817523	817375	815906	817092	817180	817609	817374	817400	817593	809118	817501	817418	809629	739429	813944	811776	817448	817279	814975	816837	485872	816111	709004	698477	604969	810126	816323	267380	268633	816468	756750	797659	287455	441054	686293	817039	817505	808145	817706	814390	816319	815849	66634	817655	304681	813378	781497	816549	815633	815560	817413	814018	810561	815479	583595	817131	769906	813994	815436	816952	816726	647960	817195	811429	815477	816689	816652	817119	817241	817510	815849	635477	737896	813303	753652	762109	810490	816362	622291	809117	793815	747516	808461	469269	778119	739292	796976	755770	798697	795921	0	0	1	2	549	0	0	0	563	0	3	3	0	90	568	1	1	1	565	0	0	2	0	559	567	1	542	0	0	3	0	332	0	0	1	0	0	3	0	1	0	4	439	3	4	3	0	5	0	38	547	567	552	3	0	462	1	3	3	0	0	3	4	0	556	24	35	0	550	550	565	1	552	3	67	568	2	3	0	2	3	0	1	3	3	1	0	1	445	442	0	0	0	0	2	0	2	1	5	0	5	4	4	3	2	2	567	1	2	5	0	0	1	4	0	2	0	1	241	415	1	568	4	566	3	1	3	0	3	9	0	0	5	0	568	3	0	1	2	8	4	3	0	0	0	0	0	1	0	3	556	2	562	3	569	2	0	1	3	496	0	538	4	0	0	1	0	2	0	2	7	4	0	3	3
NC_063216.1	54000001	814863	814564	814573	814575	806649	812323	813774	812653	812297	813444	813486	805934	811468	40940	181662	814092	813380	813312	813695	814410	32900	133670	813785	47843	813472	814433	813863	812594	813907	806362	807674	813455	596025	804326	103980	813370	48482	813141	813328	813659	814191	808166	813455	812529	813804	812994	813730	812197	803834	812149	77064	813129	814427	813547	813320	813613	781622	235097	810102	814189	72051	173425	813267	785835	809779	814077	51820	72447	814673	810823	812671	814464	42537	813559	813755	124152	814576	814694	814446	814568	765364	812052	94260	252103	813712	813227	814527	814459	812535	814213	814399	814638	814386	814303	814536	802648	814492	814513	806678	719763	808825	809711	814449	814645	812425	813832	434431	814405	682664	677116	562169	802784	814112	221709	222612	813870	743914	793898	229298	385146	655913	814521	814739	802833	814708	811699	813394	813010	45836	814516	248493	810376	770126	813377	812376	812704	814613	810718	807409	812553	542500	813925	760162	810290	812303	814656	813638	624651	814227	806157	813656	813891	813543	814204	814243	814528	812939	604014	716619	809042	725245	749299	808534	813333	577132	807011	787145	722903	803437	408242	766214	715047	788849	747985	788827	786212	0	2	2	3	632	299	656	303	644	303	287	2	7	78	648	4	5	5	646	0	36	363	11	637	727	3	705	0	2	3	2	294	2	0	654	23	0	2	1	5	292	2	695	5	297	2	294	2	3	29	712	649	632	302	302	520	64	2	2	0	2	0	569	0	642	11	18	674	629	688	650	19	634	4	47	651	4	4	0	2	294	0	4	300	2	307	664	359	699	705	671	0	2	368	7	302	4	3	247	0	2	2	674	2	4	2	645	2	4	6	0	355	1	1	296	271	2	71	238	406	672	646	294	647	0	662	2	0	670	79	0	258	5	0	648	0	0	5	285	6	3	272	299	286	0	659	193	302	617	2	713	294	716	299	646	2	0	244	294	521	260	622	2	209	0	287	235	4	0	268	3	0	519	2	566
NC_063216.1	55000001	813061	812523	812679	812670	810274	809965	811641	810441	810941	811868	811204	810961	810692	60022	291139	811151	812353	810536	811630	812399	95424	187302	811419	127067	810930	811493	811687	810101	811783	807730	808777	811446	784553	809004	148834	810999	67807	811284	811258	811603	811325	809567	811334	810511	811979	810858	811494	810274	807248	810221	151058	810640	812317	811250	812333	811443	805102	353080	810327	811050	152703	288519	811638	790934	808818	812029	97102	132990	812846	808995	811031	812303	90515	811730	811706	172922	812161	812763	811590	812563	801866	810357	156848	359682	811741	811432	812635	812433	810043	811941	812363	812660	812706	812515	812355	810483	812550	812559	802689	753814	809003	805683	812425	812445	810239	811931	518315	811614	728640	719681	641010	807205	810913	287707	315186	811207	765057	795803	320735	487366	694691	811982	812354	806222	812550	808691	811277	811039	92604	812660	343738	808629	784771	811399	810930	810768	812148	808583	800755	810492	615361	811763	779144	810235	809848	812344	811371	668658	812246	807551	810641	811484	811697	812053	812117	812478	811076	668109	752755	808777	767256	767839	802409	811015	662490	805150	795932	758100	804601	527481	784793	749699	798464	760871	797907	790002	2	4	5	3	604	498	687	503	622	501	500	0	23	139	626	2	2	2	621	0	63	469	40	611	773	3	749	1	6	3	3	541	2	1	683	32	2	4	0	2	480	4	679	4	498	1	488	3	3	82	750	625	616	508	500	582	140	3	1	1	0	2	617	0	620	47	69	706	606	756	620	39	613	3	84	625	3	3	0	1	489	0	1	506	3	509	696	459	699	700	707	1	2	470	5	503	2	2	439	0	7	4	708	1	3	4	627	5	2	2	0	458	2	4	504	393	4	181	316	616	698	625	487	627	3	685	5	0	703	168	0	447	3	0	623	4	0	4	480	7	4	459	498	474	0	673	375	506	643	3	763	492	765	505	624	1	0	439	489	574	434	600	3	369	0	480	439	3	3	460	7	2	571	1	634
NC_063216.1	56000001	797160	796660	796872	796654	783708	794749	796054	794704	794434	795095	795436	785909	792877	33622	140625	796223	794951	795443	795899	796614	34757	104966	795555	48898	795705	796538	796015	794893	796279	782400	789279	795812	544669	784623	75817	795210	33082	795461	795467	795970	796348	791003	795352	794820	795958	795342	796021	794674	781103	794506	73073	795120	796552	795702	794248	795505	757600	191562	789745	796346	60965	162999	795652	766852	791983	796136	44444	70707	796797	791928	795088	796625	43364	795770	795934	98079	796652	796997	796411	796835	732966	794309	81993	238541	795696	795247	796821	796739	794740	796402	796481	796821	796757	796705	796807	781317	796690	796715	790865	690694	791268	791579	796475	796616	794677	796038	410270	796346	650128	646837	525932	784730	796216	233264	212462	796135	720500	773576	219102	347699	632656	796707	796517	781869	796844	793127	795177	794950	48241	796748	246041	792213	749938	795589	794984	793178	796492	792775	790604	794998	532637	796159	731304	791364	794741	796867	795300	595893	796417	789251	795674	795979	795992	796229	796490	796674	795529	570880	679810	789438	683146	715118	789324	795641	544526	788309	757522	687955	783513	382560	733102	682134	764618	716964	770995	767214	0	1	1	1	787	62	702	63	799	66	53	3	0	54	814	39	43	40	817	0	1	734	0	793	833	41	802	0	3	0	1	342	0	2	720	17	1	2	0	43	59	3	711	43	63	3	65	4	41	31	808	813	810	66	63	621	1	3	3	1	1	1	590	0	808	15	38	734	789	793	814	0	801	3	45	819	3	3	0	3	65	0	0	63	3	22	724	724	720	727	730	0	1	743	3	65	3	40	40	0	2	44	732	3	3	3	815	4	31	3	0	733	8	0	62	547	4	8	273	464	741	815	60	815	1	723	1	0	726	14	0	50	3	0	815	1	2	43	61	9	4	51	59	60	0	716	39	62	652	3	824	63	820	66	811	3	0	41	62	639	39	793	3	33	0	15	46	3	1	15	30	4	556	3	599
NC_063216.1	57000001	818650	818183	818315	818313	812514	816058	817454	816180	816395	817058	816491	813375	816183	46239	212377	817032	817310	816889	817380	817955	57840	140712	817079	81620	817162	817127	817688	816390	817749	809227	811953	817290	705903	811334	110612	816892	50274	816915	817015	817297	816979	813651	817021	816177	817663	816635	817318	816138	810897	815886	109240	816523	818070	817300	817709	817134	800708	280345	814229	816816	113170	223080	816988	793429	813823	817991	72532	95585	818470	814577	816617	818112	60354	817315	817588	145033	817616	818462	817255	818210	789843	815905	109863	300220	817502	817114	818261	818085	816445	817978	818107	818376	818254	818120	818435	810543	818174	818076	811798	746675	814474	813249	818164	818442	816311	817580	480399	817650	716010	707070	613484	811887	817877	273823	271469	817664	759515	801106	277536	442673	689389	817415	818450	809550	818460	815654	816797	816521	65476	818305	295863	814491	788386	817051	816308	816315	818502	814292	812527	816775	587500	817832	778404	815168	816178	817869	817195	654731	817910	812557	816340	817346	817474	817949	817943	818255	816759	643879	744905	813893	760539	763909	810130	817300	636135	810891	795622	750022	809640	481493	783193	741419	801487	754202	800627	798068	0	2	2	0	385	278	709	274	394	282	274	3	10	51	398	281	279	278	398	0	32	702	11	395	411	279	391	0	2	0	2	242	2	28	710	37	0	1	0	279	265	3	693	279	277	3	276	3	274	31	397	393	384	288	281	341	64	2	3	0	0	1	612	0	394	33	40	723	391	403	397	14	391	3	45	398	2	2	0	3	275	24	0	278	3	1	716	679	715	713	722	0	2	704	4	282	2	260	237	0	2	288	726	3	1	0	401	1	194	3	1	690	58	0	275	586	1	71	177	515	707	400	268	398	0	690	1	0	722	72	0	231	2	0	394	1	0	252	277	4	2	252	280	276	0	709	199	281	676	3	406	277	408	285	397	3	0	231	278	338	230	392	3	188	0	1	232	2	0	0	231	1	575	3	633
NC_063216.1	58000001	793162	792794	792926	792880	789946	790856	791824	790711	791055	792015	791208	787539	791099	51320	247735	791572	792326	791451	792034	792537	67699	160542	791601	85789	791841	791773	792052	791064	792065	787542	787133	792019	656607	789560	130574	791542	62813	791561	791528	792091	791875	787748	791639	790931	792008	791296	792029	790811	786297	790383	118593	791119	792592	791584	791755	791728	770894	301837	790408	791592	125716	223720	791801	770611	787896	792136	88077	95730	792923	787968	791547	792458	68027	791936	792004	172498	792189	793041	791903	792823	763981	790402	121233	290344	791866	791286	792788	792734	790968	792356	792798	792933	792795	792770	792825	783072	792749	792754	785096	699946	787487	787273	792500	792702	790731	791841	446151	791821	669100	667775	553037	782425	792032	263145	256180	792100	724628	771915	250613	394778	651338	792214	792750	780219	792792	789235	791318	790991	60636	792783	273711	788698	753512	791662	790922	789668	792534	788664	785718	790913	548856	792145	741256	788453	790470	792418	791706	611488	792356	785847	791404	792040	792073	792211	792467	792544	791314	596330	699678	786572	710589	727530	784796	791745	573507	784280	763758	709557	782020	422671	747168	696280	767683	730222	768740	766962	0	3	2	0	479	303	490	303	495	309	297	2	4	93	498	306	301	300	495	0	34	481	9	480	433	304	416	0	2	0	2	358	2	30	480	39	0	2	0	310	293	2	487	306	297	2	299	2	296	40	424	491	484	310	303	425	70	2	2	0	4	0	425	0	492	13	30	500	488	415	492	19	491	2	60	499	4	4	0	2	298	22	0	304	2	1	497	476	491	497	497	0	2	487	4	305	4	280	242	0	8	307	499	1	4	2	497	1	224	2	0	470	67	9	298	361	6	82	202	494	486	496	297	496	0	476	1	0	497	79	0	273	3	0	498	0	0	279	299	5	2	265	299	288	0	485	220	308	449	2	421	300	430	305	495	2	2	242	297	438	237	415	3	192	0	3	244	4	5	2	241	0	392	3	416
NC_063216.1	59000001	811767	811190	811431	811292	804512	808965	810460	809183	809263	810370	809623	803984	808184	48072	215973	810052	810275	809803	810387	811151	59415	141250	810444	82969	810118	810506	810573	809427	810796	801633	805500	810551	656648	801745	111883	810043	55605	810004	810363	810666	810424	805938	809857	809222	810522	809730	810416	808676	800082	808972	112833	809537	810968	810204	809787	810328	786049	269740	807450	810017	108205	221209	810371	787462	807404	810896	74343	103860	811607	807767	809853	811003	71410	810524	810556	144930	810845	811514	810444	811331	771478	809041	120159	305615	810443	809577	811338	811298	809809	811167	811048	811360	811220	811183	811387	798124	811259	811225	803927	737044	807218	806902	811155	811397	809400	810797	490496	810293	706419	697958	600452	803494	810768	257703	275238	810741	754823	791532	281776	443281	676063	810769	811370	802956	811436	808776	810003	809802	68224	811480	313175	807497	779943	810345	809289	808638	811182	807638	804371	809195	586992	810875	765248	808198	809249	810913	810057	649575	810960	805274	809506	810533	810612	810984	810968	811242	809900	646163	737932	806676	744935	753541	799995	809933	627166	803518	789137	742919	802765	477426	774227	731489	790863	752556	793419	788051	14	41	27	62	424	568	160	535	487	603	515	4	15	82	518	528	542	533	458	13	31	618	20	450	604	539	554	0	52	51	0	393	0	32	159	7	26	42	0	544	532	28	162	574	554	3	528	61	570	40	561	487	449	554	571	417	113	51	41	0	23	2	166	0	505	23	54	167	470	544	483	40	447	38	54	456	1	1	1	2	529	27	1	556	31	3	163	544	166	165	203	0	0	590	71	544	1	497	452	1	45	598	224	1	27	35	497	46	406	47	0	549	92	22	538	527	57	136	248	319	564	510	561	493	40	595	54	0	167	161	0	464	36	0	505	52	31	530	559	54	39	532	538	515	1	164	368	593	152	37	600	532	623	539	510	3	0	479	565	448	483	560	40	384	0	49	492	2	39	39	489	41	163	2	148
NC_063216.1	60000001	805078	804783	804771	804742	799843	802747	803993	802890	802816	803738	802610	796908	801887	48285	213277	803222	803971	803204	803836	804547	47875	149782	803697	71243	803763	803521	803888	803108	803789	797909	798653	803879	596268	798402	118979	803685	56073	803671	803741	803831	802947	799239	803598	802788	804050	803236	803775	802711	795055	802294	92558	802889	804628	803740	803261	803792	770630	248374	801120	803174	92556	193853	803502	774317	800214	804218	65931	83511	805002	800542	803067	804576	52789	803905	803990	135789	803986	804962	803494	804748	753734	802341	113147	259880	803958	803282	804541	804765	802842	804454	804826	804824	804741	804658	804887	790868	804768	804740	797604	721930	801062	799814	804509	804723	802842	804231	444768	803747	689605	671173	574896	794989	803929	247050	242982	803693	739940	784964	247752	403194	661109	803996	804898	794255	804784	801983	803613	803246	58385	804759	269379	800147	762612	803667	802939	802221	804735	801084	797896	802984	557033	804020	754804	801159	802617	804173	803731	625955	804361	796908	802974	803858	803653	804341	804390	804694	803525	604198	721940	799012	728054	743567	796548	803441	588949	796932	780669	725031	793715	431745	759126	719160	783366	736586	783551	781364	0	3	3	2	158	461	20	454	165	455	424	1	10	44	166	456	449	447	166	0	49	460	21	163	339	451	325	0	4	0	3	126	3	44	21	0	0	1	0	459	448	3	20	457	444	1	439	4	444	17	332	165	163	466	451	151	80	1	1	0	0	3	17	0	164	9	14	21	163	331	165	17	161	1	23	165	0	0	0	1	442	24	0	453	1	2	21	452	21	21	24	0	3	468	2	465	0	418	361	0	2	460	24	1	0	4	167	2	319	2	0	455	77	0	449	364	2	101	117	114	463	170	435	170	2	451	3	0	21	99	0	378	0	0	170	2	0	396	449	4	1	387	457	433	0	21	298	455	20	1	331	457	334	458	166	1	0	362	445	146	356	323	1	272	0	2	392	0	0	2	363	4	18	1	16
NC_063216.1	61000001	797245	796770	796907	796869	788749	794887	796067	794781	794689	794288	794413	789926	793540	41175	179346	795098	795454	795550	795921	796627	44578	128447	795241	57996	795892	795585	796115	794846	796439	784657	790690	795904	575137	787918	99505	795604	43959	795531	795853	796001	795271	790953	795369	795036	796191	795624	796046	794597	785592	794592	81846	795371	796656	795773	795245	795881	762446	227084	791904	794916	78986	174580	795837	768484	792163	796357	53682	69946	797087	791614	795391	796760	47691	795952	796056	112335	796090	797011	795351	796864	750271	794349	95400	250331	796082	795324	796859	796798	795240	796425	796786	796924	796694	796727	797059	782010	796805	796841	789791	702450	792312	792173	796725	796392	794071	796169	421327	795597	664508	651810	547699	787199	796088	228531	224911	795648	723974	774581	228176	375510	644832	796185	796742	784018	796964	792488	795523	795069	47688	796866	251083	792946	750127	795725	794639	793971	796547	792789	789426	795069	540034	796226	735576	792745	794476	795982	795811	610398	796642	788883	794784	796101	795812	796529	796543	796848	795392	589328	701731	790639	703031	725487	790638	795201	564770	788550	764230	709184	785239	397315	739472	695472	768921	723355	771888	769523	0	1	1	0	449	408	236	401	457	404	389	2	16	87	460	405	406	412	463	0	44	288	24	451	435	404	425	0	1	0	1	208	1	37	240	12	0	2	0	408	391	2	235	409	400	2	407	1	389	24	431	465	448	416	405	367	88	1	2	1	0	0	217	0	457	25	28	245	443	433	464	23	449	2	41	462	2	2	0	2	398	33	1	408	3	5	244	291	241	244	244	0	1	298	2	411	2	377	328	0	0	410	242	3	2	2	459	2	293	1	0	292	73	0	401	238	1	120	168	331	297	463	389	462	0	293	1	0	241	117	0	336	2	0	457	0	0	360	397	7	2	346	407	388	1	234	277	410	227	3	429	407	435	411	460	2	0	330	391	350	329	417	2	257	0	6	320	2	0	2	306	1	188	2	217
NC_063216.1	62000001	749945	749499	749510	749492	740248	747657	748716	747624	747323	748668	748441	728076	746391	32402	154864	749461	748324	748497	748641	749460	24493	96624	748982	30759	748470	749713	748893	747534	749064	739009	741546	748837	259728	738629	87060	748332	36561	747971	748412	748639	749504	740383	748312	747745	748865	748057	748883	747879	738591	747386	61249	748044	749406	748676	744454	748578	669600	186285	745537	749340	54344	122972	748555	720352	744109	749004	46688	65863	748427	744019	747760	749453	38222	748689	748605	127945	749853	749848	749699	749665	653630	746916	78085	211650	748267	747719	749622	749312	748068	749263	749518	749693	749502	749485	749651	690028	749619	749486	744565	615725	740554	745523	749427	749632	747719	748992	345383	749495	568615	576764	438266	728181	749395	216978	179605	749053	656587	722209	179264	275056	567410	749843	749619	723646	749558	746225	748263	747778	41565	749551	207144	745138	694218	748207	747169	744735	749582	744937	744610	747547	465513	748860	662341	741374	747128	749849	748357	532127	749109	738124	748957	748924	748519	749133	749282	749384	748034	500160	599701	738710	594972	647939	740835	748002	456409	740869	694561	609637	729849	295415	662345	590368	702614	670445	708391	713771	1	1	1	3	755	640	8	618	757	640	516	3	6	54	800	625	633	627	793	0	30	641	10	773	338	627	320	0	1	2	0	110	0	19	6	4	2	5	0	638	570	5	9	636	631	3	615	8	607	16	325	794	779	649	633	497	57	5	4	0	0	3	10	0	792	11	51	8	765	329	797	16	767	5	21	801	0	0	0	2	613	33	2	642	4	0	8	611	8	7	10	0	0	645	4	636	0	596	462	0	1	640	13	3	1	5	797	3	403	3	0	631	120	1	622	454	6	105	92	483	647	802	565	793	2	628	1	0	11	124	0	500	1	0	793	1	2	594	610	9	5	481	597	605	0	8	333	641	8	5	331	623	336	640	797	3	2	434	605	566	451	321	3	302	0	3	440	1	4	3	432	6	10	3	11
NC_063216.1	63000001	783226	782859	782912	782917	776117	780817	781932	780857	780788	781407	781045	769595	779949	37350	193894	781788	781977	781883	781982	782664	31176	139610	781307	43824	782040	782418	782164	780968	782395	775032	775076	782041	404360	775458	110469	781579	40367	781331	781869	782052	781684	775414	781498	780848	782062	781642	781992	781022	773927	780371	70982	781395	782635	781907	778208	781754	717421	226171	778730	782094	73479	146615	781669	750463	777299	782486	47174	73258	783055	776630	781156	782721	41984	781799	782075	144309	782557	783087	782342	782874	710081	780564	94930	220931	781921	781061	782884	782729	781033	782477	782688	782927	782820	782728	782931	755336	782794	782776	777919	666055	776547	779135	782633	782904	780855	782263	374700	782382	626497	616442	492738	768148	782547	212810	193699	782180	692181	755577	192566	310043	603343	782570	782912	762942	782879	779797	781564	780988	44052	782835	220786	778452	728542	781535	780724	779567	782888	778910	778606	780702	498501	782032	702928	776375	780611	782717	781647	572793	782402	773170	781513	782259	781865	782541	782470	782714	781449	532386	653026	773731	655113	691646	775640	781605	497529	775312	740196	661091	769113	338003	710568	655462	748060	702706	749380	753589	0	1	1	2	148	328	264	318	149	326	300	1	5	19	151	321	329	331	152	2	27	584	3	146	282	327	274	0	1	1	1	56	1	17	258	6	2	3	0	332	310	2	257	331	325	1	325	2	319	8	277	154	152	334	331	107	38	3	3	0	2	0	214	0	153	10	14	268	143	272	152	14	147	1	26	152	2	2	0	3	327	17	4	323	3	0	265	564	261	263	267	0	1	590	4	335	2	305	250	0	3	331	268	1	2	7	150	1	204	9	1	579	58	6	328	418	4	67	81	267	591	153	302	149	4	571	2	2	266	76	0	281	4	0	153	2	2	307	321	7	3	262	328	311	0	256	190	332	249	1	277	325	283	331	154	1	0	242	314	126	240	268	1	182	0	3	247	2	2	2	244	1	198	1	222
NC_063216.1	64000001	800430	799854	799926	799906	794103	797751	799305	797873	798456	799427	799181	798033	797702	46155	284262	799178	799488	797752	799093	799756	103125	159982	799026	147585	798797	799640	799077	798275	799531	790122	796120	799033	757771	794582	129916	798609	57649	798683	798847	799064	799382	797120	798784	798048	799307	798486	798793	797786	792714	797564	187078	798429	799791	798968	799653	798938	793712	358689	797598	799178	173164	331907	798881	785180	796629	799454	112243	189724	799953	796352	798816	799794	127377	799306	799104	194714	799745	800122	799373	799963	786972	797720	178961	415974	799001	798812	800010	799723	797885	799536	799353	799862	799728	799758	799856	797731	799870	799753	792246	741211	796141	794531	799910	799880	798079	799344	555805	799493	721502	719763	637339	793216	799320	319040	369146	799212	753352	783922	380243	522662	692542	799728	800015	793335	800095	797179	798750	798534	119989	799775	394550	796574	774701	799042	798361	798294	799897	796582	790827	798288	624420	799796	764177	797606	798252	799998	798902	675727	799680	794708	798813	799009	799422	799633	799661	799824	798653	678999	739800	796399	748037	757283	787060	798921	663227	794673	780978	744467	793183	546195	769515	736090	784992	756271	786768	782210	0	0	0	0	679	128	630	128	697	129	130	0	6	149	705	130	127	127	703	0	13	568	21	688	663	128	639	0	2	3	0	626	0	24	640	30	0	1	0	126	120	0	629	129	126	0	125	0	122	104	641	700	692	128	127	664	57	0	0	0	0	0	608	0	685	68	139	656	679	638	702	23	701	2	101	703	0	0	0	0	126	20	0	127	1	1	655	556	650	649	657	0	0	570	3	129	0	114	124	0	0	130	662	0	0	2	697	4	115	1	0	559	46	3	126	489	4	70	406	504	571	702	127	705	0	560	2	0	653	75	0	124	0	1	703	3	0	111	128	6	3	122	129	125	0	632	108	131	615	1	641	131	652	127	696	0	1	123	130	650	118	637	3	116	0	1	124	0	1	3	117	3	576	0	607
NC_063216.1	65000001	823651	823243	823412	823293	820800	821244	822533	821313	822195	821287	820818	822164	821696	63096	338170	819878	823090	821307	822568	823160	124424	205122	821312	157203	822290	820429	822608	821579	822757	817119	819896	822165	817465	819315	170651	821897	80258	822155	821878	822476	820516	820748	822019	821484	822598	822077	822536	821400	817913	821392	179560	821946	823201	822270	823072	822088	819506	394170	821114	820315	182741	322465	822038	805272	819312	823076	126000	165588	823445	819392	822187	822942	122014	822613	822379	204923	821452	823444	820716	823156	816356	820974	181174	397108	822510	822182	823295	823265	821563	822989	823064	823337	823122	823238	823413	822271	823317	823272	813496	767130	820835	817372	823199	822256	821098	822610	552099	820888	741999	734317	647850	817926	822401	264740	337058	822593	776646	809100	353820	515150	714044	821310	823307	817193	823393	819731	822174	821920	110039	823315	375052	820216	802188	822243	821430	820469	823179	820567	813469	821389	635185	822697	793877	821233	821221	821619	822545	687658	823023	818385	820202	822569	822552	823089	822982	823312	821982	697083	769697	819855	777642	782624	811790	822053	678581	816835	808401	773635	815462	551096	793885	763226	812437	776957	811008	805099	0	0	0	0	585	304	485	305	595	152	152	261	26	154	440	314	305	300	438	49	66	231	53	432	295	306	283	0	0	0	0	562	0	52	490	44	0	258	0	303	303	262	347	311	151	259	304	256	304	28	284	601	597	155	311	569	61	261	260	0	65	255	304	0	598	22	86	505	581	290	439	46	588	262	42	597	0	0	1	259	147	27	107	155	261	1	494	223	502	498	500	0	0	231	0	315	0	296	136	0	1	152	362	256	1	2	595	1	254	179	1	228	22	3	309	185	1	128	151	179	230	440	309	601	1	225	0	42	361	63	1	284	0	0	590	0	2	263	144	3	255	294	306	290	0	490	254	310	462	260	289	304	294	153	599	257	0	275	151	533	277	289	262	247	0	1	277	0	1	1	124	245	425	255	327
NC_063216.1	66000001	822270	821680	821817	821868	820909	819631	821170	819871	820617	820753	819103	821399	820520	70715	389741	819315	821892	819310	821033	821762	130019	223845	820221	172819	820686	819730	820994	820217	821433	816327	819563	820552	820282	820706	183142	820494	91594	820632	820634	820932	819581	819738	820657	819955	821190	820413	820709	819756	817900	819385	193851	820313	821791	820985	821456	820695	819713	418987	820537	818786	201907	360777	820984	807351	818369	821636	128932	179399	821881	817766	820899	821568	122519	821202	821017	203139	820787	822027	819251	821753	818051	819678	196007	427077	820996	820716	821950	821698	819718	821612	821423	821830	821720	821795	822017	821479	821795	821757	810396	769612	819023	814503	821586	820409	818570	821184	576556	819775	753640	747874	666028	817486	820293	297280	351874	820202	780620	810181	382793	549119	726044	820622	821194	817260	822029	817607	820422	820264	115590	821683	399135	818165	804262	820902	820034	819032	820970	819378	807510	820011	646123	821471	795915	819895	820345	820842	820933	701579	821561	815608	818964	821048	820966	821639	821502	821879	820484	712260	780060	818913	787790	788640	810259	819955	700348	816512	809997	781576	815962	572923	799754	772504	812181	781051	810576	803486	0	2	5	2	508	403	331	405	528	278	269	527	19	174	284	409	393	401	288	54	80	394	48	282	186	398	179	0	5	5	2	518	2	69	332	32	4	412	2	407	405	522	505	414	264	522	385	524	393	24	402	529	521	268	402	505	86	522	535	0	149	518	467	0	519	24	89	335	505	184	285	53	148	526	27	529	375	376	0	506	261	34	210	273	535	2	336	381	482	339	337	0	2	396	373	407	374	377	236	0	6	273	522	518	368	4	520	3	281	395	0	377	70	128	400	362	11	175	111	398	326	287	328	529	1	318	10	75	512	120	0	383	365	0	524	4	6	348	261	271	523	387	408	387	0	328	330	405	317	528	182	330	181	270	530	526	0	361	263	480	385	179	514	336	0	4	382	355	5	8	231	507	293	498	453
NC_063216.1	67000001	825456	824987	825061	825176	821637	823092	824364	823167	823525	823936	823529	824089	822543	52489	269792	823771	824676	823043	824237	824946	81818	183104	824252	118525	823918	824166	824390	823260	824635	820627	821519	824007	817869	821045	140841	823700	61070	824008	823820	824274	823999	822666	823774	823490	824502	823599	824233	822846	818642	822952	152998	823425	824971	824122	825075	824021	821053	335741	822461	823747	143404	297298	823946	807825	821382	824840	96484	140884	825212	820795	824103	824814	89262	824005	824287	172862	824502	825091	824141	824992	818651	822604	140590	380904	824121	823905	825013	824985	823334	824865	825045	825199	824999	825037	825208	824144	825102	825054	816662	758830	822308	818790	824967	824839	822930	824550	546071	823730	740966	736073	640998	818858	824123	283440	331729	824341	776013	809214	351233	509460	712620	824449	824799	819775	825201	821455	823893	823504	86678	825189	365778	820730	805134	823927	823421	823451	824642	822239	813700	823361	631075	824420	793461	822765	822923	824565	824323	689610	824855	820666	823537	824387	824414	824878	824770	825115	823886	695513	765784	821221	775242	783706	816679	823609	681254	818335	808214	771715	819251	539117	796400	758667	812858	778212	811776	806450	0	2	2	0	552	795	7	788	570	831	817	377	23	97	688	799	786	798	681	27	79	799	39	673	756	795	717	0	2	0	2	546	3	0	7	0	0	672	2	806	779	380	370	806	811	386	783	378	784	69	556	575	570	832	792	548	187	374	388	0	69	379	343	0	570	50	60	7	564	733	677	49	2	387	96	576	573	573	0	356	804	57	134	810	377	5	7	783	567	7	9	0	2	807	561	805	573	728	691	0	4	834	389	372	567	3	572	2	0	292	0	795	178	163	787	667	1	255	369	427	7	687	726	575	0	7	2	32	389	263	0	729	556	0	574	0	1	695	790	387	387	714	790	756	0	7	587	801	7	378	745	737	748	826	570	379	1	682	803	522	675	738	376	577	0	5	680	529	0	4	685	365	7	367	349
NC_063216.1	68000001	817519	817141	817242	817282	811321	814874	816464	815152	815308	816427	816308	812319	814276	41566	225538	816555	816121	815777	816257	816939	51286	144538	816513	78982	816075	816936	816471	815403	816730	809475	810994	816190	734458	808528	110405	815744	47076	815721	816003	816363	816537	812930	815832	815201	816517	815665	816357	814854	806606	815119	102613	815598	817062	816184	816262	816147	798946	276505	814014	816523	98989	222665	816024	794287	812517	816817	75553	98523	817349	814317	815846	816863	59878	815901	816419	146198	817203	817230	816691	817207	785673	814625	112891	303484	816271	815888	817160	817074	815319	816726	817065	817246	817078	817061	817217	811150	817135	817098	809633	743954	813081	812662	816964	816944	814914	816450	483698	816482	710138	711291	606552	809174	816356	259652	283506	816163	756854	798369	282565	439335	682384	817043	817004	808518	817310	813919	815951	815633	64263	817183	294052	813485	786825	815944	815280	814556	816914	813789	811028	815244	586854	816591	774397	814016	814765	817180	816157	652474	816896	810633	816058	816382	816268	816947	816770	817064	815751	644859	744298	813010	755760	765378	809710	815935	633136	809883	795220	745414	808990	468410	779493	735549	800288	758403	801641	795499	2	4	4	2	601	86	566	81	615	452	436	418	0	99	646	82	81	79	641	25	4	625	4	634	638	81	605	0	4	2	3	426	3	0	571	14	1	633	2	82	81	418	635	82	444	425	81	400	85	42	608	626	618	454	82	517	103	415	427	0	67	416	577	1	618	28	42	586	602	618	645	22	1	417	62	628	625	626	0	361	436	20	107	446	418	2	577	603	807	579	583	1	2	632	594	83	621	75	362	0	5	451	662	406	614	2	623	6	2	272	0	618	68	151	80	486	5	17	262	594	585	651	602	626	2	569	5	25	656	115	2	65	603	0	629	3	2	74	433	379	413	77	83	76	0	571	59	85	538	421	621	616	631	447	628	418	4	75	435	538	73	616	414	57	1	3	69	576	1	2	348	367	464	381	574
NC_063216.1	69000001	803886	803457	803467	803489	798480	801504	802692	801377	801625	802931	802296	792493	800874	35844	186074	803051	802656	802385	802569	803143	34982	120306	802671	52039	802141	803384	802765	801819	803064	796901	797078	802745	541195	796091	87635	801928	34752	802064	802251	802678	803142	797249	802350	801336	802842	802160	802696	801306	797334	801484	78715	801823	803394	802713	799855	802436	750654	237920	799559	803051	76539	199203	802253	777683	799107	803093	53963	88620	803726	800714	802228	803243	52178	802427	802831	128092	803542	803706	803221	803378	746881	800852	93448	290296	802428	802266	803550	803486	801870	803019	803415	803537	803495	803422	803618	783744	803440	803422	796619	726637	799057	798606	803319	803578	801398	802907	473574	803401	693611	692685	584703	794375	803054	249242	259931	802827	745143	786838	263177	424551	667101	803377	803470	794407	803637	800228	802279	801966	53538	803476	281657	799158	770528	802417	801412	801631	803623	800403	798044	801925	568164	803043	757422	799885	801336	803632	802547	632240	803239	796967	802625	802941	802641	803239	802983	803495	802157	624640	721303	798151	733133	744679	795049	802332	606012	797210	779567	730832	794198	453700	765637	723984	786600	741466	785641	779593	0	0	1	5	655	377	584	371	668	469	435	629	4	74	518	366	370	374	521	22	23	377	10	506	510	375	490	1	3	2	0	290	0	1	584	12	1	507	0	381	356	637	580	382	463	632	373	620	360	43	652	673	659	475	371	502	87	621	646	0	70	630	513	0	669	23	55	603	642	488	521	16	2	640	58	677	677	672	0	447	450	34	121	469	629	0	596	367	495	598	600	0	0	379	568	375	670	350	393	0	7	469	606	622	668	3	679	5	2	404	0	362	87	158	366	313	2	75	228	376	598	525	487	677	6	583	1	41	593	122	0	317	657	0	681	3	0	345	454	396	636	300	368	367	0	589	215	382	552	635	501	489	504	463	674	630	3	276	455	570	282	490	634	211	0	1	296	622	1	2	380	590	474	591	526
NC_063216.1	70000001	800768	800140	800293	800255	789300	798331	799464	798109	797793	798884	799037	775263	796927	32522	148104	800206	798188	799033	799514	800064	31044	102794	799680	35569	799382	800350	799614	798423	799772	791320	792756	799358	371846	789893	80525	798882	33854	799082	799103	799398	800093	791953	799033	798093	799614	798808	799573	798122	790080	797934	66048	798845	800253	799377	793293	799254	698892	195984	795094	800001	59764	138822	799025	769382	794876	799887	42226	65378	799039	795063	798606	800269	37414	799226	799509	119012	800555	800602	800266	800340	695264	797771	77561	237169	799124	798356	800269	800133	798527	799745	800082	800385	800153	800169	800353	760818	800217	800320	794197	701961	795147	795553	799994	800555	798152	799736	407314	800396	665445	653533	535532	788860	799918	215644	219193	799605	723584	776835	210613	356936	635560	800460	800601	787228	800560	797076	798958	798133	44234	800358	244868	796454	749522	799105	798485	798784	800493	796559	794155	798262	532108	799823	733139	795351	797850	800548	798843	605700	799833	791577	799587	799643	799614	800135	799988	800382	798886	582967	693028	793821	704597	723694	792075	799297	543071	792426	766360	703625	789148	379923	748691	698762	772634	724270	776421	773668	0	19	19	0	759	649	612	659	768	338	301	558	9	71	522	509	509	511	519	13	40	400	6	501	531	515	515	0	18	1	18	183	19	1	608	16	1	514	19	519	620	554	416	515	330	553	661	524	510	16	769	784	772	343	672	467	45	536	569	3	35	544	343	0	773	14	34	631	768	514	521	12	1	557	42	787	787	788	0	326	324	28	98	334	556	166	627	396	663	622	610	0	16	408	621	676	784	470	275	0	20	499	427	545	777	2	796	20	2	284	0	393	96	135	668	320	21	129	163	463	630	521	489	798	1	613	19	17	420	70	17	519	763	1	799	1	0	476	326	405	536	542	668	631	0	615	415	658	565	563	520	515	524	338	783	556	0	398	330	600	421	465	543	334	0	136	475	707	1	139	385	463	476	482	373
NC_063216.1	71000001	812874	812428	812550	812498	797400	810450	811667	810362	809704	810702	811897	800949	808742	29620	127917	812401	810258	810944	811608	812364	31622	99088	812004	44650	811378	812659	811719	810666	811871	798426	806109	811437	592421	793967	66235	811035	29620	811190	811335	811598	812219	806103	811032	810484	811821	811058	811876	810396	797366	810244	68945	811150	812482	811620	810684	811506	763102	189393	805330	812394	56148	167648	811353	778959	807722	812120	43850	65119	812550	808823	810919	812428	34680	811687	811717	84658	812754	812718	812534	812470	743230	809715	72075	229952	811578	810865	812529	812326	810850	812073	812263	812538	812382	812361	812605	798177	812431	812357	806437	729832	807672	807880	812305	812687	810185	811931	440267	812646	691015	680521	583451	803781	811939	214137	239994	811733	749928	794686	234584	401771	665458	812612	812635	802346	812680	809408	811006	810239	43543	812443	257471	808584	768456	811535	810615	810122	812626	809011	806174	810661	557701	811831	762766	808893	810201	812779	811348	625371	812215	805393	811869	811918	811635	812190	812082	812514	811091	610417	728153	808041	737638	751766	803724	811072	589781	805563	787693	736380	803779	429783	770618	730735	791167	741147	793492	789270	0	516	509	0	386	590	831	597	393	598	540	492	6	29	627	74	73	75	629	17	27	792	10	618	598	537	568	0	445	0	491	216	443	0	830	9	0	609	507	76	577	508	575	74	582	510	596	445	537	22	388	401	395	604	616	295	73	469	518	34	0	156	468	0	402	10	25	851	609	579	622	6	1	501	25	404	401	404	45	374	578	18	77	595	499	646	847	776	884	847	590	1	513	807	347	618	397	65	475	10	476	550	592	492	399	1	626	344	0	299	0	783	81	73	595	620	450	116	189	595	853	626	562	623	1	834	499	0	584	110	484	500	392	0	624	0	0	70	565	228	1	527	603	584	0	814	385	591	800	510	584	577	591	596	400	507	1	625	576	520	632	454	504	375	0	588	489	369	1	552	429	1	645	463	522
NC_063216.1	72000001	792497	791757	792133	792092	788251	789832	791052	789770	790595	791469	791815	790460	789292	41462	230447	791776	791483	789346	790937	792054	70026	152321	791944	112085	790355	792027	790619	790103	791466	785473	788433	790615	781831	786488	101618	790674	44212	790534	790819	791220	791668	789766	790681	789557	791164	790654	790624	789418	784406	789233	137026	790031	791866	790535	791846	791008	786890	287164	789246	791694	124693	305643	790703	775897	788936	791613	81271	149291	792170	789413	791299	791937	90737	791298	791334	141921	792280	792205	791806	791924	782639	789702	151706	390268	791191	790977	791945	791688	789505	791717	791520	792144	791816	791560	792126	790376	791896	791593	783870	752666	790390	786583	791427	791948	789773	791272	567155	792118	733827	725380	668740	787774	790866	305792	373051	791158	758089	782143	368294	545607	705775	792245	792216	788589	792234	788044	790896	790354	101170	792004	389764	788599	774988	790568	789339	790413	791753	788617	782929	790329	628691	790712	767610	791107	789379	792267	790912	685393	791780	788186	791056	791300	791585	791818	791774	791928	790639	689950	757522	789372	766253	762619	779722	790799	683411	786855	782772	754925	786965	570059	774141	751164	783446	751484	783716	778039	0	720	718	0	1	546	595	638	1	547	536	699	17	1	717	644	631	643	721	41	60	648	37	704	654	588	623	0	684	0	698	1	686	0	587	19	0	708	705	647	631	698	569	641	529	714	631	678	561	56	1	1	1	552	633	2	138	707	721	63	0	0	522	0	1	34	70	611	694	641	719	42	0	706	67	1	1	1	714	641	628	51	218	540	699	513	607	630	602	605	588	0	715	653	2	644	1	600	487	689	658	587	587	686	1	2	724	604	0	521	0	636	147	4	640	573	655	221	358	497	609	722	628	725	0	602	703	0	586	231	683	502	1	0	721	0	0	569	535	1	3	563	647	622	0	590	496	550	576	713	636	632	647	543	1	700	0	546	540	676	539	625	697	440	1	499	467	1	0	472	511	4	507	679	533
NC_063216.1	73000001	850742	850182	850396	850386	848747	848211	849308	848451	849007	850139	849803	850052	849128	43112	311743	849766	850207	847217	849500	850257	138484	166310	849912	198407	849123	850112	849537	848586	849492	848597	848820	848857	850158	848358	123941	848964	45479	848973	849239	849314	849655	848810	849065	848556	849680	849091	849307	847993	848639	847988	239736	848598	850194	849222	849544	849156	849744	384437	849011	849616	203476	484932	849448	843362	848302	850138	128730	280908	850345	849055	849729	850291	191765	849974	849762	193869	850470	850311	850026	850170	849082	848695	239212	603509	849562	849573	850092	850249	848448	850181	850087	850464	850215	850132	850289	850177	850220	850132	842227	835591	849032	844067	850184	849874	848736	849676	732725	850108	829580	816369	800310	849334	849478	412857	558713	849579	833419	846415	567145	734226	807223	850110	850164	849474	850510	847336	849273	849253	197295	850320	582657	847836	842917	849452	848722	848475	850366	848450	836331	848708	761307	850003	841002	850397	848906	850377	849701	794588	850001	847773	849194	849552	849888	850060	850052	850409	849119	804901	841899	848621	846297	837706	825243	849062	813959	847224	847838	838082	848627	744886	845179	838341	848121	827844	847432	841616	1	662	660	0	221	223	716	818	230	612	614	533	20	64	542	814	785	800	562	56	104	770	105	545	618	357	600	0	646	3	653	241	649	0	725	10	3	548	648	814	825	529	674	808	601	533	814	528	344	101	0	2	225	609	823	0	181	532	538	99	134	0	624	0	233	61	89	737	432	601	565	89	1	541	46	233	231	232	655	529	523	138	302	606	531	140	738	742	794	737	871	0	663	770	233	838	232	740	578	530	612	752	690	514	230	5	439	624	0	672	0	751	227	108	822	113	634	466	435	718	736	567	608	439	8	729	642	61	686	403	628	214	222	0	440	3	0	722	590	185	394	816	849	807	0	724	717	220	704	538	609	601	611	606	231	522	3	706	598	430	701	571	529	204	0	139	221	220	3	139	713	392	680	527	631
NC_063216.1	74000001	816689	816041	816307	816315	808384	814084	815484	814003	814455	815375	815612	813765	812741	40509	218265	815664	815318	814099	815220	816038	58291	141280	815756	93691	815208	815829	815363	814654	815711	808489	812174	815169	805723	808144	94656	814517	50235	814623	815144	815365	815623	813206	815022	814287	815527	814961	815265	814057	809217	814146	120372	814621	815964	815092	815812	814913	807405	287429	811547	815359	95184	283395	815065	800626	812494	815882	73664	110434	816320	814107	815359	816183	71622	815361	815319	118975	816213	816454	815805	816235	799829	813893	124733	372087	815218	814913	816329	815930	814628	816186	815966	816289	816095	816086	816323	814155	816202	816147	809973	773148	813779	810501	816251	816375	814204	815558	584006	816174	759899	748798	684724	812513	815804	293683	376293	815690	781938	805909	343538	560630	728385	816055	816535	812809	816474	813307	814966	814513	79911	816321	390048	813061	797501	815348	814052	814406	816382	813757	807279	814890	643228	816015	791098	815168	814531	816223	815356	699590	815961	812608	814974	815594	815784	816116	816022	816398	814846	713772	777996	813689	788979	785830	804433	815213	695678	811786	807215	780464	812336	579683	800296	778673	807278	770963	807329	803572	0	768	479	459	730	139	588	602	738	398	382	396	7	88	727	597	601	607	400	18	54	513	36	395	2	139	2	0	710	461	471	688	448	0	695	15	0	388	759	617	595	418	622	614	388	612	614	675	135	0	480	492	607	399	742	446	71	418	424	46	41	484	378	419	613	5	6	607	136	2	399	0	3	411	0	623	623	623	478	468	400	23	126	395	123	2	603	507	508	602	512	495	473	518	607	620	619	571	507	704	718	400	642	702	745	282	143	414	385	453	0	506	85	229	740	0	699	233	0	402	607	398	2	142	0	590	744	16	639	216	700	117	606	0	143	496	0	536	386	535	252	555	754	594	498	594	455	142	567	440	2	2	2	398	618	423	2	532	389	129	523	2	414	91	473	2	124	583	282	2	342	247	486	396	567
NC_063216.1	75000001	800394	799663	799782	799783	790147	797770	799038	797571	797895	798689	799652	797450	796002	38631	150822	799780	798228	797606	798866	799727	59045	106820	799718	88745	798788	799991	798959	798208	799402	792109	795457	798813	786226	790560	80038	798405	34665	798477	798752	798754	799595	797019	798327	797657	799238	798395	798694	797577	789893	797483	116707	798031	799657	798561	799483	798835	792159	236582	795671	799593	96644	286355	798981	781645	796223	799581	65038	130060	799909	797736	798880	799813	78401	799247	799251	98359	800174	800010	799902	799702	783816	797587	117975	385437	798961	798516	799834	799613	798272	799642	799664	800012	799721	799705	799982	797821	799826	799735	794198	760934	797544	795453	799922	800117	798307	799296	586970	800005	745716	735597	689917	796365	799395	353213	409881	799366	765085	788129	364995	567604	719183	800051	800227	796146	800106	796920	798704	798354	98730	800046	395078	796777	778948	799030	798182	797821	799875	796959	792621	798283	636338	799701	777140	798385	797989	800181	799054	693372	799487	797006	799415	799196	799254	799841	799481	799863	798625	701614	766084	796607	772979	769251	789344	798964	692189	794678	790347	766704	796073	588472	785336	761422	791123	749436	791563	786950	1	573	444	520	577	573	454	619	582	298	277	484	22	82	615	617	617	621	302	35	42	515	44	294	4	564	3	0	522	549	419	545	406	27	553	19	1	290	568	541	605	485	511	532	295	573	618	593	547	0	561	585	622	193	575	527	45	482	496	45	88	574	448	546	630	1	62	151	565	3	298	1	2	492	0	636	632	633	438	555	491	17	163	293	0	2	459	497	509	458	582	582	439	518	611	631	628	504	557	592	540	300	560	599	583	366	572	384	469	486	0	506	64	236	577	4	516	214	1	427	467	301	3	576	4	455	563	39	554	223	547	504	609	0	574	585	1	488	290	426	275	578	589	605	588	451	495	562	143	301	3	2	4	191	631	492	1	418	287	523	417	5	476	448	537	5	500	593	335	5	251	269	403	470	485
NC_063216.1	76000001	806509	805668	805714	805677	802099	803438	805001	803473	804642	805038	805674	805835	804038	46401	254352	805509	805634	802094	805178	805812	151235	154097	805817	201666	804642	805614	804939	804212	805469	800900	803942	804212	805572	801540	106870	804282	49251	804499	804701	804721	805350	804533	804626	803892	804975	804441	804798	803637	802926	803391	242831	804086	805600	804535	803901	804699	805463	355499	804105	805338	196964	483362	805258	799342	803469	805773	125583	292809	805274	804860	805631	805828	201265	805456	805314	171747	806009	806012	805619	805653	804456	804030	256152	599117	804957	804812	805934	805744	804030	805717	805588	805231	805661	805659	806055	806012	805804	805756	798428	795183	804883	800446	805931	805860	804473	805343	719222	805998	789901	783139	774812	805089	805296	467893	585810	805379	790687	800933	567335	719242	773948	805808	806132	805103	806220	802463	804559	804661	218870	806055	584318	803613	799311	804977	803728	804451	806110	803136	793885	804625	729935	805775	799225	806081	804485	806151	805038	759241	805792	803495	804864	804943	805401	805845	805522	805934	805168	768415	798846	804743	802886	798298	781162	805016	778916	801765	803865	797959	804375	727059	802247	796764	803778	783250	803088	799070	1	813	803	203	634	646	806	637	714	39	39	674	14	113	791	702	661	684	425	87	69	905	74	419	425	690	419	0	777	208	765	720	764	66	846	43	0	302	806	901	648	680	864	845	117	201	637	764	684	71	204	206	687	0	780	209	111	672	766	123	302	202	726	800	712	0	136	2	687	435	423	52	284	685	59	702	620	620	801	696	675	96	510	38	0	438	829	881	937	825	912	206	804	903	619	646	612	689	725	763	751	422	905	724	662	178	699	767	184	687	2	885	178	379	782	2	778	476	1	767	828	423	285	700	1	809	204	177	903	549	785	860	608	1	697	209	2	729	117	586	864	743	802	509	804	814	680	883	3	117	431	280	434	315	693	676	0	794	39	693	803	1	675	836	198	136	861	597	720	140	408	867	774	750	809
NC_063216.1	77000001	777419	776744	776755	776779	775494	774128	775850	774669	775520	776461	776973	776922	775950	43203	248467	776682	776786	773119	775965	776824	240964	142595	776906	291023	775380	776849	776096	775047	775757	774987	774528	775436	776331	773854	93470	775098	40794	775628	775441	775883	776599	775353	775149	774423	775987	775489	775711	774197	775254	774825	364427	775376	776698	775506	774277	774981	776901	422128	776298	776562	299474	569419	776298	772255	775793	776463	184262	439078	776875	776208	776559	776698	329478	776442	776198	260295	777141	776526	776815	776692	775056	775276	373611	677322	775750	776038	776804	776857	774575	776782	776808	777076	776568	776858	776781	776916	776758	776781	770173	770586	776016	771277	776786	777267	774808	776231	723778	776957	762525	757012	756790	776581	776343	528501	661591	776322	762551	773314	640221	731097	756951	777172	776896	776333	777249	774185	776084	776070	340248	777108	655115	774407	769010	775762	775266	775974	776851	775239	763473	775686	721066	776727	769814	777175	774965	777143	776434	737702	776564	775052	775968	775765	776676	776666	776450	777084	775877	742375	772990	775398	776391	771874	742222	775751	760142	773922	776108	771017	775659	728327	774006	770559	775605	765474	775609	769644	0	981	65	973	689	906	867	911	249	910	906	898	16	60	864	383	368	371	844	170	21	940	150	837	847	911	374	2	177	189	850	682	520	51	798	18	532	863	179	872	511	894	396	561	849	189	504	680	845	250	185	191	376	851	931	192	355	899	988	174	402	987	935	651	676	1	345	567	873	915	898	229	869	369	183	911	693	695	64	382	882	286	330	888	0	926	943	917	731	944	962	936	65	936	863	9	858	793	868	848	169	839	948	837	877	179	875	258	185	935	477	916	166	656	715	0	907	639	0	549	953	838	861	930	453	936	179	227	944	739	906	741	680	473	868	729	460	484	861	798	877	941	189	0	189	930	901	471	489	871	914	847	918	382	384	372	1	934	913	935	930	279	925	457	957	0	913	667	530	0	822	864	921	933	385
NC_063216.1	78000001	713503	711902	711974	712307	706859	709076	711216	709466	710855	711938	711503	704803	711981	59936	374537	710915	712336	706559	710663	711565	359002	234451	712029	415626	710243	711518	710983	710114	710537	708521	681111	710079	623907	707238	188354	710169	85580	710638	710437	710976	710732	710550	710076	709249	711076	710532	710472	709273	695369	709667	437882	710388	711764	710171	703464	709765	695635	501666	711594	710667	427918	537086	710311	695764	711230	711938	281949	441185	711950	711431	711770	712122	362922	711840	711155	381200	712453	712133	711030	712016	674230	710434	418207	595516	710219	711116	711673	712295	709627	712609	711975	712396	711756	712301	712632	711681	712037	711978	703463	705437	711597	704316	712584	710873	708813	711477	654279	711667	696480	670768	691734	711928	710492	513366	633439	710890	697338	706883	581991	658263	694414	712279	711809	711418	712777	708159	711484	711225	395271	712819	609695	710081	696942	710964	710807	707672	711723	710855	688893	711038	658553	712194	706211	712608	710414	712642	711676	666496	711885	709145	710498	710761	711972	711863	711935	712780	711767	655633	708787	710850	711285	704497	674121	709958	696341	708499	710314	703752	710564	660310	708707	707260	710812	678545	709792	701789	143	863	694	882	535	387	195	896	253	423	416	849	37	134	835	253	692	320	795	294	127	866	267	778	829	378	670	294	300	356	807	875	627	114	371	59	380	795	673	832	381	778	748	439	748	96	895	947	791	309	96	98	239	352	840	96	433	809	903	308	199	206	850	729	968	85	336	904	754	786	530	229	425	735	264	811	548	549	673	369	591	355	607	845	366	809	333	873	749	173	802	962	688	843	799	686	791	730	762	462	597	849	913	727	875	656	761	728	633	854	740	743	116	663	282	127	904	208	196	538	740	702	793	849	705	721	701	307	916	734	906	805	536	739	722	730	839	313	834	365	391	848	697	279	696	383	784	758	694	843	801	750	802	262	77	615	578	332	362	261	332	801	572	268	206	133	790	529	713	136	834	384	397	872	729
NC_063216.1	79000001	499956	496472	496784	496128	484754	492678	495717	494058	495298	492158	490769	327791	496797	124027	327393	488314	498336	487729	494406	496876	251283	250852	491739	265294	494553	488820	494602	493975	494711	483251	309426	493951	191156	477713	246339	494579	181117	494718	494942	494188	489118	494893	495118	492563	495401	492731	495076	492683	316930	493657	252414	495004	496451	491845	478650	493216	142305	274296	496919	487180	233185	296239	495766	440494	496422	497384	219785	285736	496932	496434	496147	497935	269887	495516	496556	259697	493709	498028	489766	496324	234529	495932	250719	269440	492879	495597	496114	497152	491558	497810	496456	496199	496183	497116	497168	480299	496559	496843	482861	482200	497112	479062	497518	488513	486180	496362	422751	492029	478433	404375	472657	497633	491369	383867	440616	491772	479636	487686	377127	422056	479213	493268	496398	496909	498557	488553	496609	494900	379912	498379	404050	493657	470867	496776	496285	463411	492399	494824	447628	494581	438262	497514	488470	498435	494507	494563	497755	450819	496945	491131	486965	495439	496976	497445	497428	498222	496646	406440	494916	496504	494541	489050	463927	494118	481133	493125	496382	482395	496442	433435	493778	493223	495296	369583	495706	472746	450	507	360	365	369	364	461	422	356	572	315	492	92	174	400	341	299	347	307	121	173	444	120	157	359	317	459	362	334	339	326	112	276	157	392	127	357	358	288	333	360	423	345	332	528	351	447	196	318	144	350	367	493	288	179	105	227	298	368	189	214	2	300	367	356	135	251	464	464	486	435	63	415	347	160	423	211	359	449	126	333	184	180	525	516	487	117	287	276	368	313	457	425	360	197	404	194	362	521	362	477	334	367	460	360	197	463	353	406	362	367	207	243	299	3	412	400	238	342	338	551	354	410	489	226	554	59	234	367	301	414	484	456	368	431	544	60	238	443	312	333	530	496	397	488	364	400	455	531	329	377	398	391	344	428	323	287	109	568	474	113	452	572	397	231	353	298	454	395	350	370	449	353	459	397
NC_063216.1	80000001	13922	13119	13568	13594	13830	11709	13130	12011	13798	13810	13270	13796	13472	3709	7151	13355	13880	13054	12343	13712	10383	5951	13825	9354	13617	12581	13682	12032	13586	13862	13759	13523	13418	13825	7614	11781	2790	12903	13220	13736	13792	13030	12469	13130	13620	9970	13210	13096	13802	13488	9970	12766	13479	11872	13183	13579	12726	12890	13865	13712	11724	11010	13816	13624	13753	13745	7939	10778	13559	13277	13502	13344	9619	12839	13701	11203	13852	13839	13849	13745	13736	13628	10483	12233	10263	13203	13674	13756	13514	13729	13335	13806	13016	13864	13625	13798	13354	13778	12854	9177	13160	11433	13847	13694	12643	13834	12995	13536	13550	13027	12338	13429	12860	7463	11433	9228	13322	12336	11240	12692	12562	13804	12961	13528	13735	12747	12637	13654	8874	13775	12035	13099	13712	12815	13633	12871	12856	13529	10990	12256	12719	13382	13585	13750	13055	13888	13573	12636	13766	12163	13744	13594	13049	13819	13768	13684	13339	13517	13634	13091	13513	13759	12535	12669	13384	13526	13799	13689	12592	12721	13687	13580	13628	13447	13104	11347	3	3	3	0	3	3	2	0	3	3	0	3	0	0	3	0	0	3	0	0	1	0	0	0	3	1	2	0	0	3	0	0	0	0	1	0	2	3	0	1	2	3	0	0	4	2	2	0	0	0	3	3	2	0	0	2	0	0	0	0	0	0	0	0	0	0	0	3	3	0	3	0	3	0	0	0	0	0	0	0	0	0	0	2	2	4	0	1	3	2	0	2	0	3	0	2	0	1	4	3	3	0	0	0	0	0	3	0	0	0	0	0	1	0	0	0	0	2	2	0	0	3	3	0	0	3	1	0	0	0	1	0	4	0	0	3	0	0	3	2	1	0	3	0	3	0	0	0	2	0	0	3	0	0	0	0	0	0	3	0	0	1	3	3	0	0	0	2	2	0	0	1	0	0	0
