chrom	window_start	sites_total	calls_AL101	calls_AL102	calls_AL103	calls_AL114	calls_AL119	calls_AL120	calls_AL121	calls_AL124	calls_AL125	calls_AL127	calls_AL129	calls_AL133	calls_AL134	calls_AL137	calls_AL138	calls_AL141	calls_AL142	calls_AL143	calls_AL146	calls_AL149	calls_AL153	calls_AL155	calls_AL156	calls_AL159	calls_AL160	calls_AL162	calls_AL166	calls_AL170	calls_AL173	calls_AL174	calls_AL175	calls_AL176	calls_AL177	calls_AL178	calls_AL180	calls_AL181	calls_AL182	calls_AL184	calls_AL185	calls_AL187	calls_AL189	calls_AL193	calls_AL196	calls_AL197	calls_AL199	calls_AL200	calls_AL201	calls_AL204	calls_AL207	calls_AL208	calls_AL209	calls_AL210	calls_AL213	calls_AL215	calls_AL216	calls_AL220	calls_AL223	calls_AL231	calls_AL238	calls_AL241	calls_AL242	calls_AL243	calls_AL244	calls_AL246	calls_AL254	calls_AL255	calls_AL256	calls_AL263	calls_AL266	calls_AL269	calls_AL272	calls_AL273	calls_AL274	calls_AL276	calls_AL278	calls_AL279	calls_AL283	calls_AL284	calls_AL288	calls_AL292	calls_AL300	calls_AL303	calls_AL304	calls_AL307	calls_AL309	calls_AL313	calls_AL32	calls_AL35	calls_AL75	calls_AL82	calls_AL86	calls_AL88	calls_AL91	calls_AL92	calls_AL95	calls_AL97	calls_AL99	calls_K1423	calls_K1461	calls_K1542	calls_K1544	calls_K1567	calls_K1579	calls_K1580	calls_K1583	calls_K1603	calls_K1606	calls_K1608	calls_K16100	calls_K1614	calls_K1617	calls_K1618	calls_K1623	calls_K1627	calls_K1632	calls_K1640	calls_K1650	calls_K1660	calls_K1663	calls_K1665	calls_K1669	calls_K1672	calls_K1680	calls_K1684	calls_K1693	calls_K1696	calls_K17007	calls_K17008	calls_K17010	calls_K17013	calls_K17014	calls_K17025	calls_K17028	calls_K17030	calls_K17032	calls_K17033	calls_K17034	calls_K17035	calls_K17037	calls_K17040	calls_K17042	calls_K17044	calls_K17045	calls_K17048	calls_K17052	calls_K17053	calls_K17056	calls_K17062	calls_K17064	calls_K17073	calls_K17077	calls_K17078	calls_K17081	calls_K17083	calls_K17087	calls_K17091	calls_K17094	calls_K17098	calls_K17099	calls_K17101	calls_K17102	calls_K17103	calls_K17104	calls_K17106	calls_K18010	calls_K18017	calls_K18019	calls_K18022	calls_K18034	calls_K18078	calls_K18083	calls_K18084	calls_K18091	calls_K19018	calls_K19019	hets_AL101	hets_AL102	hets_AL103	hets_AL114	hets_AL119	hets_AL120	hets_AL121	hets_AL124	hets_AL125	hets_AL127	hets_AL129	hets_AL133	hets_AL134	hets_AL137	hets_AL138	hets_AL141	hets_AL142	hets_AL143	hets_AL146	hets_AL149	hets_AL153	hets_AL155	hets_AL156	hets_AL159	hets_AL160	hets_AL162	hets_AL166	hets_AL170	hets_AL173	hets_AL174	hets_AL175	hets_AL176	hets_AL177	hets_AL178	hets_AL180	hets_AL181	hets_AL182	hets_AL184	hets_AL185	hets_AL187	hets_AL189	hets_AL193	hets_AL196	hets_AL197	hets_AL199	hets_AL200	hets_AL201	hets_AL204	hets_AL207	hets_AL208	hets_AL209	hets_AL210	hets_AL213	hets_AL215	hets_AL216	hets_AL220	hets_AL223	hets_AL231	hets_AL238	hets_AL241	hets_AL242	hets_AL243	hets_AL244	hets_AL246	hets_AL254	hets_AL255	hets_AL256	hets_AL263	hets_AL266	hets_AL269	hets_AL272	hets_AL273	hets_AL274	hets_AL276	hets_AL278	hets_AL279	hets_AL283	hets_AL284	hets_AL288	hets_AL292	hets_AL300	hets_AL303	hets_AL304	hets_AL307	hets_AL309	hets_AL313	hets_AL32	hets_AL35	hets_AL75	hets_AL82	hets_AL86	hets_AL88	hets_AL91	hets_AL92	hets_AL95	hets_AL97	hets_AL99	hets_K1423	hets_K1461	hets_K1542	hets_K1544	hets_K1567	hets_K1579	hets_K1580	hets_K1583	hets_K1603	hets_K1606	hets_K1608	hets_K16100	hets_K1614	hets_K1617	hets_K1618	hets_K1623	hets_K1627	hets_K1632	hets_K1640	hets_K1650	hets_K1660	hets_K1663	hets_K1665	hets_K1669	hets_K1672	hets_K1680	hets_K1684	hets_K1693	hets_K1696	hets_K17007	hets_K17008	hets_K17010	hets_K17013	hets_K17014	hets_K17025	hets_K17028	hets_K17030	hets_K17032	hets_K17033	hets_K17034	hets_K17035	hets_K17037	hets_K17040	hets_K17042	hets_K17044	hets_K17045	hets_K17048	hets_K17052	hets_K17053	hets_K17056	hets_K17062	hets_K17064	hets_K17073	hets_K17077	hets_K17078	hets_K17081	hets_K17083	hets_K17087	hets_K17091	hets_K17094	hets_K17098	hets_K17099	hets_K17101	hets_K17102	hets_K17103	hets_K17104	hets_K17106	hets_K18010	hets_K18017	hets_K18019	hets_K18022	hets_K18034	hets_K18078	hets_K18083	hets_K18084	hets_K18091	hets_K19018	hets_K19019
NC_063213.1	1	656160	654359	654228	654449	589870	651854	653302	651778	653743	647788	646832	553742	654705	139651	438231	642506	654169	646657	652981	654994	380153	305103	648687	401795	652632	644239	653528	652483	653999	579239	535080	652304	367198	594229	297567	652842	185955	653271	653477	653306	644519	653314	653352	652968	653757	652951	653333	651416	500117	652225	387342	652551	654306	652374	641297	652215	270301	436728	653555	641680	385770	444509	654343	607278	653863	655016	317093	407380	654547	654408	653929	655169	371737	653037	654076	385506	648413	654949	643833	654166	465336	653532	379138	433817	652782	654336	654880	654622	650710	654656	654084	654607	654251	654391	654755	641888	654732	654456	641688	643424	654311	638613	655170	647791	646893	654243	577913	648778	638141	571629	638078	654846	649774	487426	572420	651349	639034	650204	518044	579902	640240	647761	653489	654318	655523	647850	654431	654122	439187	655534	536124	653133	636493	654290	653741	629573	652129	653980	611155	654342	596016	654994	649142	655257	653701	649639	654765	614875	654910	649651	642731	653147	654952	654786	654784	655332	654459	573792	652415	654412	650714	646144	626405	652504	638915	651409	653872	642168	654147	588617	651201	650574	653729	547698	653541	635243	77	2	544	216	374	80	546	81	383	346	303	389	92	81	281	389	146	519	554	248	179	561	234	498	358	163	497	391	146	418	0	113	152	6	292	123	493	294	221	175	532	161	351	0	345	349	378	263	497	232	345	393	544	383	344	217	209	391	340	105	87	550	318	0	162	43	115	555	1	508	551	154	383	529	170	385	392	380	542	132	5	244	323	242	289	163	80	525	165	301	561	290	544	546	550	538	320	462	500	2	249	550	361	474	297	2	350	42	485	307	161	327	150	1	330	548	288	296	254	373	386	544	252	303	68	379	162	1	165	306	155	526	387	0	257	377	157	390	40	284	163	558	1	347	512	558	526	297	361	74	616	161	619	541	165	548	342	545	390	296	553	290	375	295	295	514	531	159	479	509	294	294	452	164	455
NC_063213.1	1000001	662320	659057	658945	660145	655825	657732	657893	656051	658620	659332	659412	639442	659811	64584	282656	658702	660251	654923	657686	660079	306162	177219	658462	328463	658327	659675	658174	657600	659114	658335	630890	658327	620918	655762	146424	658386	79261	657763	658782	659105	658625	658295	658362	657302	659777	658307	659255	657211	632545	657665	367875	658241	659654	657589	654488	657078	601715	406180	659834	657959	349085	481665	660219	645604	659634	660775	242053	387046	660752	659601	660306	660796	321766	659664	659958	324807	660723	661094	658963	660537	605790	658155	360511	540150	658283	658917	660043	658838	657377	660644	658799	659968	659229	660552	660812	658579	659586	660020	654257	650416	657675	655145	661133	660306	658006	658646	598048	660375	642717	621058	625145	660065	659269	500290	567452	659609	644162	654596	522483	603270	634206	660726	660641	659089	661516	657577	660158	659809	366385	661448	547408	659306	649310	659864	659628	655906	660741	658649	645912	659114	596267	660985	654194	661039	658538	660822	660131	606458	660074	657728	658159	658806	660579	660542	660132	661324	660418	608704	653762	659496	657347	652714	609477	659293	640276	658307	658958	653662	659022	602597	656411	652247	658420	624086	658283	647254	366	283	583	7	708	366	384	398	744	610	662	690	25	103	425	844	626	444	730	117	59	151	86	288	297	344	279	600	650	635	446	557	652	18	560	32	533	404	239	1	340	713	652	423	387	802	434	555	241	68	670	695	643	652	234	735	284	693	110	282	304	650	288	395	580	33	83	533	338	748	733	98	348	698	105	459	837	697	726	532	4	289	378	4	204	594	369	564	747	373	508	372	594	524	734	346	722	319	464	6	540	729	691	539	366	346	432	273	578	627	586	411	394	9	676	483	439	493	394	651	775	503	6	321	412	556	532	79	745	534	650	509	655	391	401	692	771	497	673	233	573	648	5	455	513	498	387	199	743	311	112	699	291	347	0	658	646	602	668	415	604	307	668	194	439	683	509	723	475	668	421	453	620	721	318
NC_063213.1	2000001	781767	780937	781053	781154	775732	778999	780096	778654	779761	780752	780872	780946	780559	57328	346283	780154	780882	776750	780013	781002	278078	195094	781168	321924	779604	780641	780083	779160	780219	773381	775259	779451	780772	777919	157779	779658	71290	779737	779580	779694	780016	779510	779550	778659	780229	779262	779745	778374	772090	778543	368816	779534	780935	779474	779388	779227	780718	458224	780493	779667	345556	544699	780243	772271	779467	780732	226426	406356	780822	780183	780644	781079	318306	780690	780443	305648	781091	781219	780641	780683	771869	779159	362876	624673	779775	780099	781059	781105	778991	781011	780768	781200	780717	780770	781133	780947	780764	780857	773321	770087	780062	773898	780801	781065	778556	780355	707369	780765	761047	746465	750277	780582	780080	520215	638172	779941	765155	776432	601299	707672	752972	780794	780966	780010	781471	777935	780175	779885	340199	781347	615128	778736	772125	780263	779553	778325	780682	779534	766909	779800	713739	781085	773263	781231	779348	781215	780560	730786	780691	778757	779833	779930	780572	780725	780304	781097	780054	738905	774840	779823	778766	771504	747251	779771	756027	778159	779539	771520	779745	714992	777363	772857	779252	754159	778818	771866	676	638	668	1	509	668	654	298	521	672	671	517	31	193	1	818	503	645	670	4	3	343	95	630	647	628	625	301	507	665	507	6	502	79	656	4	667	0	4	511	297	664	2	516	0	652	364	4	1	191	655	681	648	652	3	684	314	675	3	2	262	475	293	514	5	2	0	4	513	676	670	184	534	482	142	676	679	680	665	6	643	2	381	401	0	673	521	647	671	680	640	349	665	672	674	637	670	480	502	1	20	2	521	496	0	476	0	0	481	632	522	666	231	1	112	607	500	82	0	636	12	297	3	645	492	511	498	170	681	391	500	593	654	516	0	488	500	425	108	5	519	660	660	287	676	337	594	3	12	377	0	656	641	299	0	478	639	648	661	636	659	622	657	3	498	519	597	656	4	514	3	513	636	673	269
NC_063213.1	3000001	787959	787245	787549	787416	782925	785710	786695	785621	785692	786628	787294	786871	784927	40879	173054	787409	786618	784826	786656	787493	70510	111072	787286	106938	786233	787570	786699	785909	786564	782047	784779	786553	786937	782157	78957	786192	33473	786377	786467	786683	787281	785497	786218	785614	786983	786115	786633	785479	783220	785600	159140	785828	787361	786280	787489	785933	786370	265330	785626	787005	129237	370267	786869	780470	785244	787320	81560	184913	787707	786366	786824	787448	108366	787177	787017	131810	787685	787566	787463	787366	782977	785417	156231	494252	786649	786492	787475	787526	786124	787563	787480	787723	787080	787534	787626	786935	787429	787384	782252	770642	786488	783485	787379	787859	786117	786972	668656	787558	764947	754926	730714	785898	787269	380752	508592	786905	769712	781934	457093	665410	739596	787628	787569	786162	787741	785230	786538	786334	133755	787683	502041	785121	778096	786480	786006	787231	787805	785513	780845	786276	683342	787376	777258	787457	785646	787725	786638	726789	787048	785559	786873	786501	787111	787348	786867	787577	786612	744630	774126	785867	780030	772062	767998	786711	736339	784152	784067	776806	785522	668452	782099	772397	784059	758451	784104	779721	853	855	859	0	60	148	842	0	62	860	589	61	9	66	0	810	60	853	603	0	0	234	0	533	549	839	530	0	60	835	61	1	58	9	836	0	844	0	1	62	0	833	0	60	0	839	835	1	0	11	830	861	833	857	0	834	109	832	306	1	22	0	288	59	1	0	0	1	61	850	62	26	62	0	9	606	862	863	857	1	839	0	29	534	0	863	63	844	858	849	865	0	860	862	449	843	854	56	57	0	0	0	635	60	0	47	0	0	52	720	62	856	25	2	0	786	59	0	0	739	0	0	542	548	21	63	60	15	858	333	59	0	841	60	0	861	59	51	0	3	61	825	860	1	864	229	185	309	0	851	305	62	848	1	151	0	752	798	836	829	787	521	836	283	58	59	0	824	2	59	0	61	760	829	294
NC_063213.1	4000001	817170	816343	816659	816557	814596	814679	815565	814507	815240	816284	816392	816612	816003	45183	339401	816046	816525	812468	815491	816678	241793	171842	816404	297996	815478	816384	815690	814856	815876	812758	815245	815018	816498	813947	122286	815231	52028	815235	815323	815543	816169	815174	815111	814841	816055	815152	815528	814110	813400	814443	370496	814660	816489	815362	814403	815192	816455	453190	815787	815852	308725	566671	815919	810018	815280	816104	195281	423511	816377	815711	815968	816483	333361	816292	816059	270960	816752	816673	816411	816426	815525	814780	362158	678225	815822	815668	816576	816673	814632	816452	816463	816752	816373	816391	816724	816631	816504	816541	806484	807617	815791	808191	816422	816225	814069	815893	747722	816130	801389	788226	790543	816160	815451	444276	636782	815497	801924	812542	633500	753664	789732	816508	816469	815891	816880	812596	815819	815366	336295	816607	651300	814832	807981	816022	815183	814440	816109	815173	795662	815336	752298	816443	809308	816697	815045	816416	816109	776720	816353	814498	815594	815759	816160	816400	816060	816756	815631	775929	812437	815416	814468	810764	780610	815358	796651	813978	815561	807236	815218	750836	813472	809713	815214	796197	814593	808518	669	715	714	159	739	156	704	1	760	719	766	761	21	74	0	848	346	708	765	0	2	1	0	0	0	843	0	1	812	711	734	160	728	57	695	0	706	399	0	756	1	701	0	758	0	708	687	719	394	204	707	715	837	828	2	717	326	716	851	106	332	720	823	756	1	58	79	0	354	711	213	59	210	723	85	762	849	853	705	160	706	1	550	0	0	734	762	701	717	714	719	0	707	721	358	851	848	695	741	0	0	0	844	722	0	301	0	0	724	656	830	695	143	0	0	688	735	0	0	676	0	0	0	0	337	745	814	122	842	622	31	396	847	750	1	720	349	629	0	1	754	699	721	1	719	1	2	848	0	707	844	211	856	1	715	714	777	698	716	852	710	0	832	826	32	353	684	687	0	348	0	31	682	709	783
NC_063213.1	5000001	827537	826890	827171	827155	823334	824742	826269	825106	825538	826700	826952	826788	825018	47930	262809	826520	826713	823594	826146	827010	119327	157975	826857	167199	825708	826934	826170	825587	826383	822188	825059	825916	826640	821516	121705	825720	54817	825652	825990	826004	826626	825385	825806	825210	826505	825860	826004	824921	822318	824930	203986	825345	826980	825974	826484	825592	826627	344812	824496	826701	176249	426654	826427	817400	824891	826774	112821	239546	827112	825184	826369	827081	159149	826531	826536	169988	827153	827180	826897	826778	824577	825092	220437	525568	826329	826120	827113	827156	825075	826953	826933	827204	826944	826887	827152	826875	827051	826942	820212	803244	825760	822069	826904	827273	825347	826546	682923	826908	795503	785336	753674	825185	826622	380712	509836	826566	802365	820000	496435	677116	771336	826986	827156	825215	827360	824407	825867	826036	168004	827256	522622	824586	814104	826235	825484	826098	827109	825041	816961	825675	713612	826804	812079	826677	825540	827118	826525	754475	826850	824376	826089	826358	826652	826953	826662	827096	826095	762243	806913	825240	814362	808665	803975	826286	762583	823044	821397	809123	824656	684517	816840	804791	822912	795944	822619	817096	0	719	719	696	597	705	710	0	609	722	606	593	12	2	0	625	1	702	607	0	0	2	3	0	0	616	0	1	595	710	594	712	579	51	710	0	698	590	0	608	1	710	1	607	0	709	687	578	587	76	698	724	617	624	1	717	161	696	620	97	149	604	596	593	0	48	102	1	1	716	0	1	0	600	0	612	630	630	713	695	697	0	289	0	0	609	604	703	713	717	723	0	710	726	0	620	622	558	554	0	1	0	630	588	0	4	462	282	542	590	622	703	3	0	1	653	553	1	0	627	1	0	0	0	677	601	611	0	628	351	0	580	615	597	1	719	0	537	1	3	599	677	721	1	710	1	1	628	1	706	623	0	625	1	719	599	546	666	709	608	667	0	607	560	0	1	577	689	1	1	1	0	655	688	579
NC_063213.1	6000001	825656	825062	825184	825082	822800	823094	824413	823178	821766	824719	824461	824848	823746	47913	348497	823795	825099	821639	824106	825261	121078	192272	822863	167132	824189	824670	824326	823429	822578	821693	823555	823781	824960	822829	150866	823944	62568	823711	823978	824172	824274	821310	823547	823128	824395	823691	823833	822801	822617	823056	201943	823215	824989	823915	824073	821914	823828	397801	823412	823518	180777	381194	824264	815659	822641	824855	114850	181530	825103	823220	824353	825044	129963	824604	824517	184091	824951	825304	824545	825000	822201	822955	189181	477935	824432	824154	825271	825136	823192	825136	825082	825229	823022	825045	825292	824985	825089	825123	816748	798950	823584	818335	825051	824418	822382	824295	645387	824291	786676	775951	730491	823185	823865	340086	443226	823819	797984	816210	440328	628410	755781	824940	822831	822469	825459	821245	824117	823791	127088	825358	463285	822144	812382	824131	823363	822865	824311	823216	815072	823590	688078	824799	811192	824839	821575	824900	822646	738270	824879	821318	823610	824163	824580	824992	822760	825267	823908	754168	804162	823146	813076	804838	807715	823859	753669	821272	820650	803988	822286	654033	815388	799416	820509	792327	821069	812346	0	690	692	674	419	685	673	0	431	692	429	430	23	0	0	535	0	675	433	0	3	0	0	0	0	536	0	0	522	680	425	691	414	39	681	0	670	426	2	428	0	669	0	426	0	672	676	422	413	58	671	693	528	534	0	682	137	677	539	83	115	423	494	419	2	44	66	2	0	674	0	3	0	423	0	435	543	540	686	662	666	1	181	0	0	433	432	666	683	691	690	0	685	692	0	537	542	390	385	0	1	0	541	409	0	0	426	491	372	548	534	669	1	0	0	617	408	0	0	576	0	0	0	0	630	417	523	0	540	223	0	402	530	423	0	689	0	369	0	1	427	653	692	0	430	0	1	539	0	682	539	0	540	0	688	426	437	633	680	518	632	0	526	460	0	0	401	651	2	0	0	0	604	667	502
NC_063213.1	7000001	823780	822848	823188	823112	820817	821055	822354	820946	821645	822547	822338	822190	821806	53762	272308	821977	823036	820254	822203	823303	118455	162999	822201	158937	822086	822517	822269	821222	822454	818837	820695	821934	822406	819945	122797	821776	57203	821702	822382	822011	822085	821320	821957	820978	822646	821483	821947	820999	818655	821372	208870	821278	823020	822088	823017	821791	821430	337410	821688	821955	175346	411232	822431	813853	820905	823067	115563	230608	823310	821873	822544	823136	155464	822713	822732	178570	822796	823400	822471	823056	817539	821086	200834	508244	822279	822194	823273	823138	821241	823105	823079	823414	822995	822966	823429	822852	823129	822966	816871	799472	821391	818170	823081	822972	821231	822475	666183	822890	788461	782273	745499	821629	822556	418857	484336	822499	798007	814593	482789	646082	762794	822657	823301	821626	823546	820062	821875	821925	161814	823287	488650	820216	812012	822261	821159	822176	822992	820320	814879	821825	704805	822996	810742	822931	821234	822863	822295	747625	823107	820444	821243	822526	822875	823133	822615	823349	821955	759336	803552	821185	810094	804784	808775	822286	762864	818541	818974	802606	820073	668552	813792	797533	819462	786919	818432	813968	1	670	666	653	415	662	647	1	428	667	426	425	12	0	0	551	1	658	427	0	0	0	1	0	0	555	1	0	539	646	420	663	419	30	657	0	570	416	1	428	0	649	0	426	0	653	570	415	400	59	652	672	547	555	1	658	155	653	557	74	144	421	510	410	1	33	105	1	1	662	0	0	0	423	1	430	556	560	668	620	640	0	226	0	0	428	423	644	659	665	673	0	658	673	1	555	558	387	393	0	0	0	643	412	0	2	426	520	386	557	542	658	1	0	370	606	398	218	0	567	0	0	0	0	632	421	539	0	552	269	0	412	540	418	0	669	0	363	368	0	419	646	672	0	428	0	3	553	0	657	554	0	555	0	668	422	477	613	655	534	614	0	544	498	0	1	399	628	2	1	0	0	581	642	512
NC_063213.1	8000001	836842	836028	836189	836205	831986	834683	835491	834590	834644	835417	835144	835496	834294	60024	254955	834789	835977	833717	835554	836347	90549	164655	835548	135377	835322	835455	835671	834635	835669	830791	832739	835283	833102	831383	129136	835106	62100	835196	835302	835460	834956	833881	835062	834330	835699	835024	835403	834183	830385	834069	159880	834436	836239	835350	836204	835216	833274	320528	833429	834734	144743	329086	835573	819680	832871	835976	98648	146676	836549	833587	835275	836334	102534	835553	835630	151038	835831	836525	835057	836326	831453	833870	159827	402085	835780	835264	836416	836285	834701	836204	836275	836400	836208	836225	836547	835775	836311	836307	828250	792431	834396	830038	836149	836398	833712	835779	598776	835677	776546	761589	697839	832037	835441	343353	387635	835593	797459	824557	380584	575092	742252	835608	836378	832807	836651	833378	835349	834779	110679	836380	403715	833034	817329	835483	834627	834754	836150	833580	825343	834569	664262	835962	814676	835284	833948	835884	835616	721811	836190	832255	834552	835572	835786	836272	835919	836359	834881	725836	796789	833312	806887	800230	826887	835323	715027	830159	827227	800172	831780	599473	816946	792260	827895	788940	828044	821041	0	661	657	631	717	650	645	0	738	660	728	734	20	0	0	526	1	651	739	0	4	1	1	0	0	522	0	1	505	630	722	632	703	89	652	1	524	733	1	742	2	641	0	737	0	647	515	711	714	85	639	661	514	530	1	641	117	629	531	60	174	729	465	713	1	41	58	1	1	639	0	0	0	720	0	744	534	533	653	626	637	1	273	0	0	738	737	642	654	652	659	0	655	662	1	525	531	673	667	0	2	0	659	701	0	2	739	457	583	487	509	635	0	0	723	578	657	289	1	531	0	53	0	0	619	726	510	1	527	185	0	668	518	728	0	651	0	652	707	8	720	604	661	2	742	2	2	522	0	645	524	0	528	1	658	722	401	591	641	497	590	0	508	413	0	1	681	618	1	2	0	0	542	624	470
NC_063213.1	9000001	800762	800286	800357	800375	794542	798726	799682	798612	798698	799335	799098	796601	797816	36350	222984	799469	799512	799041	799426	800289	49218	140023	799476	73985	799367	799920	799770	798845	799922	793022	795277	799563	751903	793134	115120	799072	43393	799193	799409	799483	799518	795877	799165	798839	799724	798948	799388	798447	795833	798320	93529	798923	800270	799527	799502	799353	786075	258295	796741	799453	92286	226969	799406	779485	796367	800030	65803	94057	800680	797693	799114	800293	58717	799740	799805	131114	800077	800610	799647	800397	774355	797975	112022	300267	799619	799114	800461	800430	798820	800164	800372	800529	800385	800192	800549	795688	800367	800340	792367	735003	797313	795237	800282	800287	798491	799740	498218	800017	704113	698376	606787	793474	799736	262095	277426	799596	748868	784070	280738	449572	677887	800039	800501	793639	800537	797310	799226	798644	60101	800553	315880	796588	773295	799351	798550	798969	800521	797329	793137	798668	581641	799977	764117	797986	797842	800307	799510	648280	800039	794919	799126	799777	799742	800139	800054	800435	799141	652741	733990	795804	747677	748578	793581	799346	628958	794667	784396	738724	792801	479145	768303	730296	785437	743306	786411	780449	6	17	3	26	629	5	3	1	653	21	611	611	0	0	2	627	0	3	643	20	0	23	0	0	15	638	0	1	636	24	634	40	593	45	2	0	643	642	0	645	16	10	0	654	19	2	623	605	611	36	2	20	636	650	12	2	127	18	648	0	97	632	574	609	15	17	44	0	4	3	8	13	0	659	23	649	649	647	2	2	2	0	129	12	9	647	648	2	3	3	7	0	1	17	25	641	642	591	551	0	22	27	27	611	16	22	667	526	478	19	619	2	0	18	630	15	588	147	0	19	0	665	17	19	15	637	640	0	650	160	0	557	641	619	13	21	18	588	640	25	644	8	2	0	648	1	5	650	0	21	658	0	660	0	23	633	424	12	24	578	10	8	635	415	0	21	551	3	15	6	19	19	22	3	582
NC_063213.1	10000001	829582	829148	829275	829182	825675	827185	828374	827272	828078	828214	827581	828150	828254	50709	320134	828127	828916	826543	828339	829082	108956	194551	828562	159293	827963	828314	828515	827480	828598	819784	826002	827820	821925	824928	147070	828005	67964	827962	828096	828396	827999	826628	828002	827586	828662	827660	828230	827158	826975	827368	193991	827463	829088	828200	829150	828170	824960	391210	827570	827931	197714	381216	828192	819374	826223	828758	124910	185183	829364	827482	828157	829033	121884	828601	828450	212634	828716	829356	828373	829033	822684	826770	184073	456736	828322	828351	829218	829107	827503	829029	829055	829306	828984	828951	829340	828056	829097	829046	820273	792560	827174	823627	829055	829249	827106	828432	607653	828656	775146	774137	699396	826220	828094	322860	391367	828472	793672	817772	417309	580199	741921	828566	829312	826725	829323	825827	828172	827960	123040	829283	425230	825737	816192	828304	827178	828136	828882	826281	820036	827298	667036	828672	811373	828226	827392	828758	828407	719744	828921	825085	827564	828384	828504	828933	828668	829263	828038	743271	797917	826686	806112	802779	818027	828270	732329	823533	821899	799489	824132	615921	813835	791068	822347	796615	821336	814724	0	4	4	4	261	4	4	0	269	3	299	305	1	0	54	305	0	56	271	7	17	0	0	0	0	301	0	0	298	52	297	45	304	44	57	0	298	300	56	307	0	53	0	304	0	57	298	301	296	35	58	3	305	307	0	56	114	3	306	2	85	297	279	295	55	27	42	1	0	58	0	0	0	306	0	309	306	303	58	51	3	0	126	0	0	307	304	5	3	4	4	0	3	4	0	298	305	288	269	51	0	0	58	258	0	0	306	262	249	3	289	3	0	0	298	5	273	124	0	48	0	303	0	1	3	305	293	0	305	128	0	277	300	301	0	58	0	256	299	43	299	3	3	0	307	0	1	302	0	57	305	0	304	0	58	298	242	3	3	284	3	1	296	248	0	0	278	3	1	0	0	0	3	54	267
NC_063213.1	11000001	791398	790916	791091	791060	785803	789055	790414	789105	789425	790054	790277	782335	788480	41766	190568	790792	790133	789909	790132	790827	39999	132568	790414	59279	790104	791029	790377	789245	790557	783296	785255	790196	577698	782394	94176	789767	42844	789792	790078	790082	790762	784739	789655	789203	790573	789642	790121	788961	784606	789015	87915	789601	791017	789939	788204	789954	755486	236485	787822	790792	84922	190347	790149	763252	786880	790494	58351	77694	791202	788280	789165	790943	42027	790290	790251	133240	791152	791236	790971	791003	746613	788269	95217	257008	790102	789260	791100	791040	789399	790805	790966	791124	790942	790919	791158	774745	791069	791015	783642	709800	786424	785429	790796	791101	788746	790354	436699	791033	671106	665708	555670	780677	790429	206212	234219	790518	725461	770189	241346	392950	642442	791119	791139	781349	791166	788121	789746	789659	51455	791151	265475	787473	753366	790077	789272	789798	790914	787749	785012	789552	545167	790430	741433	787432	788915	791155	789856	611947	790760	784310	790165	790398	790259	790848	790702	791040	789626	606603	704436	786255	718749	732443	782602	789983	584753	783238	766241	714020	780560	416469	745341	703941	770068	728874	769428	763955	1	4	3	5	579	3	3	0	585	9	554	578	0	2	507	590	3	492	592	14	36	2	0	0	2	588	0	0	529	463	594	252	552	30	484	2	585	593	495	606	2	495	0	596	0	492	589	553	584	34	487	5	593	604	0	375	93	5	601	0	72	594	504	574	507	21	25	3	2	477	1	0	0	600	0	607	606	606	505	360	4	0	115	4	2	603	597	3	4	3	4	0	3	4	4	594	596	537	467	480	2	1	509	563	1	0	605	425	386	6	559	4	2	2	592	3	523	123	1	332	0	604	1	1	6	586	578	0	594	138	0	496	581	585	2	505	0	546	568	310	591	4	4	0	607	0	5	598	0	494	591	0	594	0	497	594	342	4	5	498	2	1	582	361	0	2	457	3	3	3	3	0	6	434	498
NC_063213.1	12000001	811578	811113	811135	811190	806175	809082	810436	809050	809339	810786	810042	796453	808565	38577	199424	810894	810395	810259	810182	810901	32873	130656	810545	47959	810152	811293	810500	809306	810469	806108	803536	810033	472364	805498	103176	809864	45782	809901	810102	809984	811044	803595	809677	809407	810394	809531	810384	809131	805095	808900	81571	809465	811108	810138	805674	809772	744498	225206	807519	810997	70748	175803	810145	780284	806634	810654	54838	84470	810945	808474	809083	811153	42989	810107	810426	135157	811426	811392	811197	811005	740092	808673	99112	262864	809923	809285	811206	811103	809678	810719	811089	811298	811002	810935	811180	782290	811102	811032	803909	730367	806115	806314	811092	811320	808927	810406	456845	811066	699796	688192	579367	802452	810715	210995	232373	810556	748860	794887	243650	402303	671930	811381	811341	802201	811328	808376	810130	809617	49725	811229	268226	807593	774795	810059	809466	809397	811195	807753	804430	809052	563189	810600	764107	807545	808788	811279	810320	635879	810913	805309	810358	810566	810426	811020	810760	811077	809815	623949	726962	806383	741947	750090	803684	810217	592638	804653	787362	731964	800776	429223	768899	730840	790228	752469	791729	786028	0	145	148	141	575	147	137	2	593	149	475	545	0	0	598	696	1	608	589	15	40	2	0	0	0	697	0	0	659	581	554	223	527	49	613	0	687	552	583	562	0	605	0	563	2	609	685	527	537	25	606	147	700	709	2	409	97	145	708	5	49	552	565	530	592	21	36	1	1	606	1	5	0	558	0	567	711	710	620	422	537	0	98	0	0	562	556	137	141	143	148	0	144	147	7	699	708	520	423	562	7	1	631	560	0	6	567	510	381	87	666	142	77	0	553	114	487	113	0	434	0	713	1	2	139	551	683	0	708	149	0	454	694	548	8	629	1	491	537	346	554	133	146	0	568	0	2	700	0	612	689	0	704	0	623	551	417	127	142	584	124	3	688	408	0	2	435	137	2	6	3	3	114	544	603
NC_063213.1	13000001	814549	813793	813930	814010	808897	812147	813299	812163	812132	812170	811563	810382	812430	51594	261863	811811	813601	812513	812806	813951	68575	165823	812298	107411	813042	812641	813390	812278	813250	803586	808454	813022	781865	808121	135584	812611	58133	812671	812844	813248	812207	810419	812346	812316	813544	812681	812839	811949	808216	811931	123050	812272	814033	812983	813480	812891	801547	315780	810898	811628	132338	261747	812762	792117	809705	813810	90682	110449	814367	811148	812784	814017	70167	813150	813391	166419	812837	814219	812171	813788	794381	811736	131848	340529	813352	812434	814171	813928	811944	813586	813727	814086	813531	813876	814052	810675	813909	813784	805719	744295	811209	808365	813881	813509	811884	813471	517145	812514	720328	721747	618654	808386	813204	241142	292277	813012	764225	798871	307124	474553	692776	812749	814166	808225	814340	810410	812746	812208	79432	814139	335027	810873	790175	812740	812607	812066	813633	811488	803410	812477	600471	813517	779451	811946	812122	812985	812758	666851	813724	807501	811247	813258	813422	813886	813474	813905	812724	672635	748422	809889	760435	767171	803694	812479	647883	809086	798828	758481	807071	504946	782770	753925	801200	763830	801146	793552	0	630	632	604	732	626	616	0	746	628	2	2	18	2	748	624	4	724	751	31	78	0	0	0	0	631	0	0	597	698	4	605	4	0	726	0	613	2	739	4	0	716	2	4	2	717	627	3	4	0	721	633	627	638	0	658	143	620	635	57	1	4	532	4	744	1	50	2	4	730	0	0	0	4	0	3	635	637	737	638	2	0	0	0	0	2	2	610	631	630	636	0	624	637	4	633	629	3	1	707	2	0	739	735	0	4	2	507	1	424	618	615	1	2	3	534	7	1	3	566	2	640	0	0	589	2	608	0	637	190	0	2	621	3	3	732	0	4	4	498	3	561	623	0	2	0	2	637	1	725	627	0	630	0	740	3	441	537	613	566	551	0	622	455	1	4	3	596	1	2	1	0	498	688	571
NC_063213.1	14000001	830575	830049	830233	830102	827536	827977	829253	828156	828598	828968	828282	828874	829052	55307	280238	828546	829850	827960	829176	830017	95546	179859	829244	144562	829008	829008	829254	828484	829477	824178	826030	829126	823218	826533	139979	829080	66264	828974	828963	829275	828566	827717	828547	828433	829482	828782	828989	827917	826648	827842	171729	828468	830005	828765	830089	828703	826052	363613	828271	828227	167923	320911	829050	814994	826363	829820	111710	156067	830263	826617	829147	830003	106063	829319	829295	189838	829517	830226	828715	829797	822830	827635	165540	393734	829225	828721	830171	830113	828410	830009	830066	830213	830140	830014	830321	828788	830046	829870	822325	777949	827855	823581	829886	829747	827868	829540	561403	828780	754260	753382	677724	825946	829556	266574	347344	829416	790748	817674	362603	542640	731120	829293	830012	825913	830375	827329	828689	828790	105496	830333	383443	826944	809403	829195	828145	828332	830023	827902	819077	828524	643685	829636	801667	828521	827986	829633	829564	706711	829844	825271	828078	829243	829474	829655	829870	830092	829002	715488	785338	826822	793294	792797	817170	829157	697242	825212	817890	785531	824548	564280	808523	780410	820676	792060	820078	813346	0	516	509	499	631	510	1	508	622	513	2	2	18	46	650	362	184	628	650	59	82	511	51	414	426	505	416	510	87	622	3	609	3	1	637	0	3	183	643	3	496	631	0	3	0	635	509	2	182	0	640	516	87	3	1	629	2	499	513	69	0	3	3	414	650	17	7	1	272	643	425	51	418	3	34	2	185	362	635	597	2	0	1	1	0	187	2	502	508	1	514	510	512	515	182	510	360	2	2	630	2	2	644	619	0	259	186	442	2	2	505	1	85	0	3	445	4	6	2	486	1	88	413	0	492	2	493	25	3	212	0	174	183	421	2	644	409	3	3	429	4	482	512	0	2	505	8	510	1	634	509	1	86	504	644	2	3	458	1	82	463	1	176	395	0	177	3	1	0	178	1	0	458	609	5
NC_063213.1	15000001	837092	836153	836651	836705	834838	834240	835929	834530	835418	835279	834898	836144	835119	66730	354780	834731	836678	833901	835865	836454	152003	199398	835654	211618	835610	835307	835824	834824	836168	830151	834043	835483	834082	834825	159894	835214	79017	835333	835579	835665	834775	834732	835241	834749	835801	835095	835415	834415	833083	834105	246834	834740	836620	835545	836567	835482	835028	414480	835153	834799	235228	440505	835922	826870	834329	836249	158965	251068	836798	834612	835621	836499	173956	836037	835897	243560	835710	836746	835091	836418	833396	834175	235924	527004	835547	835070	836748	836298	834931	836199	836332	836594	836319	836586	836749	836163	836501	836440	825482	802671	834778	829341	836456	836601	834363	836008	665811	835437	793579	790825	740275	834646	835654	317394	453921	835821	808929	827615	489655	648237	769155	835610	836598	834802	836875	832613	835654	835369	165093	836793	498774	834003	825198	835629	835053	834819	836312	834510	822346	835253	706562	836416	822370	836062	835004	835656	836003	755493	836415	833320	834298	835671	836056	836482	836300	836705	835547	767443	809990	834291	817781	814947	817857	835438	762106	832515	830433	812119	833659	668074	824775	807547	830987	809386	830616	824692	41	430	427	436	789	436	2	397	807	437	5	5	14	91	845	5	397	758	813	136	101	448	59	403	430	403	394	404	42	797	5	795	5	13	797	3	26	438	803	3	407	790	0	28	37	763	395	49	423	3	796	436	2	3	37	807	34	434	440	76	19	5	44	393	848	41	19	2	36	801	420	83	400	36	89	2	401	8	769	746	5	2	4	39	41	401	2	385	400	0	441	395	393	439	441	405	5	5	7	796	25	42	809	775	43	293	436	366	2	17	394	4	87	22	3	381	38	4	5	733	1	38	439	38	419	41	415	2	5	179	2	371	413	399	43	808	416	20	43	638	43	410	410	4	3	405	5	419	2	787	437	5	11	406	798	5	3	401	40	30	398	0	418	338	2	430	7	3	17	418	22	38	374	783	5
NC_063213.1	16000001	807869	807352	807360	807449	805572	805318	806706	805563	806139	805265	805351	805534	806021	67503	313027	805424	806207	804636	805599	807408	96011	202791	806398	137878	806464	806099	806769	805405	807018	801987	802160	806191	798329	804609	170266	806313	80125	805765	806105	806524	805701	804542	804831	805769	806693	805883	805382	804941	803944	804979	155556	805844	807189	804940	806902	805182	804543	350224	804895	805201	155861	308812	806343	789675	804006	807027	107311	146160	807670	802273	806704	807209	92836	806876	806456	184445	806859	807475	804929	806220	796479	805210	160411	374588	806429	804796	807476	807510	805872	807320	807260	807494	807374	807464	807416	805613	807399	806367	799134	757249	804293	800330	807262	805664	805282	806538	531317	806440	728710	722362	641877	802495	806526	279221	323326	806396	760355	793460	336550	504953	698146	806362	805613	801192	807492	803136	806383	806035	97837	807616	346510	804305	786432	806157	805702	805016	805261	803944	796084	805839	621380	806796	778953	805837	805331	807123	806759	677568	807002	802864	803961	806530	806609	805735	807259	806472	806113	676437	754730	803675	765647	766570	796307	805705	667941	802114	793030	760319	800754	541103	781306	752087	795600	756210	795318	790206	0	540	538	530	502	527	0	524	399	536	0	0	34	106	507	178	403	399	509	61	93	540	68	533	539	536	526	535	1	375	0	377	0	0	506	0	0	405	502	0	522	398	0	0	0	396	531	0	405	0	495	543	1	0	1	504	0	526	534	82	0	0	0	515	507	39	0	0	174	502	538	49	541	0	74	0	424	177	400	373	0	0	0	0	1	425	0	527	539	0	543	540	534	542	413	538	177	0	0	480	0	0	405	486	0	286	424	437	2	0	531	0	123	1	0	461	0	0	1	385	0	1	520	0	497	0	517	22	0	188	0	373	416	528	0	400	521	0	0	348	0	483	538	0	0	533	5	536	0	397	535	0	1	537	403	0	0	459	1	1	461	0	408	408	0	393	0	0	0	381	0	0	455	477	0
NC_063213.1	17000001	825019	824585	824685	824631	820946	822325	823890	822830	823212	822968	822875	823114	823330	56795	310606	823166	823906	822209	823245	824407	92862	195781	823498	138076	823565	823367	823872	822839	824103	818298	819045	823840	816081	819621	155911	823095	69776	823449	823437	823349	823072	822209	823062	822518	824006	823118	823278	822252	822005	822436	166640	822756	824470	823321	824744	823296	820403	373196	822259	822855	173571	325501	823539	809410	821082	824035	117175	144395	824835	821590	823470	824494	92150	824000	823906	195707	824140	824762	823137	824137	814710	822328	160944	408634	824022	821854	824684	824549	823100	824470	824546	824697	824522	824590	824726	823520	824573	824375	815659	773553	821921	818654	824562	824314	822618	824084	564702	823870	751850	749285	663368	819774	824172	264100	336080	823984	784156	812625	364752	535069	722807	823874	824406	820678	824846	820990	823372	823362	99434	824705	384255	821296	804296	823749	822931	823706	824450	821916	814072	823062	643924	824173	797577	822558	822264	824035	823771	700584	824330	820129	822043	823754	823965	824095	824121	824260	823386	708102	777807	821494	788848	788656	813028	823313	696984	818672	812097	777753	818675	568924	802605	774927	815392	783620	813604	808256	0	668	669	654	689	662	0	667	544	663	0	0	27	143	719	62	643	538	725	65	88	666	59	659	674	663	654	666	0	526	0	506	0	0	709	0	0	661	710	0	658	536	0	0	0	547	647	0	648	1	692	670	0	1	0	691	1	653	668	85	0	0	0	643	720	55	0	0	65	709	669	53	669	1	90	0	674	65	550	490	0	1	0	0	0	673	0	654	667	0	676	671	673	675	663	668	64	0	0	697	0	1	554	686	1	364	668	553	1	0	653	0	121	1	0	575	2	3	0	566	0	0	647	1	626	0	655	7	0	227	0	599	658	660	0	551	640	2	0	500	2	611	669	0	0	658	6	672	0	542	666	0	0	666	556	0	0	584	1	1	585	0	656	497	0	638	0	0	0	609	0	1	569	670	0
NC_063213.1	18000001	811993	811249	811447	811282	792363	809254	810480	809296	809828	807829	806790	810528	809049	101045	297430	806337	810280	808624	810497	811090	131849	216646	808673	180168	810132	806897	810277	809140	810813	771544	807516	809961	800551	799780	193463	809973	109497	810055	809888	810416	806810	808431	809882	809328	810609	809774	810328	809078	792953	808767	187393	809110	811285	810011	811223	809919	807542	388182	808625	806379	180086	309264	810356	792153	807578	811134	135270	156879	811638	806710	810432	811175	114743	810336	810541	198293	808492	811440	807039	811345	806518	808729	178590	360059	810124	809863	811277	811132	809283	810951	811057	811437	811125	811264	811501	810200	811288	811142	802275	739508	807940	803712	811369	811052	808978	810805	519962	808238	712668	703078	618391	802745	810470	270176	321270	810616	759421	795377	327067	486775	692557	808671	811528	804324	811650	807841	810026	809674	108898	811610	350865	808133	779351	810103	809563	809440	811236	808658	799739	809406	602902	811068	772918	808855	809333	809681	810826	666576	811116	805766	806249	810432	810695	811158	811113	811557	810211	664985	745416	807153	749736	760936	798953	810231	642927	805813	792940	745916	803077	509249	781307	740970	797588	748512	794639	784614	0	527	526	513	491	522	0	514	686	516	0	1	46	99	498	425	470	677	504	44	59	525	71	519	524	518	504	522	0	652	0	626	0	0	491	0	1	475	499	0	513	677	0	0	1	679	515	1	463	0	490	529	0	1	0	483	1	507	517	76	0	0	1	505	496	34	0	1	418	496	525	52	515	0	57	1	485	430	689	649	0	0	0	0	0	484	1	511	519	0	528	525	522	530	484	524	432	0	1	486	1	0	692	490	0	251	479	410	0	0	503	1	100	1	0	423	8	0	0	384	1	0	503	0	492	1	505	46	1	163	0	418	470	512	0	687	506	2	0	331	1	462	519	0	0	515	1	521	0	670	516	0	0	523	686	0	0	414	1	0	424	0	470	355	0	429	0	1	1	424	0	0	437	458	1
NC_063213.1	19000001	796233	795819	795926	795751	789566	793575	794974	793925	793681	795003	794624	782651	792370	33944	171070	795519	794808	794488	794955	795570	31624	121355	795032	41864	794699	795723	794915	793835	795231	788875	787945	794853	526006	787829	93098	794243	37210	794453	794701	794896	795396	788485	794243	793736	795122	794523	794809	793750	784935	793565	70086	794335	795653	794723	791199	794605	745690	208935	789945	795521	62181	160565	794533	766590	790994	795183	48657	75050	794804	792846	794000	795799	39961	794814	795052	109177	795867	796092	795598	795745	724603	793368	90653	254166	794772	793752	795790	795723	794010	795420	795639	795946	795661	795650	795999	772031	795719	795759	790357	709322	791359	791763	795649	795911	793939	795114	437171	795669	675290	667634	560341	786597	795400	243379	238423	795084	730183	773853	232161	384269	652089	795851	795933	786552	795982	793011	794461	794157	46451	795952	264876	791594	754346	794499	793820	793706	795912	792479	790421	793675	545285	795290	746925	792820	793553	795895	794723	612371	795452	788678	794667	794977	794972	795548	795500	795741	794393	606582	707927	790813	717315	726406	788419	794529	572871	788779	770131	713747	785927	413190	750809	706070	775897	724578	775397	772796	4	505	513	495	546	507	0	486	668	514	2	3	5	27	581	457	146	642	562	21	28	509	13	489	518	496	487	496	23	619	4	269	4	6	547	0	8	148	553	4	470	638	0	21	14	642	495	16	151	0	546	518	2	3	12	404	17	489	513	19	8	3	14	468	572	5	2	1	463	549	514	16	489	7	26	3	139	471	653	440	3	1	0	16	11	139	2	482	491	0	513	497	494	512	137	497	467	5	1	532	16	12	670	534	15	209	155	363	1	18	479	1	86	15	3	399	13	5	0	376	1	17	476	18	491	10	502	15	2	89	1	111	154	485	17	671	501	13	15	320	15	435	495	0	3	486	5	507	1	661	499	3	13	493	664	3	0	395	20	18	398	4	154	282	1	131	13	1	8	132	15	15	384	501	1
NC_063213.1	20000001	799601	799061	799158	799235	790392	796895	798320	797182	796978	797578	797277	791446	793765	48099	202362	798192	798154	797211	798042	798978	54126	134572	798282	68018	797991	798574	798273	797035	798720	787130	792089	798105	581800	786698	113296	797679	56659	797690	798039	798101	798277	793171	797873	796995	798393	797374	798177	796584	784458	796429	86995	797085	799138	798053	796967	798115	768065	245046	794248	798242	94944	177892	797690	768577	794280	798708	63715	92390	799423	795068	797316	798991	55975	798167	798485	136862	799088	799375	798450	799050	753699	795982	108210	271602	797852	796203	799049	799068	797124	798801	799099	799336	799101	798939	799273	786260	799081	798940	791728	715265	793823	792443	798686	799169	795876	798396	446838	798885	686065	668612	570540	791778	797830	251846	249500	797602	733613	773119	238465	410229	650974	798808	799255	789720	799259	795336	797783	797186	52978	799261	272902	793143	754292	797793	797147	797098	798895	795347	788686	796837	552362	798116	747030	795836	795794	798910	798102	627498	798753	791531	797693	798487	798140	798831	798804	799132	797432	610868	714800	793849	723135	731888	791713	797397	583734	790971	774613	726610	787711	427187	757953	711166	773522	733097	778730	770995	0	716	718	661	709	701	2	674	664	702	0	0	15	76	725	392	507	649	722	35	58	710	21	694	714	695	689	709	1	610	1	275	1	2	701	0	3	527	713	1	674	641	1	1	3	642	699	5	518	0	703	719	0	0	4	567	0	674	714	51	2	1	0	676	728	21	0	1	391	707	706	22	695	5	65	1	535	402	657	475	0	2	1	4	3	534	0	689	698	0	717	713	707	712	482	711	402	2	2	687	5	5	664	688	4	300	539	536	3	5	680	3	115	8	3	561	1	2	3	494	1	4	663	5	655	1	687	17	0	175	1	413	522	692	6	659	683	7	5	411	8	588	697	1	1	699	4	706	1	648	707	2	0	698	659	1	1	569	1	4	577	6	527	436	2	467	4	2	5	457	6	5	550	641	1
NC_063213.1	21000001	828229	827520	827674	827780	823900	825400	826840	825902	826169	825470	824760	826752	824651	62973	315111	824919	827375	825220	826885	827700	104194	187683	826094	135633	826480	825231	826895	825887	827216	821485	824791	826590	821007	822900	151998	826438	70438	826307	826549	826676	825119	825351	826322	825815	827176	826463	826712	825739	821614	825368	168989	826148	827671	826498	827785	826737	824938	339111	825311	824406	167079	337613	826827	809629	824443	827525	110218	172497	827939	824766	826952	827632	112748	827233	826874	183560	826313	827868	825015	827668	822231	825330	184381	422211	825709	826620	827643	827501	825540	827491	827448	827972	827594	827671	827960	826953	827644	827583	819207	780632	825728	821919	827648	827306	825538	827143	581520	826446	766462	752472	687854	824713	827052	331203	383643	827080	790050	816014	385725	559509	734852	826065	827827	823985	827914	824192	826600	826495	124938	827917	407400	824875	804755	826869	826113	825736	827446	825226	817360	826257	655756	827331	803420	826601	825887	826737	827150	709288	827596	824024	824533	827138	827200	827689	827523	827788	826470	720565	785957	825033	796527	794054	814478	826617	702609	822614	816173	788999	822842	582014	806255	784629	818805	781939	818755	814382	0	522	515	502	744	518	2	509	763	518	281	277	25	67	769	429	356	749	762	51	97	522	40	317	327	511	317	516	1	733	1	714	1	0	761	2	279	353	759	2	512	754	1	0	2	760	309	270	349	1	754	523	0	288	0	734	74	497	322	50	0	279	259	506	762	17	2	1	411	759	519	45	323	285	40	285	362	428	767	722	273	2	3	0	1	364	286	514	516	0	523	522	523	526	297	326	425	4	246	740	5	4	774	728	2	299	366	457	3	5	507	3	128	4	279	447	8	96	2	636	2	3	506	290	494	2	501	46	287	137	269	317	359	511	6	771	510	6	272	564	8	488	522	0	284	516	5	321	3	750	321	273	0	520	772	273	201	462	6	1	459	276	357	253	270	344	7	5	2	322	4	271	433	733	253
NC_063213.1	22000001	728490	726987	727234	726896	723570	725739	726002	726109	726568	726303	725681	727338	726121	67268	355866	726719	726930	724041	726983	727838	124513	218722	726775	161705	726668	726898	727214	725992	727327	720057	722607	727041	719131	723949	194148	726797	81069	725191	725981	727009	727660	724445	725075	726112	726010	725318	726738	725890	722211	723916	165598	726392	726794	725268	727580	723695	726042	372691	724781	726814	179360	293926	727337	709851	724636	726416	118448	163304	728217	722830	727065	726838	109061	727470	726037	194955	728161	728199	727005	727715	722680	726304	190361	357442	726358	724971	728034	728065	726289	727969	727928	727547	727939	727897	727234	725886	727921	726717	721175	686988	726140	720138	726881	726472	725833	726184	494978	726754	661438	652057	596081	724020	726812	323074	325572	727154	685064	711908	314049	469202	631580	728189	725366	723526	727159	723251	725448	724615	91315	728183	339744	725166	708921	725703	726424	725140	726012	723194	717189	725026	555357	725511	701813	726655	726132	728260	727142	612779	726498	722853	725361	726293	727265	725247	727785	726962	727143	611684	686173	723559	695261	692482	706063	725299	612020	722406	713210	687914	722133	487568	703605	682849	716192	681654	718941	712076	91	455	440	445	738	443	0	350	851	528	723	713	15	199	874	610	650	709	862	142	125	492	37	810	918	356	800	361	122	848	1	896	1	85	740	1	791	673	746	1	467	792	0	115	94	696	800	813	707	3	736	489	0	769	110	706	438	459	970	52	104	719	798	352	874	69	95	2	659	744	492	94	808	839	157	732	593	606	710	682	707	0	1	126	125	596	723	345	362	0	483	356	360	449	712	821	602	2	666	734	129	166	856	831	110	291	714	431	1	138	351	2	98	136	697	465	155	281	2	780	2	154	471	860	477	128	481	67	723	337	684	541	689	358	142	832	443	163	820	672	149	474	357	3	733	355	2	952	0	827	923	708	113	360	835	717	531	446	145	147	450	781	731	641	665	715	130	1	96	639	146	807	422	708	624
NC_063213.1	23000001	744194	743482	743533	743755	740637	741922	742756	741964	742534	743212	742598	742652	742478	64064	310173	742934	743607	740667	742909	742331	86308	181303	742835	134006	742653	743022	743031	742229	743428	740068	739279	743016	734689	740533	157922	742413	74490	742057	742100	743004	743618	741006	741843	742162	742684	741968	742855	741687	740175	740679	138214	742601	743510	742968	743530	742349	741357	344247	741472	742905	141507	250093	742696	724378	740292	743141	96049	120401	744009	737877	742748	743030	82437	743074	742608	169162	743893	743956	743736	743800	736886	741830	155254	312158	740839	740361	743827	743681	742391	743777	743767	743752	743888	743822	743681	739615	743719	743695	736346	672591	740867	738359	743213	743102	739839	742884	453690	742905	651837	644691	553585	737819	742958	248821	271311	743011	688607	729082	273293	415050	624441	743815	743422	736053	743441	739961	742325	741847	75029	743733	297874	740441	714895	742376	742127	741092	742762	740128	734508	741006	540500	742605	705336	740915	741834	743782	743083	600534	742690	738500	742445	742431	743071	743043	743564	743429	742488	591708	679954	739748	690820	694270	732742	741624	573801	738064	722739	681388	736650	442858	708007	679038	728665	689555	730819	723890	50	52	73	57	852	74	0	38	900	100	696	698	2	165	922	721	721	841	925	87	138	96	6	703	754	39	703	39	31	889	1	890	1	16	849	2	707	746	851	1	55	894	2	33	40	851	697	719	734	3	855	81	0	720	44	831	185	87	757	7	19	699	635	35	890	41	8	2	713	854	65	16	707	735	79	721	730	728	861	801	693	3	1	38	16	728	712	35	38	0	76	39	39	76	196	717	727	1	588	826	94	21	914	883	29	75	779	97	4	64	37	3	23	59	695	88	62	187	0	687	2	38	75	752	102	27	73	54	714	190	673	606	734	34	86	916	84	66	738	605	65	96	39	0	720	38	11	734	2	881	732	696	44	39	894	700	452	105	52	53	63	751	765	475	660	690	27	3	52	655	58	708	69	783	610
NC_063213.1	24000001	739779	738683	738907	738653	736899	737046	737547	737425	738039	738202	737594	738523	737583	83218	386043	737861	739386	734743	738677	739059	128959	252671	738526	180666	738247	738314	738732	737372	738840	735579	734979	738108	730497	736876	232561	738223	104131	736962	737291	738380	738532	736040	737344	737813	738124	737135	738645	737117	729060	735763	164651	737848	738763	738427	738214	737446	737273	415580	736735	737882	185630	273027	738342	720228	735494	737949	120033	138759	739496	731499	738101	738479	108354	738871	737561	198038	732770	739420	738608	739239	733831	736792	203157	317546	731481	736987	739419	739391	737714	739392	739361	738946	739271	739257	739147	731492	739382	739287	731022	678617	736199	731481	738470	738882	736478	737986	444091	738502	652436	630622	555149	734810	738515	236739	254846	738345	682035	721809	257669	408460	615201	739028	738778	731313	738865	735138	737536	737186	86442	739490	284197	735916	703884	737085	737801	736651	738181	735894	725599	736389	533661	737871	699521	737201	737473	739222	738741	590763	738361	734162	737036	737881	738531	738612	739012	738617	738178	579256	682570	735725	691902	695276	723062	736835	569415	732575	720515	679161	732302	436230	702202	678762	724754	684562	727077	718982	12	549	543	566	574	586	6	527	816	555	741	733	46	171	609	628	389	778	587	85	124	566	106	716	766	528	722	533	30	792	2	802	5	8	579	0	746	390	569	1	540	807	7	36	17	763	722	357	394	6	578	553	7	752	21	776	341	542	761	118	117	726	692	507	596	51	14	3	621	589	564	76	737	765	103	348	380	385	794	765	723	7	6	13	21	382	744	526	535	5	549	524	538	552	507	742	627	6	629	578	33	37	839	563	29	325	411	475	4	59	519	4	136	61	725	481	417	243	3	460	6	53	535	769	532	26	537	82	750	200	707	330	392	522	36	828	551	46	747	414	438	507	528	7	752	524	10	760	6	798	751	727	43	532	805	737	491	502	27	35	489	745	386	513	696	384	30	6	33	368	33	718	474	543	661
NC_063213.1	25000001	791448	790536	790797	790863	785169	788537	789888	788790	788903	789011	789306	789677	789067	55844	284237	789697	790533	788401	789954	790657	86397	182205	789957	113020	789898	789903	790167	789246	790508	782170	785309	789402	774634	785153	157233	789394	70004	789246	789122	790002	789683	787663	789139	788738	789824	788398	790012	788609	782368	788158	130261	789154	790571	790156	790915	789437	786967	319040	788270	789437	136429	235347	789830	766184	786608	790125	92777	111828	791058	785425	789898	790486	77300	790342	789870	152838	790409	791121	789998	790838	783447	788787	143733	302000	789702	788544	790952	790931	789456	790797	790653	790907	790856	790959	790920	788977	791022	790895	780287	724337	787886	782813	790083	790314	787472	789994	466870	789776	698798	676737	588639	785232	788260	252475	264608	789354	734116	771936	266960	427099	661086	790457	790207	783944	790654	786848	789123	789144	66813	791137	292262	786324	751281	789325	788986	787536	789188	787197	777674	788504	563721	789751	751159	788980	788262	790685	790110	629690	790204	784401	789183	789592	790276	790315	790751	790580	789508	614622	729295	786432	740587	736308	780178	787939	601896	783481	771652	731594	783124	449783	754788	720653	775208	728498	776541	770407	10	579	585	687	546	684	0	559	641	589	578	586	24	63	578	234	365	618	497	62	96	593	42	677	704	564	663	571	16	631	2	591	2	11	554	4	603	355	489	2	578	624	0	12	17	624	668	18	365	3	554	595	0	596	13	619	192	570	709	59	124	581	526	549	504	21	11	2	241	558	587	40	676	591	39	0	357	359	634	580	572	0	4	6	24	359	597	565	567	0	588	571	680	595	710	688	234	3	507	535	25	17	670	470	17	266	371	479	2	26	556	2	126	22	572	490	552	153	2	432	2	15	547	611	559	12	579	28	601	168	551	289	364	561	29	654	562	28	585	357	612	531	567	3	599	561	6	698	0	636	687	583	11	572	655	570	441	507	24	16	486	586	365	449	543	336	23	1	20	326	26	565	458	520	539
NC_063213.1	26000001	813638	813111	813245	813210	808685	810925	812375	811072	811303	812706	812564	810631	810228	42771	240824	812882	812657	811070	812233	813015	53065	147168	812822	78215	812055	813056	812530	811448	812693	808599	808026	812159	782911	807244	118275	811754	48206	811592	811852	812406	812721	809311	811859	811150	812522	811421	812134	811186	803595	810879	112058	811333	813052	812079	813211	812061	805520	280013	810144	812683	106771	252861	812078	792185	809129	812883	76734	102653	813467	809832	812133	813118	67651	812587	812604	136643	813291	813391	813144	813095	796668	810770	134067	324181	812188	811824	813253	813100	811300	813066	813132	813329	813164	813122	813280	810445	812989	813221	806594	760314	810429	808472	813082	813500	811727	812436	521375	813132	734902	716625	653882	808913	812805	279326	316886	812572	764096	799190	306912	501318	702156	813180	813423	807439	813340	810233	811743	811738	72650	813288	329440	809831	780900	812067	811372	812077	813395	809826	806770	811513	605685	812783	779210	811030	811308	813411	812294	668010	812884	808613	812474	812583	812625	812950	812921	813262	811676	669935	762619	809226	770722	768186	802139	812375	652150	806961	798385	766757	807702	513192	784633	757856	800096	756192	801706	796819	0	630	629	416	197	423	0	611	546	622	519	531	17	67	207	281	342	536	427	15	39	628	38	426	433	622	412	619	1	514	1	464	1	1	206	0	541	343	419	1	606	539	15	1	0	543	419	3	343	0	202	628	0	552	1	516	118	600	431	49	91	537	468	594	422	20	0	1	280	203	625	35	418	531	27	0	351	353	542	466	528	10	0	2	2	351	543	611	617	0	630	621	428	630	419	418	281	1	455	200	11	17	549	413	0	313	350	485	1	2	612	1	122	1	539	513	477	142	0	128	1	2	601	543	593	1	598	31	546	114	513	282	347	612	6	546	596	5	526	105	542	542	623	0	551	611	1	427	0	538	426	541	0	625	549	543	272	519	2	3	542	528	343	276	509	324	5	1	1	300	5	499	497	183	466
NC_063213.1	27000001	825986	825349	825529	825555	823888	823195	824796	823544	824387	824354	823929	825274	824245	49890	292495	824085	825543	822047	824638	825591	93382	166706	824742	134767	824509	824423	824856	823887	824856	822004	823671	824509	823627	823522	129024	824203	55713	824328	824167	824861	824099	823530	824255	823708	824945	823912	824548	823511	822196	823253	167193	823911	825490	824204	825420	824235	824410	341540	823955	823899	152659	371622	824842	815226	823129	825401	97157	166527	825666	823357	824748	825409	109084	825135	824874	163153	824760	825688	824179	825351	822243	823656	171731	457119	824997	824576	825543	825630	823709	825451	825501	825680	825507	825563	825713	825296	825499	825526	815479	800950	823745	817889	825383	825055	823096	824759	641657	824538	789737	778563	733517	823818	824155	338059	420487	824555	800855	817137	429464	632500	757945	824810	825336	823658	825559	822433	824222	824103	111233	825742	451979	822235	813311	824390	824175	823483	824801	823068	814082	824023	687594	825169	812334	825076	823732	825011	824879	740007	825314	822013	823704	824934	825017	825196	825286	825542	824438	751238	805322	823566	813287	806587	809487	824196	758768	821133	820903	805868	822000	652550	815089	802069	820334	793123	820823	814307	0	701	701	709	0	706	1	690	703	702	658	654	21	0	1	699	3	690	659	0	1	702	61	698	717	685	698	686	1	684	1	684	0	0	0	0	648	0	646	0	683	278	642	3	3	687	691	4	1	0	0	700	1	659	0	685	162	690	714	89	146	648	616	675	654	0	4	1	686	0	692	63	709	652	0	0	0	0	687	670	637	86	2	1	0	2	651	677	695	0	700	699	712	704	656	707	698	0	602	1	2	656	707	617	3	442	4	625	1	8	680	0	155	14	638	638	607	258	0	6	1	422	681	663	658	2	673	70	655	295	621	1	3	687	0	700	680	3	628	7	643	670	702	0	662	687	3	717	0	687	705	651	1	698	692	635	573	651	3	3	649	641	3	619	621	4	5	0	2	1	5	637	617	0	599
NC_063213.1	28000001	792877	792406	792550	792500	790367	790462	791711	790376	790754	792356	791786	788481	790853	49509	306340	792384	792213	790442	791415	792438	52268	169170	792086	87658	791306	792467	791799	790720	791994	790398	786803	791554	685257	789441	141299	791515	58622	791149	791269	791546	792419	788228	791144	790587	791703	790740	791640	790496	787186	789836	105558	791009	792348	791112	791666	791040	776861	291651	789276	792246	102420	223561	791386	770657	788226	792117	70260	98217	792707	789441	791197	792378	59488	791595	791771	150675	792689	792552	792332	792413	766957	790555	130744	297201	791635	791153	792384	792411	790866	792270	792374	792645	792421	792456	792567	784499	792485	792366	785016	732017	789291	787471	792263	792309	790381	791815	486013	792301	704049	686854	612235	785478	791968	276327	282324	791821	739627	774368	268150	454926	668779	792685	792237	786111	792401	789093	791029	790772	61036	792511	297501	788609	759328	791434	790861	790616	792296	788694	785702	790001	576697	791979	753964	789843	790121	792778	791514	640056	792170	787552	791511	791853	791822	792050	792249	792354	791128	635162	730394	788406	741461	743377	784272	790905	619498	784963	773258	731586	785459	461607	757670	726145	776315	735371	777213	774640	1	709	711	812	412	816	0	690	289	704	224	237	23	91	425	622	467	282	594	9	33	709	36	816	834	701	806	702	1	279	1	271	2	0	417	0	236	472	581	2	679	417	236	2	1	283	819	1	457	2	420	713	0	242	0	272	54	688	831	49	35	235	213	668	29	9	1	2	607	412	706	23	818	242	44	0	481	482	285	271	229	28	0	49	1	481	240	685	706	1	712	708	830	714	455	829	614	1	200	398	2	239	289	562	0	341	478	576	0	1	684	1	136	5	237	586	219	55	0	293	2	714	678	243	671	1	703	44	241	217	228	382	2	697	3	287	666	12	230	229	236	625	703	0	240	204	2	829	1	285	829	190	1	705	289	235	545	584	6	1	614	233	463	565	228	432	2	1	2	419	2	226	561	375	207
NC_063213.1	29000001	792311	791844	791938	791954	777588	790017	791004	789804	789169	790772	791079	770222	787287	26731	143159	791733	789692	790787	790980	791708	18500	102001	791232	28424	790868	791928	791147	790181	791330	777819	784362	790923	393033	774147	78161	790795	31838	790485	790920	791115	791631	784072	790486	789729	791143	789999	790968	790098	772912	789885	51484	790187	791749	790913	785765	790663	721854	165663	784387	791678	45386	130325	790717	758038	786905	791270	36700	59276	791571	787429	790193	791725	32300	790776	791184	97949	791995	792196	791835	791979	675104	789047	78971	225911	790747	790006	791869	791904	790324	791527	791691	792014	791861	791771	792083	747542	791793	791828	784854	690310	787518	786653	791787	792132	790345	791247	407799	791869	654880	632519	525699	781712	791496	216388	211008	791159	716011	769165	205244	351936	629425	792014	791881	775754	792091	788845	790617	790127	40711	791955	235612	787163	737498	790595	789954	789466	791994	788074	786936	789857	520103	791298	726112	787116	789620	792116	790837	588770	791642	784022	791150	791220	790657	791627	791616	791908	790221	567743	683485	785192	693728	716270	785559	790451	533353	784322	755828	695613	779390	371981	732216	684562	764775	712364	766426	765569	0	723	724	534	709	590	0	701	7	727	527	608	14	43	728	566	647	2	594	4	44	716	11	583	597	718	570	717	6	10	0	7	0	1	704	0	650	646	587	0	654	704	626	5	6	2	581	8	639	0	702	733	2	660	7	2	49	678	595	14	43	636	514	670	5	8	4	0	580	701	729	13	583	653	29	0	660	659	2	1	630	14	0	643	4	658	652	698	713	0	731	716	590	733	9	595	588	2	486	693	3	658	6	563	5	265	662	514	0	2	689	0	86	1	645	559	569	97	0	476	0	733	670	663	673	5	707	16	658	114	622	501	3	706	6	5	700	4	617	387	639	614	712	0	657	2	5	597	0	7	594	0	7	722	8	638	325	559	4	4	584	499	628	317	613	583	7	0	5	518	7	555	549	643	572
NC_063213.1	30000001	816391	815702	815908	815911	811699	813914	814969	813947	814322	814626	814041	814822	813284	54167	256771	814555	815443	813631	814878	815748	76753	167147	815301	108705	814780	814712	815013	814301	815506	808753	812309	814644	803598	811980	136085	814368	65352	814473	814322	815175	814430	813291	814458	814147	815127	814122	814948	813368	808408	813232	132623	814009	815690	814698	815605	814711	811036	326918	813141	814297	120730	277889	814886	797131	812159	815510	89067	115118	815984	811967	814802	815705	71485	815007	814909	138263	815433	815949	814585	815778	808558	813418	141986	349962	815239	814562	815982	815825	814251	815681	815661	816003	815882	815763	816012	814853	815872	815800	808028	763373	813435	809884	815682	815554	813636	815152	553797	815128	747700	729350	658137	812087	815082	283887	337265	815188	770120	803277	313611	521294	710028	815167	815849	811160	816018	812452	814570	814177	79802	816081	358473	812460	790545	814701	814045	814086	815278	813064	807071	813798	619507	815338	786762	814103	813701	815455	814944	686096	815648	811217	814104	815145	815224	815480	815673	815739	814859	691568	770903	813376	779464	775350	805730	814355	676370	810802	801883	772268	810921	542956	792072	767873	804940	764474	806415	800200	0	735	737	572	717	566	0	719	1	736	627	616	25	121	736	571	632	1	571	32	89	738	51	563	579	726	553	725	2	1	0	2	0	0	721	1	648	646	565	0	710	715	642	0	0	1	566	25	638	0	704	734	2	631	1	1	172	712	731	65	113	620	532	692	27	51	0	0	553	723	734	36	570	627	76	27	659	660	1	1	608	70	0	632	0	662	653	707	732	0	739	736	570	736	0	576	577	0	394	711	0	657	1	539	0	393	659	600	0	5	720	0	86	0	643	622	590	170	0	560	0	735	714	632	675	0	704	36	632	167	593	578	0	715	1	1	703	2	632	487	648	644	729	0	635	1	3	568	2	1	570	0	2	730	1	621	376	629	1	0	623	562	553	386	596	625	1	0	0	598	0	597	606	690	559
NC_063213.1	31000001	821355	820657	820827	820860	817466	818406	819989	818628	819444	820242	819923	819295	818785	44002	261321	820087	820404	818808	819958	820866	68774	166648	820179	97920	819910	820385	819983	819185	820343	815927	816274	819853	810226	816874	129042	819657	56117	819687	819502	819863	820058	818264	819310	819225	819784	819272	819816	818461	815615	818639	114181	819056	820651	819738	820753	819792	815875	293836	818080	819951	119362	287024	819771	803865	817564	820421	80447	126145	821048	818985	819931	820730	78803	820218	820074	143662	820847	821048	820227	820839	811527	818653	134682	375075	820063	819831	820886	820718	819172	820694	820628	820998	820754	820857	821035	818886	820848	820832	813912	778162	818432	815810	820820	821077	819090	819963	568636	820538	762237	742895	688714	817011	820533	313618	356614	820263	779561	809535	348600	547868	725939	820622	821083	817400	821023	818046	819680	819083	77904	820961	379121	817692	801650	819647	818976	819899	820922	817558	813918	819268	638516	820452	796588	819559	818897	820760	820083	700493	820556	816518	819709	820065	820042	820688	820492	820997	819424	707694	786116	817542	794167	787386	808195	819840	698014	815078	811172	785631	816441	568162	803315	779177	811990	775646	811919	807406	0	707	873	0	761	165	0	860	525	873	830	826	8	120	789	171	820	517	452	34	58	871	37	172	172	863	169	873	0	504	641	478	3	0	775	0	835	833	448	2	842	771	815	2	1	520	167	165	826	0	780	877	0	849	0	494	156	849	873	63	155	818	737	841	170	13	0	2	170	780	869	47	170	828	79	174	848	848	525	475	804	50	0	830	0	851	839	853	865	0	879	871	172	880	0	174	172	2	702	764	0	838	528	439	0	492	840	729	0	2	855	2	23	2	819	736	795	259	3	587	2	881	851	845	827	0	854	3	844	52	787	751	2	860	0	528	840	2	817	526	868	810	869	1	847	0	2	171	0	523	171	0	0	866	528	830	119	776	2	0	777	165	166	120	787	791	2	2	4	763	0	774	729	740	757
NC_063213.1	32000001	836061	835406	835605	835588	832378	833152	834565	833575	834063	835028	834301	834608	833687	47205	243207	834398	835300	832818	834564	835537	81995	147333	834854	114767	834458	835028	834658	833705	834837	830809	832718	834525	831236	831914	110443	834170	49716	834259	834526	834533	834337	833597	834391	833448	834833	834332	834670	833052	830274	833238	154446	833388	835455	834512	835509	834593	833494	312229	833212	834299	129018	352546	834609	823489	832819	835237	87921	167028	835661	833609	834621	835491	109108	835080	835006	145224	835157	835705	834394	835565	830364	833381	161568	450168	834679	834432	835647	835478	833584	835095	835422	835716	835589	835523	835822	834741	835551	835445	826836	803924	833728	828498	835551	835498	833242	834870	628503	835074	791186	777639	727152	833631	834328	348369	421930	834622	803891	825508	412374	616842	756529	835197	835666	833102	835804	832644	834609	834399	116442	835631	441968	832522	819059	834367	833761	834223	835548	832900	826252	834312	680224	835354	819040	834964	833911	835162	835138	737376	835361	831698	834161	834939	834724	835359	835216	835695	834061	746475	807927	833534	817480	811403	824221	834456	744710	830430	828802	812119	831939	637375	822816	805936	830309	800275	829708	823506	0	0	514	1	432	504	222	504	389	506	480	482	11	54	443	508	476	382	471	17	38	512	32	501	513	510	501	505	1	373	496	375	1	1	377	0	486	473	458	1	498	428	475	1	0	379	495	487	472	1	435	516	1	488	0	376	76	504	505	51	112	473	436	500	504	30	0	2	500	432	511	43	506	484	41	514	490	490	389	366	465	39	1	486	0	486	487	493	510	1	512	513	506	516	0	507	508	1	396	428	1	488	394	447	0	364	489	456	1	2	504	1	115	5	480	455	461	173	2	350	1	513	497	489	483	0	492	56	490	204	462	437	2	496	0	391	494	1	470	324	502	486	506	0	492	0	1	504	0	389	500	0	1	513	394	481	418	463	1	1	464	496	487	404	466	466	3	1	3	463	0	459	442	411	437
NC_063213.1	33000001	836234	835806	835982	835967	829070	833568	834911	833955	833834	834919	834347	832563	831503	54169	231123	834579	834953	833421	834974	835464	74566	151917	835413	98441	834583	835256	834866	833760	835367	828712	829828	834802	812011	828825	124672	834537	59632	834655	834514	834727	834887	832336	834484	834120	835171	834495	834785	833748	824323	833351	115515	834060	835708	834974	835689	834819	829565	278004	831640	834795	108436	260613	834701	810421	831597	835433	76288	116749	836085	830896	834711	835765	74608	834982	834859	127197	835581	835990	834929	835749	818638	833176	135507	344519	834985	834348	835891	835781	833877	835669	835759	835891	835856	835700	836061	833359	835801	835779	828745	772597	832746	829290	835652	835338	833115	835346	546808	834862	748225	731435	652101	830960	834904	285225	332851	834534	783146	821111	327022	509242	718602	835578	835875	827635	836057	831903	834457	833968	80891	835950	354078	832107	797940	834851	834013	834031	835377	832995	825388	834147	628379	835379	794936	833240	834100	835534	835171	688553	835487	830926	834544	835217	835054	835610	835364	835891	834642	678779	773438	831968	782449	786843	824635	834704	655139	830204	818520	779737	830110	526497	801329	775590	819728	770287	822529	818738	0	0	575	3	644	786	550	560	786	569	631	618	23	74	665	791	627	773	20	29	43	578	49	784	796	565	773	575	3	738	560	694	1	0	772	0	652	638	20	2	550	648	635	2	1	772	770	745	639	0	653	577	2	657	2	738	79	556	574	59	124	647	566	544	794	25	0	2	572	655	562	40	782	646	34	803	660	660	788	690	640	39	0	646	0	659	654	555	568	0	574	572	790	577	5	792	794	2	566	639	4	654	794	18	2	343	422	505	0	6	561	3	135	0	636	491	529	180	3	490	2	580	554	660	538	1	552	49	655	221	632	564	3	555	4	789	551	5	631	411	574	525	571	0	661	2	1	798	1	781	785	1	2	572	790	643	530	518	3	3	502	772	772	545	618	603	2	2	4	569	1	594	471	630	593
NC_063213.1	34000001	834936	834297	834356	834389	831893	832151	833698	832498	832767	833740	833281	833280	832396	43317	258306	833416	834179	831411	833583	834377	92191	147920	833930	129389	833349	833820	833576	832518	833878	830260	830992	833151	824789	830171	115240	833083	52359	833328	833153	833636	833497	832265	833211	832545	833657	832766	833454	832151	828764	832104	164228	832577	834187	833357	834486	833282	832027	311799	832288	833371	151844	335704	833299	812439	831079	834194	94994	180951	834460	828949	833588	834389	125194	833794	833430	161255	834189	834498	833612	834385	828478	832075	177378	428205	833735	833135	834410	834318	832418	834077	833966	834604	834407	834340	834567	833877	834446	834315	825214	781210	831706	828395	834338	834153	831862	833666	593694	833882	761020	748464	677055	829379	833411	321239	393074	833692	790306	820370	400615	570438	734630	834094	834583	827361	834725	830626	833184	833001	129879	834590	424785	830797	804725	833344	832654	833382	834127	831961	822098	832617	658124	834173	800955	831897	832586	834051	833713	713052	834193	829423	833244	833717	833740	834265	834114	834580	833169	699924	783007	831203	785797	791893	820455	833345	695068	829275	817529	784668	828016	578748	805271	778591	817564	788238	822521	815250	0	0	686	2	664	284	673	674	0	689	494	491	15	99	684	358	487	3	294	51	71	685	50	290	296	677	281	675	0	0	667	0	0	0	0	0	493	499	288	0	663	673	492	0	0	0	282	274	511	1	662	686	0	506	0	0	122	658	688	66	164	500	452	659	286	44	0	0	667	671	681	52	288	502	55	293	508	509	2	1	495	70	0	494	0	526	503	656	684	0	686	678	290	687	63	291	356	0	617	649	0	502	0	276	0	441	0	590	0	0	665	0	159	5	494	601	628	192	0	565	0	689	659	508	645	0	653	70	506	106	483	467	0	671	1	0	652	4	485	487	673	619	684	0	507	0	0	545	0	0	291	0	0	680	0	495	211	597	0	0	611	285	346	221	470	496	0	1	2	480	1	461	576	641	461
NC_063213.1	35000001	835347	834816	834931	834926	832802	832935	834334	833346	833550	834394	834163	834147	833272	47362	268442	833992	834756	832713	834110	834983	87783	153356	834545	129600	833819	834438	834338	833261	834533	832040	831862	833775	830902	832082	112652	833844	52106	833861	833991	834272	834153	832964	833830	833273	834353	833437	834126	832767	830875	832681	163649	833316	834940	833893	834842	833912	832361	318888	832836	834127	142415	360391	834099	822642	832311	834760	93629	176854	835136	833033	834143	834866	120097	834548	834414	156944	834885	835050	834178	834949	829709	832951	166032	452420	834244	834205	834990	834942	833144	834843	834779	835037	834952	834915	835095	834398	834837	834865	825457	804819	833085	827589	834794	834780	833255	834341	638683	834446	788351	780713	725872	833100	834352	341708	426691	833926	806927	826396	430370	621714	763819	834483	834924	832741	835171	831572	834000	833618	122875	835117	451812	831654	822467	833973	833248	833682	834668	832449	824634	833443	694876	834668	818830	834084	833088	834684	834180	737384	834844	831892	833964	834397	834282	834864	834669	835055	833653	751519	809813	832745	817668	811297	820979	833750	755953	829473	828285	809823	831804	638724	821045	804046	828716	795583	828036	824142	0	0	371	0	355	2	359	29	0	377	372	372	11	127	375	297	362	0	2	27	43	375	35	2	2	365	2	372	0	0	355	0	0	1	0	0	370	494	2	0	366	360	368	0	0	0	2	2	361	0	372	375	0	375	0	0	104	368	377	47	100	374	341	360	2	29	0	0	364	369	373	38	2	369	50	2	503	507	0	0	359	52	1	368	0	372	373	360	367	0	377	370	2	375	301	2	302	0	351	362	0	368	0	2	0	274	0	351	0	0	370	0	127	1	358	345	349	183	0	320	0	375	371	374	356	0	367	41	376	2	355	350	0	371	0	0	353	1	359	305	371	356	376	0	376	0	2	372	0	0	2	0	0	371	0	364	4	347	0	0	356	2	490	2	350	366	0	0	2	358	0	364	323	365	335
NC_063213.1	36000001	833724	833283	833423	833334	829746	831230	832609	831776	831123	832762	832378	831249	828528	42522	219408	832672	832579	831338	832654	833267	44395	147965	832753	64242	832200	832945	832621	831640	832825	830188	828082	832358	814377	828454	107172	832044	50109	832085	832210	832554	832403	830002	831630	831343	832606	831658	832614	831098	815887	830916	90482	831817	833309	832240	833398	832319	827908	247920	828446	832166	80236	209025	832201	807019	828387	833043	56307	91676	833543	829537	832418	833198	54021	832545	832522	101861	833374	833336	832641	833329	820908	831010	107546	299113	832696	831949	833421	833394	831712	833238	833228	833466	833302	833250	833501	831456	833361	833283	825122	775517	830395	827790	833233	833054	831576	832623	508044	832765	748302	724606	650877	828727	832420	268520	299194	832549	780474	817625	278163	475359	711338	833216	833270	827005	833513	829830	832033	831767	54892	833433	319312	828883	795899	832114	831545	831682	833277	830333	825143	831466	608831	832654	795664	831503	831100	833193	832482	684404	833068	827992	831990	832596	832632	833138	833052	833361	832058	661462	776624	829720	788584	786945	825901	831883	660273	826625	813956	774645	827627	503935	802686	769924	820821	763821	821515	816096	1	1	324	4	316	3	316	0	2	318	314	314	12	96	324	574	312	2	0	11	39	319	13	2	3	314	2	320	3	2	321	3	2	1	2	1	317	602	0	2	311	313	307	2	0	0	2	1	314	1	310	323	1	322	3	0	61	310	323	21	40	316	273	301	0	12	1	2	310	312	323	18	2	321	29	0	619	617	0	2	307	33	3	321	0	322	322	311	320	1	326	323	0	324	573	0	580	2	265	309	3	323	1	0	2	156	3	255	0	3	313	2	60	6	314	279	281	82	1	231	2	327	316	323	305	2	315	9	321	0	294	263	3	315	1	3	306	4	310	214	315	283	319	0	323	2	7	324	2	3	2	0	3	316	1	314	1	288	6	1	267	3	597	1	301	293	2	2	5	285	3	293	248	302	282
NC_063213.1	37000001	830293	829532	829567	829728	828902	827442	829013	828179	828228	828157	827845	829549	828323	57524	345709	827229	829683	826459	828842	829726	148067	206373	828713	199707	828673	828040	828914	827869	829071	825039	828465	828268	829104	828005	162040	828458	68021	828427	828020	828923	827866	828026	828640	828215	829123	828515	828787	827187	825267	827380	229117	828207	829611	828648	828895	828534	829136	417720	828340	827025	217431	394278	829029	814280	826893	829518	138848	217383	829780	825610	829070	829821	157766	829168	828947	212122	828628	829604	827543	829639	828347	827239	234283	478233	829190	828856	829802	829646	827815	829782	829356	829940	829631	829696	829915	829580	829650	829598	819905	796416	827871	823663	829835	829338	827902	829171	633079	828521	783707	766443	719479	827640	829000	328776	433237	829179	798375	822190	440380	616138	757966	828442	829805	826279	829977	826567	828216	828566	152262	829970	460469	826864	811690	828824	827854	827129	829752	827651	815959	828401	683480	829535	809425	829024	827525	828895	829055	732220	829477	826256	827094	829006	829199	829659	829450	829863	828854	735893	798786	827499	807956	802914	813908	828613	738801	825478	821244	801906	826033	630387	815230	796963	821983	793680	823166	816026	0	1	780	0	752	0	761	0	1	472	479	474	9	74	473	679	749	1	1	40	0	780	98	0	0	774	0	779	0	1	768	1	306	28	1	8	772	650	1	320	762	765	454	316	466	1	0	0	462	42	765	477	0	769	0	1	210	467	465	81	197	471	689	464	0	64	0	323	755	769	479	39	0	469	109	0	464	463	1	0	453	72	131	467	0	786	778	760	475	0	785	778	0	783	549	0	545	295	438	461	437	473	1	1	0	488	321	673	3	237	762	311	159	2	468	678	721	189	0	652	322	780	466	784	448	0	759	76	778	2	736	436	314	462	0	1	752	272	461	371	770	441	473	1	476	493	3	776	308	1	0	0	0	779	1	472	0	435	315	0	411	0	462	0	592	743	298	306	180	712	0	740	417	739	715
NC_063213.1	38000001	836003	834985	835274	835590	831417	833385	834879	833284	832920	834484	834292	834176	833193	49266	266855	834166	835012	832296	834529	835483	78744	164700	834595	106102	834261	834562	834511	833720	834852	830609	831577	834229	827011	831559	123841	834029	56548	833888	834182	834883	834203	833014	834095	833497	834597	833929	834573	832984	828905	833223	122330	834015	835527	834379	835289	834356	831603	306959	832258	833519	110956	272773	834501	814789	830877	835302	79043	122321	835718	831726	834434	835440	82195	834737	834639	129925	834830	835315	833815	835501	827524	832848	137812	350091	834743	834457	835487	835290	833543	835208	834936	835516	835350	835471	835708	834012	835478	835269	827292	791275	832935	828656	835518	835033	833399	834926	573129	834292	767685	745351	692917	831884	834572	269982	338044	834842	794648	823270	340205	545502	739097	835000	835424	830624	835734	832405	834025	834069	82349	835580	364257	832347	811668	834504	833653	833595	835221	832956	824711	833963	638721	834984	808504	834324	832887	835108	834788	708654	835248	831172	833864	834754	834701	835446	835173	835640	834252	701792	796886	832886	807484	801097	823728	833828	695347	830099	823695	796678	831398	561369	816292	792961	827051	780894	826621	819266	0	0	600	0	579	0	585	0	1	0	0	0	0	121	1	562	577	1	1	0	0	595	48	0	0	587	0	588	0	1	596	1	574	43	1	17	580	545	1	595	567	586	0	596	0	1	0	0	1	37	593	0	0	597	0	1	133	0	0	0	105	0	521	0	0	30	0	598	566	586	0	0	0	0	65	0	529	528	1	0	0	0	189	0	0	599	595	573	0	0	598	601	0	602	549	0	562	531	1	1	0	0	1	1	0	319	596	498	0	432	580	587	95	0	0	508	530	0	0	451	601	596	0	597	0	0	582	44	597	0	564	1	584	0	0	1	575	514	0	4	578	0	0	0	0	581	0	592	551	1	0	1	0	595	1	0	1	0	589	0	0	0	517	3	0	573	535	567	305	547	0	573	2	560	526
NC_063213.1	39000001	824967	824155	824271	824464	818905	822432	823695	822538	822280	823872	823834	821417	821517	39898	181064	824312	823525	822719	823706	824431	44934	130985	823916	63356	823375	824596	823673	822470	824023	818671	819320	823657	789912	817461	90561	823177	40761	822972	823374	823682	824037	821016	822859	822369	823895	823185	823692	822370	817962	822091	99235	823001	824553	823465	824401	823381	813944	254065	821172	824409	94425	245930	823284	802679	820467	824066	64477	101112	824811	821845	823387	824410	56119	823657	823819	132233	824781	824583	824300	824532	806238	822191	98204	335807	823572	823375	824578	824267	822609	824382	824139	824700	824530	824455	824726	821099	824520	824416	817447	771735	822158	819549	824458	824679	823069	824042	547690	824267	751386	736879	666915	819944	824221	287893	329923	824010	779940	811444	309818	518130	718911	824703	824737	819795	824596	821804	823280	822859	66827	824596	352247	821351	799592	823608	822754	823340	824566	821524	818179	822799	622872	824228	793719	823122	822037	824739	823728	690212	824191	820187	823738	824028	823866	824375	824095	824504	823283	693579	776395	821530	786326	785322	814086	823285	676555	818832	811645	781619	819086	543107	798257	777347	812872	772862	812284	808700	0	0	763	1	734	285	746	0	2	3	281	287	0	71	3	366	741	2	294	0	21	763	23	294	298	750	280	757	0	2	747	2	717	29	2	16	690	363	292	759	735	744	289	760	287	2	289	284	2	38	754	3	0	709	0	2	105	3	3	0	102	295	595	2	294	17	0	768	733	751	2	0	290	287	64	298	745	743	2	259	291	14	182	293	0	767	695	747	298	0	769	765	293	767	519	297	366	703	1	3	267	294	2	284	0	384	765	622	3	527	745	756	150	2	288	638	688	77	1	562	767	766	1	705	2	1	731	30	700	88	661	3	747	2	2	2	738	678	285	5	745	3	3	0	298	750	290	699	717	2	295	1	0	751	2	292	206	2	735	0	4	279	716	196	279	702	659	713	373	688	1	652	2	703	678
NC_063213.1	40000001	829286	828423	828612	828863	823071	826691	828080	826963	826315	828175	827556	827071	826283	43045	226976	827743	828392	826568	828076	828856	69902	141691	828249	103249	827655	827789	827973	826837	828140	822899	824902	827780	795349	823504	104941	827625	45265	827371	827862	828028	827946	826009	827178	826997	827954	827486	827916	826609	820471	826590	128117	827151	828774	827782	828911	827856	823978	290371	826008	827568	122585	273748	827818	811994	824946	828430	79220	130951	829085	824748	827986	828686	79169	828015	828069	142271	828556	828826	827517	828829	818326	826732	132198	369023	828154	827500	828798	828762	827168	828744	828364	828978	828730	828612	829054	826895	828823	828885	819370	777075	826136	822853	828768	828521	826510	828388	557089	828358	754334	735258	666659	824382	827968	297330	337268	827903	782882	815686	343410	531708	720428	828335	828709	822798	828895	825616	827548	827116	87593	828901	369078	824592	799710	828066	826835	826572	828657	826003	818970	826973	632370	828354	796727	826717	826676	828720	828057	697503	828534	824135	827440	828152	828058	828653	828431	828985	827526	691349	779183	825807	789745	785134	816972	827500	677297	823237	814579	781375	822672	543100	803884	781105	815237	774026	816640	811815	0	0	828	0	802	424	808	0	1	5	423	420	0	78	3	560	799	1	438	0	39	829	53	428	433	821	424	825	0	1	810	0	779	46	0	25	673	561	427	824	794	814	416	824	424	2	421	392	2	75	820	5	0	694	1	2	117	5	4	0	136	437	603	3	434	41	0	834	793	810	3	0	432	429	79	436	567	562	2	396	427	33	250	437	0	829	691	813	437	0	833	831	432	832	457	435	562	758	2	3	393	437	2	418	1	458	830	683	0	574	797	811	167	0	433	690	764	118	1	637	832	828	3	690	3	0	806	61	691	125	653	3	818	3	1	1	777	719	419	3	807	4	5	0	438	811	614	690	788	1	262	1	1	826	1	431	277	4	816	0	4	412	545	268	394	784	735	778	431	736	2	290	4	768	751
NC_063213.1	41000001	835967	835153	835294	835482	831547	833203	834514	833513	833590	834298	834125	833194	833635	47049	249032	834589	835023	833647	834671	835433	72886	151364	834510	106694	834305	834681	834691	833346	834790	825966	830957	834576	809436	831373	113797	834126	46692	834068	834301	834391	834124	832147	834172	833687	834796	833864	834475	833211	831176	832859	142287	833666	835376	834235	835409	834390	828387	312761	833356	834174	139335	310024	834504	820205	832058	835174	97494	149602	835819	833365	834406	835428	94913	834779	834871	165237	835218	835511	834389	835452	823937	833196	146760	403735	834621	834417	835545	835522	833371	834977	835055	835660	835115	835395	835676	832897	835457	835228	827018	790028	833392	829922	835481	835580	833618	835028	592013	834948	771056	765228	694189	832287	835041	296416	368874	834876	796061	822949	376265	562532	739324	835047	835721	831396	835687	832888	833953	834082	106778	835579	403419	831799	815160	834666	833690	834389	835650	832854	825875	834020	657214	834966	811234	833752	833380	835253	834753	713803	835328	831272	833942	834772	835025	835284	835224	835576	834156	728602	794039	832996	806204	801549	823260	834286	709943	830291	825480	795515	831163	588830	816383	791384	827654	792274	826743	819871	0	0	532	0	509	0	522	0	0	2	2	2	0	82	2	612	518	0	0	0	0	529	33	0	0	528	0	527	0	0	531	1	507	36	2	18	519	605	0	534	514	517	2	529	2	0	0	0	3	45	519	2	0	535	0	0	100	2	2	1	88	2	475	2	0	32	1	538	522	518	2	0	0	2	60	0	483	485	0	0	2	0	178	2	0	535	530	522	2	3	533	527	0	535	604	0	618	482	3	2	2	0	0	0	0	325	535	445	2	407	521	523	115	2	1	463	484	1	0	417	534	531	2	533	2	3	513	43	530	0	497	3	516	2	1	0	514	482	2	10	519	2	3	2	2	515	413	531	505	0	0	0	0	532	0	2	0	2	518	0	2	0	462	0	2	514	476	497	313	486	2	2	5	501	478
NC_063213.1	42000001	820383	819549	819628	819990	810785	817860	818996	818028	817071	819018	818567	808984	816029	39363	166068	819341	818034	818773	818993	819827	34503	119807	819059	42096	818979	819558	818836	817958	819270	810533	812979	818934	534866	811132	92193	818460	44514	818531	818753	819053	819202	813127	818634	817882	819209	818434	819072	817258	804060	817844	63368	818421	819889	818978	817094	818885	778074	195341	813999	819394	55734	151454	818629	790376	814627	819395	45210	63448	820190	816365	818146	819907	33984	818775	818949	89668	820083	820045	819388	819970	758564	816818	87664	245283	818970	818343	819899	819826	818257	819603	819533	819963	819779	819774	820142	800327	819892	819789	812662	742785	816292	814934	819746	820190	818253	819260	458758	819830	710492	690832	594342	812099	819655	213785	242058	819406	759994	802543	226590	420560	681545	819805	820040	810779	820121	817211	818222	818346	42231	819909	257277	815907	772672	818211	817953	817855	820177	816605	813461	818014	564225	819444	772280	816553	817490	820039	819141	643814	819611	813905	819001	819278	819167	819564	819540	819866	818585	627443	742347	815497	751526	760269	813443	818873	600233	813453	796819	744155	811213	441636	776179	742959	801517	748487	799850	797836	0	1	941	0	907	642	913	0	0	565	401	424	9	104	575	104	925	0	655	17	54	931	18	651	657	917	635	934	0	1	920	0	516	25	558	9	956	655	641	564	864	928	420	932	413	0	629	578	559	17	905	576	0	993	0	0	93	538	570	28	85	422	807	545	652	27	1	568	919	914	574	19	638	424	27	657	946	940	0	489	419	43	144	433	0	938	989	914	428	1	941	935	654	940	661	651	107	531	481	542	396	649	0	633	0	400	563	694	1	317	893	557	140	5	635	744	824	85	1	668	567	934	549	989	547	0	913	36	991	124	931	473	551	560	2	0	894	504	421	329	914	496	568	0	436	923	605	978	529	0	0	2	0	932	0	421	406	470	533	0	486	641	915	411	397	846	447	519	212	805	450	378	464	850	830
NC_063213.1	43000001	813841	813287	813420	813460	803865	811408	812470	811310	811060	812515	812282	807400	808249	44174	200938	812916	811948	812033	812481	813332	45257	128281	812632	62916	812327	813218	812568	811183	812784	802416	806152	812385	656951	800494	101566	812291	50248	812256	812128	812569	812781	808539	811918	811623	812646	811693	812432	811073	798609	811214	85801	811782	813291	812415	812839	812143	793628	239534	807636	812731	80850	193419	812282	781905	808672	812921	59747	87378	813711	808573	811630	813321	56248	812277	812593	116648	813456	813625	813013	813421	783560	810902	106434	267141	812490	811894	813420	813391	811601	813114	813223	813534	813325	813324	813533	804786	813289	813269	806512	732460	809192	808609	813285	813536	811576	812600	459847	813132	697771	680371	589860	805086	813179	257181	251173	812795	753357	794822	244720	413714	667380	813310	813558	802414	813545	810301	812188	811819	56493	813492	277872	809005	767564	812394	811642	811168	813656	809571	807240	811799	563696	812938	758668	809384	811136	813444	812611	635697	813018	806565	812230	812709	812521	813069	813063	813438	811813	613140	725629	808085	732977	750920	806815	812162	591828	805294	785489	734166	805078	431513	766354	725092	787729	741236	792438	792071	0	0	270	0	261	613	264	0	1	271	567	584	7	46	271	2	266	1	636	11	52	265	14	610	635	265	617	264	1	1	264	1	1	0	260	0	600	262	628	1	250	266	588	269	595	2	618	580	255	1	263	268	0	613	1	2	123	244	268	13	31	591	504	247	624	12	0	1	253	261	266	10	621	595	1	637	269	266	2	505	584	41	37	598	0	271	610	263	596	1	269	268	631	270	574	628	3	2	216	257	576	634	2	613	0	115	1	214	2	0	261	1	50	0	613	207	232	151	2	191	1	267	248	611	258	0	256	10	602	160	563	209	1	265	0	2	253	0	584	151	265	203	264	0	612	268	172	605	1	1	1	0	1	271	1	587	394	198	1	164	209	621	258	381	548	238	1	1	0	219	212	535	212	243	233
NC_063213.1	44000001	836212	835845	835880	835782	830722	833762	834893	833788	833980	835234	833923	833395	833572	45354	244454	834649	835296	833250	835102	835736	64369	152716	835081	98667	834618	835261	835165	834032	835300	828995	830348	834835	809387	828786	122762	834515	50051	834478	834678	834933	834794	832400	834421	834278	835145	834428	834874	833628	830870	833387	128711	834260	835587	834810	835789	834750	829351	314941	832078	834556	119807	283707	834695	815209	831610	835478	82259	121439	836035	831876	834838	835608	82836	835110	835152	149471	835444	835906	835059	835812	822767	833519	125968	359100	835243	834546	835862	835847	834291	835641	835725	835964	835789	835722	835949	833334	835719	835866	826822	774800	833202	829835	835520	835309	833398	835034	539946	834639	748534	732240	653735	829671	834627	270244	317071	834479	782847	819926	327598	506919	715481	835501	835423	829689	835776	832181	834602	834029	82524	835817	363014	832389	806384	834684	833850	834285	835440	832534	826074	834028	627394	835214	800190	833658	833878	835489	834936	692688	835476	830656	834207	834852	835141	835366	835492	835687	834242	681740	774305	832490	787119	788289	822689	833890	669059	828880	818112	784595	830024	533390	804665	777832	821662	776457	823389	816841	0	0	94	3	94	785	92	1	1	94	684	685	5	21	95	5	92	1	791	14	69	95	12	776	794	96	769	91	2	100	91	4	1	3	91	0	695	93	780	1	94	94	688	92	696	1	770	760	93	0	95	95	0	710	80	1	150	91	94	7	26	686	595	89	788	8	1	1	89	96	93	10	777	702	0	797	94	95	1	714	674	54	37	699	0	96	703	89	704	0	95	95	787	94	769	790	92	1	90	88	666	788	7	754	0	67	2	87	0	3	95	1	27	6	774	78	94	188	3	87	1	94	88	708	89	0	93	8	703	216	666	89	1	94	2	5	93	1	678	73	92	85	94	0	712	90	75	703	2	1	0	0	0	95	1	694	537	83	2	90	83	764	89	526	661	34	1	1	1	33	83	634	74	91	92
NC_063213.1	45000001	837676	836882	837099	837145	833351	834482	836060	835022	835172	834939	833781	835383	834818	50457	271828	834057	836545	834728	835791	836945	78580	167653	835720	106923	835654	834483	835932	834843	836396	831260	832544	835966	829515	833291	136241	835779	56138	835477	835934	835984	834809	834019	835667	834880	836365	835560	835647	834301	831026	834539	131952	835255	836717	835569	837099	835699	832536	321611	834932	833702	132904	300737	835864	818459	833585	836741	92252	135486	837392	833985	836060	837002	83384	836034	836398	155478	835667	837302	834670	836743	826784	834623	150190	392594	836246	835683	837131	836994	834977	836905	836916	837273	836885	836782	837130	835357	836836	836872	828507	791389	834631	831073	837088	836995	835023	836569	587320	835820	770451	760242	693999	833782	836494	303381	352891	836510	797275	824855	353229	561245	740932	835604	837388	833252	837302	833500	835893	835737	91773	837319	384488	833541	816483	836145	834998	835815	836842	834320	827793	835839	652219	836786	812907	836097	835307	836413	836164	715188	836820	833084	833689	835954	836632	836784	836795	837034	835744	726891	797181	834095	804600	804238	825285	836287	707027	832513	826172	797811	832267	584625	819152	795337	828654	794997	827109	821086	0	0	593	0	575	425	583	0	4	521	499	503	11	72	525	462	565	4	433	40	49	594	39	426	437	584	411	591	0	403	582	3	421	39	516	11	534	517	429	450	579	570	498	590	504	4	421	410	509	28	587	525	0	553	584	1	115	506	525	53	100	497	472	506	430	34	0	451	571	582	522	34	432	502	48	439	599	593	4	398	497	50	169	509	3	593	548	576	506	0	595	592	437	595	485	435	525	403	448	498	473	432	4	412	0	342	449	486	1	335	574	440	112	3	415	518	547	144	1	467	450	591	511	550	482	0	573	20	551	168	509	478	436	515	1	4	565	397	500	362	577	475	523	0	515	572	435	547	419	4	3	1	3	591	4	499	343	452	445	535	454	423	574	88	486	419	395	419	267	420	454	478	448	554	528
NC_063213.1	46000001	821856	820669	820743	820993	791906	818610	820136	818615	819406	819968	819347	820561	818185	104371	308805	818959	819073	817588	819679	821017	157611	237472	820320	209222	819920	819489	819906	819074	820273	782954	818042	819810	818437	795832	199347	819661	120870	819599	819804	819941	819133	818638	819539	818894	820056	819324	819674	818722	806837	818603	212144	818858	820919	819361	820657	819794	819212	366015	817960	818702	211937	349371	819854	804571	817648	820791	146676	196515	821362	818201	820103	821066	152013	820332	820377	223630	820278	821192	819546	820911	816609	818913	216017	430338	820099	819623	821081	820984	818883	821017	820829	821136	820960	820897	821282	820368	820964	820877	808781	777147	819156	813094	820963	820540	818606	820315	599815	820191	760420	741709	695190	817499	819593	327367	396509	819859	783854	810032	403334	579919	733637	820531	821432	817192	821480	817863	819611	819579	138885	821405	423618	817207	801240	820321	819099	818686	820514	818837	808507	819711	655605	820955	795919	820293	818904	821036	820603	713747	820926	816840	818582	820125	820611	820849	820593	821206	820070	718401	779449	819216	790914	788383	808586	819423	708818	815852	811264	785023	816834	602940	804765	785084	811816	767195	810530	803495	138	1	492	2	472	688	480	1	5	564	559	558	41	152	472	423	479	5	701	67	131	490	87	684	696	484	676	483	1	691	483	7	522	118	466	96	589	458	681	564	475	483	552	481	560	5	675	667	447	129	474	472	2	608	483	5	194	454	463	88	106	558	547	461	694	46	0	572	476	477	467	64	689	554	133	700	488	487	5	673	508	120	168	556	1	489	604	474	555	1	489	481	698	487	632	700	465	507	409	449	516	695	5	518	0	314	561	415	1	419	473	550	111	0	689	422	438	251	0	389	569	491	460	608	429	0	484	61	604	289	577	440	550	452	0	5	476	485	558	306	475	413	472	1	561	479	398	604	592	116	3	0	2	486	4	556	549	405	563	462	416	673	476	4	541	532	496	543	350	530	406	550	409	451	425
NC_063213.1	47000001	821064	820434	820335	820472	815567	817923	819740	818390	818768	818615	818391	819890	818577	55871	265939	818440	820152	817672	819370	820367	87467	177997	819375	121987	819297	819121	819636	818860	819880	810562	817463	819274	818603	816410	136349	818940	66158	819159	819277	819615	818747	818333	819028	818527	819881	819083	819351	818341	816015	818069	145961	818585	820369	818954	820538	819126	817706	322815	818340	818430	136234	329545	819486	807265	817126	820240	95043	144503	820700	817995	819604	820390	88697	819989	819783	146847	819917	820570	818940	820195	815855	818161	154302	410212	819820	819222	820490	820290	818192	820359	820203	820606	820433	820275	820643	819915	820432	820291	810244	783309	818756	814693	820537	819861	818056	819892	595208	819057	766430	760033	699363	818082	819620	276367	358984	819384	789825	810114	383750	576768	736910	819663	820504	818010	820852	816744	819358	818465	96456	820789	404926	817071	805023	819648	818648	817332	820109	817940	809646	818995	659759	820183	800743	819801	818761	819667	819955	716430	820238	816808	817910	819418	819721	820221	820111	820497	819294	725015	789011	818461	798395	791425	808005	819214	722266	816278	812614	791998	816455	606805	807293	788174	814537	780475	813712	804443	605	0	610	0	584	670	633	57	0	672	585	578	9	135	465	388	583	0	677	27	66	606	48	661	679	594	658	612	0	643	589	0	549	40	453	31	606	452	668	573	586	594	569	601	571	0	647	643	438	44	589	467	1	616	638	0	132	446	464	34	103	572	551	443	668	35	0	630	592	598	464	24	671	574	51	679	607	638	0	644	447	51	150	581	0	643	612	596	582	0	612	609	675	646	464	670	462	542	424	449	538	675	0	0	0	359	573	524	47	410	593	567	103	0	654	525	549	222	0	492	625	610	456	618	441	100	591	48	614	251	572	557	569	457	0	0	595	501	559	335	592	433	464	0	591	598	467	613	570	458	0	0	24	604	0	573	537	416	564	570	411	652	625	3	565	544	525	592	363	538	417	567	386	569	559
NC_063213.1	48000001	818388	817667	817661	817885	813074	815525	817056	815927	815939	815999	814831	816292	815888	62979	277659	815355	816932	815587	816852	817909	92033	194672	816168	121704	816607	816092	816892	815744	817265	809740	814336	816826	791252	811419	149425	816695	76096	816590	816957	817002	814810	814463	816412	816263	817084	816306	816556	815681	809743	815376	144540	816290	817769	816754	817804	816874	811767	340257	814846	815261	135745	292115	816870	800333	814341	817465	96163	142478	818136	815533	816737	817862	92748	816932	817241	158642	816563	818043	815785	817582	807586	815501	152482	377805	816842	816638	817929	817882	815670	817789	817507	817976	817759	817832	818087	815759	817904	817718	809063	767718	815122	811780	817769	817194	815140	817232	563131	816551	750800	739954	673232	813551	816932	292565	348713	816689	774522	803486	349068	534874	720419	816743	817789	813603	818055	814884	816706	816287	88530	818047	374640	814062	794907	816811	816219	815308	817102	814990	808514	816368	634554	817529	792910	816396	815819	817009	817106	694220	817644	813153	815488	816723	817072	817652	817503	817871	816772	700973	776322	815044	786206	784089	805071	816787	690603	812529	807333	778742	812359	565914	797376	768912	807181	770158	807803	800577	711	1	719	2	695	617	608	609	4	123	206	204	28	150	693	82	691	3	623	57	84	710	47	625	627	709	604	707	2	598	695	405	589	65	680	38	703	685	624	609	698	710	197	701	196	6	121	599	670	57	707	697	2	621	623	224	168	674	692	66	133	203	546	655	621	47	0	205	699	697	692	43	614	204	68	631	722	630	5	576	675	63	222	204	3	624	617	694	202	0	722	711	625	632	621	626	700	566	593	673	176	622	4	1	0	403	618	599	472	438	703	601	136	1	122	614	638	232	0	554	204	723	680	623	651	684	696	63	617	215	188	635	603	678	0	6	684	545	667	475	704	614	687	3	205	701	529	617	670	687	1	0	648	715	4	204	453	607	607	669	601	597	609	5	190	573	541	191	115	560	589	193	571	661	622
NC_063213.1	49000001	828093	827584	827501	827752	818442	825438	826929	825515	825314	825436	825602	820686	824848	49015	172667	826381	826434	826377	826740	827522	46378	127398	826149	59181	826578	826779	826857	825401	827173	817771	821486	826874	675218	815465	101008	826479	50351	826361	826540	826810	826318	821843	826364	825907	827002	826178	826643	825243	817054	825500	92705	826166	827539	826395	826868	826516	800640	232029	822462	826196	83109	205810	826449	802573	823532	827403	67252	88464	828021	824958	826037	827675	53962	826838	827207	121865	827154	827934	826310	827627	788021	825350	99510	291273	826665	826353	827646	827579	825868	827417	827403	827730	827584	827607	827884	818585	827603	827643	820341	758575	825029	822666	827608	827941	825804	826978	499590	826847	726915	720969	632322	821826	827178	267918	288457	827014	771025	810849	279254	457942	695957	827198	827863	820643	827877	824573	826699	826028	62590	827791	307538	823880	791494	826788	825515	826454	827784	824368	821178	826045	591702	827257	790542	825127	825911	827041	826670	664940	827425	822383	825844	826789	827019	827553	827318	827626	826330	664497	762484	823128	768413	774195	819981	826728	637951	821127	810420	764627	820829	484087	794602	758304	812010	765416	814013	809360	761	0	771	0	738	710	700	659	0	1	234	238	17	71	662	3	751	1	724	30	62	757	26	642	727	766	693	763	0	680	750	423	583	38	638	27	748	714	712	643	745	752	245	761	245	2	0	672	635	33	752	658	0	686	713	522	96	619	655	39	85	248	569	629	710	27	0	255	752	752	656	26	712	248	42	724	774	721	2	528	625	39	143	247	0	726	678	742	250	617	771	754	719	723	275	714	655	584	514	618	236	715	2	0	252	346	645	588	488	405	741	637	136	67	1	621	681	131	2	554	255	772	613	682	620	637	734	31	678	169	234	632	671	641	3	3	735	588	629	387	749	571	653	0	254	752	529	673	721	652	0	0	651	762	1	244	466	541	657	674	545	684	696	2	241	588	541	1	114	564	536	231	518	721	678
NC_063213.1	50000001	830147	829709	829694	829857	822955	828032	829059	827972	827806	827926	826641	825201	826276	46288	182052	827989	828939	828318	828934	829615	50588	134058	827939	67916	828640	828048	828891	827604	829197	822563	823646	828900	679523	822338	100002	828532	48357	828557	828468	829052	827893	825038	828530	828240	829052	828466	828855	827813	821434	827494	98857	828452	829663	828732	828979	828651	808323	250290	825609	827742	90685	215320	828662	804036	825124	829487	61932	91636	830021	826724	828450	829719	55093	828846	829137	111455	828837	829988	828199	829758	803515	827005	105031	298515	828918	828513	829809	829743	827612	829176	829713	829917	829660	829708	829908	823188	829707	829715	822694	758823	826017	823757	829641	829469	827337	829103	494776	828502	731776	720799	622839	823414	829268	246464	270374	829000	768206	811577	266537	457323	697353	828428	829877	822171	829965	826571	828850	828226	59489	829938	299163	826281	796104	828839	827785	827961	829610	826609	822586	828109	588923	829382	790686	826995	827766	829061	828873	665330	829479	824442	827503	829164	828978	829467	829448	829716	828375	656173	762103	825849	770471	777591	820518	828671	635697	823496	810183	765629	822767	468601	795188	764899	812416	766487	813874	807340	476	0	473	0	455	41	41	495	2	0	284	284	5	20	331	340	464	2	43	12	6	469	22	322	43	471	38	472	0	39	468	22	510	40	324	2	473	42	42	554	249	477	287	472	291	2	0	39	322	21	467	333	0	512	42	269	113	314	325	24	36	289	431	312	41	24	1	300	467	460	330	10	40	292	30	43	480	42	2	34	314	4	73	294	0	44	507	458	295	505	478	475	41	41	410	41	330	510	278	320	272	42	2	0	295	214	556	378	368	328	459	539	78	59	2	381	414	83	1	340	300	479	311	509	314	324	457	31	508	15	281	404	490	321	0	2	445	485	315	209	465	286	331	0	300	471	336	509	435	325	0	0	330	473	1	290	35	252	488	411	269	41	42	2	273	503	446	0	96	465	266	254	265	442	395
NC_063213.1	51000001	809317	808934	808792	808956	796361	806906	807992	806673	806017	806087	807111	775966	803090	41005	133603	808302	806532	808095	808093	808769	27117	101953	807782	28418	807867	808582	808040	806761	808424	795873	800683	807998	292781	792495	84496	807807	45523	807156	807632	808049	808474	799808	807528	806853	808251	807453	807948	806762	784289	806497	52482	807374	808817	807858	800499	807725	702843	168221	801481	808032	48683	127715	807552	772939	803342	808394	35786	59111	807802	804309	806941	808875	34880	807737	808212	100466	808857	809211	808293	808979	679809	806136	81332	214468	807785	807178	808982	808810	807157	808511	808650	809023	808876	808805	809026	753095	808725	808766	802295	697033	804340	804014	808638	809207	807021	808335	412544	808429	664106	655780	523947	798397	808641	205582	210291	808130	729253	786431	194984	344952	634272	808923	809141	793790	808961	806257	807848	807437	39925	808942	229545	804573	749171	807814	806729	806285	809199	805269	803838	806725	519137	808210	738022	803109	806214	809018	807753	600437	808497	801226	807919	808216	808085	808767	808651	808785	807222	582202	693278	803319	704841	726161	802974	808017	534731	801035	775849	702507	796956	366349	748413	698080	778007	724166	783005	780568	497	2	500	3	481	1	1	484	0	0	431	531	7	40	564	558	493	0	1	6	0	488	12	553	1	490	1	488	0	5	486	2	501	26	550	0	485	1	0	569	1	485	545	491	547	0	0	4	542	18	490	567	0	499	1	316	62	529	563	12	44	545	410	525	1	13	0	567	479	485	561	10	1	555	40	1	499	1	0	1	552	0	86	548	0	1	500	481	556	499	499	495	1	1	399	1	564	535	419	537	528	1	0	0	546	195	573	361	338	300	472	564	74	80	0	368	423	80	1	333	566	501	510	500	541	557	482	18	501	3	518	397	481	549	1	0	475	520	539	275	483	418	540	0	567	490	297	499	460	553	0	1	559	495	0	543	1	397	475	405	398	2	2	0	525	487	414	0	168	454	411	491	419	454	420
NC_063213.1	52000001	815400	814699	814883	815000	806663	812644	814141	813292	812842	813737	813835	807407	811611	43446	222758	814291	813579	812988	813982	814868	45652	136729	814398	66168	813837	814590	814096	813087	814470	804818	808316	813826	615771	805012	121037	813714	53123	813790	813837	814166	814362	809595	813556	813060	814282	813616	814036	812565	799511	812587	87035	813270	814932	813874	814013	813958	786604	267664	809506	814300	89270	196511	813871	783569	810221	814559	65416	82765	815245	811200	813332	814815	50606	814036	814218	142073	814959	815177	814483	814935	773423	812413	106022	267138	814076	813498	815032	814963	813061	814755	814877	815195	814867	814854	815182	803898	814903	814893	807244	728829	810630	809467	814790	814776	812587	814218	450400	814419	692165	682967	569273	807137	814230	202810	235884	814228	749353	794360	238733	400033	668736	814663	815077	805466	815173	811194	813799	813416	48687	815034	260941	811281	772948	813665	813265	812970	815006	811925	806432	813306	560448	814496	763664	811072	811976	814787	814053	636644	814720	807078	813936	814261	813902	814755	814548	815098	813449	620592	733540	809947	738630	749398	808272	813943	588566	808052	789878	737545	805252	435181	770945	727569	793737	750150	795811	789838	773	0	746	1	753	1	1	724	446	0	356	363	7	107	709	516	766	441	446	30	46	744	30	377	449	736	1	741	1	414	730	1	674	49	364	21	723	0	434	733	1	771	370	733	376	442	1	0	689	37	763	383	1	745	179	332	145	362	382	17	37	371	622	346	0	11	34	384	721	763	380	5	1	375	72	0	748	0	55	0	370	0	82	376	436	449	738	751	373	745	748	747	0	0	645	0	381	672	549	362	344	0	448	0	380	314	733	551	520	402	704	721	82	80	434	575	626	81	1	567	382	747	366	746	362	686	707	30	738	12	345	640	727	373	0	444	720	638	365	232	730	322	377	0	382	729	453	745	726	375	178	0	479	736	445	372	9	316	710	666	312	2	0	273	353	657	569	0	148	636	302	348	295	708	669
NC_063213.1	53000001	782063	781546	778070	781698	772404	779689	780905	779743	778958	780658	780641	768234	777807	40759	169922	781229	780320	780419	780826	781420	29548	120563	780717	36228	780684	781698	780543	779787	781214	768994	773315	780768	398889	769449	103678	780365	44054	780203	780472	780867	781246	774029	780064	779997	780996	780214	780901	779727	763174	779222	59230	779912	781606	780708	778273	780717	722732	204585	776331	781430	62881	123363	780675	744325	776539	781239	46308	59804	781916	775653	779833	781576	34857	780772	780993	122193	781899	781897	781502	781676	708051	778864	86810	201088	780974	779881	781711	781672	779740	781200	781611	781826	781665	781563	781806	757565	781506	781609	775876	672377	775822	776920	781491	781725	779642	781199	369768	781543	627494	617494	500292	769079	781412	202750	186232	780963	694015	757441	174913	309658	611292	781794	781896	764776	781784	778932	780516	779950	36915	781736	202366	778080	715461	780357	779716	779103	781786	777123	776739	779607	492327	780839	708742	776332	775400	781842	780151	569249	781287	773994	780945	780938	780663	781474	781264	781610	780304	529836	660302	773509	667419	692507	774313	780288	500749	773430	741029	669871	767704	324036	713783	666266	748025	698152	753088	754898	675	0	251	2	673	0	0	659	676	0	553	618	16	79	790	466	681	676	686	10	42	691	14	644	693	680	0	682	3	631	690	1	566	31	632	19	684	2	684	640	2	684	634	682	635	679	2	2	760	16	674	655	2	641	323	455	56	612	657	30	60	632	555	617	2	18	34	659	664	670	657	23	0	643	39	2	699	2	2	0	630	0	112	652	677	691	686	655	640	690	696	693	2	2	419	2	653	592	587	627	616	2	695	0	648	242	639	467	420	320	660	632	97	105	670	526	584	109	0	445	657	690	581	692	605	779	671	26	639	109	599	525	677	633	1	687	642	563	634	355	677	518	642	0	658	674	408	691	647	641	326	0	704	689	689	644	347	496	659	536	508	2	2	358	606	554	461	0	198	527	480	544	472	609	602
NC_063213.1	54000001	811381	810544	810774	810870	798695	808690	809962	808728	808916	808744	808660	808729	808052	68220	254550	809274	809319	808451	809842	810604	86074	177719	810143	123529	809665	809293	809926	808877	810122	792986	806903	809721	767976	798775	146269	809542	76648	809550	809650	809644	808771	807775	809431	809024	810160	809288	809827	808574	794751	808540	131941	809130	810663	809707	810733	809564	803650	313123	806299	808767	125997	273146	809818	792037	807059	810559	90439	122854	811102	807417	809655	810871	90576	810079	810145	137252	810083	811032	808959	810804	797868	808550	142357	330479	810159	809458	810877	810797	808980	810695	810720	811018	810639	810725	811006	807761	810756	810708	803295	749560	808102	806232	810653	810629	808286	810218	515330	810244	721092	710982	631932	805013	810257	285349	308591	810078	762183	797484	311249	477095	695053	809996	811198	804680	811091	808018	809649	809154	89348	810973	334031	807042	782720	809788	808953	809266	810887	807602	802763	809162	606043	810504	773533	808291	808001	810054	809992	664514	810590	806188	808214	809984	810269	810669	810555	810924	809702	656683	750583	807330	761533	764336	800558	809797	650835	805159	791889	755398	804088	506041	780316	750178	796081	748963	797521	792243	28	0	0	0	737	0	0	694	834	2	705	702	36	156	763	723	727	828	846	70	101	710	46	696	846	250	0	700	0	812	249	3	688	97	695	51	692	1	834	753	0	758	683	254	704	825	0	0	741	71	764	714	0	488	639	669	112	686	710	90	148	701	611	691	0	57	85	720	245	755	716	65	0	711	94	0	712	0	0	0	693	1	199	706	823	850	704	61	714	697	712	711	0	0	702	0	716	688	654	685	683	0	847	0	712	107	745	183	182	322	241	474	42	196	823	602	235	208	1	588	716	711	692	263	673	744	246	9	479	210	671	670	695	698	1	843	248	673	688	461	251	642	712	0	718	698	498	258	715	711	643	0	523	700	845	707	498	599	688	673	623	3	3	588	664	681	625	0	368	658	602	661	597	704	683
NC_063213.1	55000001	835350	834749	834812	835044	831493	832865	834113	833078	833605	832904	831995	833601	833343	52729	273005	832662	834644	832451	834030	834892	81491	167140	833043	127955	833926	832891	834220	833238	834476	829799	830765	833882	828857	830554	132675	833494	62527	833518	833848	834058	832718	832319	833662	833357	834164	833504	834071	832620	829067	832572	152805	833184	834805	834040	835023	833884	831764	331193	833025	832164	153912	320407	833734	819428	831469	834576	105258	156178	835163	832534	833730	834759	97893	834326	834178	182968	833508	834958	832517	834888	826047	832866	147850	410795	834256	833830	835039	834978	833175	834770	834714	835034	834952	834962	835159	833534	834887	834894	826753	789258	832630	828934	834728	834452	832727	834229	585359	833403	768781	763619	698146	831401	834404	321783	362023	834242	794195	821493	372225	564883	743670	833215	835024	831185	835052	831751	833980	833380	100975	834995	396402	832074	815810	833836	833061	833227	835103	831908	826261	833460	656428	834447	812611	833666	832802	833568	834161	719161	834659	830890	832362	834257	834228	834775	834568	835007	833257	717526	797484	832267	804269	801227	823500	834003	716453	828542	823972	794933	829317	581601	814743	789326	825462	789947	823684	819033	570	0	413	2	526	415	406	639	405	3	464	472	15	148	527	712	525	402	543	32	48	372	25	487	543	408	407	368	2	504	404	381	449	36	481	23	364	409	396	402	1	541	467	406	470	399	0	395	385	54	536	496	0	645	405	479	157	484	495	55	108	469	593	470	414	37	36	478	401	536	495	31	405	473	52	414	372	412	412	368	471	37	170	468	395	542	649	361	470	649	372	370	410	412	102	411	495	442	347	472	375	410	412	1	479	238	481	343	4	466	393	616	91	150	398	319	362	161	0	430	479	375	474	3	469	396	400	26	642	166	445	476	642	482	2	409	398	500	483	350	407	451	493	0	480	369	289	3	513	491	2	0	497	364	407	462	382	436	637	491	433	406	412	293	449	452	429	1	271	439	421	447	412	500	473
NC_063213.1	56000001	822718	822209	821534	822385	816939	820346	821374	820528	820414	820531	819289	821179	820152	58105	265082	820546	821781	819355	821507	822263	72343	177096	820310	110073	821074	821027	821451	820458	821035	815802	818555	821006	817018	817946	138042	820930	66823	820189	821074	821462	820719	819032	821005	820804	821683	821106	821337	819188	815500	820006	124771	820385	822218	820709	822103	821282	817862	320067	819042	820179	125302	256387	821488	802709	818430	822068	79830	103320	822538	817461	821061	822269	71854	821652	821482	140780	821553	821669	820984	822246	815225	820113	127420	329461	821625	821071	822405	822075	819755	822039	822206	821754	821467	822305	822471	821582	822246	822316	813555	759704	819504	817118	822126	821857	820144	821803	516692	821371	737143	725243	633172	815503	820972	275143	299301	821336	771395	807833	308933	483382	700189	821288	821597	816919	822484	818917	821064	820495	69634	822429	327581	818541	797727	821182	820402	820227	821808	819382	812539	820267	610613	822013	791998	820497	819812	821686	820814	680638	822164	816849	819640	820937	821575	822087	821387	822354	821008	680369	761968	818904	771969	778117	814721	820951	665118	816386	805781	769833	815669	519433	791706	757868	809521	768095	808193	803537	780	0	591	4	645	582	562	624	641	0	12	12	7	134	667	861	638	633	671	36	56	614	30	576	672	585	577	613	0	646	587	547	13	4	567	25	605	581	636	660	0	721	11	584	13	633	0	558	648	1	726	588	0	633	583	555	128	561	582	31	97	13	548	560	593	23	35	13	567	721	583	20	583	13	1	593	620	592	582	540	562	23	125	13	630	670	648	597	13	646	616	615	592	591	1	589	584	13	573	566	606	587	647	0	13	269	12	483	0	429	559	607	101	3	620	483	526	158	0	538	13	618	560	0	545	648	572	32	633	144	13	596	627	570	0	645	568	526	558	355	573	525	574	0	13	603	433	0	627	573	0	0	579	608	645	13	388	504	633	607	489	578	567	442	13	10	12	0	6	13	501	12	468	679	669
NC_063213.1	57000001	825011	824523	824368	824668	819216	822684	823830	822704	822931	822851	822083	821866	821939	56473	251442	822314	823980	822734	823535	824416	66049	169262	822650	92104	823491	822800	823664	822813	824011	817524	819120	823470	797186	818388	137816	823386	59521	823263	823398	823696	822369	820993	823484	822326	824013	823163	823678	822636	816778	822162	112750	822971	824480	823310	824437	823554	816918	307665	821553	822215	114518	235099	823193	800270	820461	824300	78359	103913	824851	819801	823337	824441	67287	823700	823874	146278	823194	824825	822887	824711	809198	822258	125455	312346	823719	823346	824542	824585	822949	824391	824286	824687	824497	824518	824836	821809	824637	824519	816706	759632	821905	819221	824587	824540	822261	824080	505552	823178	731946	719461	624434	819273	823848	239488	280221	823637	772517	809345	285083	466361	701979	823385	824710	817712	824806	821274	823400	823242	68471	824510	311939	821634	794053	823651	822877	822356	824700	821852	817175	822867	597546	824215	789094	822354	822307	823520	823625	674484	824358	819595	822229	823872	823611	824392	824343	824702	823519	655322	761093	820798	773363	779156	814993	823333	645493	819506	806479	767368	817636	494360	794735	762457	810583	770314	810497	804199	767	0	376	1	598	371	361	524	685	1	524	526	31	103	608	1	587	327	611	45	82	698	46	693	608	366	358	690	1	566	367	310	510	50	687	42	678	364	671	766	1	743	524	375	529	673	1	362	745	41	745	77	1	5	372	650	1	674	693	65	104	530	461	661	372	42	54	545	362	749	691	39	368	536	57	378	705	376	372	332	677	32	102	535	675	613	541	677	539	544	705	705	373	375	0	375	698	491	655	672	699	372	687	0	540	172	541	301	0	6	363	5	62	138	663	575	336	195	0	566	545	702	673	1	658	747	363	43	5	188	497	535	533	678	0	682	363	323	658	438	365	615	694	0	542	683	494	0	564	690	1	0	692	698	681	539	467	597	524	539	613	365	358	478	501	508	475	0	266	489	589	492	594	712	691
NC_063213.1	58000001	782771	782173	782188	782408	779487	780326	781535	780561	780736	781899	780844	780261	779672	44925	257300	781839	781763	780484	781183	782149	67551	153679	781930	97343	781270	782066	781633	780309	781887	778808	777207	781523	745127	777364	120899	781076	54883	781118	781171	781371	781550	778519	780827	780548	781644	781008	781461	780089	774575	779763	120051	780726	782229	781061	782318	781301	774463	326300	779196	781616	124177	256285	781163	764076	778179	781980	88330	109815	782623	778750	781074	782200	66319	781603	781730	163863	782356	782486	781964	782273	768510	779864	119754	321275	781582	781029	782287	782348	780717	782051	782312	782532	782298	782290	782496	778875	782305	782161	775813	709668	778683	777013	782158	782595	780621	781767	477348	782074	685467	685470	581170	774586	781657	248944	272931	781525	726726	765643	279085	436053	652180	782326	782554	774889	782502	779576	781082	780658	66617	782374	300761	778423	753407	781299	780260	780748	782360	778876	776228	780548	569631	781809	740726	779418	779974	782411	781260	622266	781878	776417	781330	781289	781466	782099	782013	782255	780935	631657	707230	777756	721444	728825	773646	781316	611130	775198	762145	716821	774131	468218	748740	707490	763810	728877	764110	759279	602	0	643	0	579	634	628	719	629	0	716	720	26	94	593	1	579	2	596	38	67	746	48	705	599	636	626	720	0	561	632	513	692	71	705	24	706	625	623	602	0	595	714	637	724	621	0	617	579	66	591	738	0	1	629	587	0	627	721	82	130	719	647	690	637	58	56	740	629	592	712	38	638	723	85	649	726	644	641	543	691	45	189	729	619	598	733	687	726	739	720	713	636	645	5	637	724	682	486	686	544	644	656	0	726	307	738	509	0	6	627	0	125	194	608	604	546	226	4	444	741	722	694	0	682	595	622	46	1	234	689	516	719	704	1	628	618	590	702	451	637	642	712	0	742	734	511	0	543	715	0	0	722	719	631	717	491	603	718	532	588	620	629	417	677	674	632	0	334	660	570	674	586	547	527
NC_063213.1	59000001	831715	831313	831297	831346	827815	829213	830381	829314	829819	829863	829256	830349	829380	55017	283839	829256	830800	829077	830228	831261	88064	183217	830448	114745	830295	830209	830558	829616	830710	826700	828086	830110	820514	827359	139898	830049	65183	829931	830202	830412	829797	828350	830104	829713	830598	829972	830450	829127	825311	829073	140884	829652	831221	830047	831135	830254	826679	356432	828260	829530	132919	293800	830506	813403	827647	831073	98827	124367	831537	828654	830367	831214	80039	830591	830458	158491	830625	831425	829888	831245	825324	828901	148929	365978	830739	830243	831372	831352	829612	831171	831277	831452	831271	831216	831417	829909	831242	831173	822412	779852	828751	824391	831202	830994	829098	830826	553351	830526	757909	742657	668111	826430	830589	256426	321421	830345	788785	817463	338311	520806	724997	830519	831532	826228	831447	828253	830349	830015	85135	831394	359709	828093	808162	830297	829435	830145	831168	828307	819038	829662	631229	830888	804465	829906	829310	831035	830478	699761	830960	826515	829425	830367	830525	831051	831034	831241	830044	704969	786368	828164	794576	793587	822559	830098	691711	825772	818427	783008	825511	559000	808427	775540	819762	780732	818746	814217	636	8	617	12	555	470	588	492	425	21	525	519	18	99	572	73	552	75	569	57	64	520	50	588	596	599	598	582	0	560	592	569	521	62	582	21	599	599	412	405	10	617	516	623	530	401	0	593	598	50	629	511	0	31	597	580	33	618	605	63	114	522	443	567	616	50	63	529	601	623	604	50	602	546	74	608	592	610	601	567	582	15	201	539	418	573	503	576	520	501	606	590	607	615	14	605	592	483	525	573	543	608	596	0	530	359	550	509	2	39	595	30	106	167	406	516	560	188	1	493	533	613	567	6	580	593	598	51	31	191	504	505	517	584	21	429	607	530	599	433	617	555	593	0	535	503	371	1	548	603	8	0	610	588	429	525	435	551	514	534	540	608	604	296	502	516	478	1	306	488	531	512	535	598	569
NC_063213.1	60000001	812281	811770	811781	812053	807604	810086	811028	810061	809985	810741	810029	807781	809239	49551	243776	810560	811300	810201	810952	811857	56328	172892	810338	80874	810810	810925	811003	809882	811438	805640	805890	810881	775032	807272	131290	810917	59698	810516	810826	811062	810555	807336	810608	810173	811303	810641	811096	809357	805889	809961	109750	810383	811781	810653	811417	811030	799547	283682	807714	810515	107099	234458	810758	789803	808072	811408	78049	101539	812211	809063	810315	811771	65269	811153	811226	154653	811253	812022	810717	811874	789402	809536	117359	323197	811169	810581	812021	811886	810400	811766	811777	811926	811760	811937	812121	807532	812016	811840	802152	742032	807860	806208	811791	811708	809682	811405	488770	811137	704773	705159	600482	803629	810538	260899	272590	811131	748514	790684	285573	449337	679432	811242	811747	804534	811942	808478	810506	809960	65653	811943	312584	807819	782488	810776	810279	810039	811663	808478	801590	809804	584811	811105	771714	808782	808627	811309	810752	649227	811460	805050	809701	811085	811030	811656	811489	811981	810297	648420	739548	805931	749854	758691	803780	810073	628151	804728	791812	744775	800858	474674	774581	730243	794256	758167	794161	784860	521	0	810	2	457	2	785	510	783	0	448	458	33	0	469	805	455	796	469	0	69	518	36	771	468	793	772	761	1	440	790	631	450	59	762	34	746	798	776	790	2	510	453	809	459	771	4	770	3	42	504	526	3	520	796	729	100	782	783	73	132	451	443	752	802	52	62	471	785	508	780	41	792	454	77	815	771	814	806	670	762	0	224	466	782	470	525	725	463	523	765	760	804	818	4	810	786	427	1	740	3	804	473	3	456	396	472	612	2	297	759	508	183	126	750	607	684	223	0	376	469	759	753	1	746	0	777	55	519	150	443	413	514	776	1	788	773	698	739	484	781	674	772	2	470	501	351	1	439	777	4	0	777	754	796	461	545	632	508	413	644	780	791	539	436	436	400	0	218	423	605	424	639	459	439
NC_063213.1	61000001	820119	819453	819346	819667	813778	817400	818535	817548	818106	818878	818274	817638	817122	39844	207453	818977	819139	817396	818611	819607	59001	123670	819095	87183	818515	819485	818820	817873	818919	811255	814381	818785	810101	814817	91186	818183	38124	818037	818486	818721	818863	816668	818192	817826	818792	818066	818612	817111	815168	817065	125928	817805	819486	818120	819795	818556	815380	265908	816651	818913	107904	281941	818685	802076	815947	819343	78291	128255	819956	817180	818632	819388	76092	819002	818942	136558	819615	819777	819321	819622	809342	817252	130833	377195	818731	818272	819704	819621	817874	819485	819563	819720	819487	819524	819749	818047	819447	819626	813356	777587	817291	813905	819480	819624	817949	819052	575070	819260	759081	751160	685181	816477	819187	301785	375898	819023	782433	807887	354437	559532	727105	819558	819586	816319	819797	816888	818416	818110	89495	819764	381619	816833	800325	818552	817639	818956	819380	816627	812277	817966	643914	819210	796675	818617	817300	819830	818782	710820	819371	815592	818544	818405	819032	819305	819182	819558	818390	716605	785118	817577	796294	788430	803540	818467	704523	815708	811207	785965	814897	579406	803133	778679	812181	771823	812234	804577	713	3	726	11	697	4	704	735	320	9	702	698	9	0	724	719	699	714	717	2	41	756	32	301	725	712	700	783	9	692	718	691	681	32	303	11	771	716	314	313	5	707	702	720	698	304	0	684	8	71	565	751	0	723	708	691	107	703	315	51	78	693	665	297	720	31	73	721	705	700	323	37	710	718	82	729	791	729	721	654	305	0	210	716	314	719	748	768	720	739	788	782	718	730	8	719	314	640	1	299	17	722	737	1	718	435	725	626	0	521	705	699	148	258	309	698	642	110	2	603	721	798	303	5	298	9	706	37	713	258	671	654	743	305	12	326	693	624	315	233	708	295	314	1	721	734	577	1	669	314	8	0	318	779	318	697	241	291	736	683	282	714	713	247	678	697	648	0	417	683	283	694	260	684	634
NC_063213.1	62000001	804632	804043	803859	803962	800197	801764	803058	801929	802637	803246	802800	803403	801871	57106	271904	802914	803749	800495	803091	803809	89310	179893	803755	138642	802822	803160	803170	802104	803270	796605	800959	802872	802440	798490	135671	802722	59051	802350	802866	802906	803147	802207	802647	801878	803406	802280	802914	801214	799821	801176	151376	802245	803923	802634	803830	802754	802330	352951	801635	802987	155445	298977	803126	789018	800673	803863	97618	130409	804224	801003	803198	803974	90117	803230	803251	161313	804059	804224	803150	804008	800759	801362	154529	374838	803318	802857	803971	803906	801784	803769	803779	804204	803936	803901	804253	803446	803791	803895	796243	755918	801930	797245	804036	804071	802056	803457	566685	803503	740397	730156	658134	800179	803282	254619	345556	803290	764920	792889	342065	536206	705985	803826	804207	800428	804435	801081	802762	802785	101343	804269	374303	800935	782263	803263	802440	802913	804140	801526	794830	802425	626868	803923	780153	802753	801980	804004	803372	684179	803822	800468	802491	803338	803207	803897	803565	804141	803006	696060	761596	801384	774680	771882	792487	802871	677218	799232	795727	766226	799328	560588	785392	762539	796129	759420	795154	789537	729	0	486	0	565	0	473	444	473	0	613	587	25	0	452	485	561	478	452	36	34	519	30	588	454	476	161	460	1	571	478	163	564	68	585	17	455	167	459	472	0	598	585	475	610	465	0	158	568	54	465	516	1	725	473	162	184	163	588	71	107	601	446	569	162	42	10	602	468	600	590	33	468	606	65	168	460	49	483	154	567	2	126	600	460	596	521	453	600	520	465	460	477	487	1	482	596	557	512	577	533	482	596	302	610	255	603	401	0	517	477	719	80	172	459	402	424	185	0	446	604	463	583	316	548	576	467	38	733	160	586	517	499	585	0	473	471	427	570	408	472	529	595	2	606	516	401	316	558	594	1	0	589	455	473	604	430	520	500	536	534	165	48	301	594	565	526	109	325	548	508	582	489	576	534
NC_063213.1	63000001	829822	829247	829289	829354	825053	826780	828359	827427	827853	828224	828223	828927	827271	49221	239523	828256	828995	825825	828411	829291	98058	163387	828643	139242	827893	828478	828493	827306	828695	824370	827480	827901	829033	824100	117139	828088	55943	827880	828066	828376	828423	827533	828086	827466	828672	827823	828379	826916	825141	827087	183111	827387	829135	828062	828853	828142	828400	342904	826722	828262	148120	365625	828566	817726	826711	828923	101300	172152	829437	826855	828488	829258	114785	828666	828668	151565	828983	829424	828412	829244	826905	827084	165296	459777	828727	828246	829376	829331	827502	829137	829214	829540	829306	829160	829516	829160	829274	829119	821363	799131	827631	823210	829200	829414	827586	828815	632169	828593	785296	773298	727733	827182	828704	298799	418514	828682	799624	821375	430057	612853	754458	828567	829458	826503	829643	826195	828181	827801	124037	829499	449588	826550	814542	828461	827446	828397	829457	826992	817895	827733	678352	829067	811931	828906	827698	828989	828740	736545	829159	826283	827951	828560	828728	829156	828992	829427	827880	746932	804405	827132	811602	805723	813853	828412	740185	824621	822150	803211	825917	642025	815912	802353	823263	790741	822717	816608	576	0	741	1	608	1	724	587	220	0	714	268	3	0	220	738	589	720	222	52	29	631	37	701	221	734	0	586	1	614	728	0	259	9	705	24	590	0	220	220	0	411	266	737	701	214	0	1	585	30	211	597	1	583	737	0	152	0	716	94	146	708	539	682	1	53	0	276	723	411	713	52	730	704	24	1	596	1	730	0	697	1	276	269	217	624	633	579	270	629	593	595	733	741	0	736	721	248	555	695	556	740	627	709	708	462	275	640	0	477	726	580	148	235	213	528	686	262	0	363	274	599	701	741	664	597	728	62	589	136	683	572	238	707	2	222	710	643	694	519	722	668	717	0	273	622	490	732	600	701	1	1	713	594	222	703	564	652	588	590	642	1	1	148	662	267	260	1	199	267	646	670	605	411	380
NC_063213.1	64000001	838791	838072	837812	838275	835310	836047	837251	836050	836699	837482	837912	838145	836636	44258	260745	837450	837910	834783	837289	838030	126577	148056	838159	172327	836963	837632	837398	836179	837498	832828	836976	836591	838253	834301	111754	837033	45697	836564	836548	837274	837322	836356	836348	836206	837326	836671	836912	835563	834360	835712	214792	836168	837947	836780	836340	837036	837400	398731	836269	837601	190940	404314	837408	827790	835433	837870	115402	201309	838336	835799	837032	838102	135099	837508	837228	184323	838254	838213	837709	838048	836450	836053	186177	503229	837300	837051	838255	838132	836340	838214	838061	838204	838059	838072	838457	838231	838102	838104	828551	809420	836382	829962	838306	837917	835514	837760	663726	838316	800527	788629	744810	836509	837099	279053	449486	837398	811733	831098	465654	652345	771113	838359	838288	836132	838583	835611	837114	836733	147958	838464	491513	835260	826795	837175	836544	836408	838281	836396	820126	837104	705892	837950	824232	837918	836294	838450	837680	753677	838026	835417	837305	837308	837904	838013	837621	838395	837204	761758	816709	836081	822582	816949	816746	836860	762219	834212	832364	817113	834772	667375	826917	813081	833875	807766	832296	825308	556	0	676	0	688	0	669	602	390	0	677	2	0	67	395	324	683	312	397	44	39	673	44	663	396	668	0	607	0	502	660	0	3	53	667	21	601	0	387	395	0	552	1	675	662	387	0	0	688	0	387	616	0	643	670	0	179	0	677	103	171	665	552	656	0	58	0	537	660	558	676	53	668	669	0	0	611	0	676	0	663	0	316	2	394	711	665	600	3	674	616	604	674	683	355	681	677	2	640	665	641	674	712	636	673	492	2	605	2	559	662	647	133	276	381	552	633	320	1	467	539	615	659	681	637	491	655	86	670	1	646	652	0	665	1	392	649	551	663	529	666	631	681	0	2	665	563	673	674	669	0	1	672	604	397	663	559	625	606	671	620	0	0	341	653	3	3	0	362	3	627	647	612	551	500
NC_063213.1	65000001	848453	847917	847957	848079	844070	845886	847137	846090	846719	847422	847344	847663	845376	53645	312725	847301	847682	844945	847378	847944	97206	186328	847672	138143	847096	847240	847167	846162	847507	840910	845872	846826	847563	844804	142325	846829	64407	846711	846669	847145	847472	846320	846844	846215	847457	846725	846974	845695	844513	845951	167477	845997	847977	846958	847361	846971	846983	363647	845881	847172	160303	360941	847166	834810	845399	847687	96882	151066	848138	845300	847223	847954	102059	847432	847280	164463	847860	848163	847726	847986	844547	845973	161680	442638	847324	846976	848003	847959	846272	847990	847852	848044	847997	848006	848190	847829	848082	847923	839726	816245	846564	841974	847967	847982	845717	847390	633515	847428	798870	789289	739703	845943	847291	316177	417099	847154	818762	839741	413343	618625	771777	847926	847943	845336	848134	844694	846795	846614	103942	848107	445202	844852	832839	846947	846160	846439	847858	845752	835111	846442	694701	847695	831364	847555	846160	848052	847438	751826	847683	844919	846772	847233	847358	847761	847785	848069	846924	757048	820692	845841	830669	825339	832188	846859	758828	843333	841982	820996	844915	646403	834514	817099	842180	808399	841266	836848	485	0	616	0	549	0	604	428	413	0	546	357	14	84	412	391	536	385	410	43	49	505	44	542	413	606	0	430	0	404	610	0	361	58	535	26	426	0	407	411	0	644	361	618	528	406	0	5	604	35	397	432	0	321	605	0	99	0	546	69	139	539	391	525	0	39	0	624	608	648	625	47	609	541	34	0	434	0	625	0	530	0	251	375	406	567	494	413	373	501	436	430	619	627	480	622	544	337	581	525	584	622	570	593	535	416	377	549	0	273	612	320	155	192	399	398	583	225	0	560	627	434	608	626	514	405	607	51	328	159	516	533	0	534	0	411	601	530	524	419	615	510	548	0	378	490	413	622	545	537	0	371	544	428	413	537	440	487	423	539	504	0	190	327	516	354	325	0	423	351	491	530	469	640	612
NC_063213.1	66000001	831788	831115	831158	831174	824623	828444	830021	828984	829680	830526	829897	830225	829644	54987	267274	830139	830524	827409	829846	831027	103720	165739	830866	151687	829662	830507	830377	828922	830481	823732	827510	829857	828593	825707	125155	829534	62688	829606	829884	830100	830243	828909	829697	829167	830319	829292	829928	828797	824976	828690	181729	828936	830989	829426	830934	830197	829039	336432	828999	830155	159943	384755	829973	819332	828237	830940	104595	185173	831289	829174	830409	831075	123256	830545	830275	162840	831122	831344	830189	831112	824660	828908	180691	466443	830235	830123	831086	831014	828799	831023	830901	831330	831026	830960	831257	830360	831047	830961	823328	797708	829268	823451	831134	830796	829186	830341	639026	830645	787237	775516	726745	828332	830501	326875	439735	830121	801318	821913	434907	628431	760358	830919	831416	828849	831566	828117	829936	829944	144921	831272	466179	828001	818481	830254	829371	829555	831052	828876	819107	829850	689506	830985	814260	830163	829587	831147	830535	737840	830861	828124	829965	830165	830589	830867	830798	831215	829987	748046	804876	828918	812912	807511	816443	829795	747088	827026	824884	807227	828703	650818	818222	804113	825615	790858	824231	819484	575	0	630	1	743	1	355	601	331	0	692	782	38	113	343	520	752	510	342	54	21	291	63	685	343	624	1	604	1	320	610	1	768	53	711	38	600	0	337	338	268	678	782	628	682	330	262	323	674	90	335	616	1	508	614	0	109	0	699	86	177	685	552	667	0	52	1	636	621	686	627	55	625	695	88	0	612	0	628	1	682	0	266	799	334	784	294	597	793	291	616	340	630	633	576	629	699	738	626	673	639	628	780	598	693	422	801	587	1	395	620	495	167	263	528	308	577	285	4	585	634	609	621	631	666	336	610	85	508	385	671	738	0	690	1	534	600	547	692	543	619	665	702	0	806	290	262	632	735	714	1	781	699	608	341	686	558	642	595	751	635	0	586	273	675	778	755	0	436	759	730	657	602	673	628
NC_063213.1	67000001	828907	828437	828616	828521	823624	826577	827778	826605	826451	826922	827459	826131	825628	45569	242589	827287	827683	825634	827547	828259	72141	156085	827522	97694	827162	827529	827557	826684	827997	823416	823229	827408	819564	822983	120354	827197	50970	827261	827195	827553	827291	825957	827237	826638	827768	826975	827456	826256	819262	826164	125407	826762	828483	827315	828316	827431	824108	287188	825007	827188	112743	281918	827204	809110	824595	828038	78753	131828	828679	825735	827520	828410	90449	827753	827342	133675	828245	828658	827462	828450	814377	825910	144069	366517	827878	827271	828473	828494	826584	828172	828386	828506	828411	828349	828695	827047	828426	828322	821144	781127	825789	822496	828444	828658	826777	827893	570041	827652	763154	748233	682082	824637	827885	315739	362071	827526	786967	817895	351841	541415	734354	827774	828498	824163	828594	825490	827208	826998	96462	828553	381854	824900	803575	827525	826816	826708	828258	825383	821081	826899	640680	828128	800040	827052	826590	827789	827589	705598	828261	824381	826812	827835	827668	828292	828064	828437	826845	704494	786102	825749	798750	790586	814328	827217	694670	823487	818049	788933	823564	570506	807774	784365	818824	777757	818772	814317	349	1	358	2	573	0	0	348	550	2	465	303	11	61	563	597	558	601	566	23	32	0	16	466	566	358	0	359	1	527	356	0	288	12	306	13	353	0	557	562	346	585	299	356	460	554	347	516	569	33	546	361	0	309	356	0	87	0	476	37	74	575	299	460	0	42	0	364	354	579	360	17	356	579	31	0	363	0	361	0	467	0	88	306	553	592	0	343	309	0	363	0	358	362	349	358	482	277	497	463	535	360	595	352	471	178	310	282	0	227	353	305	63	132	576	0	317	137	0	451	364	363	338	361	447	550	351	35	308	123	541	522	0	470	2	593	347	326	301	320	355	424	477	0	311	0	3	355	564	308	0	296	481	357	565	568	341	405	346	541	416	192	348	423	551	291	271	0	174	278	277	538	386	564	530
NC_063213.1	68000001	827958	827314	827546	827390	824690	825249	826751	825443	826310	826698	826611	827237	825578	54151	298834	826300	827315	823741	826597	827397	124484	174678	826838	166524	826091	826263	826668	825629	826899	823248	826546	826023	827490	824494	129512	826318	59833	826432	826210	826644	826365	825680	826170	825627	826771	826199	826427	825154	823257	824707	203186	825799	827208	826258	825815	826387	826582	384419	825939	826068	177922	394301	826512	814651	824482	827355	119751	187704	827558	824556	826624	827288	134671	826786	826614	178499	827154	827575	826394	827347	825704	825346	188908	464562	826615	826333	827419	827389	825437	827331	827315	827548	827387	827336	827662	827287	827379	827384	819478	793688	826084	821028	827409	827484	825888	826888	636811	826894	781871	767382	726118	825029	826847	316029	434587	826698	798908	819326	439209	623411	759903	826981	827709	824758	827717	824639	826284	826315	142531	827656	464730	824593	812924	826647	826044	826077	827604	825083	812729	825940	688315	827219	810813	826644	825913	827305	827010	737878	827377	824511	825618	826740	827042	827252	827245	827452	826091	738858	801639	825106	808166	802305	810888	826426	744318	822411	819036	797274	823775	642069	813764	797164	821084	787086	821151	815441	517	4	37	1	486	0	3	30	500	0	492	518	22	95	499	499	486	498	501	41	38	4	0	485	503	36	0	32	0	492	417	0	501	5	511	25	32	0	492	501	33	502	512	37	481	494	32	480	602	68	486	33	0	516	36	0	152	0	491	67	30	619	31	475	0	45	0	36	36	502	37	0	37	623	65	0	0	33	37	0	480	0	8	466	489	512	4	33	523	36	33	0	36	37	517	36	490	471	556	471	594	36	514	34	484	16	523	32	392	404	36	509	6	184	502	0	35	215	0	414	37	33	33	37	465	490	34	69	522	205	581	462	0	483	0	507	37	32	511	359	36	454	491	0	526	4	7	36	477	516	0	463	484	31	502	507	392	436	32	471	442	479	30	398	604	499	476	0	15	486	464	591	441	470	451
NC_063213.1	69000001	825149	824652	824754	824733	818691	822198	823729	822693	823016	824092	823758	824362	822172	48676	287206	823238	824111	821393	823842	824472	105308	177094	824538	150133	823529	823946	823824	822905	824129	812364	822851	823407	823587	816638	135845	823304	57688	823350	823057	823774	823250	822766	823212	822757	824062	823377	823494	822254	814266	822293	166368	822912	824580	823514	823879	823548	823086	365338	821219	823257	159767	323872	823811	806036	820800	824200	100098	146739	824669	820766	823639	824617	102163	824109	823761	157106	824326	824759	823460	824520	821055	822429	166111	397505	823898	823574	824661	824746	822745	824692	824626	824737	824628	824561	824850	824456	824785	824681	814055	779356	822745	816774	824622	823918	821973	824176	585942	824132	761800	747123	690524	820695	822899	287744	379500	823126	787084	812677	380391	568202	732940	824311	824300	820288	824955	821505	823587	823078	112065	824767	400922	821633	802088	823801	822849	821501	824165	822164	811737	823212	655608	824203	800833	823410	822854	824483	824129	709879	824508	820392	823058	823948	823904	824565	824301	824687	823430	703638	787241	822180	793309	788383	811325	822948	701155	819385	813143	788726	819977	586826	802448	783878	815668	778476	816317	810308	278	0	527	0	275	0	3	518	604	0	241	356	6	62	602	601	268	594	600	20	78	3	54	236	607	522	0	522	0	593	587	0	358	59	357	9	513	0	592	600	517	272	352	520	238	594	518	585	381	35	595	530	0	361	518	0	102	0	241	42	111	390	465	233	0	19	0	529	503	278	524	35	521	399	47	0	0	527	525	0	233	2	168	521	591	280	3	511	363	524	531	0	521	524	279	524	238	320	357	234	372	523	280	502	233	293	364	448	226	264	515	357	87	109	274	0	483	117	0	237	528	528	503	526	219	590	503	28	362	121	386	256	0	238	0	280	512	434	355	186	513	229	240	0	364	3	3	521	260	359	0	514	239	525	602	274	199	225	516	267	234	591	512	475	387	351	324	0	300	333	316	382	212	265	259
NC_063213.1	70000001	844488	843876	844024	844020	835203	841603	842956	841916	841941	842169	842412	841597	840184	53340	199114	842487	843203	841353	842826	843776	69960	132996	843002	99432	842515	842981	842971	842059	843356	832691	839184	842743	840441	834673	105447	842529	56967	842434	842930	843091	842314	841285	842397	841671	843123	842254	842824	841613	833630	841650	125663	841786	843873	842860	844020	842915	840378	265018	840077	842450	111579	304579	842869	828414	840862	843702	75424	133182	844240	842405	843089	843921	84974	843135	843194	126502	843243	844109	842601	844010	831689	841543	127480	395419	842963	842871	843986	844009	841895	843750	843775	844087	843976	843939	844179	842753	843831	843770	835556	806138	842341	839361	843886	844218	842246	843268	619493	843448	792938	779493	722736	841640	843746	334238	412146	843381	810736	834461	388198	600026	760236	843067	844297	841002	844294	841285	842885	842672	98404	844073	415958	841116	826604	843161	842182	843227	844264	841694	837071	842311	675979	843794	825194	842855	841997	843486	843377	741247	843650	841181	841966	843115	843472	843777	843604	844034	842272	746783	813235	841604	821786	813182	831426	842995	740179	839452	836653	815998	840181	622634	830273	808992	837648	792736	837626	830634	557	0	73	0	547	0	2	73	593	0	73	3	0	64	595	579	554	566	600	26	55	2	10	73	602	71	0	73	0	572	593	0	3	10	3	20	72	0	594	592	72	553	3	73	74	594	69	568	556	0	587	72	52	3	72	0	0	0	71	12	28	547	66	68	0	8	0	73	70	550	74	14	73	556	1	0	0	70	74	0	73	0	43	72	588	566	2	69	3	73	71	0	72	73	542	73	74	3	509	73	532	71	568	68	73	57	3	67	445	3	70	4	34	43	554	2	69	45	3	460	69	73	75	74	73	586	70	23	3	33	525	504	0	73	0	564	72	66	2	66	73	71	75	0	3	2	5	73	540	3	0	73	73	73	582	556	65	70	72	528	67	577	69	469	547	3	3	0	53	2	2	543	67	538	510
NC_063213.1	71000001	727405	726443	726908	726897	724904	724404	726152	724917	725342	725710	725570	726728	725443	54901	280752	725026	726686	722561	726081	726702	118793	172892	726123	161558	726105	725152	726047	725163	726235	718480	725445	725283	726753	724659	130070	725470	67170	725744	725718	725927	724873	725252	725552	724894	726411	725462	725522	724673	722589	724344	180046	724692	726723	725421	725486	725530	726275	349706	725377	724555	174404	329677	725891	715279	723896	726740	111954	157241	726966	724463	725750	726831	112684	726254	725769	170098	726322	727052	725043	726796	725130	724840	168323	391516	726247	725791	726900	726619	725158	726459	726894	727017	726549	726778	727098	726871	726781	726792	717781	693387	725524	719897	726884	726345	724728	726328	546515	725761	684011	667167	625914	724467	725524	296880	367132	725588	699522	717805	357994	527168	657011	725913	726908	724339	727168	723774	725770	725769	114355	727039	383808	724091	709496	726016	725457	725621	726413	724418	716247	725537	593633	726391	707158	726118	725327	726164	726424	636358	726797	722837	724555	726250	726202	726825	726729	726935	725412	645944	698538	725035	707125	703008	715438	725629	637247	722309	719229	702477	723620	541680	713303	695340	720884	691545	720776	714497	627	0	538	1	610	1	1	533	608	0	540	1	0	136	602	137	587	137	611	80	81	1	72	528	610	528	0	535	0	595	594	1	1	79	1	51	521	0	600	605	527	564	2	537	518	603	522	574	596	0	595	536	532	0	530	0	2	0	535	95	157	603	11	524	0	55	0	543	512	612	541	57	530	590	1	0	0	540	532	1	518	1	222	535	603	627	1	519	1	537	539	1	536	542	512	534	536	1	557	520	581	536	629	515	533	335	1	467	497	0	534	0	114	242	619	471	488	215	1	518	541	120	529	538	512	595	523	83	1	239	574	564	0	524	0	627	520	451	0	385	531	493	539	0	1	1	6	534	599	0	0	528	536	538	632	618	0	493	524	585	488	592	519	493	584	2	2	0	327	2	1	243	477	592	553
NC_063213.1	72000001	668820	668379	668494	668541	665553	666717	667943	666488	667014	668075	668102	667064	667141	33182	201383	668171	667851	666682	667611	668344	53487	119307	668109	80429	667637	668312	667705	667132	667989	664575	665607	667700	660351	663973	90675	667303	37854	667411	667574	667704	668045	666364	667331	666677	667889	666914	667633	666176	664515	666614	106353	667020	668418	667408	668436	667358	665094	238113	666374	668058	99056	241020	667641	654375	665833	668236	60992	111452	668708	665607	667539	668363	66671	667969	667952	114390	668398	668585	668242	668407	659518	666634	110552	308607	667942	667438	668454	668475	667285	668194	668184	668540	668433	668469	668697	667229	668381	668456	663479	630211	666689	664542	668373	668670	666967	668000	453027	668214	617836	608085	558818	665710	668195	267413	299440	667953	635090	658056	277032	439013	587880	668357	668574	664898	668604	666499	667517	667471	68680	668505	296241	665879	649418	667749	666982	667533	668442	665854	662526	667012	517487	668379	647152	667100	666840	668532	667763	564794	668157	665201	667654	667993	667903	668153	668208	668466	667344	563071	637583	666031	646347	640430	661470	667710	563742	663811	658643	638790	664738	454433	651021	633930	660743	631997	661324	656960	560	0	624	0	405	0	3	610	558	0	614	2	0	67	558	596	413	588	560	12	52	2	30	619	561	610	0	622	0	536	543	0	3	43	3	7	610	0	550	555	605	550	2	618	606	543	609	528	419	0	548	626	617	3	610	0	4	0	628	57	105	540	3	604	0	24	1	629	606	417	621	25	613	551	0	0	0	625	620	1	605	0	172	620	551	426	3	610	2	618	627	0	624	626	475	619	625	3	376	592	400	621	427	599	610	325	3	524	340	3	603	3	135	184	417	521	546	192	2	325	626	0	597	623	587	549	606	37	2	140	534	381	0	608	0	425	592	560	3	398	609	552	620	0	2	2	3	620	401	2	0	610	625	622	425	412	2	547	603	393	545	534	611	407	510	3	3	0	302	2	4	0	499	394	392
NC_063213.1	73000001	792640	791895	791831	792243	787168	790289	791434	790013	789915	791611	791332	783307	789830	50924	230869	791937	791440	790654	791145	792055	47263	148182	791499	61568	791147	792187	791376	790243	791428	786127	786075	791068	603386	786170	135105	790610	61218	790658	790703	791253	792026	786324	790701	790379	791478	790612	791300	790230	784964	789646	86613	790495	791996	791208	790420	790990	764089	261305	789382	791794	86976	183331	791037	763664	787366	791881	66937	85373	792519	787546	790260	792136	50139	791418	791335	147316	792525	792482	792014	792190	747740	789687	119263	260214	791211	790498	792217	792031	790500	791937	792147	792265	791632	792093	792330	779352	792124	792133	787105	697764	786839	789046	792015	792430	790548	791412	440899	792312	665104	660931	559028	780598	791907	248210	254662	791409	726322	772567	239105	390180	645264	792424	792389	777573	792321	789500	790755	790503	49234	792337	262891	788198	744839	791035	790307	790261	792139	787985	787127	790036	545095	791793	733429	787433	789241	792491	790838	608892	791842	784408	791197	791454	791375	791887	791775	792122	790690	594209	696331	786225	697327	725931	784316	790943	565525	784709	759759	704478	781707	406975	740859	698291	765454	721605	768296	770833	514	0	18	0	375	0	614	625	395	0	28	13	0	77	406	521	379	523	405	10	21	625	21	29	408	17	0	632	0	364	388	0	12	1	612	18	631	0	403	405	598	398	13	17	28	399	625	373	365	2	395	644	18	639	18	0	124	0	29	2	5	393	533	29	0	1	0	19	28	556	18	1	18	401	1	0	0	641	18	0	28	0	4	16	394	391	633	614	13	18	642	0	18	18	450	18	29	13	254	28	348	18	390	28	29	12	13	18	239	373	18	621	8	7	561	494	16	13	6	395	20	0	17	17	28	392	17	1	13	71	372	287	0	28	0	573	16	16	614	25	10	25	29	0	12	618	390	18	361	624	0	18	28	637	389	380	373	22	621	294	27	390	626	210	376	11	9	0	9	13	9	0	26	517	490
NC_063213.1	74000001	752713	752156	751982	752168	748134	750389	751276	750310	750606	751731	751170	744748	750277	51199	260444	752154	751672	751147	751530	752015	46496	164869	751662	62595	751359	752280	751619	750570	751767	746865	746132	751443	520208	747165	145808	750877	61469	750743	751141	751431	752002	745844	750963	750242	751500	750859	751239	750280	745619	750037	88774	750541	752014	751116	750749	751000	722392	285029	749656	751936	94509	172633	751155	725819	747247	751755	64627	87130	752606	746961	750610	752071	50609	751521	751306	162657	752559	752538	752297	752317	715182	749788	117330	236837	751399	750489	752180	752239	750569	752014	752117	752257	751988	752140	752427	740078	752152	752297	747485	649452	746464	748247	752041	752435	750276	751663	374439	752103	606754	596230	488079	738500	752003	209860	208643	751445	670284	729492	198916	314508	582247	752491	752356	736135	752342	749590	750735	750596	49867	752328	229160	747960	699839	751049	750216	748417	752175	747538	748154	749824	485428	751610	682358	745939	749949	752609	751113	550585	751845	744421	751470	751472	751214	751948	751860	752179	750410	519924	633005	744873	641918	669982	744288	751163	484183	743696	716091	645786	740724	327568	686378	630800	719245	685230	723284	724487	2	0	2	3	248	1	232	234	687	2	3	3	0	0	689	1	672	1	685	22	76	240	8	3	692	2	0	230	2	627	668	22	3	0	232	43	236	1	675	687	231	670	3	3	3	673	226	658	665	0	673	243	2	242	2	0	73	1	4	1	3	674	213	3	0	0	0	2	2	557	2	0	2	675	0	0	0	239	2	0	3	0	0	3	665	689	238	230	3	2	239	1	2	2	5	2	3	3	508	2	646	3	693	3	4	4	3	6	418	126	2	235	1	1	563	168	2	2	0	389	2	1	2	3	3	676	3	0	3	145	652	527	0	3	3	585	3	8	231	8	2	5	3	2	3	230	134	3	618	238	0	2	3	233	689	666	118	3	231	537	1	660	231	356	641	4	6	0	2	4	4	0	4	505	516
NC_063213.1	75000001	745920	745430	745329	745499	739407	743592	744596	743335	743399	744928	744562	725605	743362	43260	194596	745336	744622	744383	744626	745349	34345	129607	744931	40538	744473	745614	744911	743597	744965	738045	738113	744767	355736	736989	105096	743822	44172	743992	744245	744590	745334	736765	744007	743718	744788	743880	744538	743697	736373	743005	66066	744205	745410	744367	740462	744583	693982	208528	742148	745360	60787	131544	744420	713386	739388	744994	46242	71826	745569	738357	743668	745418	40373	744604	744646	134618	745773	745816	745599	745503	667424	743018	97297	211649	744348	743681	745437	745331	743823	745051	745482	745602	745171	745327	745624	710552	745507	745390	741178	612759	736103	741989	745225	745737	743412	744761	344905	745599	567684	569394	434349	727382	745039	200883	185445	744806	650682	717198	178883	266407	563144	745770	745670	719781	745532	742684	743864	743717	45597	745502	206672	741614	678135	744218	743550	739582	745471	740778	740330	742925	460396	745034	654736	737196	743061	745744	744376	526059	745037	735097	744456	744661	744434	745112	745104	745318	743884	493883	596069	734694	585488	645386	738031	744258	444126	736336	689974	613414	729184	290732	662289	604072	699702	662308	705828	713505	670	0	0	1	654	1	649	652	70	3	567	653	20	113	69	667	68	662	70	24	3	672	20	656	71	0	0	664	4	68	68	6	618	0	4	1	654	0	71	70	610	65	654	0	649	67	653	64	714	35	70	674	0	4	1	0	5	0	676	35	4	68	7	632	4	21	0	0	643	717	0	0	0	71	83	1	0	677	0	0	651	0	0	0	68	70	672	643	665	0	674	0	1	0	529	0	671	626	514	623	687	1	74	632	653	8	1	5	41	8	1	4	100	119	722	472	3	101	0	454	0	3	0	1	636	71	4	27	674	12	58	46	1	650	670	743	1	1	6	324	5	484	643	0	672	640	372	3	58	130	1	0	667	669	71	68	4	429	632	55	495	64	654	26	65	538	436	0	0	492	444	3	509	628	625
NC_063213.1	76000001	770759	770067	770089	770301	766033	768375	769271	768227	768483	769997	769070	758375	768465	47159	227245	770248	769670	769206	769294	770092	42815	152809	769593	54005	769102	770342	769503	768539	769801	765533	763560	769507	495393	765055	130204	768662	58111	768615	769116	769441	770119	763692	768633	768184	769481	768455	769358	768211	763729	767641	86370	768828	770132	769258	768206	768977	731752	259055	767768	769948	80511	165138	769191	742044	765264	769789	60941	81857	770468	763905	768419	770021	49830	769285	769475	147188	770632	770599	770409	770409	720189	767750	111736	235398	769259	768558	770290	770212	768609	769904	770275	770265	769807	770114	770397	750249	770298	770237	764699	654910	763845	766871	770129	770567	768211	769463	374442	770356	612425	605108	475066	755108	769839	223155	206932	769557	680744	746081	203231	307404	594146	770586	770429	751451	770433	767764	768929	768112	52270	770400	231926	766145	714653	768747	768036	766577	770416	765104	766188	767823	490046	769827	691923	763711	767568	770637	768894	548804	769822	761845	769468	769605	769201	769939	769874	770224	768521	529039	635208	760900	640315	681824	762182	768830	486462	760598	724439	654307	756759	328326	699858	640151	733238	693285	734713	737777	533	0	0	1	517	0	515	520	3	0	478	512	13	79	3	520	3	518	3	19	0	525	16	520	270	0	0	114	0	3	2	0	497	0	1	0	519	0	3	3	501	2	508	0	514	3	519	3	513	28	2	532	0	1	0	0	8	0	530	31	0	3	1	493	0	20	14	0	512	515	0	0	0	3	55	0	0	534	0	2	506	0	1	0	2	3	522	516	523	0	532	0	0	0	451	0	529	499	395	494	517	0	3	515	525	8	0	4	3	8	0	1	86	120	512	386	2	108	0	357	0	0	0	264	506	3	0	27	528	3	2	5	0	519	528	535	2	0	6	313	1	406	511	0	534	519	328	261	3	526	0	0	526	522	3	3	2	369	499	6	381	5	507	4	3	451	378	0	0	422	384	1	404	450	437
NC_063213.1	77000001	757030	756506	756477	756637	751840	754641	755836	754822	754775	756204	755892	747937	753579	38547	202428	756516	755756	755438	755684	756323	33670	136629	756133	47147	755702	756769	755719	754547	756112	750577	750070	755803	535090	750319	106966	755234	45975	754981	755350	755751	756506	749985	755260	754686	755911	754918	755796	754411	749315	753992	70112	754944	756440	755540	755097	755499	726327	220366	753396	756508	62622	145854	755475	729906	751528	756227	46525	65181	756937	752249	754989	756319	37642	755627	755806	115620	756899	756868	756693	756668	716251	753969	91818	218210	755698	754929	756590	756524	754978	756243	756542	756671	756296	756498	756770	742961	756544	756544	751185	647319	750269	753585	756365	756830	754605	755878	373943	756698	603482	599810	486931	742837	756161	212580	208743	755862	673299	731932	195414	317285	590632	756854	756645	740981	756638	753749	755241	755214	43372	756700	218325	752531	705410	755277	754496	753623	756723	752189	752405	754092	487014	755803	684609	749951	754483	756910	755419	548454	756315	749016	756015	755897	755597	756247	756283	756581	755053	538221	633022	748114	642507	666821	748602	755154	499257	747405	715348	649172	742589	337252	689710	635128	724381	681444	727535	726570	701	2	3	5	693	2	685	684	183	2	640	689	15	93	183	694	180	693	185	11	15	701	17	695	530	2	2	0	2	169	177	9	656	4	7	14	697	1	178	180	658	178	679	2	683	181	684	174	513	34	179	711	1	6	4	0	2	0	709	35	1	178	8	652	0	20	37	3	685	506	1	0	1	176	9	0	0	710	3	1	679	0	0	3	175	182	705	687	692	0	711	2	3	3	629	3	706	653	396	659	495	5	185	669	699	3	2	6	114	6	2	8	116	156	509	523	4	139	1	348	3	2	1	706	673	179	2	32	710	52	175	144	0	689	712	531	1	7	8	394	2	543	687	3	712	688	421	699	163	701	2	3	704	701	183	176	7	523	672	152	535	181	687	104	167	609	533	0	0	550	494	0	500	474	447
NC_063213.1	78000001	533513	533240	533230	533278	530081	531629	532643	531852	531812	533062	532476	521897	531414	31680	162345	533129	532741	532477	532713	533120	27974	107996	532799	38787	532518	533186	532711	532030	532889	529723	528060	532519	377322	529110	88142	532380	37160	532246	532438	532554	533005	528606	532082	531828	532756	532190	532552	531689	528697	531438	53758	532369	533149	532284	531827	532297	506970	165435	530347	533145	54417	101158	532401	510487	529507	533042	33553	45832	533367	528875	532045	533202	28816	532559	532546	97481	533342	533424	533182	533266	481822	531394	76029	149539	532687	531811	533270	533242	532279	533117	533150	533359	533189	533238	533429	519448	533152	533248	531023	445223	528274	530767	533085	533415	531764	532865	251411	533219	409317	418668	325826	521259	532987	159950	141128	532700	472108	515876	135494	204532	412578	533301	533388	516532	533285	531475	532166	531993	29715	533277	149220	530367	495608	532342	531847	529296	533334	529783	530686	531429	333961	532898	475466	528730	531570	533327	532349	380416	532947	526561	532690	532720	532596	533155	533016	533253	532109	360692	437189	526048	435286	463363	527740	532512	330242	526558	499156	445839	522439	218212	475926	437634	504126	477128	509918	510915	166	0	1	0	158	0	157	156	154	0	149	160	1	16	159	158	161	160	159	0	10	163	2	158	0	1	0	0	0	147	160	2	149	1	6	4	160	0	159	159	148	158	154	1	156	161	156	143	0	6	161	164	1	6	1	0	1	0	160	6	5	157	3	147	0	8	6	1	155	6	1	0	1	162	0	0	0	161	1	0	151	1	1	1	156	162	166	160	161	1	163	0	1	1	136	1	159	149	0	153	0	1	163	148	159	3	1	75	102	6	1	6	28	28	6	117	1	27	2	2	1	0	1	163	154	156	1	2	161	29	155	133	0	157	162	6	1	2	6	82	0	133	158	0	163	159	120	162	149	155	0	1	158	159	161	161	3	123	158	124	123	159	157	93	144	136	120	0	1	132	129	0	115	6	6
NC_063213.1	79000001	437661	437433	437333	437422	432447	436255	437065	436125	436084	436635	437097	433936	435773	23766	103894	437432	436380	436702	436993	437408	20033	75817	437173	29072	436919	437525	436999	436404	437174	432548	433167	437060	394698	431538	63848	436721	26331	436522	436662	437028	437327	434892	436472	436105	437074	436580	437041	436207	432666	436348	43996	436697	437402	436720	437166	436645	430097	129054	434340	437299	42488	91211	436890	420528	434567	437294	29429	39833	437641	434391	436561	437405	23505	436834	437052	71720	437595	437579	437464	437495	418036	436168	58201	124003	437120	436366	437467	437393	436497	437338	437446	437533	437246	437433	437587	432589	437412	437477	434910	373793	434061	435288	437362	437515	436661	437131	222019	437449	353205	355529	285708	430158	437359	117147	118339	437122	395471	426555	111124	189251	344803	437609	437566	427585	437554	435879	436762	436412	22756	437550	130021	435554	406189	436835	436408	435027	437557	435091	435165	436529	287608	437292	397089	434444	436108	437588	436746	320589	437337	433071	437151	437112	437112	437270	437297	437440	436679	314839	368978	433532	373911	390344	433304	436789	285895	433607	416880	379989	431043	197371	403829	374019	417343	398722	420718	423364	238	0	1	0	1	0	234	225	1	0	0	0	0	0	0	0	1	0	0	0	0	228	8	0	0	1	0	0	1	0	0	1	2	0	229	0	237	0	0	0	228	0	1	1	1	0	222	0	1	0	0	238	1	238	1	0	35	0	0	0	0	0	189	1	0	0	0	1	1	226	1	0	1	0	1	0	0	236	1	0	0	2	2	1	0	1	237	234	2	1	238	0	1	1	1	1	1	2	0	0	3	1	1	1	1	4	1	1	0	119	1	235	1	3	229	162	2	1	1	148	1	0	1	0	0	0	1	0	1	0	0	1	0	1	1	237	1	2	229	3	0	0	0	0	1	230	135	1	1	1	0	1	0	237	1	1	135	0	214	1	0	2	231	0	0	2	1	0	0	2	1	0	0	197	191
NC_063213.1	80000001	831859	831382	831340	831385	829098	829147	830578	829340	829903	830407	829878	829864	829537	43991	262087	829931	831093	828862	830457	831348	81090	138733	830538	107332	830221	830253	830481	829576	830868	827891	827788	830212	823979	827831	112650	830262	46262	829978	830263	830718	830213	828747	830093	829284	830718	829837	830351	829227	827121	828931	141604	829754	831194	830409	831409	830357	827422	326447	829309	830221	138690	308882	830411	817357	828261	831130	90973	137550	831578	828864	830421	831339	89182	830836	830598	167053	830926	831506	830320	831484	822946	829316	130115	396842	830387	830392	831449	831410	829514	831125	831288	831540	831297	831276	831542	830209	831324	831408	824977	799008	829628	826093	831265	831634	829249	830968	597826	831036	781402	764946	718395	828238	830961	339294	385983	830765	798192	821529	373173	583466	751502	830672	831692	828233	831605	828783	830252	830178	97994	831582	400286	828284	813446	830569	829818	830800	831592	828115	825583	830077	664403	831140	811396	830612	829364	830924	830691	725867	831111	828152	830149	830767	830943	831317	831085	831512	830249	732787	800553	829212	810296	804249	817559	830575	730667	825946	822934	801204	826780	606367	817239	798119	824044	790120	824268	819582	68	9	118	9	358	7	448	476	338	8	328	443	12	86	340	255	438	252	336	0	30	466	28	323	6	202	1	0	9	324	65	9	457	2	274	7	479	3	331	333	472	331	249	120	358	326	473	324	55	51	324	496	112	280	116	1	71	8	337	30	29	326	248	349	5	20	33	439	356	267	345	23	113	339	6	0	0	490	114	2	311	14	127	123	335	445	458	467	469	113	492	0	113	123	402	114	360	436	44	326	51	351	459	349	333	81	123	310	373	218	112	275	101	124	270	428	114	128	71	238	440	8	343	289	352	330	119	26	447	153	321	395	6	351	370	402	118	107	322	257	5	309	333	1	450	447	373	450	415	365	6	338	339	487	339	439	203	311	6	272	310	438	479	215	314	456	425	0	254	448	394	6	301	262	254
NC_063213.1	81000001	627241	626610	626771	626637	622981	624106	625881	624893	625335	626667	626279	624960	624904	39041	208813	626357	626100	624911	625156	626702	54330	129991	626538	71488	625668	626528	625398	625030	626199	623176	622864	625586	609306	622735	111692	625750	50787	625460	625713	625964	626049	624463	625326	624966	626214	624800	625647	624767	620729	624292	90957	625373	626707	625783	626810	625462	624636	235902	624362	625767	93939	178192	625797	607238	623043	626571	62532	80585	627026	622031	625938	626843	53643	626179	626239	118885	626929	626980	626623	626858	616450	624787	102783	229652	625773	625561	626820	626639	624794	626310	626706	626872	626777	626457	626982	624710	626454	626324	621048	563539	624117	622505	626715	626567	624484	626555	365782	626477	542957	533451	467818	620877	626583	197490	214192	626166	578991	612769	207690	337134	523671	626758	626937	619107	626903	624332	625853	625684	52144	626975	234026	624252	599155	625843	625017	623997	626832	624164	621023	625321	444534	626486	587404	623936	625093	626990	626195	498943	626387	620775	625355	625769	626152	626545	626626	626787	625863	491366	566686	622750	573839	580570	619771	625873	473222	622214	608441	573996	619981	353666	593862	559652	611355	579439	613339	609153	3	2	4	0	418	2	3	2	2	0	3	2	1	68	4	426	1	420	2	1	2	5	0	3	1	360	0	0	4	4	355	2	344	3	3	3	3	1	2	2	3	3	3	4	355	2	2	4	352	3	2	3	3	3	3	0	6	1	4	28	3	2	2	350	0	24	25	2	345	2	2	0	3	2	34	0	0	2	3	2	3	1	7	2	3	1	3	2	355	4	2	0	3	3	423	3	363	322	293	3	352	3	2	347	3	2	5	264	0	5	1	4	62	82	2	4	4	84	1	9	2	0	2	368	342	2	0	31	2	6	1	1	0	353	363	4	4	3	347	219	1	4	3	0	2	3	4	3	1	364	0	2	5	2	4	1	1	3	1	297	6	4	2	222	2	327	295	0	1	308	3	2	5	2	3
NC_063213.1	82000001	766514	766170	766308	766162	760718	763992	765514	764068	764115	765389	764992	760347	763793	40076	211809	765426	765403	764758	765236	766055	40120	133086	765606	59730	765081	765576	765539	764233	765682	760057	759884	765338	698955	759005	110389	765050	44543	765013	765234	765367	765470	761374	764675	764402	765459	764632	765359	764477	758442	763688	81860	764705	766029	765229	766149	765092	755014	243672	762490	765385	74853	171807	765021	744313	761555	765529	53765	73812	766444	761883	764647	766057	48375	765338	765397	112941	766011	766373	765820	766126	734133	763516	105081	246259	765478	764710	766196	766157	764530	765922	766143	766230	766119	766145	766259	759953	766056	766080	761292	671865	761147	762120	766021	766370	764295	765627	422008	765902	640507	643512	529525	755615	765939	233336	239787	765407	693350	745472	215251	361155	613836	766026	766298	753291	766230	763845	764760	764536	50443	766190	254746	762492	721996	764825	764254	762063	766366	762038	761283	763994	514020	765701	706714	762065	764060	766064	765174	582955	765928	758329	764935	765390	765300	765760	765849	766181	764816	578141	663428	759729	673631	697487	758493	765114	533298	759656	735838	672180	754841	383045	706998	667346	741540	696887	742622	741816	2	0	3	2	518	1	2	1	3	2	2	2	0	97	2	533	2	529	2	1	0	3	0	2	0	435	0	1	4	6	425	2	423	2	2	0	0	0	3	2	1	2	2	2	419	2	0	4	424	0	2	0	2	2	3	0	3	2	3	30	1	2	2	414	1	16	37	0	414	2	0	0	2	3	29	1	1	0	2	2	2	1	0	2	2	2	2	1	429	3	1	0	3	3	511	2	434	401	348	2	415	1	3	413	2	3	152	315	1	3	0	2	79	99	2	2	3	97	1	7	0	1	0	433	419	3	1	35	2	3	1	2	1	423	437	3	2	3	415	233	2	5	2	0	2	2	4	2	1	428	1	0	4	0	3	2	2	3	1	364	4	3	2	248	2	383	339	1	1	363	2	2	4	2	1
NC_063213.1	83000001	814249	813900	813889	813877	808982	811490	813035	811684	811874	812423	812607	811930	811032	48571	240413	812766	813163	811735	812800	813676	71599	160328	812774	102736	812611	813010	813051	812283	813385	806947	809947	812725	803080	807260	126737	812603	52428	812662	812882	813004	812875	810952	812777	811961	813166	812147	813058	811501	807610	811304	127373	812375	813751	812795	813703	812752	808404	295612	809824	812459	116337	272143	812954	795088	810064	813538	79151	110111	814069	809881	812699	813709	68526	812929	812904	136144	813286	813985	812773	813837	802524	811611	133007	342579	813101	812495	813896	813711	811951	813261	813639	813774	813623	813636	813960	812141	813831	813596	807458	757816	811328	807988	813724	813884	811715	813375	541395	812943	734706	727794	656671	809281	813307	292284	339427	813149	769588	801364	322942	515311	703758	813187	813932	808409	813968	811108	812690	812242	80669	813947	346549	810358	790673	812707	811811	810770	813681	810392	807187	812257	618619	813424	783284	811926	811927	813464	812977	680433	813483	809209	812213	813232	813167	813582	813537	813947	812316	684895	759407	810409	772259	773666	804219	812011	671724	807256	799065	766297	807460	534472	789175	760690	802069	760767	802055	798810	3	1	0	1	404	0	1	1	1	0	0	0	0	57	0	415	0	409	0	0	0	3	0	1	2	256	1	0	3	1	257	5	236	0	1	0	1	1	0	0	1	0	1	1	255	0	1	0	251	0	0	1	1	1	0	0	2	1	0	14	1	0	0	251	0	11	16	1	248	1	3	0	1	0	18	0	0	1	0	1	0	0	0	2	1	0	1	1	255	1	1	0	0	0	409	0	258	238	216	1	241	3	4	248	3	4	262	211	0	5	0	1	58	76	1	4	1	85	0	2	1	5	1	258	247	1	1	15	0	1	0	0	1	251	258	4	2	2	254	162	2	4	0	0	0	1	5	2	1	256	5	1	0	1	1	0	2	2	1	239	0	2	1	175	0	239	218	1	2	231	0	0	0	0	1
NC_063213.1	84000001	806548	806089	806208	806228	801567	804337	805376	804081	804498	805639	805410	803398	803643	39226	243365	805611	805704	804176	805323	806159	49834	147202	805569	81707	805194	805917	805428	804585	805633	800925	801696	805345	783927	800533	115577	804961	46317	804993	805116	805288	805595	803148	805011	804316	805411	804694	805195	803880	799584	803882	103334	804663	806121	805132	806186	805260	798642	278179	802919	805523	104392	232772	805174	783688	802162	805935	69189	94591	806452	801077	804915	806077	59034	805437	805506	140884	806180	806380	805746	806184	789766	804066	113318	306798	805556	804759	806215	806245	804687	806137	806197	806282	806169	806060	806331	803681	806106	806182	799761	745233	802860	801507	805958	806371	804130	805538	489492	805937	716956	704894	620020	800113	805940	274484	288555	805514	753378	789686	279614	452707	682139	806042	806353	799658	806395	803660	805049	804515	67651	806265	305899	802545	776540	805124	804366	805056	806259	802823	800423	804558	585541	805622	768705	803527	804246	806169	805403	648791	805956	801252	805171	805546	805423	805888	805939	806218	804778	645162	740942	802199	758363	756697	795929	804948	630397	799033	787219	746385	798674	471610	772622	739294	792991	743495	791488	788299	4	0	1	2	364	1	1	2	1	1	2	0	2	51	2	378	2	372	2	0	2	2	0	1	0	1	0	1	0	2	0	3	0	0	1	0	3	1	1	1	2	2	1	2	3	2	2	1	0	0	2	3	1	1	1	0	1	1	1	0	1	1	1	1	2	0	1	2	2	1	4	0	1	2	0	1	1	3	1	2	2	0	0	3	2	0	1	2	0	2	2	0	1	1	359	2	2	1	0	1	1	2	1	2	3	3	3	1	1	2	1	1	1	1	1	4	2	0	2	0	2	2	4	1	2	1	2	0	0	1	1	1	2	1	3	3	2	7	1	11	2	2	2	0	0	1	3	2	1	2	1	3	1	3	1	1	1	2	1	1	2	1	4	0	0	2	5	1	0	1	2	1	2	2	3
NC_063213.1	85000001	801848	801460	801560	801471	795758	799040	800633	799500	799460	800550	799974	798761	798947	50311	252714	800382	800366	799375	800165	801316	79957	160147	800795	108038	800212	801000	800617	799526	800809	792890	793436	800371	779692	794065	124036	799997	56048	800204	800317	800567	800539	798717	800322	799443	800914	799991	800526	799104	793367	799129	123744	799937	801301	800310	801400	800252	796359	288997	798451	800516	125799	248135	800405	777285	797717	801119	85174	119699	801660	797164	800191	801402	88989	800613	800670	145136	801216	801592	800687	801281	788768	799048	138695	311456	800752	800257	801510	801395	799642	801234	801337	801508	801375	801292	801654	799083	801393	801460	794386	732705	798061	796509	801354	801316	799370	800861	490280	800920	705332	689957	617783	794876	800727	292236	304424	800786	748125	784564	294112	456617	681139	801000	801597	794151	801635	798524	800110	799867	85481	801486	320789	797812	766993	800465	799440	798688	801401	798178	793599	799569	582310	800746	759116	798442	798896	801200	800537	644020	801311	795794	800041	800597	800533	801293	801169	801468	799993	631620	735304	796629	743798	749120	791238	800092	622845	794629	780903	738443	793828	475884	766919	730926	784331	735154	785759	781192	2	0	1	0	481	0	1	2	2	0	2	1	0	82	2	490	1	478	2	0	0	1	0	1	0	0	0	0	1	2	1	0	0	0	2	0	2	0	2	2	2	2	3	1	1	2	2	2	1	0	2	2	1	2	1	0	3	0	2	0	0	2	2	1	0	0	0	2	1	2	2	0	1	2	0	0	0	2	1	2	2	2	0	1	2	1	1	2	0	1	2	0	1	1	483	1	1	0	1	2	1	2	1	1	2	1	1	0	0	1	0	2	3	0	3	2	1	2	0	1	2	0	2	1	0	2	0	0	1	1	2	1	0	1	1	3	1	2	1	1	0	2	2	0	1	1	2	1	1	1	0	2	2	2	2	1	5	2	0	0	3	1	2	5	2	0	0	0	3	0	2	0	1	1	3
NC_063213.1	86000001	812242	811700	811870	811916	807262	809680	811155	809953	809991	811224	810830	808699	809997	41817	229464	810988	811105	809680	810995	811765	67386	148408	811320	87200	810846	811530	811248	809805	811284	806235	806264	810830	773839	805913	110211	810699	47782	810570	810786	810987	811054	808368	810437	810044	811072	810323	811030	809547	807624	809561	120217	810379	811772	810855	811577	810864	803656	291850	808912	810971	116295	261380	810763	790133	808501	811488	81361	117237	812093	808812	810647	811586	76015	811281	811092	148065	811581	812019	811287	811909	794434	809487	118316	341750	810973	810555	811822	811856	810030	811616	811797	811998	811840	811688	811908	808294	811778	811786	805264	748939	808722	807520	811679	811994	810216	811265	522387	811636	726260	710011	630223	805817	811418	274628	323471	811182	759501	797995	308888	480683	694617	811764	811974	804968	812033	808963	810741	810345	78269	811943	330600	807716	782690	810722	809829	809928	811867	808688	804799	810226	597397	811249	773976	809563	809625	811627	810813	665516	811277	807174	810549	811044	811137	811626	811603	811891	810615	667792	752337	807495	760639	763365	801374	810865	641533	806382	792638	759138	805794	512565	781582	750705	795743	757205	798236	793880	123	0	120	0	356	0	2	120	121	1	117	0	0	53	121	355	0	357	122	0	13	2	4	117	0	123	1	0	119	119	116	3	122	9	2	0	121	1	119	121	117	120	2	122	2	121	119	118	123	0	119	123	122	2	119	0	1	0	121	0	17	119	1	4	0	0	15	120	4	2	120	7	121	119	9	0	1	123	121	113	118	0	44	121	116	0	2	118	124	120	122	0	122	122	357	122	3	111	110	120	119	121	0	3	121	83	3	111	0	3	0	2	5	2	1	109	112	49	76	4	122	1	119	123	120	116	0	0	0	1	118	0	0	4	3	120	116	108	122	7	0	113	121	0	0	2	10	0	0	3	1	120	119	121	123	0	2	107	0	120	111	0	120	91	118	121	107	0	74	113	0	0	106	2	2
NC_063213.1	87000001	768778	768209	768392	768155	763850	766635	767456	766361	766188	767967	767429	763117	765396	44471	251053	768278	767571	767056	767442	768104	59301	149989	767953	71948	767352	768464	767666	766534	767653	761360	762399	767602	635680	760958	135193	766899	55911	767119	767143	767568	768265	763122	767103	766373	767593	766640	767426	766387	754647	766135	91913	766965	768198	767359	767893	767259	749274	264605	764858	768162	95815	175398	767243	739574	762819	767847	70207	83103	768682	761975	766594	768192	57045	767394	767661	150356	768650	768610	768421	768379	739138	766230	111318	231333	767265	766258	768422	768328	766717	768088	768394	768500	768284	768265	768540	759557	768346	768362	763987	662124	762335	764171	768078	768515	766549	767596	389291	768281	621257	614057	507215	756412	767920	230186	225246	767877	688006	743698	208229	323348	604295	768536	768398	752110	768385	764971	766742	766584	55827	768317	234985	764048	712383	766897	766524	766455	768140	763905	764435	766445	504677	767517	697937	762418	766134	768616	767154	567024	767877	761013	767644	767654	767212	768096	767877	768263	766826	545542	646301	760758	656356	687842	757553	766751	505513	759936	730826	661862	756641	350877	705615	656422	735085	692027	744745	741202	128	4	129	9	1	5	2	122	130	7	115	0	0	0	129	124	5	123	122	2	11	7	6	123	2	123	1	0	128	122	122	8	115	9	2	0	128	4	121	121	120	127	2	124	5	121	121	122	121	0	122	127	121	2	124	0	6	5	127	0	21	119	9	3	8	0	13	126	8	2	132	7	124	129	12	0	0	124	122	98	120	0	24	126	121	0	2	120	123	125	131	0	123	128	12	121	2	113	95	114	128	130	10	2	130	61	9	97	3	17	0	2	6	7	0	99	115	28	53	14	126	12	125	136	125	123	5	0	0	5	114	0	8	3	9	133	121	124	129	15	10	107	123	0	0	2	4	5	0	3	5	120	126	125	135	0	0	103	7	106	102	8	137	74	114	113	99	0	55	103	11	11	100	2	2
NC_063213.1	88000001	780436	780077	780133	780011	774612	778109	779262	778134	778030	779071	779199	776288	777562	35779	187640	779801	779070	778061	779224	779983	44248	111992	779399	59921	779051	779861	779357	778348	779466	773067	775348	779062	733395	772249	90082	778914	35743	778616	778959	779248	779509	776344	778654	778346	779161	778338	779089	778034	771432	778031	89223	778533	779898	779047	779997	778876	768705	244129	776788	779620	84868	203431	778913	759548	776139	779609	63582	84775	780352	776318	778797	779923	51994	779372	779170	111360	780063	780161	779909	780048	760740	777989	96685	284305	779300	778719	779995	780039	778265	779891	779987	780015	779959	779862	780062	776271	780037	780017	775581	714698	776538	776628	779707	780297	778363	779394	472357	779773	687608	673689	597876	773814	779913	272992	288359	779475	724750	764819	265229	429089	657753	779981	780131	771638	780170	777929	778832	778221	59954	780142	296742	776886	743227	779041	778176	778242	780218	775810	776206	778569	565932	779788	734543	776389	778139	780073	778886	627383	779764	773548	779083	779217	779334	779856	779804	779945	778748	622081	713941	775451	719724	721929	770882	779194	601439	774333	758029	714193	773362	449671	746226	711871	764423	721383	766179	760439	82	1	82	5	3	1	2	76	80	2	74	2	2	0	80	79	1	76	80	4	3	4	3	76	3	74	0	0	79	76	78	4	75	5	2	0	77	4	77	79	77	76	2	80	0	80	77	78	78	0	78	80	77	2	74	0	1	1	81	0	14	77	4	0	4	0	2	78	0	1	80	6	77	81	4	0	0	78	80	68	80	1	19	79	79	1	2	74	80	79	80	0	80	82	5	80	0	75	68	72	73	79	5	0	82	49	0	67	1	2	0	2	1	4	1	66	74	28	41	2	78	5	73	80	78	80	1	3	2	7	73	1	2	0	4	84	77	80	75	15	5	68	77	0	2	2	1	2	1	4	2	78	82	79	78	1	2	71	4	70	60	1	83	60	73	81	67	0	40	69	5	5	65	1	1
NC_063213.1	89000001	824962	824404	824546	824548	820251	822211	823929	822496	822778	823674	823539	823448	822290	48384	229816	823736	823973	821922	823667	824518	65581	138416	823834	100405	823259	823996	823836	822914	824119	820191	821188	823276	820918	820552	105256	823343	46991	823375	823345	823729	823660	822578	823120	822694	823855	823288	823520	822428	818838	822157	133664	822912	824485	823509	824541	823349	822457	283302	822086	823496	118813	310046	823495	807476	821115	824216	79797	133515	824731	821043	823677	824229	87793	823807	823741	136441	824339	824672	823469	824562	818192	822219	134549	400322	823822	823446	824603	824548	822826	824397	824360	824675	824490	824408	824789	824085	824528	824526	818393	785108	822672	819790	824479	824532	822606	824095	588765	823999	770261	758376	698312	821983	824109	318963	374623	823869	788617	813456	368884	571795	737380	824418	824629	821674	824683	821981	823473	823179	91496	824691	396262	821463	803130	823761	822806	823555	824499	821914	815559	822943	655023	824154	803712	823738	822739	824327	823803	712894	824275	821439	823530	823903	823946	824357	824286	824613	822935	720537	790985	821967	803537	795816	812161	823517	715069	819411	816088	793916	820302	583190	807969	784785	817168	773860	816946	813382	10	0	10	0	0	0	0	10	541	0	528	526	11	0	544	10	522	10	542	2	44	0	0	528	3	10	0	0	9	512	528	0	8	0	529	22	10	0	531	539	9	529	514	10	0	531	9	513	522	44	530	10	10	540	10	0	112	0	541	0	4	532	467	0	0	0	53	10	0	525	10	2	9	535	55	0	0	10	10	502	532	0	2	8	530	538	0	11	10	10	10	0	10	10	0	10	0	10	489	522	488	10	537	0	527	5	0	10	445	413	0	528	2	0	521	8	6	8	5	434	10	0	8	543	10	528	0	0	536	189	508	465	0	0	0	538	10	8	8	2	0	491	547	0	539	0	1	531	515	0	0	10	540	10	545	524	421	487	0	508	491	520	11	419	514	10	9	0	7	10	462	0	449	517	480
NC_063213.1	90000001	179079	178909	178993	178969	178005	178375	178795	178321	178636	178677	178463	178771	178516	8585	43911	178280	178837	178027	178741	178937	18599	30044	178937	25419	178575	178276	178705	178411	178854	177716	178431	178685	178875	177391	21895	178642	9291	178577	178685	178774	178378	178470	178616	178369	178802	178525	178597	178448	178030	178454	28591	178531	178941	178664	178922	178508	178719	62951	178155	178264	30008	76091	178777	175975	178401	178847	18643	35049	179037	178560	178826	178940	19206	178834	178852	30567	178729	178996	178253	178985	178025	178421	32935	96650	178787	178705	178981	178907	178543	178940	178954	179037	178976	178922	179013	178802	178943	178915	177962	171744	178727	178089	178951	179057	178633	178835	131980	178842	169230	167286	154996	178478	178911	88907	97338	178879	172127	176764	91231	131165	162255	178392	179049	178301	179014	178454	178678	178602	22884	178998	96564	178263	175975	178712	178555	178833	179016	178148	177558	178780	148612	178972	174835	178608	178637	178920	178776	156770	178807	178318	178549	178882	178821	178916	178907	178954	178599	160775	172683	178476	175293	173689	176488	178838	159642	177818	177364	171521	178220	134866	175794	172324	177564	169161	177977	177565	1	0	1	0	0	0	0	1	153	0	151	147	6	0	152	1	148	1	155	0	10	0	2	151	0	0	0	0	1	148	151	0	1	1	151	4	1	0	155	151	1	152	148	1	0	150	1	146	148	7	148	1	1	154	1	0	30	0	152	0	3	152	132	0	0	0	17	1	0	152	1	0	1	153	16	0	0	1	1	150	148	0	1	1	151	153	0	1	1	1	1	0	1	1	0	1	0	1	140	145	151	1	155	0	153	1	0	1	135	121	0	151	0	0	149	1	1	1	1	126	1	0	1	155	0	155	0	0	156	69	142	143	0	0	0	154	1	1	1	0	0	144	155	0	156	0	0	153	143	0	0	1	150	1	155	153	128	141	0	147	130	150	0	128	144	1	1	0	1	1	140	1	131	148	141
NC_063213.1	91000001	94616	94099	94241	94134	91522	93757	93707	94026	94166	93683	93069	89961	94411	23376	67116	93673	94446	92739	93950	94365	61951	51162	93913	66859	94127	93654	94256	93908	94232	91945	81148	93895	71437	93475	48150	94070	27199	93621	93682	94052	93966	93650	93520	93772	94041	93841	94068	93921	88823	93542	67055	93848	93780	93900	91781	93644	73341	74970	93551	93658	64623	74479	94158	91341	94124	94112	47275	65185	94401	94062	94177	94122	59320	94301	93935	62204	94170	94360	94004	94094	76157	94034	63539	73513	93608	93899	94437	94421	93992	94361	94417	94209	94407	94371	94266	93721	94426	94227	92104	92518	94163	91781	94145	93415	92888	94063	83160	93718	89222	88656	88214	94200	93359	69661	79317	93677	88718	90992	75330	84338	88174	94161	93842	94075	94080	92516	93786	93865	53356	94438	77766	93879	91517	93974	94178	91238	93249	93664	86941	93751	82106	93588	92221	94315	93871	94235	94100	85408	94073	93443	93365	93865	94074	94100	94389	94230	94212	85802	92748	93947	93360	92260	83234	93427	91581	94003	93813	92853	93751	84481	92869	92131	93859	85561	93737	90781	43	39	34	23	0	54	1	3	194	34	148	154	31	2	195	2	184	2	157	15	63	44	2	150	57	1	0	0	37	180	142	3	1	26	152	37	42	48	153	155	39	194	147	43	58	152	3	192	195	84	152	47	2	177	47	0	155	37	192	1	35	156	201	1	46	9	93	3	46	153	54	18	2	189	93	0	0	3	2	128	154	1	3	50	205	155	1	3	1	2	40	0	2	47	38	2	1	1	148	153	189	62	179	4	197	52	51	62	139	179	3	141	17	30	144	57	72	3	1	189	3	53	54	203	57	202	53	10	153	123	154	151	59	1	64	203	33	59	45	43	56	206	157	0	155	1	4	194	142	56	46	3	188	3	200	149	134	205	41	218	204	176	54	153	148	55	55	3	30	57	186	53	176	152	145
NC_063213.1	92000001	551619	549326	550438	550268	522624	547377	538208	547895	549392	547862	536757	512501	550014	117942	370925	544680	550534	538896	548287	549885	343762	269138	548076	371902	547484	533994	548872	536871	538699	532300	481330	544991	351354	527265	258307	546972	154035	548213	537509	547361	545604	548359	545801	545035	548817	536520	546029	547458	465256	545483	365249	545548	549916	547137	532628	547218	300231	404651	538732	543012	351542	411717	548801	525296	539037	539900	278545	386780	550159	539254	549777	547913	353744	547471	548968	350898	538230	540040	546364	549689	425922	547656	354467	400427	547098	548366	550023	550426	547220	550773	549903	550479	550087	550575	550566	546127	550254	539849	535989	538464	548691	532350	550049	545599	531826	548969	489888	536855	532464	500725	529986	548965	541572	411701	477687	543882	533697	538822	452337	497576	534775	548006	538397	550004	550342	541004	548216	548330	367064	550666	468909	544589	537919	538831	538647	526804	544082	548128	510623	548132	488078	537832	544452	551011	547345	548741	550129	510047	549531	543243	534972	538303	546773	549439	549915	550348	548153	497142	546176	539088	548509	543937	517366	545846	539988	545212	548261	541833	537926	504269	546709	545907	538247	483091	546827	529070	146	310	152	304	287	330	281	270	775	328	644	720	111	85	652	219	628	263	676	163	277	99	15	590	355	16	259	266	141	453	518	190	9	66	684	189	46	294	486	493	64	752	523	60	316	713	289	392	435	217	712	377	94	396	382	191	357	374	797	42	192	647	716	14	312	66	268	199	259	690	135	177	121	713	338	225	257	251	15	512	603	13	106	298	463	699	338	259	97	343	166	228	266	162	271	269	254	18	625	653	616	68	515	194	669	101	251	131	644	707	94	386	145	48	471	308	308	187	195	704	294	136	291	786	135	693	150	163	681	553	610	602	294	82	299	653	68	239	394	44	327	467	673	264	513	60	53	790	594	252	141	120	731	270	541	665	622	743	137	754	779	427	292	416	624	260	244	228	287	266	595	306	646	768	351
NC_063213.1	93000001	642809	640162	641195	640992	625985	637525	640003	638348	640498	639162	638054	545728	640808	97330	381326	635606	640594	632196	639522	641612	398301	303201	638137	423508	639760	637085	639176	639042	639260	620925	494148	637647	307553	623254	300312	637844	177042	638404	637751	639384	636610	638926	637953	639037	639419	639346	638498	636557	512972	637695	410627	638139	640659	639095	624394	637811	250015	459878	635110	636272	396287	460112	640806	596678	639443	641739	334603	433037	640101	640908	640756	632981	410459	639650	640735	399717	639579	641275	636562	639973	412308	640134	399833	422546	637007	640512	641566	640573	636592	641716	640958	641214	640354	641048	641722	631330	639988	640346	624644	630510	639985	623720	640569	635459	632282	640732	568695	637829	622899	560961	626411	641312	635242	459808	584240	637007	622196	633928	521485	575865	628185	639031	639804	640322	641240	634523	639940	639652	474803	641745	541241	639166	615846	639583	640437	616953	638434	639402	595372	638141	584372	640303	634482	642080	639182	640097	640475	603759	640537	633698	636473	639990	639552	641104	641001	641961	640938	553980	639108	640817	639579	631027	609423	637158	626562	638518	640402	624698	640020	579830	638839	637835	640543	536229	640082	619212	407	199	343	294	346	357	381	191	369	630	543	629	0	108	557	313	361	343	302	291	159	1	305	470	600	225	287	418	451	272	151	115	122	168	633	142	2	585	312	307	3	544	453	124	462	473	406	1	138	75	472	489	309	2	453	73	2	318	534	237	158	331	586	16	302	199	5	307	477	300	3	241	427	291	148	0	631	628	377	158	440	64	266	661	315	280	574	302	424	312	342	74	281	343	456	418	630	142	441	619	5	123	2	421	501	425	357	433	349	602	486	0	311	92	562	318	348	367	329	27	445	325	676	593	412	387	441	381	300	245	279	275	546	485	552	477	19	359	418	96	287	1	631	193	590	1	2	676	598	472	339	420	349	196	350	292	169	386	349	597	383	198	539	17	355	498	368	469	346	497	444	353	316	380	0
NC_063213.1	94000001	490281	488805	489163	489160	478640	484929	487975	487293	488868	488556	488622	488046	489547	61260	267061	487712	489807	481678	487790	489536	261837	169036	489001	295189	487906	488458	483504	487673	488641	471717	475203	484972	417848	481189	158110	488186	73453	486019	487096	487940	488054	486529	487786	485610	483764	486794	488689	486212	479717	481996	293528	487817	489147	487217	482047	487833	424858	367076	488868	487864	295967	368548	488815	481374	483007	489034	205867	304084	489396	488474	489060	489103	264586	489241	488733	272193	489350	489524	488969	488656	478006	487431	289221	391885	486795	488323	489549	489709	487301	488961	488977	489266	487912	489292	489409	488649	488955	488912	475748	482763	488343	479376	483811	487852	483766	488045	440951	488548	474537	465739	468584	487156	484646	348234	399750	486880	474213	480886	391680	442045	471205	489500	487812	488235	489140	481956	487585	485991	250834	489876	398484	486374	481994	487895	487669	484869	486829	482324	468148	487555	437062	487385	483343	489838	486303	489678	488758	457281	489105	486467	487061	488233	488975	489043	489188	489471	488116	459223	485171	487874	482716	484710	451545	486362	471519	487073	488398	484906	486921	450018	485836	481888	487939	462041	487913	477159	258	111	259	115	406	356	348	111	328	364	365	353	12	119	251	348	310	360	114	107	71	111	108	343	235	260	107	352	266	164	116	110	17	81	253	18	8	185	164	345	11	348	280	23	329	339	346	5	262	6	341	357	169	7	109	105	18	111	351	116	70	108	368	19	125	103	1	23	352	115	9	144	248	120	47	113	365	364	4	114	235	7	204	259	256	357	352	109	289	115	257	1	357	257	376	353	356	233	312	356	113	28	115	343	370	247	347	283	337	345	268	1	193	20	164	15	339	267	304	120	358	278	270	257	281	345	293	155	113	81	104	109	270	284	340	351	8	280	348	23	123	13	360	98	170	104	97	335	328	345	268	237	363	109	274	347	103	361	271	156	360	249	266	13	351	376	352	337	331	365	286	363	342	346	2
NC_063213.1	95000001	775183	773722	774594	774295	692362	772282	773480	772381	773937	769803	769188	745872	774144	120128	480890	766234	773787	767622	773487	774517	366091	362139	771261	413103	773013	767195	773724	772743	773944	674293	674796	772601	502260	679143	343427	773212	204457	773101	772514	773494	767702	773068	772855	772921	773819	772359	773200	772079	617792	772421	402717	772623	774267	773149	764314	773178	582584	491065	773349	765027	387289	501997	773879	745718	772866	774452	316269	412423	774222	772999	774058	774328	369849	773890	773704	383382	769365	774458	766570	773728	646872	773095	373471	493040	772896	773228	774574	774432	772274	774336	773839	774344	774026	774258	774381	770883	774509	774425	757784	760098	773606	757524	774478	770753	768540	774012	659355	769047	742601	684183	737998	772955	769327	489369	610793	771688	752058	766708	550257	662790	742878	769630	773557	773503	774581	768185	773408	773181	422161	774726	564120	771354	756175	773482	773082	761368	771291	772491	738655	773364	689327	773655	762670	774264	772409	770496	773986	718476	774202	769854	765546	773575	773773	774162	774126	774586	773721	686769	765012	773319	766862	761924	734036	771304	741402	770331	771842	759450	771905	673557	768400	764002	772153	662812	770819	757356	596	467	602	418	708	489	291	283	277	330	319	366	31	330	325	328	297	630	469	0	86	280	3	322	0	701	457	283	353	343	587	349	634	84	317	42	1	596	361	325	443	360	695	319	362	493	274	0	681	44	485	495	357	1	485	408	1	356	584	298	222	462	308	708	467	92	0	300	318	463	278	186	274	467	267	470	595	591	1	401	324	261	153	588	2	286	496	450	716	231	419	451	284	602	603	284	594	633	266	318	322	702	284	560	593	283	328	670	280	283	356	1	5	469	329	436	449	178	245	461	302	363	599	709	653	324	486	0	469	311	456	240	413	702	0	324	0	273	452	601	467	99	329	275	367	278	248	0	269	319	360	361	281	277	365	457	247	619	359	521	618	0	396	647	453	602	302	311	220	597	274	455	522	310	1
NC_063213.1	96000001	572375	568831	569372	569505	534627	565675	567972	566048	568154	563456	562137	394721	569293	131081	353081	559033	570510	561171	567378	569375	268106	263129	564773	289568	567390	559823	566761	566231	567786	526801	385922	566890	204743	528644	248035	567286	187554	566368	567574	567899	560011	567331	567036	565576	568382	566533	567423	565438	389409	565429	292260	567015	568826	565391	550673	566057	121649	330698	569373	556703	259440	342578	569433	508453	568577	570237	227947	298969	569822	569562	569439	570569	274428	567960	569465	277775	565343	570356	560269	569151	277947	567799	268719	319977	565928	568480	568933	569539	566085	569888	568718	569633	568736	569641	570230	551610	569191	569116	554590	555875	569531	553173	570211	561889	559511	569006	493013	566128	551127	468096	550483	570089	564469	397591	497973	567286	553953	565821	434663	494719	556472	565645	569044	568612	571436	562215	569474	569210	394442	571060	460071	568323	544528	569236	568378	539753	566914	568541	514992	569574	516088	571142	561856	571119	568920	567349	569836	528476	569738	562932	559358	567860	570040	569685	569697	570971	569790	467860	566435	569147	566554	557890	549348	567497	555701	565424	567547	549067	568763	500879	563417	565030	567797	433509	567237	546280	631	2	645	225	547	216	0	16	134	253	189	253	43	273	243	261	212	561	223	0	96	0	7	209	0	475	213	22	249	167	540	80	446	95	247	81	0	580	233	244	214	233	458	241	211	215	0	2	467	122	205	235	235	179	206	56	138	255	500	211	99	218	231	477	220	97	0	250	253	224	224	244	219	222	198	3	512	498	0	90	251	191	57	547	2	0	227	211	577	0	488	226	0	650	598	0	512	391	127	245	116	484	224	505	567	218	246	554	208	240	251	0	2	456	226	220	210	186	193	212	0	253	569	486	503	252	244	170	225	187	219	250	506	480	0	239	0	168	220	536	222	251	257	18	253	0	3	0	0	241	217	1	8	252	257	215	211	512	240	476	503	3	506	474	223	486	245	221	0	478	101	227	407	488	167
NC_063213.1	97000001	479959	473745	473543	475453	444499	470151	472429	470522	473337	471089	470237	316450	475108	156470	337838	465907	476685	465628	472738	474721	248549	256654	473094	264149	473035	467494	471524	471652	473420	433466	313798	471536	157722	432594	256631	472577	205279	471530	473499	473021	467327	473324	471580	467584	473133	471221	472415	471017	296852	470043	253358	472092	474128	469596	457480	471006	149716	261434	475251	463722	230598	272407	475537	418167	473739	477103	223819	278997	475597	475716	475828	476926	262224	474271	475528	259579	473209	476547	468120	475266	208984	472812	246437	252196	471427	473558	474744	474802	469905	475772	472669	475893	474405	475685	476351	459605	475191	474393	464072	464632	476345	459702	476581	468915	467481	475104	399101	472308	454011	363407	454553	477742	473145	375387	438479	474431	456008	472366	364905	405191	464909	472867	476724	474836	478034	469030	475177	475572	382773	478059	378893	476096	443627	474121	473667	451427	474918	473851	430503	475817	419290	477434	470261	478726	475221	474637	476713	429780	474899	471537	466830	473421	476785	475750	475078	477757	477002	362285	473875	475656	474633	461670	453321	473148	463429	468977	474831	450821	476532	404715	470017	472512	474098	326432	475368	456890	154	2	81	124	138	154	73	179	211	134	135	195	46	85	211	199	190	187	83	1	70	82	25	0	1	182	0	189	186	128	190	50	243	5	208	70	1	236	204	199	191	113	191	208	178	105	0	95	181	73	96	57	167	160	164	52	95	115	208	69	41	80	190	204	82	59	0	17	179	37	79	94	77	84	88	0	252	257	79	39	214	94	95	118	79	80	120	186	142	40	194	188	82	154	168	79	259	163	171	216	138	245	173	168	193	175	174	140	167	211	194	37	1	153	198	198	122	144	0	45	0	215	201	214	117	210	186	131	182	35	76	163	295	198	0	203	92	125	186	177	129	221	221	58	189	82	77	0	184	200	81	80	99	234	222	84	194	223	191	208	222	0	282	203	123	206	158	0	0	209	217	128	173	159	68
NC_063213.1	98000001	572677	570031	570863	570968	553880	567014	569496	567566	569425	565847	564514	496969	570143	98398	376850	563176	571169	562372	568868	570786	266669	230083	566995	302742	568886	563166	568736	567485	569359	548614	492228	568673	330367	558822	212648	568512	127780	567591	569514	569169	563013	569266	568716	566607	569167	567881	568625	567077	490653	568491	300278	568050	569908	566612	558008	567002	406132	407915	570555	560737	298555	383577	570100	540494	570061	571331	222764	293648	570600	570563	570693	571183	258924	570454	570769	297357	566875	571061	563513	570771	446565	569097	282687	402014	567845	569818	570098	570610	567347	570889	570218	571055	570084	571173	571338	562159	570711	570303	559274	558609	570759	556802	571398	565045	563233	570570	503848	566550	554982	511119	549672	570929	566470	363994	455558	568895	557597	566957	419983	505514	550972	566868	569918	570718	571924	564664	570454	570136	296498	571768	445011	569292	555455	570765	569859	552317	568256	570047	537476	570096	513262	571250	566048	571910	569832	568040	570971	533128	570933	566733	562478	569778	570722	570678	570981	571689	570799	512110	566891	570516	567308	562651	546916	568669	555368	565997	570431	559106	570612	510629	567558	565838	569396	498967	568861	554331	7	0	323	0	81	0	312	317	324	0	263	99	35	57	309	329	291	313	328	0	96	328	0	0	0	86	0	323	94	44	310	0	322	0	318	73	0	74	316	316	323	0	71	314	310	312	0	246	88	0	321	0	79	265	308	0	188	1	86	16	0	320	306	90	163	107	14	1	323	325	331	108	327	323	43	0	73	70	324	225	320	23	203	312	323	327	101	309	17	323	329	314	332	7	90	329	75	286	77	320	65	324	86	293	323	290	317	17	297	296	328	310	121	231	307	313	0	232	0	302	0	320	326	94	12	322	326	151	99	79	315	1	336	86	272	315	320	234	315	294	1	321	328	0	96	329	303	0	304	311	321	327	0	323	328	323	289	103	325	87	104	0	61	91	1	95	92	0	0	93	314	1	62	100	281
NC_063213.1	99000001	15472	14396	14847	15001	15238	14378	14637	14283	14768	14640	14479	6042	14922	6501	11423	14227	15155	13801	14645	14897	6411	5249	14606	6132	14775	14434	14616	14617	14711	14981	6289	14645	8640	14937	5719	14481	6515	14345	14729	14635	14470	14718	14652	13745	14735	14594	14565	14508	7420	14588	6381	14550	14819	13815	13145	13675	2253	6353	15009	14165	5525	6916	15034	13020	14925	15165	4978	6795	14970	14947	15082	15207	7129	14957	15131	8499	15114	15272	14505	14816	2415	14792	4884	6628	14141	14782	14435	14701	14622	14943	14737	14877	14616	15070	15052	14510	14854	14771	14114	14593	15059	13602	15174	14906	14909	14875	12002	14970	14123	11415	13669	15143	15011	9416	12263	15171	14769	14726	8834	11163	14414	15017	15311	15023	15304	14731	15090	14663	9876	15272	10494	15110	13719	15095	14959	13049	15206	15144	13510	14904	12450	15253	14725	15412	15062	15125	15049	12848	15050	14977	14671	14881	15212	15164	15051	15213	15163	11476	14686	15047	14814	14612	14961	15213	13952	14944	15113	14375	15287	12284	14761	15058	15015	10071	14975	13880	9	1	33	0	34	0	32	31	0	0	0	31	5	18	0	33	24	31	0	0	0	40	14	0	0	39	0	0	35	0	31	0	39	10	30	11	27	0	0	0	30	0	17	0	27	0	30	0	25	6	0	30	27	16	28	0	18	0	0	7	14	0	33	31	0	9	13	33	31	34	32	13	33	0	12	0	0	31	36	0	0	11	15	29	0	27	42	32	42	40	34	0	31	34	0	34	44	38	23	0	17	32	34	28	5	21	32	36	23	22	8	28	11	22	32	27	29	0	18	24	34	0	28	33	33	0	10	15	35	15	0	33	0	33	25	0	34	24	0	27	0	27	0	0	35	42	33	35	34	29	0	32	0	34	0	34	23	0	0	30	0	36	32	25	0	33	32	0	25	40	0	0	0	24	24
